ISO-10303-21;
HEADER;
/* Generated by software containing ST-Developer
 * from STEP Tools, Inc. (www.steptools.com) 
 */
/* OPTION: using custom renumber hook */

FILE_DESCRIPTION(
/* description */ ('STEP AP242 Edition 2',
'CAx-IF Rec.Pracs.---Representation and Presentation of Product Manufa
cturing Information (PMI)---4.0---2014-10-13',
'CAx-IF Rec.Pracs.---3D Tessellated Geometry---0.4---2014-09-14','2;1',
'CAx-IF Rec.Pracs.---User Defined Attributes---1.5---2016-08-15'),
/* implementation_level */ '2;1');

FILE_NAME(
/* name */ '6aaeff26abb7481de89ae6d7',
/* time_stamp */ '2026-09-19T21:31:19Z',
/* author */ (''),
/* organization */ (''),
/* preprocessor_version */ 'ST-DEVELOPER v20',
/* originating_system */ 'ONSHAPE BY PTC INC, 1.221',
/* authorisation */ '  ');

FILE_SCHEMA (('AP242_MANAGED_MODEL_BASED_3D_ENGINEERING_MIM_LF { 1 0 10303 442 3 1 4 }'));
ENDSEC;

DATA;
#10=SPHERICAL_SURFACE('',#7068,5.13815321304583);
#11=ELLIPSE('',#7050,0.00023808897547291,0.000227501657707242);
#12=ELLIPSE('',#7052,0.000171012026431625,0.000167448434966594);
#13=ELLIPSE('',#7055,0.00023808897547291,0.000227501657707242);
#14=ELLIPSE('',#7057,0.000171012026431625,0.000167448434966594);
#15=CYLINDRICAL_SURFACE('',#6881,0.001199999999999);
#16=CYLINDRICAL_SURFACE('',#6891,0.000399999999999);
#17=CYLINDRICAL_SURFACE('',#6893,0.0009);
#18=CYLINDRICAL_SURFACE('',#6896,0.00125);
#19=CYLINDRICAL_SURFACE('',#6903,0.001199999999999);
#20=CYLINDRICAL_SURFACE('',#6908,0.00125);
#21=CYLINDRICAL_SURFACE('',#6916,0.0004);
#22=CYLINDRICAL_SURFACE('',#6918,0.0009);
#23=CYLINDRICAL_SURFACE('',#6967,0.0009);
#24=CYLINDRICAL_SURFACE('',#6968,0.0004);
#25=CYLINDRICAL_SURFACE('',#6989,0.00125);
#26=CYLINDRICAL_SURFACE('',#6993,0.001199999999999);
#27=CYLINDRICAL_SURFACE('',#7008,0.00125);
#28=CYLINDRICAL_SURFACE('',#7020,0.0009);
#29=CYLINDRICAL_SURFACE('',#7021,0.000399999999999);
#30=CYLINDRICAL_SURFACE('',#7026,0.001199999999999);
#31=CYLINDRICAL_SURFACE('',#7059,0.000227501657707242);
#32=CYLINDRICAL_SURFACE('',#7060,0.000352462073855331);
#33=CYLINDRICAL_SURFACE('',#7061,0.000167448434966594);
#34=CIRCLE('',#6878,0.001199999999999);
#35=CIRCLE('',#6879,0.0001);
#36=CIRCLE('',#6880,0.001099999999999);
#37=CIRCLE('',#6882,0.001199999999999);
#38=CIRCLE('',#6883,0.001199999999999);
#39=CIRCLE('',#6884,0.001199999999999);
#40=CIRCLE('',#6885,0.001199999999999);
#41=CIRCLE('',#6887,0.000399999999999);
#42=CIRCLE('',#6888,0.0001);
#43=CIRCLE('',#6889,0.0003);
#44=CIRCLE('',#6890,0.0001);
#45=CIRCLE('',#6892,0.000399999999999);
#46=CIRCLE('',#6894,0.0009);
#47=CIRCLE('',#6895,0.0009);
#48=CIRCLE('',#6897,0.00125);
#49=CIRCLE('',#6898,0.00125);
#50=CIRCLE('',#6900,0.001199999999999);
#51=CIRCLE('',#6901,0.0001);
#52=CIRCLE('',#6902,0.001099999999999);
#53=CIRCLE('',#6904,0.001199999999999);
#54=CIRCLE('',#6905,0.001199999999999);
#55=CIRCLE('',#6906,0.001199999999999);
#56=CIRCLE('',#6907,0.001199999999999);
#57=CIRCLE('',#6909,0.00125);
#58=CIRCLE('',#6910,0.00125);
#59=CIRCLE('',#6912,0.0004);
#60=CIRCLE('',#6913,0.0001);
#61=CIRCLE('',#6914,0.0003);
#62=CIRCLE('',#6915,0.0001);
#63=CIRCLE('',#6917,0.0004);
#64=CIRCLE('',#6919,0.0009);
#65=CIRCLE('',#6920,0.0009);
#66=CIRCLE('',#6923,0.000249849892446653);
#67=CIRCLE('',#6924,0.000271433876289034);
#68=CIRCLE('',#6925,0.000304335648552995);
#69=CIRCLE('',#6926,0.000223212038481853);
#70=CIRCLE('',#6933,0.00109999999999938);
#71=CIRCLE('',#6935,0.001199999999999);
#72=CIRCLE('',#6938,0.00109999999999938);
#73=CIRCLE('',#6940,0.001199999999999);
#74=CIRCLE('',#6947,0.00125);
#75=CIRCLE('',#6948,0.00125);
#76=CIRCLE('',#6960,0.0009);
#77=CIRCLE('',#6962,0.0009);
#78=CIRCLE('',#6966,0.0004);
#79=CIRCLE('',#6969,0.0004);
#80=CIRCLE('',#6971,0.000300000000000785);
#81=CIRCLE('',#6990,0.00125);
#82=CIRCLE('',#6992,0.001199999999999);
#83=CIRCLE('',#6994,0.001199999999999);
#84=CIRCLE('',#6996,0.00109999999999938);
#85=CIRCLE('',#7009,0.00125);
#86=CIRCLE('',#7011,0.001199999999999);
#87=CIRCLE('',#7013,0.0009);
#88=CIRCLE('',#7015,0.0009);
#89=CIRCLE('',#7019,0.000399999999999);
#90=CIRCLE('',#7022,0.000399999999999);
#91=CIRCLE('',#7024,0.000300000000000785);
#92=CIRCLE('',#7027,0.001199999999999);
#93=CIRCLE('',#7029,0.00109999999999938);
#94=CIRCLE('',#7051,0.000352462073855331);
#95=CIRCLE('',#7053,5.13815321304368);
#96=CIRCLE('',#7056,5.13815321304266);
#97=CIRCLE('',#7058,0.000352462073855331);
#98=TOROIDAL_SURFACE('',#6877,0.001099999999999,0.0001);
#99=TOROIDAL_SURFACE('',#6886,0.0003,0.0001);
#100=TOROIDAL_SURFACE('',#6899,0.001099999999999,0.0001);
#101=TOROIDAL_SURFACE('',#6911,0.0003,0.0001);
#102=TOROIDAL_SURFACE('',#6934,0.001099999999999,0.0001);
#103=TOROIDAL_SURFACE('',#6939,0.001099999999999,0.0001);
#104=TOROIDAL_SURFACE('',#6972,0.0003,0.0001);
#105=TOROIDAL_SURFACE('',#6997,0.001099999999999,0.0001);
#106=TOROIDAL_SURFACE('',#7025,0.0003,0.0001);
#107=TOROIDAL_SURFACE('',#7030,0.001099999999999,0.0001);
#108=OVER_RIDING_STYLED_ITEM('',(#6401),#6144,#6386);
#109=OVER_RIDING_STYLED_ITEM('',(#6402),#6145,#6386);
#110=OVER_RIDING_STYLED_ITEM('',(#6403),#6146,#6386);
#111=OVER_RIDING_STYLED_ITEM('',(#6404),#6147,#6386);
#112=OVER_RIDING_STYLED_ITEM('',(#6405),#6148,#6386);
#113=OVER_RIDING_STYLED_ITEM('',(#6406),#6150,#6386);
#114=OVER_RIDING_STYLED_ITEM('',(#6407),#6151,#6386);
#115=OVER_RIDING_STYLED_ITEM('',(#6408),#6153,#6386);
#116=OVER_RIDING_STYLED_ITEM('',(#6409),#6154,#6386);
#117=OVER_RIDING_STYLED_ITEM('',(#6410),#6155,#6386);
#118=OVER_RIDING_STYLED_ITEM('',(#6411),#6163,#6386);
#119=OVER_RIDING_STYLED_ITEM('',(#6412),#6164,#6386);
#120=OVER_RIDING_STYLED_ITEM('',(#6413),#6166,#6386);
#121=OVER_RIDING_STYLED_ITEM('',(#6414),#6167,#6386);
#122=OVER_RIDING_STYLED_ITEM('',(#6415),#6184,#6386);
#123=OVER_RIDING_STYLED_ITEM('',(#6416),#6185,#6386);
#124=OVER_RIDING_STYLED_ITEM('',(#6417),#6186,#6386);
#125=OVER_RIDING_STYLED_ITEM('',(#6418),#6187,#6386);
#126=OVER_RIDING_STYLED_ITEM('',(#6419),#6188,#6386);
#127=OVER_RIDING_STYLED_ITEM('',(#6420),#6189,#6386);
#128=OVER_RIDING_STYLED_ITEM('',(#6421),#6190,#6386);
#129=OVER_RIDING_STYLED_ITEM('',(#6422),#6191,#6386);
#130=OVER_RIDING_STYLED_ITEM('',(#6423),#6192,#6386);
#131=OVER_RIDING_STYLED_ITEM('',(#6424),#6211,#6386);
#132=OVER_RIDING_STYLED_ITEM('',(#6425),#6212,#6386);
#133=OVER_RIDING_STYLED_ITEM('',(#6426),#6213,#6386);
#134=OVER_RIDING_STYLED_ITEM('',(#6427),#6214,#6386);
#135=OVER_RIDING_STYLED_ITEM('',(#6428),#6215,#6386);
#136=OVER_RIDING_STYLED_ITEM('',(#6429),#6216,#6386);
#137=OVER_RIDING_STYLED_ITEM('',(#6430),#6226,#6386);
#138=OVER_RIDING_STYLED_ITEM('',(#6431),#6227,#6386);
#139=OVER_RIDING_STYLED_ITEM('',(#6432),#6228,#6386);
#140=OVER_RIDING_STYLED_ITEM('',(#6433),#6229,#6386);
#141=OVER_RIDING_STYLED_ITEM('',(#6434),#6230,#6386);
#142=OVER_RIDING_STYLED_ITEM('',(#6435),#6231,#6386);
#143=OVER_RIDING_STYLED_ITEM('',(#6436),#6232,#6386);
#144=OVER_RIDING_STYLED_ITEM('',(#6437),#6233,#6386);
#145=OVER_RIDING_STYLED_ITEM('',(#6438),#6234,#6386);
#146=OVER_RIDING_STYLED_ITEM('',(#6439),#6235,#6386);
#147=OVER_RIDING_STYLED_ITEM('',(#6440),#6236,#6386);
#148=OVER_RIDING_STYLED_ITEM('',(#6441),#6237,#6386);
#149=OVER_RIDING_STYLED_ITEM('',(#6442),#6238,#6386);
#150=OVER_RIDING_STYLED_ITEM('',(#6443),#6239,#6386);
#151=OVER_RIDING_STYLED_ITEM('',(#6444),#6240,#6386);
#152=COLOUR_RGB('',0.372549019607843,1.,0.713725490196078);
#153=COLOUR_RGB('',0.968627450980392,0.968627450980392,0.968627450980392);
#154=CONTEXT_DEPENDENT_SHAPE_REPRESENTATION(#184,#11681);
#155=CONTEXT_DEPENDENT_SHAPE_REPRESENTATION(#185,#11683);
#156=CONTEXT_DEPENDENT_SHAPE_REPRESENTATION(#186,#11685);
#157=CONTEXT_DEPENDENT_SHAPE_REPRESENTATION(#187,#11687);
#158=CONTEXT_DEPENDENT_SHAPE_REPRESENTATION(#188,#11689);
#159=CONTEXT_DEPENDENT_SHAPE_REPRESENTATION(#189,#11691);
#160=CONTEXT_DEPENDENT_SHAPE_REPRESENTATION(#190,#11693);
#161=CONTEXT_DEPENDENT_SHAPE_REPRESENTATION(#191,#11695);
#162=CONTEXT_DEPENDENT_SHAPE_REPRESENTATION(#192,#11697);
#163=CONTEXT_DEPENDENT_SHAPE_REPRESENTATION(#193,#11699);
#164=CONTEXT_DEPENDENT_SHAPE_REPRESENTATION(#194,#11701);
#165=CONTEXT_DEPENDENT_SHAPE_REPRESENTATION(#195,#11703);
#166=CONTEXT_DEPENDENT_SHAPE_REPRESENTATION(#196,#11705);
#167=CONTEXT_DEPENDENT_SHAPE_REPRESENTATION(#197,#11707);
#168=CONTEXT_DEPENDENT_SHAPE_REPRESENTATION(#198,#11708);
#169=NEXT_ASSEMBLY_USAGE_OCCURRENCE('NAUO1',
'CONN-TH_DB301V-3.5-2P-GN~CONN-TH_DB301V-3.5-2P-GN~liPt__\X\CD\X\B9\X\CC
\X\A8-\X\EF\X\BF\X\BD\X\EF\X\BF\X\BD\X\EF\X\BF\X\BD\X\EF\X\BF\X\BD9[11
]',
'CONN-TH_DB301V-3.5-2P-GN~CONN-TH_DB301V-3.5-2P-GN~liPt__\X\CD\X\B9\X\CC
\X\A8-\X\EF\X\BF\X\BD\X\EF\X\BF\X\BD\X\EF\X\BF\X\BD\X\EF\X\BF\X\BD9[11
]',#11710,#11711,'');
#170=NEXT_ASSEMBLY_USAGE_OCCURRENCE('NAUO2',
'CONN-TH_DB301V-3.5-2P-GN~CONN-TH_DB301V-3.5-2P-GN~liPt__\X\CD\X\B9\X\CC
\X\A8-\X\EF\X\BF\X\BD\X\EF\X\BF\X\BD\X\EF\X\BF\X\BD\X\EF\X\BF\X\BD9[1]',

'CONN-TH_DB301V-3.5-2P-GN~CONN-TH_DB301V-3.5-2P-GN~liPt__\X\CD\X\B9\X\CC
\X\A8-\X\EF\X\BF\X\BD\X\EF\X\BF\X\BD\X\EF\X\BF\X\BD\X\EF\X\BF\X\BD9[1]',
#11710,#11712,'');
#171=NEXT_ASSEMBLY_USAGE_OCCURRENCE('NAUO3',
'CONN-TH_DB301V-3.5-2P-GN~CONN-TH_DB301V-3.5-2P-GN~liPt__\X\CD\X\B9\X\CC
\X\A8-\X\EF\X\BF\X\BD\X\EF\X\BF\X\BD\X\EF\X\BF\X\BD\X\EF\X\BF\X\BD9[10
]',
'CONN-TH_DB301V-3.5-2P-GN~CONN-TH_DB301V-3.5-2P-GN~liPt__\X\CD\X\B9\X\CC
\X\A8-\X\EF\X\BF\X\BD\X\EF\X\BF\X\BD\X\EF\X\BF\X\BD\X\EF\X\BF\X\BD9[10
]',#11710,#11713,'');
#172=NEXT_ASSEMBLY_USAGE_OCCURRENCE('NAUO4',
'CONN-TH_DB301V-3.5-2P-GN~CONN-TH_DB301V-3.5-2P-GN~liPt__\X\CD\X\B9\X\CC
\X\A8-\X\EF\X\BF\X\BD\X\EF\X\BF\X\BD\X\EF\X\BF\X\BD\X\EF\X\BF\X\BD9[7]',

'CONN-TH_DB301V-3.5-2P-GN~CONN-TH_DB301V-3.5-2P-GN~liPt__\X\CD\X\B9\X\CC
\X\A8-\X\EF\X\BF\X\BD\X\EF\X\BF\X\BD\X\EF\X\BF\X\BD\X\EF\X\BF\X\BD9[7]',
#11710,#11714,'');
#173=NEXT_ASSEMBLY_USAGE_OCCURRENCE('NAUO5',
'CONN-TH_DB301V-3.5-2P-GN~CONN-TH_DB301V-3.5-2P-GN~liPt__\X\CD\X\B9\X\CC
\X\A8-\X\EF\X\BF\X\BD\X\EF\X\BF\X\BD\X\EF\X\BF\X\BD\X\EF\X\BF\X\BD9[3]',

'CONN-TH_DB301V-3.5-2P-GN~CONN-TH_DB301V-3.5-2P-GN~liPt__\X\CD\X\B9\X\CC
\X\A8-\X\EF\X\BF\X\BD\X\EF\X\BF\X\BD\X\EF\X\BF\X\BD\X\EF\X\BF\X\BD9[3]',
#11710,#11715,'');
#174=NEXT_ASSEMBLY_USAGE_OCCURRENCE('NAUO6',
'CONN-TH_DB301V-3.5-2P-GN~CONN-TH_DB301V-3.5-2P-GN~liPt__\X\CD\X\B9\X\CC
\X\A8-\X\EF\X\BF\X\BD\X\EF\X\BF\X\BD\X\EF\X\BF\X\BD\X\EF\X\BF\X\BD9[6]',

'CONN-TH_DB301V-3.5-2P-GN~CONN-TH_DB301V-3.5-2P-GN~liPt__\X\CD\X\B9\X\CC
\X\A8-\X\EF\X\BF\X\BD\X\EF\X\BF\X\BD\X\EF\X\BF\X\BD\X\EF\X\BF\X\BD9[6]',
#11710,#11716,'');
#175=NEXT_ASSEMBLY_USAGE_OCCURRENCE('NAUO7',
'CONN-TH_DB301V-3.5-2P-GN~CONN-TH_DB301V-3.5-2P-GN~liPt__\X\CD\X\B9\X\CC
\X\A8-\X\EF\X\BF\X\BD\X\EF\X\BF\X\BD\X\EF\X\BF\X\BD\X\EF\X\BF\X\BD9[9]',

'CONN-TH_DB301V-3.5-2P-GN~CONN-TH_DB301V-3.5-2P-GN~liPt__\X\CD\X\B9\X\CC
\X\A8-\X\EF\X\BF\X\BD\X\EF\X\BF\X\BD\X\EF\X\BF\X\BD\X\EF\X\BF\X\BD9[9]',
#11710,#11717,'');
#176=NEXT_ASSEMBLY_USAGE_OCCURRENCE('NAUO8',
'CONN-TH_DB301V-3.5-2P-GN~CONN-TH_DB301V-3.5-2P-GN~liPt__\X\EF\X\BF\X\BD
\X\EF\X\BF\X\BD\X\EF\X\BF\X\BD\X\EF\X\BF\X\BD1',
'CONN-TH_DB301V-3.5-2P-GN~CONN-TH_DB301V-3.5-2P-GN~liPt__\X\EF\X\BF\X\BD
\X\EF\X\BF\X\BD\X\EF\X\BF\X\BD\X\EF\X\BF\X\BD1',#11710,#11718,'');
#177=NEXT_ASSEMBLY_USAGE_OCCURRENCE('NAUO9',
'CONN-TH_DB301V-3.5-2P-GN~CONN-TH_DB301V-3.5-2P-GN~liPt__\X\CD\X\B9\X\CC
\X\A8-\X\EF\X\BF\X\BD\X\EF\X\BF\X\BD\X\EF\X\BF\X\BD\X\EF\X\BF\X\BD9[8]',

'CONN-TH_DB301V-3.5-2P-GN~CONN-TH_DB301V-3.5-2P-GN~liPt__\X\CD\X\B9\X\CC
\X\A8-\X\EF\X\BF\X\BD\X\EF\X\BF\X\BD\X\EF\X\BF\X\BD\X\EF\X\BF\X\BD9[8]',
#11710,#11719,'');
#178=NEXT_ASSEMBLY_USAGE_OCCURRENCE('NAUO10',
'CONN-TH_DB301V-3.5-2P-GN~CONN-TH_DB301V-3.5-2P-GN~liPt__\X\CD\X\B9\X\CC
\X\A8-\X\EF\X\BF\X\BD\X\EF\X\BF\X\BD\X\EF\X\BF\X\BD\X\EF\X\BF\X\BD9[4]',

'CONN-TH_DB301V-3.5-2P-GN~CONN-TH_DB301V-3.5-2P-GN~liPt__\X\CD\X\B9\X\CC
\X\A8-\X\EF\X\BF\X\BD\X\EF\X\BF\X\BD\X\EF\X\BF\X\BD\X\EF\X\BF\X\BD9[4]',
#11710,#11720,'');
#179=NEXT_ASSEMBLY_USAGE_OCCURRENCE('NAUO11',
'CONN-TH_DB301V-3.5-2P-GN~CONN-TH_DB301V-3.5-2P-GN~liPt__\X\CD\X\B9\X\CC
\X\A8-\X\EF\X\BF\X\BD\X\EF\X\BF\X\BD\X\EF\X\BF\X\BD\X\EF\X\BF\X\BD9[13
]',
'CONN-TH_DB301V-3.5-2P-GN~CONN-TH_DB301V-3.5-2P-GN~liPt__\X\CD\X\B9\X\CC
\X\A8-\X\EF\X\BF\X\BD\X\EF\X\BF\X\BD\X\EF\X\BF\X\BD\X\EF\X\BF\X\BD9[13
]',#11710,#11721,'');
#180=NEXT_ASSEMBLY_USAGE_OCCURRENCE('NAUO12',
'CONN-TH_DB301V-3.5-2P-GN~CONN-TH_DB301V-3.5-2P-GN~liPt__\X\CD\X\B9\X\CC
\X\A8-\X\EF\X\BF\X\BD\X\EF\X\BF\X\BD\X\EF\X\BF\X\BD\X\EF\X\BF\X\BD9[5]',

'CONN-TH_DB301V-3.5-2P-GN~CONN-TH_DB301V-3.5-2P-GN~liPt__\X\CD\X\B9\X\CC
\X\A8-\X\EF\X\BF\X\BD\X\EF\X\BF\X\BD\X\EF\X\BF\X\BD\X\EF\X\BF\X\BD9[5]',
#11710,#11722,'');
#181=NEXT_ASSEMBLY_USAGE_OCCURRENCE('NAUO13',
'CONN-TH_DB301V-3.5-2P-GN~CONN-TH_DB301V-3.5-2P-GN~liPt__\X\CD\X\B9\X\CC
\X\A8-\X\EF\X\BF\X\BD\X\EF\X\BF\X\BD\X\EF\X\BF\X\BD\X\EF\X\BF\X\BD9[2]',

'CONN-TH_DB301V-3.5-2P-GN~CONN-TH_DB301V-3.5-2P-GN~liPt__\X\CD\X\B9\X\CC
\X\A8-\X\EF\X\BF\X\BD\X\EF\X\BF\X\BD\X\EF\X\BF\X\BD\X\EF\X\BF\X\BD9[2]',
#11710,#11723,'');
#182=NEXT_ASSEMBLY_USAGE_OCCURRENCE('NAUO14',
'CONN-TH_DB301V-3.5-2P-GN~CONN-TH_DB301V-3.5-2P-GN~liPt__\X\CD\X\B9\X\CC
\X\A8-\X\EF\X\BF\X\BD\X\EF\X\BF\X\BD\X\EF\X\BF\X\BD\X\EF\X\BF\X\BD9[12
]',
'CONN-TH_DB301V-3.5-2P-GN~CONN-TH_DB301V-3.5-2P-GN~liPt__\X\CD\X\B9\X\CC
\X\A8-\X\EF\X\BF\X\BD\X\EF\X\BF\X\BD\X\EF\X\BF\X\BD\X\EF\X\BF\X\BD9[12
]',#11710,#11724,'');
#183=NEXT_ASSEMBLY_USAGE_OCCURRENCE('NAUO15',
'CONN-TH_DB301V-3.5-2P-GN~CONN-TH_DB301V-3.5-2P-GN~liPt <1>',
'CONN-TH_DB301V-3.5-2P-GN~CONN-TH_DB301V-3.5-2P-GN~liPt <1>',#11709,#11710,
'');
#184=(
REPRESENTATION_RELATIONSHIP(' ',' ',#6774,#6773)
REPRESENTATION_RELATIONSHIP_WITH_TRANSFORMATION(#199)
SHAPE_REPRESENTATION_RELATIONSHIP()
);
#185=(
REPRESENTATION_RELATIONSHIP(' ',' ',#6775,#6773)
REPRESENTATION_RELATIONSHIP_WITH_TRANSFORMATION(#200)
SHAPE_REPRESENTATION_RELATIONSHIP()
);
#186=(
REPRESENTATION_RELATIONSHIP(' ',' ',#6776,#6773)
REPRESENTATION_RELATIONSHIP_WITH_TRANSFORMATION(#201)
SHAPE_REPRESENTATION_RELATIONSHIP()
);
#187=(
REPRESENTATION_RELATIONSHIP(' ',' ',#6777,#6773)
REPRESENTATION_RELATIONSHIP_WITH_TRANSFORMATION(#202)
SHAPE_REPRESENTATION_RELATIONSHIP()
);
#188=(
REPRESENTATION_RELATIONSHIP(' ',' ',#6778,#6773)
REPRESENTATION_RELATIONSHIP_WITH_TRANSFORMATION(#203)
SHAPE_REPRESENTATION_RELATIONSHIP()
);
#189=(
REPRESENTATION_RELATIONSHIP(' ',' ',#6779,#6773)
REPRESENTATION_RELATIONSHIP_WITH_TRANSFORMATION(#204)
SHAPE_REPRESENTATION_RELATIONSHIP()
);
#190=(
REPRESENTATION_RELATIONSHIP(' ',' ',#6780,#6773)
REPRESENTATION_RELATIONSHIP_WITH_TRANSFORMATION(#205)
SHAPE_REPRESENTATION_RELATIONSHIP()
);
#191=(
REPRESENTATION_RELATIONSHIP(' ',' ',#6781,#6773)
REPRESENTATION_RELATIONSHIP_WITH_TRANSFORMATION(#206)
SHAPE_REPRESENTATION_RELATIONSHIP()
);
#192=(
REPRESENTATION_RELATIONSHIP(' ',' ',#6782,#6773)
REPRESENTATION_RELATIONSHIP_WITH_TRANSFORMATION(#207)
SHAPE_REPRESENTATION_RELATIONSHIP()
);
#193=(
REPRESENTATION_RELATIONSHIP(' ',' ',#6783,#6773)
REPRESENTATION_RELATIONSHIP_WITH_TRANSFORMATION(#208)
SHAPE_REPRESENTATION_RELATIONSHIP()
);
#194=(
REPRESENTATION_RELATIONSHIP(' ',' ',#6784,#6773)
REPRESENTATION_RELATIONSHIP_WITH_TRANSFORMATION(#209)
SHAPE_REPRESENTATION_RELATIONSHIP()
);
#195=(
REPRESENTATION_RELATIONSHIP(' ',' ',#6785,#6773)
REPRESENTATION_RELATIONSHIP_WITH_TRANSFORMATION(#210)
SHAPE_REPRESENTATION_RELATIONSHIP()
);
#196=(
REPRESENTATION_RELATIONSHIP(' ',' ',#6786,#6773)
REPRESENTATION_RELATIONSHIP_WITH_TRANSFORMATION(#211)
SHAPE_REPRESENTATION_RELATIONSHIP()
);
#197=(
REPRESENTATION_RELATIONSHIP(' ',' ',#6787,#6773)
REPRESENTATION_RELATIONSHIP_WITH_TRANSFORMATION(#212)
SHAPE_REPRESENTATION_RELATIONSHIP()
);
#198=(
REPRESENTATION_RELATIONSHIP(' ',' ',#6773,#6772)
REPRESENTATION_RELATIONSHIP_WITH_TRANSFORMATION(#213)
SHAPE_REPRESENTATION_RELATIONSHIP()
);
#199=ITEM_DEFINED_TRANSFORMATION(' ',' ',#6788,#6797);
#200=ITEM_DEFINED_TRANSFORMATION(' ',' ',#6788,#6806);
#201=ITEM_DEFINED_TRANSFORMATION(' ',' ',#6788,#6821);
#202=ITEM_DEFINED_TRANSFORMATION(' ',' ',#6788,#6832);
#203=ITEM_DEFINED_TRANSFORMATION(' ',' ',#6788,#6847);
#204=ITEM_DEFINED_TRANSFORMATION(' ',' ',#6788,#6862);
#205=ITEM_DEFINED_TRANSFORMATION(' ',' ',#6788,#6876);
#206=ITEM_DEFINED_TRANSFORMATION(' ',' ',#6788,#7034);
#207=ITEM_DEFINED_TRANSFORMATION(' ',' ',#6788,#7039);
#208=ITEM_DEFINED_TRANSFORMATION(' ',' ',#6788,#7048);
#209=ITEM_DEFINED_TRANSFORMATION(' ',' ',#6788,#7070);
#210=ITEM_DEFINED_TRANSFORMATION(' ',' ',#6788,#7085);
#211=ITEM_DEFINED_TRANSFORMATION(' ',' ',#6788,#7090);
#212=ITEM_DEFINED_TRANSFORMATION(' ',' ',#6788,#7105);
#213=ITEM_DEFINED_TRANSFORMATION(' ',' ',#6788,#7106);
#214=SHAPE_REPRESENTATION_RELATIONSHIP('','',#6774,#228);
#215=SHAPE_REPRESENTATION_RELATIONSHIP('','',#6775,#229);
#216=SHAPE_REPRESENTATION_RELATIONSHIP('','',#6776,#230);
#217=SHAPE_REPRESENTATION_RELATIONSHIP('','',#6777,#231);
#218=SHAPE_REPRESENTATION_RELATIONSHIP('','',#6778,#232);
#219=SHAPE_REPRESENTATION_RELATIONSHIP('','',#6779,#233);
#220=SHAPE_REPRESENTATION_RELATIONSHIP('','',#6780,#234);
#221=SHAPE_REPRESENTATION_RELATIONSHIP('','',#6781,#235);
#222=SHAPE_REPRESENTATION_RELATIONSHIP('','',#6782,#236);
#223=SHAPE_REPRESENTATION_RELATIONSHIP('','',#6783,#237);
#224=SHAPE_REPRESENTATION_RELATIONSHIP('','',#6784,#238);
#225=SHAPE_REPRESENTATION_RELATIONSHIP('','',#6785,#239);
#226=SHAPE_REPRESENTATION_RELATIONSHIP('','',#6786,#240);
#227=SHAPE_REPRESENTATION_RELATIONSHIP('','',#6787,#241);
#228=ADVANCED_BREP_SHAPE_REPRESENTATION('',(#6742),#11645);
#229=ADVANCED_BREP_SHAPE_REPRESENTATION('',(#6743),#11646);
#230=ADVANCED_BREP_SHAPE_REPRESENTATION('',(#6744),#11647);
#231=ADVANCED_BREP_SHAPE_REPRESENTATION('',(#6745),#11648);
#232=ADVANCED_BREP_SHAPE_REPRESENTATION('',(#6746),#11649);
#233=ADVANCED_BREP_SHAPE_REPRESENTATION('',(#6747),#11650);
#234=ADVANCED_BREP_SHAPE_REPRESENTATION('',(#6748),#11651);
#235=ADVANCED_BREP_SHAPE_REPRESENTATION('',(#6749),#11652);
#236=ADVANCED_BREP_SHAPE_REPRESENTATION('',(#6750),#11653);
#237=ADVANCED_BREP_SHAPE_REPRESENTATION('',(#6751),#11654);
#238=ADVANCED_BREP_SHAPE_REPRESENTATION('',(#6752),#11655);
#239=ADVANCED_BREP_SHAPE_REPRESENTATION('',(#6753),#11656);
#240=ADVANCED_BREP_SHAPE_REPRESENTATION('',(#6754),#11657);
#241=ADVANCED_BREP_SHAPE_REPRESENTATION('',(#6755),#11658);
#242=B_SPLINE_SURFACE_WITH_KNOTS('',3,1,((#8484,#8485),(#8486,#8487),(#8488,
#8489),(#8490,#8491)),.UNSPECIFIED.,.F.,.F.,.F.,(4,4),(2,2),(5.,6.),(0.,
1.),.UNSPECIFIED.);
#243=B_SPLINE_SURFACE_WITH_KNOTS('',3,1,((#8493,#8494),(#8495,#8496),(#8497,
#8498),(#8499,#8500)),.UNSPECIFIED.,.F.,.F.,.F.,(4,4),(2,2),(4.,5.),(0.,
1.),.UNSPECIFIED.);
#244=B_SPLINE_SURFACE_WITH_KNOTS('',3,1,((#8502,#8503),(#8504,#8505),(#8506,
#8507),(#8508,#8509)),.UNSPECIFIED.,.F.,.F.,.F.,(4,4),(2,2),(3.,4.),(0.,
1.),.UNSPECIFIED.);
#245=B_SPLINE_SURFACE_WITH_KNOTS('',3,1,((#8511,#8512),(#8513,#8514),(#8515,
#8516),(#8517,#8518)),.UNSPECIFIED.,.F.,.F.,.F.,(4,4),(2,2),(2.,3.),(0.,
1.),.UNSPECIFIED.);
#246=B_SPLINE_SURFACE_WITH_KNOTS('',3,1,((#8530,#8531),(#8532,#8533),(#8534,
#8535),(#8536,#8537)),.UNSPECIFIED.,.F.,.F.,.F.,(4,4),(2,2),(2.,3.),(0.,
1.),.UNSPECIFIED.);
#247=B_SPLINE_SURFACE_WITH_KNOTS('',3,1,((#8539,#8540),(#8541,#8542),(#8543,
#8544),(#8545,#8546)),.UNSPECIFIED.,.F.,.F.,.F.,(4,4),(2,2),(3.,4.),(0.,
1.),.UNSPECIFIED.);
#248=B_SPLINE_SURFACE_WITH_KNOTS('',3,1,((#8548,#8549),(#8550,#8551),(#8552,
#8553),(#8554,#8555)),.UNSPECIFIED.,.F.,.F.,.F.,(4,4),(2,2),(4.,5.),(0.,
1.),.UNSPECIFIED.);
#249=B_SPLINE_SURFACE_WITH_KNOTS('',3,1,((#8557,#8558),(#8559,#8560),(#8561,
#8562),(#8563,#8564)),.UNSPECIFIED.,.F.,.F.,.F.,(4,4),(2,2),(5.,6.),(0.,
1.),.UNSPECIFIED.);
#250=B_SPLINE_SURFACE_WITH_KNOTS('',3,1,((#8854,#8855),(#8856,#8857),(#8858,
#8859),(#8860,#8861)),.UNSPECIFIED.,.F.,.F.,.F.,(4,4),(2,2),(0.,1.),(0.,
1.),.UNSPECIFIED.);
#251=B_SPLINE_SURFACE_WITH_KNOTS('',3,1,((#8866,#8867),(#8868,#8869),(#8870,
#8871),(#8872,#8873)),.UNSPECIFIED.,.F.,.F.,.F.,(4,4),(2,2),(12.,13.),(0.,
1.),.UNSPECIFIED.);
#252=B_SPLINE_SURFACE_WITH_KNOTS('',3,1,((#8875,#8876),(#8877,#8878),(#8879,
#8880),(#8881,#8882)),.SURF_OF_LINEAR_EXTRUSION.,.F.,.F.,.F.,(4,4),(2,2),
(11.000000123986,12.0000001176677),(0.,1.),.PIECEWISE_BEZIER_KNOTS.);
#253=B_SPLINE_SURFACE_WITH_KNOTS('',3,1,((#8886,#8887),(#8888,#8889),(#8890,
#8891),(#8892,#8893)),.SURF_OF_LINEAR_EXTRUSION.,.F.,.F.,.F.,(4,4),(2,2),
(9.000000089665,9.99999999601164),(0.,1.),.PIECEWISE_BEZIER_KNOTS.);
#254=B_SPLINE_SURFACE_WITH_KNOTS('',3,1,((#8895,#8896),(#8897,#8898),(#8899,
#8900),(#8901,#8902)),.UNSPECIFIED.,.F.,.F.,.F.,(4,4),(2,2),(8.,9.),(0.,
1.),.UNSPECIFIED.);
#255=B_SPLINE_SURFACE_WITH_KNOTS('',3,1,((#8904,#8905),(#8906,#8907),(#8908,
#8909),(#8910,#8911)),.UNSPECIFIED.,.F.,.F.,.F.,(4,4),(2,2),(7.,8.),(0.,
1.),.UNSPECIFIED.);
#256=B_SPLINE_SURFACE_WITH_KNOTS('',3,1,((#8913,#8914),(#8915,#8916),(#8917,
#8918),(#8919,#8920)),.UNSPECIFIED.,.F.,.F.,.F.,(4,4),(2,2),(6.,7.),(0.,
1.),.UNSPECIFIED.);
#257=B_SPLINE_SURFACE_WITH_KNOTS('',3,1,((#8930,#8931),(#8932,#8933),(#8934,
#8935),(#8936,#8937)),.SURF_OF_LINEAR_EXTRUSION.,.F.,.F.,.F.,(4,4),(2,2),
(1.00000001298158,1.99999999705445),(0.,1.),.PIECEWISE_BEZIER_KNOTS.);
#258=B_SPLINE_SURFACE_WITH_KNOTS('',3,1,((#8938,#8939),(#8940,#8941),(#8942,
#8943),(#8944,#8945)),.UNSPECIFIED.,.F.,.F.,.F.,(4,4),(2,2),(0.,1.),(0.,
1.),.UNSPECIFIED.);
#259=B_SPLINE_SURFACE_WITH_KNOTS('',3,1,((#8948,#8949),(#8950,#8951),(#8952,
#8953),(#8954,#8955)),.UNSPECIFIED.,.F.,.F.,.F.,(4,4),(2,2),(1.,2.),(0.,
1.),.UNSPECIFIED.);
#260=B_SPLINE_SURFACE_WITH_KNOTS('',3,1,((#8957,#8958),(#8959,#8960),(#8961,
#8962),(#8963,#8964)),.UNSPECIFIED.,.F.,.F.,.F.,(4,4),(2,2),(2.,3.),(0.,
1.),.UNSPECIFIED.);
#261=B_SPLINE_SURFACE_WITH_KNOTS('',3,1,((#8966,#8967),(#8968,#8969),(#8970,
#8971),(#8972,#8973)),.UNSPECIFIED.,.F.,.F.,.F.,(4,4),(2,2),(3.,4.),(0.,
1.),.UNSPECIFIED.);
#262=B_SPLINE_SURFACE_WITH_KNOTS('',3,1,((#8975,#8976),(#8977,#8978),(#8979,
#8980),(#8981,#8982)),.UNSPECIFIED.,.F.,.F.,.F.,(4,4),(2,2),(4.,5.),(0.,
1.),.UNSPECIFIED.);
#263=B_SPLINE_SURFACE_WITH_KNOTS('',3,1,((#8984,#8985),(#8986,#8987),(#8988,
#8989),(#8990,#8991)),.UNSPECIFIED.,.F.,.F.,.F.,(4,4),(2,2),(5.,6.),(0.,
1.),.UNSPECIFIED.);
#264=B_SPLINE_SURFACE_WITH_KNOTS('',3,1,((#9207,#9208),(#9209,#9210),(#9211,
#9212),(#9213,#9214)),.UNSPECIFIED.,.F.,.F.,.F.,(4,4),(2,2),(5.,6.),(0.,
1.),.UNSPECIFIED.);
#265=B_SPLINE_SURFACE_WITH_KNOTS('',3,1,((#9226,#9227),(#9228,#9229),(#9230,
#9231),(#9232,#9233)),.UNSPECIFIED.,.F.,.F.,.F.,(4,4),(2,2),(4.,5.),(0.,
1.),.UNSPECIFIED.);
#266=B_SPLINE_SURFACE_WITH_KNOTS('',3,1,((#9251,#9252),(#9253,#9254),(#9255,
#9256),(#9257,#9258)),.UNSPECIFIED.,.F.,.F.,.F.,(4,4),(2,2),(2.,3.),(0.,
1.),.UNSPECIFIED.);
#267=B_SPLINE_SURFACE_WITH_KNOTS('',3,1,((#9270,#9271),(#9272,#9273),(#9274,
#9275),(#9276,#9277)),.SURF_OF_LINEAR_EXTRUSION.,.F.,.F.,.F.,(4,4),(2,2),
(1.00000001166944,1.99999992854332),(0.,1.),.PIECEWISE_BEZIER_KNOTS.);
#268=B_SPLINE_SURFACE_WITH_KNOTS('',3,1,((#10063,#10064),(#10065,#10066),
(#10067,#10068),(#10069,#10070)),.UNSPECIFIED.,.F.,.F.,.F.,(4,4),(2,2),
(0.,1.),(0.,1.),.UNSPECIFIED.);
#269=B_SPLINE_SURFACE_WITH_KNOTS('',3,1,((#10091,#10092),(#10093,#10094),
(#10095,#10096),(#10097,#10098)),.UNSPECIFIED.,.F.,.F.,.F.,(4,4),(2,2),
(19.,20.),(0.,1.),.UNSPECIFIED.);
#270=B_SPLINE_SURFACE_WITH_KNOTS('',3,1,((#10110,#10111),(#10112,#10113),
(#10114,#10115),(#10116,#10117)),.UNSPECIFIED.,.F.,.F.,.F.,(4,4),(2,2),
(18.,19.),(0.,1.),.UNSPECIFIED.);
#271=B_SPLINE_SURFACE_WITH_KNOTS('',3,1,((#10129,#10130),(#10131,#10132),
(#10133,#10134),(#10135,#10136)),.UNSPECIFIED.,.F.,.F.,.F.,(4,4),(2,2),
(17.,18.),(0.,1.),.UNSPECIFIED.);
#272=B_SPLINE_SURFACE_WITH_KNOTS('',3,1,((#10148,#10149),(#10150,#10151),
(#10152,#10153),(#10154,#10155)),.UNSPECIFIED.,.F.,.F.,.F.,(4,4),(2,2),
(16.,17.),(0.,1.),.UNSPECIFIED.);
#273=B_SPLINE_SURFACE_WITH_KNOTS('',3,1,((#10167,#10168),(#10169,#10170),
(#10171,#10172),(#10173,#10174)),.UNSPECIFIED.,.F.,.F.,.F.,(4,4),(2,2),
(15.,16.),(0.,1.),.UNSPECIFIED.);
#274=B_SPLINE_SURFACE_WITH_KNOTS('',3,1,((#10186,#10187),(#10188,#10189),
(#10190,#10191),(#10192,#10193)),.UNSPECIFIED.,.F.,.F.,.F.,(4,4),(2,2),
(14.,15.),(0.,1.),.UNSPECIFIED.);
#275=B_SPLINE_SURFACE_WITH_KNOTS('',3,1,((#10205,#10206),(#10207,#10208),
(#10209,#10210),(#10211,#10212)),.UNSPECIFIED.,.F.,.F.,.F.,(4,4),(2,2),
(13.,14.),(0.,1.),.UNSPECIFIED.);
#276=B_SPLINE_SURFACE_WITH_KNOTS('',3,1,((#10224,#10225),(#10226,#10227),
(#10228,#10229),(#10230,#10231)),.UNSPECIFIED.,.F.,.F.,.F.,(4,4),(2,2),
(12.,13.),(0.,1.),.UNSPECIFIED.);
#277=B_SPLINE_SURFACE_WITH_KNOTS('',3,1,((#10243,#10244),(#10245,#10246),
(#10247,#10248),(#10249,#10250)),.UNSPECIFIED.,.F.,.F.,.F.,(4,4),(2,2),
(11.,12.),(0.,1.),.UNSPECIFIED.);
#278=B_SPLINE_SURFACE_WITH_KNOTS('',3,1,((#10262,#10263),(#10264,#10265),
(#10266,#10267),(#10268,#10269)),.UNSPECIFIED.,.F.,.F.,.F.,(4,4),(2,2),
(10.,11.),(0.,1.),.UNSPECIFIED.);
#279=B_SPLINE_SURFACE_WITH_KNOTS('',3,1,((#10287,#10288),(#10289,#10290),
(#10291,#10292),(#10293,#10294)),.UNSPECIFIED.,.F.,.F.,.F.,(4,4),(2,2),
(8.,9.),(0.,1.),.UNSPECIFIED.);
#280=B_SPLINE_SURFACE_WITH_KNOTS('',3,1,((#10306,#10307),(#10308,#10309),
(#10310,#10311),(#10312,#10313)),.UNSPECIFIED.,.F.,.F.,.F.,(4,4),(2,2),
(7.,8.),(0.,1.),.UNSPECIFIED.);
#281=B_SPLINE_SURFACE_WITH_KNOTS('',3,1,((#10325,#10326),(#10327,#10328),
(#10329,#10330),(#10331,#10332)),.UNSPECIFIED.,.F.,.F.,.F.,(4,4),(2,2),
(6.,7.),(0.,1.),.UNSPECIFIED.);
#282=B_SPLINE_SURFACE_WITH_KNOTS('',3,1,((#10344,#10345),(#10346,#10347),
(#10348,#10349),(#10350,#10351)),.UNSPECIFIED.,.F.,.F.,.F.,(4,4),(2,2),
(5.,6.),(0.,1.),.UNSPECIFIED.);
#283=B_SPLINE_SURFACE_WITH_KNOTS('',3,1,((#10363,#10364),(#10365,#10366),
(#10367,#10368),(#10369,#10370)),.UNSPECIFIED.,.F.,.F.,.F.,(4,4),(2,2),
(4.,5.),(0.,1.),.UNSPECIFIED.);
#284=B_SPLINE_SURFACE_WITH_KNOTS('',3,1,((#10382,#10383),(#10384,#10385),
(#10386,#10387),(#10388,#10389)),.UNSPECIFIED.,.F.,.F.,.F.,(4,4),(2,2),
(3.,4.),(0.,1.),.UNSPECIFIED.);
#285=B_SPLINE_SURFACE_WITH_KNOTS('',3,1,((#10401,#10402),(#10403,#10404),
(#10405,#10406),(#10407,#10408)),.UNSPECIFIED.,.F.,.F.,.F.,(4,4),(2,2),
(2.,3.),(0.,1.),.UNSPECIFIED.);
#286=B_SPLINE_SURFACE_WITH_KNOTS('',3,1,((#10420,#10421),(#10422,#10423),
(#10424,#10425),(#10426,#10427)),.SURF_OF_LINEAR_EXTRUSION.,.F.,.F.,.F.,
(4,4),(2,2),(1.00000016137086,1.9999999634949),(0.,1.),
 .PIECEWISE_BEZIER_KNOTS.);
#287=B_SPLINE_SURFACE_WITH_KNOTS('',3,1,((#10548,#10549),(#10550,#10551),
(#10552,#10553),(#10554,#10555)),.UNSPECIFIED.,.F.,.F.,.F.,(4,4),(2,2),
(5.,6.),(0.,1.),.UNSPECIFIED.);
#288=B_SPLINE_SURFACE_WITH_KNOTS('',3,1,((#10557,#10558),(#10559,#10560),
(#10561,#10562),(#10563,#10564)),.UNSPECIFIED.,.F.,.F.,.F.,(4,4),(2,2),
(4.,5.),(0.,1.),.UNSPECIFIED.);
#289=B_SPLINE_SURFACE_WITH_KNOTS('',3,1,((#10566,#10567),(#10568,#10569),
(#10570,#10571),(#10572,#10573)),.UNSPECIFIED.,.F.,.F.,.F.,(4,4),(2,2),
(3.,4.),(0.,1.),.UNSPECIFIED.);
#290=B_SPLINE_SURFACE_WITH_KNOTS('',3,1,((#10575,#10576),(#10577,#10578),
(#10579,#10580),(#10581,#10582)),.UNSPECIFIED.,.F.,.F.,.F.,(4,4),(2,2),
(2.,3.),(0.,1.),.UNSPECIFIED.);
#291=B_SPLINE_SURFACE_WITH_KNOTS('',3,1,((#10594,#10595),(#10596,#10597),
(#10598,#10599),(#10600,#10601)),.UNSPECIFIED.,.F.,.F.,.F.,(4,4),(2,2),
(2.,3.),(0.,1.),.UNSPECIFIED.);
#292=B_SPLINE_SURFACE_WITH_KNOTS('',3,1,((#10603,#10604),(#10605,#10606),
(#10607,#10608),(#10609,#10610)),.UNSPECIFIED.,.F.,.F.,.F.,(4,4),(2,2),
(3.,4.),(0.,1.),.UNSPECIFIED.);
#293=B_SPLINE_SURFACE_WITH_KNOTS('',3,1,((#10612,#10613),(#10614,#10615),
(#10616,#10617),(#10618,#10619)),.UNSPECIFIED.,.F.,.F.,.F.,(4,4),(2,2),
(4.,5.),(0.,1.),.UNSPECIFIED.);
#294=B_SPLINE_SURFACE_WITH_KNOTS('',3,1,((#10621,#10622),(#10623,#10624),
(#10625,#10626),(#10627,#10628)),.UNSPECIFIED.,.F.,.F.,.F.,(4,4),(2,2),
(5.,6.),(0.,1.),.UNSPECIFIED.);
#295=B_SPLINE_SURFACE_WITH_KNOTS('',3,1,((#10926,#10927),(#10928,#10929),
(#10930,#10931),(#10932,#10933)),.SURF_OF_LINEAR_EXTRUSION.,.F.,.F.,.F.,
(4,4),(2,2),(1.,2.),(0.,1.),.PIECEWISE_BEZIER_KNOTS.);
#296=B_SPLINE_SURFACE_WITH_KNOTS('',3,1,((#10935,#10936),(#10937,#10938),
(#10939,#10940),(#10941,#10942)),.UNSPECIFIED.,.F.,.F.,.F.,(4,4),(2,2),
(2.,3.),(0.,1.),.UNSPECIFIED.);
#297=B_SPLINE_SURFACE_WITH_KNOTS('',3,1,((#10944,#10945),(#10946,#10947),
(#10948,#10949),(#10950,#10951)),.UNSPECIFIED.,.F.,.F.,.F.,(4,4),(2,2),
(3.,4.),(0.,1.),.UNSPECIFIED.);
#298=B_SPLINE_SURFACE_WITH_KNOTS('',3,1,((#10953,#10954),(#10955,#10956),
(#10957,#10958),(#10959,#10960)),.UNSPECIFIED.,.F.,.F.,.F.,(4,4),(2,2),
(4.,5.),(0.,1.),.UNSPECIFIED.);
#299=B_SPLINE_SURFACE_WITH_KNOTS('',3,1,((#10962,#10963),(#10964,#10965),
(#10966,#10967),(#10968,#10969)),.UNSPECIFIED.,.F.,.F.,.F.,(4,4),(2,2),
(5.,6.),(0.,1.),.UNSPECIFIED.);
#300=B_SPLINE_SURFACE_WITH_KNOTS('',3,1,((#10971,#10972),(#10973,#10974),
(#10975,#10976),(#10977,#10978)),.UNSPECIFIED.,.F.,.F.,.F.,(4,4),(2,2),
(6.,7.),(0.,1.),.UNSPECIFIED.);
#301=B_SPLINE_SURFACE_WITH_KNOTS('',3,1,((#10980,#10981),(#10982,#10983),
(#10984,#10985),(#10986,#10987)),.UNSPECIFIED.,.F.,.F.,.F.,(4,4),(2,2),
(7.,8.),(0.,1.),.UNSPECIFIED.);
#302=B_SPLINE_SURFACE_WITH_KNOTS('',3,1,((#10989,#10990),(#10991,#10992),
(#10993,#10994),(#10995,#10996)),.UNSPECIFIED.,.F.,.F.,.F.,(4,4),(2,2),
(8.,9.),(0.,1.),.UNSPECIFIED.);
#303=B_SPLINE_SURFACE_WITH_KNOTS('',3,1,((#10998,#10999),(#11000,#11001),
(#11002,#11003),(#11004,#11005)),.UNSPECIFIED.,.F.,.F.,.F.,(4,4),(2,2),
(10.,11.),(0.,1.),.UNSPECIFIED.);
#304=B_SPLINE_SURFACE_WITH_KNOTS('',3,1,((#11015,#11016),(#11017,#11018),
(#11019,#11020),(#11021,#11022)),.UNSPECIFIED.,.F.,.F.,.F.,(4,4),(2,2),
(15.,16.),(0.,1.),.UNSPECIFIED.);
#305=B_SPLINE_SURFACE_WITH_KNOTS('',3,1,((#11024,#11025),(#11026,#11027),
(#11028,#11029),(#11030,#11031)),.UNSPECIFIED.,.F.,.F.,.F.,(4,4),(2,2),
(16.,17.),(0.,1.),.UNSPECIFIED.);
#306=B_SPLINE_SURFACE_WITH_KNOTS('',3,1,((#11033,#11034),(#11035,#11036),
(#11037,#11038),(#11039,#11040)),.UNSPECIFIED.,.F.,.F.,.F.,(4,4),(2,2),
(17.,18.),(0.,1.),.UNSPECIFIED.);
#307=B_SPLINE_SURFACE_WITH_KNOTS('',3,1,((#11042,#11043),(#11044,#11045),
(#11046,#11047),(#11048,#11049)),.UNSPECIFIED.,.F.,.F.,.F.,(4,4),(2,2),
(18.,19.),(0.,1.),.UNSPECIFIED.);
#308=B_SPLINE_SURFACE_WITH_KNOTS('',3,1,((#11051,#11052),(#11053,#11054),
(#11055,#11056),(#11057,#11058)),.UNSPECIFIED.,.F.,.F.,.F.,(4,4),(2,2),
(19.,20.),(0.,1.),.UNSPECIFIED.);
#309=B_SPLINE_SURFACE_WITH_KNOTS('',3,1,((#11060,#11061),(#11062,#11063),
(#11064,#11065),(#11066,#11067)),.UNSPECIFIED.,.F.,.F.,.F.,(4,4),(2,2),
(20.,21.),(0.,1.),.UNSPECIFIED.);
#310=B_SPLINE_SURFACE_WITH_KNOTS('',3,1,((#11069,#11070),(#11071,#11072),
(#11073,#11074),(#11075,#11076)),.UNSPECIFIED.,.F.,.F.,.F.,(4,4),(2,2),
(21.,22.),(0.,1.),.UNSPECIFIED.);
#311=B_SPLINE_SURFACE_WITH_KNOTS('',3,1,((#11080,#11081),(#11082,#11083),
(#11084,#11085),(#11086,#11087)),.UNSPECIFIED.,.F.,.F.,.F.,(4,4),(2,2),
(23.,24.),(0.,1.),.UNSPECIFIED.);
#312=B_SPLINE_SURFACE_WITH_KNOTS('',3,1,((#11089,#11090),(#11091,#11092),
(#11093,#11094),(#11095,#11096)),.UNSPECIFIED.,.F.,.F.,.F.,(4,4),(2,2),
(24.,25.),(0.,1.),.UNSPECIFIED.);
#313=B_SPLINE_SURFACE_WITH_KNOTS('',3,1,((#11100,#11101),(#11102,#11103),
(#11104,#11105),(#11106,#11107)),.UNSPECIFIED.,.F.,.F.,.F.,(4,4),(2,2),
(27.,28.),(0.,1.),.UNSPECIFIED.);
#314=B_SPLINE_SURFACE_WITH_KNOTS('',3,1,((#11109,#11110),(#11111,#11112),
(#11113,#11114),(#11115,#11116)),.UNSPECIFIED.,.F.,.F.,.F.,(4,4),(2,2),
(28.,29.),(0.,1.),.UNSPECIFIED.);
#315=B_SPLINE_SURFACE_WITH_KNOTS('',3,1,((#11120,#11121),(#11122,#11123),
(#11124,#11125),(#11126,#11127)),.UNSPECIFIED.,.F.,.F.,.F.,(4,4),(2,2),
(33.,34.),(0.,1.),.UNSPECIFIED.);
#316=B_SPLINE_SURFACE_WITH_KNOTS('',3,1,((#11129,#11130),(#11131,#11132),
(#11133,#11134),(#11135,#11136)),.UNSPECIFIED.,.F.,.F.,.F.,(4,4),(2,2),
(34.,35.),(0.,1.),.UNSPECIFIED.);
#317=B_SPLINE_SURFACE_WITH_KNOTS('',3,1,((#11137,#11138),(#11139,#11140),
(#11141,#11142),(#11143,#11144),(#11145,#11146),(#11147,#11148),(#11149,
#11150),(#11151,#11152),(#11153,#11154),(#11155,#11156)),.UNSPECIFIED.,
 .F.,.F.,.F.,(4,3,3,4),(2,2),(0.,1.,1.00087319296494,2.),(0.,1.),
 .UNSPECIFIED.);
#318=B_SPLINE_SURFACE_WITH_KNOTS('',3,1,((#11159,#11160),(#11161,#11162),
(#11163,#11164),(#11165,#11166),(#11167,#11168),(#11169,#11170)),
 .UNSPECIFIED.,.F.,.F.,.F.,(4,2,4),(2,2),(2.,3.,4.),(0.,1.),
 .UNSPECIFIED.);
#319=B_SPLINE_SURFACE_WITH_KNOTS('',3,1,((#11263,#11264),(#11265,#11266),
(#11267,#11268),(#11269,#11270)),.UNSPECIFIED.,.F.,.F.,.F.,(4,4),(2,2),
(1.00000000039796,2.),(0.,1.),.UNSPECIFIED.);
#320=B_SPLINE_SURFACE_WITH_KNOTS('',3,1,((#11274,#11275),(#11276,#11277),
(#11278,#11279),(#11280,#11281)),.UNSPECIFIED.,.F.,.F.,.F.,(4,4),(2,2),
(3.,4.),(0.,1.),.UNSPECIFIED.);
#321=B_SPLINE_SURFACE_WITH_KNOTS('',3,1,((#11285,#11286),(#11287,#11288),
(#11289,#11290),(#11291,#11292)),.UNSPECIFIED.,.F.,.F.,.F.,(4,4),(2,2),
(0.,1.),(0.,1.),.UNSPECIFIED.);
#322=B_SPLINE_SURFACE_WITH_KNOTS('',3,1,((#11313,#11314),(#11315,#11316),
(#11317,#11318),(#11319,#11320)),.UNSPECIFIED.,.F.,.F.,.F.,(4,4),(2,2),
(12.,13.),(0.,1.),.UNSPECIFIED.);
#323=B_SPLINE_SURFACE_WITH_KNOTS('',3,1,((#11332,#11333),(#11334,#11335),
(#11336,#11337),(#11338,#11339)),.UNSPECIFIED.,.F.,.F.,.F.,(4,4),(2,2),
(11.,12.),(0.,1.),.UNSPECIFIED.);
#324=B_SPLINE_SURFACE_WITH_KNOTS('',3,1,((#11351,#11352),(#11353,#11354),
(#11355,#11356),(#11357,#11358)),.UNSPECIFIED.,.F.,.F.,.F.,(4,4),(2,2),
(10.,11.),(0.,1.),.UNSPECIFIED.);
#325=B_SPLINE_SURFACE_WITH_KNOTS('',3,1,((#11370,#11371),(#11372,#11373),
(#11374,#11375),(#11376,#11377)),.UNSPECIFIED.,.F.,.F.,.F.,(4,4),(2,2),
(9.,10.),(0.,1.),.UNSPECIFIED.);
#326=B_SPLINE_SURFACE_WITH_KNOTS('',3,1,((#11389,#11390),(#11391,#11392),
(#11393,#11394),(#11395,#11396)),.UNSPECIFIED.,.F.,.F.,.F.,(4,4),(2,2),
(8.,9.),(0.,1.),.UNSPECIFIED.);
#327=B_SPLINE_SURFACE_WITH_KNOTS('',3,1,((#11408,#11409),(#11410,#11411),
(#11412,#11413),(#11414,#11415)),.UNSPECIFIED.,.F.,.F.,.F.,(4,4),(2,2),
(7.,8.),(0.,1.),.UNSPECIFIED.);
#328=B_SPLINE_SURFACE_WITH_KNOTS('',3,1,((#11433,#11434),(#11435,#11436),
(#11437,#11438),(#11439,#11440)),.UNSPECIFIED.,.F.,.F.,.F.,(4,4),(2,2),
(5.,6.),(0.,1.),.UNSPECIFIED.);
#329=B_SPLINE_SURFACE_WITH_KNOTS('',3,1,((#11452,#11453),(#11454,#11455),
(#11456,#11457),(#11458,#11459)),.UNSPECIFIED.,.F.,.F.,.F.,(4,4),(2,2),
(4.,5.),(0.,1.),.UNSPECIFIED.);
#330=B_SPLINE_SURFACE_WITH_KNOTS('',3,1,((#11471,#11472),(#11473,#11474),
(#11475,#11476),(#11477,#11478)),.UNSPECIFIED.,.F.,.F.,.F.,(4,4),(2,2),
(3.,4.),(0.,1.),.UNSPECIFIED.);
#331=B_SPLINE_SURFACE_WITH_KNOTS('',3,1,((#11490,#11491),(#11492,#11493),
(#11494,#11495),(#11496,#11497)),.UNSPECIFIED.,.F.,.F.,.F.,(4,4),(2,2),
(2.,3.),(0.,1.),.UNSPECIFIED.);
#332=B_SPLINE_SURFACE_WITH_KNOTS('',3,1,((#11509,#11510),(#11511,#11512),
(#11513,#11514),(#11515,#11516)),.UNSPECIFIED.,.F.,.F.,.F.,(4,4),(2,2),
(1.,2.),(0.,1.),.UNSPECIFIED.);
#333=B_SPLINE_SURFACE_WITH_KNOTS('',3,1,((#11619,#11620),(#11621,#11622),
(#11623,#11624),(#11625,#11626)),.UNSPECIFIED.,.F.,.F.,.F.,(4,4),(2,2),
(1.00000000039795,2.),(0.,1.),.UNSPECIFIED.);
#334=B_SPLINE_SURFACE_WITH_KNOTS('',3,1,((#11630,#11631),(#11632,#11633),
(#11634,#11635),(#11636,#11637)),.UNSPECIFIED.,.F.,.F.,.F.,(4,4),(2,2),
(3.,4.),(0.,1.),.UNSPECIFIED.);
#335=B_SPLINE_CURVE_WITH_KNOTS('',3,(#8379,#8380,#8381,#8382),
 .UNSPECIFIED.,.F.,.F.,(4,4),(5.,6.),.PIECEWISE_BEZIER_KNOTS.);
#336=B_SPLINE_CURVE_WITH_KNOTS('',3,(#8384,#8385,#8386,#8387),
 .UNSPECIFIED.,.F.,.F.,(4,4),(4.,5.),.PIECEWISE_BEZIER_KNOTS.);
#337=B_SPLINE_CURVE_WITH_KNOTS('',3,(#8389,#8390,#8391,#8392),
 .UNSPECIFIED.,.F.,.F.,(4,4),(3.,4.),.PIECEWISE_BEZIER_KNOTS.);
#338=B_SPLINE_CURVE_WITH_KNOTS('',3,(#8394,#8395,#8396,#8397),
 .UNSPECIFIED.,.F.,.F.,(4,4),(2.,3.),.PIECEWISE_BEZIER_KNOTS.);
#339=B_SPLINE_CURVE_WITH_KNOTS('',3,(#8407,#8408,#8409,#8410),
 .UNSPECIFIED.,.F.,.F.,(4,4),(5.,6.),.PIECEWISE_BEZIER_KNOTS.);
#340=B_SPLINE_CURVE_WITH_KNOTS('',3,(#8412,#8413,#8414,#8415),
 .UNSPECIFIED.,.F.,.F.,(4,4),(4.,5.),.PIECEWISE_BEZIER_KNOTS.);
#341=B_SPLINE_CURVE_WITH_KNOTS('',3,(#8417,#8418,#8419,#8420),
 .UNSPECIFIED.,.F.,.F.,(4,4),(3.,4.),.PIECEWISE_BEZIER_KNOTS.);
#342=B_SPLINE_CURVE_WITH_KNOTS('',3,(#8422,#8423,#8424,#8425),
 .UNSPECIFIED.,.F.,.F.,(4,4),(2.,3.),.PIECEWISE_BEZIER_KNOTS.);
#343=B_SPLINE_CURVE_WITH_KNOTS('',3,(#8436,#8437,#8438,#8439),
 .UNSPECIFIED.,.F.,.F.,(4,4),(2.,3.),.PIECEWISE_BEZIER_KNOTS.);
#344=B_SPLINE_CURVE_WITH_KNOTS('',3,(#8441,#8442,#8443,#8444),
 .UNSPECIFIED.,.F.,.F.,(4,4),(3.,4.),.PIECEWISE_BEZIER_KNOTS.);
#345=B_SPLINE_CURVE_WITH_KNOTS('',3,(#8446,#8447,#8448,#8449),
 .UNSPECIFIED.,.F.,.F.,(4,4),(4.,5.),.PIECEWISE_BEZIER_KNOTS.);
#346=B_SPLINE_CURVE_WITH_KNOTS('',3,(#8451,#8452,#8453,#8454),
 .UNSPECIFIED.,.F.,.F.,(4,4),(5.,6.),.PIECEWISE_BEZIER_KNOTS.);
#347=B_SPLINE_CURVE_WITH_KNOTS('',3,(#8462,#8463,#8464,#8465),
 .UNSPECIFIED.,.F.,.F.,(4,4),(2.,3.),.PIECEWISE_BEZIER_KNOTS.);
#348=B_SPLINE_CURVE_WITH_KNOTS('',3,(#8467,#8468,#8469,#8470),
 .UNSPECIFIED.,.F.,.F.,(4,4),(3.,4.),.PIECEWISE_BEZIER_KNOTS.);
#349=B_SPLINE_CURVE_WITH_KNOTS('',3,(#8472,#8473,#8474,#8475),
 .UNSPECIFIED.,.F.,.F.,(4,4),(4.,5.),.PIECEWISE_BEZIER_KNOTS.);
#350=B_SPLINE_CURVE_WITH_KNOTS('',3,(#8477,#8478,#8479,#8480),
 .UNSPECIFIED.,.F.,.F.,(4,4),(5.,6.),.PIECEWISE_BEZIER_KNOTS.);
#351=B_SPLINE_CURVE_WITH_KNOTS('',3,(#8681,#8682,#8683,#8684),
 .UNSPECIFIED.,.F.,.F.,(4,4),(0.,1.),.PIECEWISE_BEZIER_KNOTS.);
#352=B_SPLINE_CURVE_WITH_KNOTS('',3,(#8689,#8690,#8691,#8692),
 .UNSPECIFIED.,.F.,.F.,(4,4),(12.,13.),.PIECEWISE_BEZIER_KNOTS.);
#353=B_SPLINE_CURVE_WITH_KNOTS('',3,(#8694,#8695,#8696,#8697),
 .UNSPECIFIED.,.F.,.F.,(4,4),(11.,12.),.PIECEWISE_BEZIER_KNOTS.);
#354=B_SPLINE_CURVE_WITH_KNOTS('',3,(#8701,#8702,#8703,#8704),
 .UNSPECIFIED.,.F.,.F.,(4,4),(9.,10.),.PIECEWISE_BEZIER_KNOTS.);
#355=B_SPLINE_CURVE_WITH_KNOTS('',3,(#8706,#8707,#8708,#8709),
 .UNSPECIFIED.,.F.,.F.,(4,4),(8.,9.),.PIECEWISE_BEZIER_KNOTS.);
#356=B_SPLINE_CURVE_WITH_KNOTS('',3,(#8711,#8712,#8713,#8714),
 .UNSPECIFIED.,.F.,.F.,(4,4),(7.,8.),.PIECEWISE_BEZIER_KNOTS.);
#357=B_SPLINE_CURVE_WITH_KNOTS('',3,(#8716,#8717,#8718,#8719),
 .UNSPECIFIED.,.F.,.F.,(4,4),(6.,7.),.PIECEWISE_BEZIER_KNOTS.);
#358=B_SPLINE_CURVE_WITH_KNOTS('',3,(#8729,#8730,#8731,#8732),
 .UNSPECIFIED.,.F.,.F.,(4,4),(1.,2.),.PIECEWISE_BEZIER_KNOTS.);
#359=B_SPLINE_CURVE_WITH_KNOTS('',3,(#8733,#8734,#8735,#8736),
 .UNSPECIFIED.,.F.,.F.,(4,4),(1.,2.),.PIECEWISE_BEZIER_KNOTS.);
#360=B_SPLINE_CURVE_WITH_KNOTS('',3,(#8739,#8740,#8741,#8742),
 .UNSPECIFIED.,.F.,.F.,(4,4),(0.,1.),.PIECEWISE_BEZIER_KNOTS.);
#361=B_SPLINE_CURVE_WITH_KNOTS('',3,(#8748,#8749,#8750,#8751),
 .UNSPECIFIED.,.F.,.F.,(4,4),(5.,6.),.PIECEWISE_BEZIER_KNOTS.);
#362=B_SPLINE_CURVE_WITH_KNOTS('',3,(#8753,#8754,#8755,#8756),
 .UNSPECIFIED.,.F.,.F.,(4,4),(4.,5.),.PIECEWISE_BEZIER_KNOTS.);
#363=B_SPLINE_CURVE_WITH_KNOTS('',3,(#8758,#8759,#8760,#8761),
 .UNSPECIFIED.,.F.,.F.,(4,4),(3.,4.),.PIECEWISE_BEZIER_KNOTS.);
#364=B_SPLINE_CURVE_WITH_KNOTS('',3,(#8763,#8764,#8765,#8766),
 .UNSPECIFIED.,.F.,.F.,(4,4),(2.,3.),.PIECEWISE_BEZIER_KNOTS.);
#365=B_SPLINE_CURVE_WITH_KNOTS('',3,(#8768,#8769,#8770,#8771),
 .UNSPECIFIED.,.F.,.F.,(4,4),(0.,1.),.PIECEWISE_BEZIER_KNOTS.);
#366=B_SPLINE_CURVE_WITH_KNOTS('',3,(#8774,#8775,#8776,#8777),
 .UNSPECIFIED.,.F.,.F.,(4,4),(1.,2.),.PIECEWISE_BEZIER_KNOTS.);
#367=B_SPLINE_CURVE_WITH_KNOTS('',3,(#8787,#8788,#8789,#8790),
 .UNSPECIFIED.,.F.,.F.,(4,4),(6.,7.),.PIECEWISE_BEZIER_KNOTS.);
#368=B_SPLINE_CURVE_WITH_KNOTS('',3,(#8792,#8793,#8794,#8795),
 .UNSPECIFIED.,.F.,.F.,(4,4),(7.,8.),.PIECEWISE_BEZIER_KNOTS.);
#369=B_SPLINE_CURVE_WITH_KNOTS('',3,(#8797,#8798,#8799,#8800),
 .UNSPECIFIED.,.F.,.F.,(4,4),(8.,9.),.PIECEWISE_BEZIER_KNOTS.);
#370=B_SPLINE_CURVE_WITH_KNOTS('',3,(#8802,#8803,#8804,#8805),
 .UNSPECIFIED.,.F.,.F.,(4,4),(9.,10.),.PIECEWISE_BEZIER_KNOTS.);
#371=B_SPLINE_CURVE_WITH_KNOTS('',3,(#8809,#8810,#8811,#8812),
 .UNSPECIFIED.,.F.,.F.,(4,4),(11.,12.),.PIECEWISE_BEZIER_KNOTS.);
#372=B_SPLINE_CURVE_WITH_KNOTS('',3,(#8814,#8815,#8816,#8817),
 .UNSPECIFIED.,.F.,.F.,(4,4),(12.,13.),.PIECEWISE_BEZIER_KNOTS.);
#373=B_SPLINE_CURVE_WITH_KNOTS('',3,(#8820,#8821,#8822,#8823),
 .UNSPECIFIED.,.F.,.F.,(4,4),(0.,1.),.PIECEWISE_BEZIER_KNOTS.);
#374=B_SPLINE_CURVE_WITH_KNOTS('',3,(#8826,#8827,#8828,#8829),
 .UNSPECIFIED.,.F.,.F.,(4,4),(1.,2.),.PIECEWISE_BEZIER_KNOTS.);
#375=B_SPLINE_CURVE_WITH_KNOTS('',3,(#8831,#8832,#8833,#8834),
 .UNSPECIFIED.,.F.,.F.,(4,4),(2.,3.),.PIECEWISE_BEZIER_KNOTS.);
#376=B_SPLINE_CURVE_WITH_KNOTS('',3,(#8836,#8837,#8838,#8839),
 .UNSPECIFIED.,.F.,.F.,(4,4),(3.,4.),.PIECEWISE_BEZIER_KNOTS.);
#377=B_SPLINE_CURVE_WITH_KNOTS('',3,(#8841,#8842,#8843,#8844),
 .UNSPECIFIED.,.F.,.F.,(4,4),(4.,5.),.PIECEWISE_BEZIER_KNOTS.);
#378=B_SPLINE_CURVE_WITH_KNOTS('',3,(#8846,#8847,#8848,#8849),
 .UNSPECIFIED.,.F.,.F.,(4,4),(5.,6.),.PIECEWISE_BEZIER_KNOTS.);
#379=B_SPLINE_CURVE_WITH_KNOTS('',3,(#9159,#9160,#9161,#9162),
 .UNSPECIFIED.,.F.,.F.,(4,4),(0.,1.),.UNSPECIFIED.);
#380=B_SPLINE_CURVE_WITH_KNOTS('',3,(#9215,#9216,#9217,#9218),
 .UNSPECIFIED.,.F.,.F.,(4,4),(5.,6.),.PIECEWISE_BEZIER_KNOTS.);
#381=B_SPLINE_CURVE_WITH_KNOTS('',3,(#9222,#9223,#9224,#9225),
 .UNSPECIFIED.,.F.,.F.,(4,4),(5.,6.),.PIECEWISE_BEZIER_KNOTS.);
#382=B_SPLINE_CURVE_WITH_KNOTS('',3,(#9234,#9235,#9236,#9237),
 .UNSPECIFIED.,.F.,.F.,(4,4),(4.0000079324681,5.),
 .PIECEWISE_BEZIER_KNOTS.);
#383=B_SPLINE_CURVE_WITH_KNOTS('',3,(#9241,#9242,#9243,#9244),
 .UNSPECIFIED.,.F.,.F.,(4,4),(4.,4.9999920675319),
 .PIECEWISE_BEZIER_KNOTS.);
#384=B_SPLINE_CURVE_WITH_KNOTS('',3,(#9259,#9260,#9261,#9262),
 .UNSPECIFIED.,.F.,.F.,(4,4),(2.,3.),.PIECEWISE_BEZIER_KNOTS.);
#385=B_SPLINE_CURVE_WITH_KNOTS('',3,(#9266,#9267,#9268,#9269),
 .UNSPECIFIED.,.F.,.F.,(4,4),(2.,3.),.PIECEWISE_BEZIER_KNOTS.);
#386=B_SPLINE_CURVE_WITH_KNOTS('',3,(#9278,#9279,#9280,#9281),
 .UNSPECIFIED.,.F.,.F.,(4,4),(1.,2.),.PIECEWISE_BEZIER_KNOTS.);
#387=B_SPLINE_CURVE_WITH_KNOTS('',3,(#9285,#9286,#9287,#9288),
 .UNSPECIFIED.,.F.,.F.,(4,4),(1.,2.),.PIECEWISE_BEZIER_KNOTS.);
#388=B_SPLINE_CURVE_WITH_KNOTS('',3,(#9303,#9304,#9305,#9306),
 .UNSPECIFIED.,.F.,.F.,(4,4),(0.,0.000156688737368494),.UNSPECIFIED.);
#389=B_SPLINE_CURVE_WITH_KNOTS('',3,(#9364,#9365,#9366,#9367),
 .UNSPECIFIED.,.F.,.F.,(4,4),(8.74111736584338E-19,0.000156688737368494),
 .UNSPECIFIED.);
#390=B_SPLINE_CURVE_WITH_KNOTS('',3,(#9490,#9491,#9492,#9493,#9494,#9495,
#9496,#9497,#9498,#9499,#9500,#9501,#9502,#9503,#9504,#9505,#9506,#9507,
#9508),.UNSPECIFIED.,.F.,.F.,(4,1,1,1,1,1,1,1,1,1,1,1,1,1,1,1,4),(0.,0.067833248455,
0.132655536507,0.19505088405,0.255582933068,0.314799834147,0.373600472826,
0.432545595326,0.492430629283,0.552671255962,0.612513044188,0.672610250357,
0.733838369313,0.796594238567,0.86144979929,0.92919894235,0.999999999999),
 .UNSPECIFIED.);
#391=B_SPLINE_CURVE_WITH_KNOTS('',3,(#9510,#9511,#9512,#9513,#9514,#9515,
#9516,#9517,#9518,#9519,#9520,#9521,#9522,#9523,#9524,#9525,#9526,#9527,
#9528),.UNSPECIFIED.,.F.,.F.,(4,1,1,1,1,1,1,1,1,1,1,1,1,1,1,1,4),(0.,0.070643718575,
0.138256715508,0.203364124217,0.266324093803,0.327904761542,0.388737715173,
0.449423528109,0.510861011459,0.572079396047,0.631734428731,0.691117210578,
0.75036002949,0.810032900531,0.871362450828,0.934427141231,1.),
 .UNSPECIFIED.);
#392=B_SPLINE_CURVE_WITH_KNOTS('',3,(#9536,#9537,#9538,#9539,#9540,#9541,
#9542,#9543,#9544,#9545,#9546,#9547,#9548,#9549,#9550,#9551,#9552,#9553,
#9554),.UNSPECIFIED.,.F.,.F.,(4,1,1,1,1,1,1,1,1,1,1,1,1,1,1,1,4),(0.,0.064603970288,
0.126702413962,0.186756814035,0.245505687365,0.303652024449,0.36150307397,
0.420240222928,0.480033340776,0.540678134775,0.60119180638,0.662333502477,
0.724739510297,0.789467736172,0.856504860043,0.926312095839,1.),
 .UNSPECIFIED.);
#393=B_SPLINE_CURVE_WITH_KNOTS('',3,(#9556,#9557,#9558,#9559,#9560,#9561,
#9562,#9563,#9564,#9565,#9566,#9567,#9568,#9569,#9570,#9571,#9572,#9573,
#9574),.UNSPECIFIED.,.F.,.F.,(4,1,1,1,1,1,1,1,1,1,1,1,1,1,1,1,4),(0.,0.073774119374,
0.144079114726,0.211348518308,0.276076885739,0.338520915819,0.399885116693,
0.460254067465,0.520588964391,0.580207684563,0.638632908552,0.69636454949,
0.75400177466,0.812805681374,0.872754425525,0.935181996978,1.),
 .UNSPECIFIED.);
#394=B_SPLINE_CURVE_WITH_KNOTS('',3,(#9599,#9600,#9601,#9602,#9603,#9604,
#9605,#9606,#9607,#9608,#9609,#9610,#9611,#9612,#9613,#9614,#9615,#9616,
#9617),.UNSPECIFIED.,.F.,.F.,(4,1,1,1,1,1,1,1,1,1,1,1,1,1,1,1,4),(0.,0.068068695844,
0.133427432818,0.196146033813,0.257048592449,0.316882663159,0.376187208666,
0.435960335363,0.496535236862,0.55746534348,0.61768686341,0.677943640696,
0.738805284806,0.800949336766,0.86481466747,0.931024781078,1.),
 .UNSPECIFIED.);
#395=B_SPLINE_CURVE_WITH_KNOTS('',3,(#9626,#9627,#9628,#9629,#9630,#9631,
#9632,#9633,#9634,#9635,#9636,#9637,#9638,#9639,#9640,#9641,#9642,#9643,
#9644),.UNSPECIFIED.,.F.,.F.,(4,1,1,1,1,1,1,1,1,1,1,1,1,1,1,1,4),(0.,0.068631178676,
0.134566466038,0.19832815401,0.26078976664,0.321999151484,0.382721746503,
0.443537474035,0.505133429484,0.566213874764,0.626105864617,0.68534932216,
0.744995870347,0.805415841814,0.867636266345,0.932307782302,1.),
 .UNSPECIFIED.);
#396=B_SPLINE_CURVE_WITH_KNOTS('',3,(#9662,#9663,#9664,#9665,#9666,#9667,
#9668,#9669,#9670,#9671,#9672,#9673,#9674,#9675,#9676,#9677,#9678,#9679,
#9680),.UNSPECIFIED.,.F.,.F.,(4,1,1,1,1,1,1,1,1,1,1,1,1,1,1,1,4),(0.,0.074303796442,
0.144393610364,0.210499496103,0.273542606503,0.333824744579,0.392529672408,
0.450087454599,0.507820611555,0.565464912776,0.623148722333,0.68129719279,
0.740913498156,0.801855752195,0.86524123772,0.930941657046,0.999999999999),
 .UNSPECIFIED.);
#397=B_SPLINE_CURVE_WITH_KNOTS('',3,(#9689,#9690,#9691,#9692,#9693,#9694,
#9695,#9696,#9697,#9698,#9699,#9700,#9701,#9702,#9703,#9704,#9705,#9706,
#9707),.UNSPECIFIED.,.F.,.F.,(4,1,1,1,1,1,1,1,1,1,1,1,1,1,1,1,4),(0.,0.070826572555,
0.138169033279,0.202475331533,0.263973754413,0.323380320598,0.381797622713,
0.439390074519,0.496902724545,0.554662169609,0.612741878492,0.671538836391,
0.73165572209,0.794297811613,0.859482204979,0.927681325452,0.999999999999),
 .UNSPECIFIED.);
#398=B_SPLINE_CURVE_WITH_KNOTS('',3,(#9718,#9719,#9720,#9721),
 .UNSPECIFIED.,.F.,.F.,(4,4),(7.04648007012958E-18,0.000156688737368026),
 .UNSPECIFIED.);
#399=B_SPLINE_CURVE_WITH_KNOTS('',3,(#9724,#9725,#9726,#9727),
 .UNSPECIFIED.,.F.,.F.,(4,4),(2.14661078335672E-18,0.000156689545562578),
 .UNSPECIFIED.);
#400=B_SPLINE_CURVE_WITH_KNOTS('',3,(#9759,#9760,#9761,#9762),
 .UNSPECIFIED.,.F.,.F.,(4,4),(7.04648007012958E-18,0.000156688737368025),
 .UNSPECIFIED.);
#401=B_SPLINE_CURVE_WITH_KNOTS('',3,(#9765,#9766,#9767,#9768),
 .UNSPECIFIED.,.F.,.F.,(4,4),(6.94228120891928E-19,0.000156689545562577),
 .UNSPECIFIED.);
#402=B_SPLINE_CURVE_WITH_KNOTS('',3,(#9982,#9983,#9984,#9985),
 .UNSPECIFIED.,.F.,.F.,(4,4),(2.89301223257951E-18,0.000156689545562573),
 .UNSPECIFIED.);
#403=B_SPLINE_CURVE_WITH_KNOTS('',3,(#10053,#10054,#10055,#10056),
 .UNSPECIFIED.,.F.,.F.,(4,4),(6.94228120891928E-19,0.000156689545562574),
 .UNSPECIFIED.);
#404=B_SPLINE_CURVE_WITH_KNOTS('',3,(#10071,#10072,#10073,#10074),
 .UNSPECIFIED.,.F.,.F.,(4,4),(0.,1.),.PIECEWISE_BEZIER_KNOTS.);
#405=B_SPLINE_CURVE_WITH_KNOTS('',3,(#10079,#10080,#10081,#10082),
 .UNSPECIFIED.,.F.,.F.,(4,4),(0.,1.),.PIECEWISE_BEZIER_KNOTS.);
#406=B_SPLINE_CURVE_WITH_KNOTS('',3,(#10099,#10100,#10101,#10102),
 .UNSPECIFIED.,.F.,.F.,(4,4),(19.,20.),.PIECEWISE_BEZIER_KNOTS.);
#407=B_SPLINE_CURVE_WITH_KNOTS('',3,(#10106,#10107,#10108,#10109),
 .UNSPECIFIED.,.F.,.F.,(4,4),(19.,20.),.PIECEWISE_BEZIER_KNOTS.);
#408=B_SPLINE_CURVE_WITH_KNOTS('',3,(#10118,#10119,#10120,#10121),
 .UNSPECIFIED.,.F.,.F.,(4,4),(18.,19.),.PIECEWISE_BEZIER_KNOTS.);
#409=B_SPLINE_CURVE_WITH_KNOTS('',3,(#10125,#10126,#10127,#10128),
 .UNSPECIFIED.,.F.,.F.,(4,4),(18.,19.),.PIECEWISE_BEZIER_KNOTS.);
#410=B_SPLINE_CURVE_WITH_KNOTS('',3,(#10137,#10138,#10139,#10140),
 .UNSPECIFIED.,.F.,.F.,(4,4),(17.,18.),.PIECEWISE_BEZIER_KNOTS.);
#411=B_SPLINE_CURVE_WITH_KNOTS('',3,(#10144,#10145,#10146,#10147),
 .UNSPECIFIED.,.F.,.F.,(4,4),(17.,18.),.PIECEWISE_BEZIER_KNOTS.);
#412=B_SPLINE_CURVE_WITH_KNOTS('',3,(#10156,#10157,#10158,#10159),
 .UNSPECIFIED.,.F.,.F.,(4,4),(16.,17.),.PIECEWISE_BEZIER_KNOTS.);
#413=B_SPLINE_CURVE_WITH_KNOTS('',3,(#10163,#10164,#10165,#10166),
 .UNSPECIFIED.,.F.,.F.,(4,4),(16.,17.),.PIECEWISE_BEZIER_KNOTS.);
#414=B_SPLINE_CURVE_WITH_KNOTS('',3,(#10175,#10176,#10177,#10178),
 .UNSPECIFIED.,.F.,.F.,(4,4),(15.,16.),.PIECEWISE_BEZIER_KNOTS.);
#415=B_SPLINE_CURVE_WITH_KNOTS('',3,(#10182,#10183,#10184,#10185),
 .UNSPECIFIED.,.F.,.F.,(4,4),(15.,16.),.PIECEWISE_BEZIER_KNOTS.);
#416=B_SPLINE_CURVE_WITH_KNOTS('',3,(#10194,#10195,#10196,#10197),
 .UNSPECIFIED.,.F.,.F.,(4,4),(0.,3.33910293280118E-5),.UNSPECIFIED.);
#417=B_SPLINE_CURVE_WITH_KNOTS('',3,(#10201,#10202,#10203,#10204),
 .UNSPECIFIED.,.F.,.F.,(4,4),(14.,15.),.PIECEWISE_BEZIER_KNOTS.);
#418=B_SPLINE_CURVE_WITH_KNOTS('',3,(#10213,#10214,#10215,#10216),
 .UNSPECIFIED.,.F.,.F.,(4,4),(13.,14.),.PIECEWISE_BEZIER_KNOTS.);
#419=B_SPLINE_CURVE_WITH_KNOTS('',3,(#10220,#10221,#10222,#10223),
 .UNSPECIFIED.,.F.,.F.,(4,4),(13.,14.),.PIECEWISE_BEZIER_KNOTS.);
#420=B_SPLINE_CURVE_WITH_KNOTS('',3,(#10232,#10233,#10234,#10235),
 .UNSPECIFIED.,.F.,.F.,(4,4),(12.,13.),.PIECEWISE_BEZIER_KNOTS.);
#421=B_SPLINE_CURVE_WITH_KNOTS('',3,(#10239,#10240,#10241,#10242),
 .UNSPECIFIED.,.F.,.F.,(4,4),(12.,13.),.PIECEWISE_BEZIER_KNOTS.);
#422=B_SPLINE_CURVE_WITH_KNOTS('',3,(#10251,#10252,#10253,#10254),
 .UNSPECIFIED.,.F.,.F.,(4,4),(11.,12.),.PIECEWISE_BEZIER_KNOTS.);
#423=B_SPLINE_CURVE_WITH_KNOTS('',3,(#10258,#10259,#10260,#10261),
 .UNSPECIFIED.,.F.,.F.,(4,4),(11.,12.),.PIECEWISE_BEZIER_KNOTS.);
#424=B_SPLINE_CURVE_WITH_KNOTS('',3,(#10270,#10271,#10272,#10273),
 .UNSPECIFIED.,.F.,.F.,(4,4),(10.,11.),.PIECEWISE_BEZIER_KNOTS.);
#425=B_SPLINE_CURVE_WITH_KNOTS('',3,(#10277,#10278,#10279,#10280),
 .UNSPECIFIED.,.F.,.F.,(4,4),(10.,11.),.PIECEWISE_BEZIER_KNOTS.);
#426=B_SPLINE_CURVE_WITH_KNOTS('',3,(#10295,#10296,#10297,#10298),
 .UNSPECIFIED.,.F.,.F.,(4,4),(8.,9.),.PIECEWISE_BEZIER_KNOTS.);
#427=B_SPLINE_CURVE_WITH_KNOTS('',3,(#10302,#10303,#10304,#10305),
 .UNSPECIFIED.,.F.,.F.,(4,4),(8.,9.),.PIECEWISE_BEZIER_KNOTS.);
#428=B_SPLINE_CURVE_WITH_KNOTS('',3,(#10314,#10315,#10316,#10317),
 .UNSPECIFIED.,.F.,.F.,(4,4),(7.,8.),.PIECEWISE_BEZIER_KNOTS.);
#429=B_SPLINE_CURVE_WITH_KNOTS('',3,(#10321,#10322,#10323,#10324),
 .UNSPECIFIED.,.F.,.F.,(4,4),(7.,8.),.PIECEWISE_BEZIER_KNOTS.);
#430=B_SPLINE_CURVE_WITH_KNOTS('',3,(#10333,#10334,#10335,#10336),
 .UNSPECIFIED.,.F.,.F.,(4,4),(6.,7.),.PIECEWISE_BEZIER_KNOTS.);
#431=B_SPLINE_CURVE_WITH_KNOTS('',3,(#10340,#10341,#10342,#10343),
 .UNSPECIFIED.,.F.,.F.,(4,4),(6.,7.),.PIECEWISE_BEZIER_KNOTS.);
#432=B_SPLINE_CURVE_WITH_KNOTS('',3,(#10352,#10353,#10354,#10355),
 .UNSPECIFIED.,.F.,.F.,(4,4),(5.,6.),.PIECEWISE_BEZIER_KNOTS.);
#433=B_SPLINE_CURVE_WITH_KNOTS('',3,(#10359,#10360,#10361,#10362),
 .UNSPECIFIED.,.F.,.F.,(4,4),(5.,6.),.PIECEWISE_BEZIER_KNOTS.);
#434=B_SPLINE_CURVE_WITH_KNOTS('',3,(#10371,#10372,#10373,#10374),
 .UNSPECIFIED.,.F.,.F.,(4,4),(4.,5.),.PIECEWISE_BEZIER_KNOTS.);
#435=B_SPLINE_CURVE_WITH_KNOTS('',3,(#10378,#10379,#10380,#10381),
 .UNSPECIFIED.,.F.,.F.,(4,4),(4.00961358952783E-17,4.46807544329947E-5),
 .UNSPECIFIED.);
#436=B_SPLINE_CURVE_WITH_KNOTS('',3,(#10390,#10391,#10392,#10393),
 .UNSPECIFIED.,.F.,.F.,(4,4),(0.,3.57414920614344E-5),.UNSPECIFIED.);
#437=B_SPLINE_CURVE_WITH_KNOTS('',3,(#10397,#10398,#10399,#10400),
 .UNSPECIFIED.,.F.,.F.,(4,4),(3.,4.),.PIECEWISE_BEZIER_KNOTS.);
#438=B_SPLINE_CURVE_WITH_KNOTS('',3,(#10409,#10410,#10411,#10412),
 .UNSPECIFIED.,.F.,.F.,(4,4),(2.,3.),.PIECEWISE_BEZIER_KNOTS.);
#439=B_SPLINE_CURVE_WITH_KNOTS('',3,(#10416,#10417,#10418,#10419),
 .UNSPECIFIED.,.F.,.F.,(4,4),(2.,3.),.PIECEWISE_BEZIER_KNOTS.);
#440=B_SPLINE_CURVE_WITH_KNOTS('',3,(#10428,#10429,#10430,#10431),
 .UNSPECIFIED.,.F.,.F.,(4,4),(1.,2.),.PIECEWISE_BEZIER_KNOTS.);
#441=B_SPLINE_CURVE_WITH_KNOTS('',3,(#10432,#10433,#10434,#10435),
 .UNSPECIFIED.,.F.,.F.,(4,4),(1.,2.),.PIECEWISE_BEZIER_KNOTS.);
#442=B_SPLINE_CURVE_WITH_KNOTS('',3,(#10443,#10444,#10445,#10446),
 .UNSPECIFIED.,.F.,.F.,(4,4),(5.,6.),.PIECEWISE_BEZIER_KNOTS.);
#443=B_SPLINE_CURVE_WITH_KNOTS('',3,(#10448,#10449,#10450,#10451),
 .UNSPECIFIED.,.F.,.F.,(4,4),(4.,5.),.PIECEWISE_BEZIER_KNOTS.);
#444=B_SPLINE_CURVE_WITH_KNOTS('',3,(#10453,#10454,#10455,#10456),
 .UNSPECIFIED.,.F.,.F.,(4,4),(3.,4.),.PIECEWISE_BEZIER_KNOTS.);
#445=B_SPLINE_CURVE_WITH_KNOTS('',3,(#10458,#10459,#10460,#10461),
 .UNSPECIFIED.,.F.,.F.,(4,4),(2.,3.),.PIECEWISE_BEZIER_KNOTS.);
#446=B_SPLINE_CURVE_WITH_KNOTS('',3,(#10471,#10472,#10473,#10474),
 .UNSPECIFIED.,.F.,.F.,(4,4),(5.,6.),.PIECEWISE_BEZIER_KNOTS.);
#447=B_SPLINE_CURVE_WITH_KNOTS('',3,(#10476,#10477,#10478,#10479),
 .UNSPECIFIED.,.F.,.F.,(4,4),(4.,5.),.PIECEWISE_BEZIER_KNOTS.);
#448=B_SPLINE_CURVE_WITH_KNOTS('',3,(#10481,#10482,#10483,#10484),
 .UNSPECIFIED.,.F.,.F.,(4,4),(3.,4.),.PIECEWISE_BEZIER_KNOTS.);
#449=B_SPLINE_CURVE_WITH_KNOTS('',3,(#10486,#10487,#10488,#10489),
 .UNSPECIFIED.,.F.,.F.,(4,4),(2.,3.),.PIECEWISE_BEZIER_KNOTS.);
#450=B_SPLINE_CURVE_WITH_KNOTS('',3,(#10500,#10501,#10502,#10503),
 .UNSPECIFIED.,.F.,.F.,(4,4),(2.,3.),.PIECEWISE_BEZIER_KNOTS.);
#451=B_SPLINE_CURVE_WITH_KNOTS('',3,(#10505,#10506,#10507,#10508),
 .UNSPECIFIED.,.F.,.F.,(4,4),(3.,4.),.PIECEWISE_BEZIER_KNOTS.);
#452=B_SPLINE_CURVE_WITH_KNOTS('',3,(#10510,#10511,#10512,#10513),
 .UNSPECIFIED.,.F.,.F.,(4,4),(4.,5.),.PIECEWISE_BEZIER_KNOTS.);
#453=B_SPLINE_CURVE_WITH_KNOTS('',3,(#10515,#10516,#10517,#10518),
 .UNSPECIFIED.,.F.,.F.,(4,4),(5.,6.),.PIECEWISE_BEZIER_KNOTS.);
#454=B_SPLINE_CURVE_WITH_KNOTS('',3,(#10526,#10527,#10528,#10529),
 .UNSPECIFIED.,.F.,.F.,(4,4),(2.,3.),.PIECEWISE_BEZIER_KNOTS.);
#455=B_SPLINE_CURVE_WITH_KNOTS('',3,(#10531,#10532,#10533,#10534),
 .UNSPECIFIED.,.F.,.F.,(4,4),(3.,4.),.PIECEWISE_BEZIER_KNOTS.);
#456=B_SPLINE_CURVE_WITH_KNOTS('',3,(#10536,#10537,#10538,#10539),
 .UNSPECIFIED.,.F.,.F.,(4,4),(4.,5.),.PIECEWISE_BEZIER_KNOTS.);
#457=B_SPLINE_CURVE_WITH_KNOTS('',3,(#10541,#10542,#10543,#10544),
 .UNSPECIFIED.,.F.,.F.,(4,4),(5.,6.),.PIECEWISE_BEZIER_KNOTS.);
#458=B_SPLINE_CURVE_WITH_KNOTS('',3,(#10636,#10637,#10638,#10639),
 .UNSPECIFIED.,.F.,.F.,(4,4),(1.,2.),.PIECEWISE_BEZIER_KNOTS.);
#459=B_SPLINE_CURVE_WITH_KNOTS('',3,(#10641,#10642,#10643,#10644),
 .UNSPECIFIED.,.F.,.F.,(4,4),(2.,3.),.PIECEWISE_BEZIER_KNOTS.);
#460=B_SPLINE_CURVE_WITH_KNOTS('',3,(#10646,#10647,#10648,#10649),
 .UNSPECIFIED.,.F.,.F.,(4,4),(3.,4.),.PIECEWISE_BEZIER_KNOTS.);
#461=B_SPLINE_CURVE_WITH_KNOTS('',3,(#10651,#10652,#10653,#10654),
 .UNSPECIFIED.,.F.,.F.,(4,4),(4.,5.),.PIECEWISE_BEZIER_KNOTS.);
#462=B_SPLINE_CURVE_WITH_KNOTS('',3,(#10656,#10657,#10658,#10659),
 .UNSPECIFIED.,.F.,.F.,(4,4),(5.,6.),.PIECEWISE_BEZIER_KNOTS.);
#463=B_SPLINE_CURVE_WITH_KNOTS('',3,(#10661,#10662,#10663,#10664),
 .UNSPECIFIED.,.F.,.F.,(4,4),(6.,7.),.PIECEWISE_BEZIER_KNOTS.);
#464=B_SPLINE_CURVE_WITH_KNOTS('',3,(#10666,#10667,#10668,#10669),
 .UNSPECIFIED.,.F.,.F.,(4,4),(7.,8.),.PIECEWISE_BEZIER_KNOTS.);
#465=B_SPLINE_CURVE_WITH_KNOTS('',3,(#10671,#10672,#10673,#10674),
 .UNSPECIFIED.,.F.,.F.,(4,4),(8.,9.),.PIECEWISE_BEZIER_KNOTS.);
#466=B_SPLINE_CURVE_WITH_KNOTS('',3,(#10678,#10679,#10680,#10681),
 .UNSPECIFIED.,.F.,.F.,(4,4),(10.,11.),.PIECEWISE_BEZIER_KNOTS.);
#467=B_SPLINE_CURVE_WITH_KNOTS('',3,(#10691,#10692,#10693,#10694),
 .UNSPECIFIED.,.F.,.F.,(4,4),(15.,16.),.PIECEWISE_BEZIER_KNOTS.);
#468=B_SPLINE_CURVE_WITH_KNOTS('',3,(#10696,#10697,#10698,#10699),
 .UNSPECIFIED.,.F.,.F.,(4,4),(16.,17.),.PIECEWISE_BEZIER_KNOTS.);
#469=B_SPLINE_CURVE_WITH_KNOTS('',3,(#10701,#10702,#10703,#10704),
 .UNSPECIFIED.,.F.,.F.,(4,4),(17.,18.),.PIECEWISE_BEZIER_KNOTS.);
#470=B_SPLINE_CURVE_WITH_KNOTS('',3,(#10706,#10707,#10708,#10709),
 .UNSPECIFIED.,.F.,.F.,(4,4),(18.,19.),.PIECEWISE_BEZIER_KNOTS.);
#471=B_SPLINE_CURVE_WITH_KNOTS('',3,(#10711,#10712,#10713,#10714),
 .UNSPECIFIED.,.F.,.F.,(4,4),(19.,20.),.PIECEWISE_BEZIER_KNOTS.);
#472=B_SPLINE_CURVE_WITH_KNOTS('',3,(#10716,#10717,#10718,#10719),
 .UNSPECIFIED.,.F.,.F.,(4,4),(20.,21.),.PIECEWISE_BEZIER_KNOTS.);
#473=B_SPLINE_CURVE_WITH_KNOTS('',3,(#10721,#10722,#10723,#10724),
 .UNSPECIFIED.,.F.,.F.,(4,4),(21.,22.),.PIECEWISE_BEZIER_KNOTS.);
#474=B_SPLINE_CURVE_WITH_KNOTS('',3,(#10728,#10729,#10730,#10731),
 .UNSPECIFIED.,.F.,.F.,(4,4),(23.,24.),.PIECEWISE_BEZIER_KNOTS.);
#475=B_SPLINE_CURVE_WITH_KNOTS('',3,(#10733,#10734,#10735,#10736),
 .UNSPECIFIED.,.F.,.F.,(4,4),(0.,0.00020281014620029),.UNSPECIFIED.);
#476=B_SPLINE_CURVE_WITH_KNOTS('',3,(#10742,#10743,#10744,#10745),
 .UNSPECIFIED.,.F.,.F.,(4,4),(27.0004203944451,28.),
 .PIECEWISE_BEZIER_KNOTS.);
#477=B_SPLINE_CURVE_WITH_KNOTS('',3,(#10747,#10748,#10749,#10750),
 .UNSPECIFIED.,.F.,.F.,(4,4),(3.3881317890172E-21,8.09679205396621E-5),
 .UNSPECIFIED.);
#478=B_SPLINE_CURVE_WITH_KNOTS('',3,(#10754,#10755,#10756,#10757),
 .UNSPECIFIED.,.F.,.F.,(4,4),(33.,34.),.PIECEWISE_BEZIER_KNOTS.);
#479=B_SPLINE_CURVE_WITH_KNOTS('',3,(#10759,#10760,#10761,#10762),
 .UNSPECIFIED.,.F.,.F.,(4,4),(34.,35.),.PIECEWISE_BEZIER_KNOTS.);
#480=B_SPLINE_CURVE_WITH_KNOTS('',3,(#10763,#10764,#10765,#10766,#10767,
#10768,#10769),.UNSPECIFIED.,.F.,.F.,(4,3,4),(0.,1.,2.),
 .PIECEWISE_BEZIER_KNOTS.);
#481=B_SPLINE_CURVE_WITH_KNOTS('',3,(#10772,#10773,#10774,#10775,#10776,
#10777),.UNSPECIFIED.,.F.,.F.,(4,2,4),(2.,3.,4.),.UNSPECIFIED.);
#482=B_SPLINE_CURVE_WITH_KNOTS('',3,(#10780,#10781,#10782,#10783),
 .UNSPECIFIED.,.F.,.F.,(4,4),(34.,35.),.PIECEWISE_BEZIER_KNOTS.);
#483=B_SPLINE_CURVE_WITH_KNOTS('',3,(#10785,#10786,#10787,#10788),
 .UNSPECIFIED.,.F.,.F.,(4,4),(33.,34.),.PIECEWISE_BEZIER_KNOTS.);
#484=B_SPLINE_CURVE_WITH_KNOTS('',3,(#10792,#10793,#10794,#10795),
 .UNSPECIFIED.,.F.,.F.,(4,4),(28.,29.),.PIECEWISE_BEZIER_KNOTS.);
#485=B_SPLINE_CURVE_WITH_KNOTS('',3,(#10797,#10798,#10799,#10800),
 .UNSPECIFIED.,.F.,.F.,(4,4),(27.,27.9995796055548),
 .PIECEWISE_BEZIER_KNOTS.);
#486=B_SPLINE_CURVE_WITH_KNOTS('',3,(#10804,#10805,#10806,#10807),
 .UNSPECIFIED.,.F.,.F.,(4,4),(24.,25.),.PIECEWISE_BEZIER_KNOTS.);
#487=B_SPLINE_CURVE_WITH_KNOTS('',3,(#10809,#10810,#10811,#10812),
 .UNSPECIFIED.,.F.,.F.,(4,4),(23.,24.),.PIECEWISE_BEZIER_KNOTS.);
#488=B_SPLINE_CURVE_WITH_KNOTS('',3,(#10816,#10817,#10818,#10819),
 .UNSPECIFIED.,.F.,.F.,(4,4),(21.,22.),.PIECEWISE_BEZIER_KNOTS.);
#489=B_SPLINE_CURVE_WITH_KNOTS('',3,(#10821,#10822,#10823,#10824),
 .UNSPECIFIED.,.F.,.F.,(4,4),(20.,21.),.PIECEWISE_BEZIER_KNOTS.);
#490=B_SPLINE_CURVE_WITH_KNOTS('',3,(#10826,#10827,#10828,#10829),
 .UNSPECIFIED.,.F.,.F.,(4,4),(19.,20.),.PIECEWISE_BEZIER_KNOTS.);
#491=B_SPLINE_CURVE_WITH_KNOTS('',3,(#10831,#10832,#10833,#10834),
 .UNSPECIFIED.,.F.,.F.,(4,4),(18.,19.),.PIECEWISE_BEZIER_KNOTS.);
#492=B_SPLINE_CURVE_WITH_KNOTS('',3,(#10836,#10837,#10838,#10839),
 .UNSPECIFIED.,.F.,.F.,(4,4),(17.,18.),.PIECEWISE_BEZIER_KNOTS.);
#493=B_SPLINE_CURVE_WITH_KNOTS('',3,(#10841,#10842,#10843,#10844),
 .UNSPECIFIED.,.F.,.F.,(4,4),(16.,17.),.PIECEWISE_BEZIER_KNOTS.);
#494=B_SPLINE_CURVE_WITH_KNOTS('',3,(#10846,#10847,#10848,#10849),
 .UNSPECIFIED.,.F.,.F.,(4,4),(15.,16.),.PIECEWISE_BEZIER_KNOTS.);
#495=B_SPLINE_CURVE_WITH_KNOTS('',3,(#10859,#10860,#10861,#10862),
 .UNSPECIFIED.,.F.,.F.,(4,4),(10.,11.),.PIECEWISE_BEZIER_KNOTS.);
#496=B_SPLINE_CURVE_WITH_KNOTS('',3,(#10864,#10865,#10866,#10867),
 .UNSPECIFIED.,.F.,.F.,(4,4),(8.,9.),.PIECEWISE_BEZIER_KNOTS.);
#497=B_SPLINE_CURVE_WITH_KNOTS('',3,(#10869,#10870,#10871,#10872),
 .UNSPECIFIED.,.F.,.F.,(4,4),(7.,8.),.PIECEWISE_BEZIER_KNOTS.);
#498=B_SPLINE_CURVE_WITH_KNOTS('',3,(#10874,#10875,#10876,#10877),
 .UNSPECIFIED.,.F.,.F.,(4,4),(6.,7.),.PIECEWISE_BEZIER_KNOTS.);
#499=B_SPLINE_CURVE_WITH_KNOTS('',3,(#10879,#10880,#10881,#10882),
 .UNSPECIFIED.,.F.,.F.,(4,4),(5.,6.),.PIECEWISE_BEZIER_KNOTS.);
#500=B_SPLINE_CURVE_WITH_KNOTS('',3,(#10884,#10885,#10886,#10887),
 .UNSPECIFIED.,.F.,.F.,(4,4),(4.,5.),.PIECEWISE_BEZIER_KNOTS.);
#501=B_SPLINE_CURVE_WITH_KNOTS('',3,(#10889,#10890,#10891,#10892),
 .UNSPECIFIED.,.F.,.F.,(4,4),(3.,4.),.PIECEWISE_BEZIER_KNOTS.);
#502=B_SPLINE_CURVE_WITH_KNOTS('',3,(#10894,#10895,#10896,#10897),
 .UNSPECIFIED.,.F.,.F.,(4,4),(2.,3.),.PIECEWISE_BEZIER_KNOTS.);
#503=B_SPLINE_CURVE_WITH_KNOTS('',3,(#10899,#10900,#10901,#10902),
 .UNSPECIFIED.,.F.,.F.,(4,4),(1.,1.99996706055506),
 .PIECEWISE_BEZIER_KNOTS.);
#504=B_SPLINE_CURVE_WITH_KNOTS('',3,(#10905,#10906,#10907,#10908,#10909,
#10910),.UNSPECIFIED.,.F.,.F.,(4,2,4),(2.,3.,4.),.UNSPECIFIED.);
#505=B_SPLINE_CURVE_WITH_KNOTS('',3,(#10913,#10914,#10915,#10916,#10917,
#10918,#10919),.UNSPECIFIED.,.F.,.F.,(4,3,4),(0.,1.,2.),
 .PIECEWISE_BEZIER_KNOTS.);
#506=B_SPLINE_CURVE_WITH_KNOTS('',3,(#10922,#10923,#10924,#10925),
 .UNSPECIFIED.,.F.,.F.,(4,4),(0.,0.999751280088146),.UNSPECIFIED.);
#507=B_SPLINE_CURVE_WITH_KNOTS('',3,(#11194,#11195,#11196,#11197),
 .UNSPECIFIED.,.F.,.F.,(4,4),(3.,4.),.PIECEWISE_BEZIER_KNOTS.);
#508=B_SPLINE_CURVE_WITH_KNOTS('',3,(#11201,#11202,#11203,#11204),
 .UNSPECIFIED.,.F.,.F.,(4,4),(1.,2.),.PIECEWISE_BEZIER_KNOTS.);
#509=B_SPLINE_CURVE_WITH_KNOTS('',3,(#11231,#11232,#11233,#11234),
 .UNSPECIFIED.,.F.,.F.,(4,4),(1.,2.),.PIECEWISE_BEZIER_KNOTS.);
#510=B_SPLINE_CURVE_WITH_KNOTS('',3,(#11238,#11239,#11240,#11241),
 .UNSPECIFIED.,.F.,.F.,(4,4),(3.,4.),.PIECEWISE_BEZIER_KNOTS.);
#511=B_SPLINE_CURVE_WITH_KNOTS('',3,(#11293,#11294,#11295,#11296),
 .UNSPECIFIED.,.F.,.F.,(4,4),(0.,1.),.PIECEWISE_BEZIER_KNOTS.);
#512=B_SPLINE_CURVE_WITH_KNOTS('',3,(#11301,#11302,#11303,#11304),
 .UNSPECIFIED.,.F.,.F.,(4,4),(0.,1.),.PIECEWISE_BEZIER_KNOTS.);
#513=B_SPLINE_CURVE_WITH_KNOTS('',3,(#11321,#11322,#11323,#11324),
 .UNSPECIFIED.,.F.,.F.,(4,4),(12.,13.),.PIECEWISE_BEZIER_KNOTS.);
#514=B_SPLINE_CURVE_WITH_KNOTS('',3,(#11328,#11329,#11330,#11331),
 .UNSPECIFIED.,.F.,.F.,(4,4),(12.,13.),.PIECEWISE_BEZIER_KNOTS.);
#515=B_SPLINE_CURVE_WITH_KNOTS('',3,(#11340,#11341,#11342,#11343),
 .UNSPECIFIED.,.F.,.F.,(4,4),(11.,12.),.PIECEWISE_BEZIER_KNOTS.);
#516=B_SPLINE_CURVE_WITH_KNOTS('',3,(#11347,#11348,#11349,#11350),
 .UNSPECIFIED.,.F.,.F.,(4,4),(11.,12.),.PIECEWISE_BEZIER_KNOTS.);
#517=B_SPLINE_CURVE_WITH_KNOTS('',3,(#11359,#11360,#11361,#11362),
 .UNSPECIFIED.,.F.,.F.,(4,4),(10.,11.),.PIECEWISE_BEZIER_KNOTS.);
#518=B_SPLINE_CURVE_WITH_KNOTS('',3,(#11366,#11367,#11368,#11369),
 .UNSPECIFIED.,.F.,.F.,(4,4),(10.,11.),.PIECEWISE_BEZIER_KNOTS.);
#519=B_SPLINE_CURVE_WITH_KNOTS('',3,(#11378,#11379,#11380,#11381),
 .UNSPECIFIED.,.F.,.F.,(4,4),(9.,10.),.PIECEWISE_BEZIER_KNOTS.);
#520=B_SPLINE_CURVE_WITH_KNOTS('',3,(#11385,#11386,#11387,#11388),
 .UNSPECIFIED.,.F.,.F.,(4,4),(9.,10.),.PIECEWISE_BEZIER_KNOTS.);
#521=B_SPLINE_CURVE_WITH_KNOTS('',3,(#11397,#11398,#11399,#11400),
 .UNSPECIFIED.,.F.,.F.,(4,4),(8.,9.),.PIECEWISE_BEZIER_KNOTS.);
#522=B_SPLINE_CURVE_WITH_KNOTS('',3,(#11404,#11405,#11406,#11407),
 .UNSPECIFIED.,.F.,.F.,(4,4),(8.,9.),.PIECEWISE_BEZIER_KNOTS.);
#523=B_SPLINE_CURVE_WITH_KNOTS('',3,(#11416,#11417,#11418,#11419),
 .UNSPECIFIED.,.F.,.F.,(4,4),(7.,8.),.PIECEWISE_BEZIER_KNOTS.);
#524=B_SPLINE_CURVE_WITH_KNOTS('',3,(#11423,#11424,#11425,#11426),
 .UNSPECIFIED.,.F.,.F.,(4,4),(7.,8.),.PIECEWISE_BEZIER_KNOTS.);
#525=B_SPLINE_CURVE_WITH_KNOTS('',3,(#11441,#11442,#11443,#11444),
 .UNSPECIFIED.,.F.,.F.,(4,4),(5.,6.),.PIECEWISE_BEZIER_KNOTS.);
#526=B_SPLINE_CURVE_WITH_KNOTS('',3,(#11448,#11449,#11450,#11451),
 .UNSPECIFIED.,.F.,.F.,(4,4),(5.,6.),.PIECEWISE_BEZIER_KNOTS.);
#527=B_SPLINE_CURVE_WITH_KNOTS('',3,(#11460,#11461,#11462,#11463),
 .UNSPECIFIED.,.F.,.F.,(4,4),(4.,5.),.PIECEWISE_BEZIER_KNOTS.);
#528=B_SPLINE_CURVE_WITH_KNOTS('',3,(#11467,#11468,#11469,#11470),
 .UNSPECIFIED.,.F.,.F.,(4,4),(4.,5.),.PIECEWISE_BEZIER_KNOTS.);
#529=B_SPLINE_CURVE_WITH_KNOTS('',3,(#11479,#11480,#11481,#11482),
 .UNSPECIFIED.,.F.,.F.,(4,4),(3.,4.),.PIECEWISE_BEZIER_KNOTS.);
#530=B_SPLINE_CURVE_WITH_KNOTS('',3,(#11486,#11487,#11488,#11489),
 .UNSPECIFIED.,.F.,.F.,(4,4),(3.,4.),.PIECEWISE_BEZIER_KNOTS.);
#531=B_SPLINE_CURVE_WITH_KNOTS('',3,(#11498,#11499,#11500,#11501),
 .UNSPECIFIED.,.F.,.F.,(4,4),(2.,3.),.PIECEWISE_BEZIER_KNOTS.);
#532=B_SPLINE_CURVE_WITH_KNOTS('',3,(#11505,#11506,#11507,#11508),
 .UNSPECIFIED.,.F.,.F.,(4,4),(2.,3.),.PIECEWISE_BEZIER_KNOTS.);
#533=B_SPLINE_CURVE_WITH_KNOTS('',3,(#11517,#11518,#11519,#11520),
 .UNSPECIFIED.,.F.,.F.,(4,4),(1.,2.),.PIECEWISE_BEZIER_KNOTS.);
#534=B_SPLINE_CURVE_WITH_KNOTS('',3,(#11521,#11522,#11523,#11524),
 .UNSPECIFIED.,.F.,.F.,(4,4),(1.,2.),.PIECEWISE_BEZIER_KNOTS.);
#535=B_SPLINE_CURVE_WITH_KNOTS('',3,(#11550,#11551,#11552,#11553),
 .UNSPECIFIED.,.F.,.F.,(4,4),(3.,4.),.PIECEWISE_BEZIER_KNOTS.);
#536=B_SPLINE_CURVE_WITH_KNOTS('',3,(#11557,#11558,#11559,#11560),
 .UNSPECIFIED.,.F.,.F.,(4,4),(1.,2.),.PIECEWISE_BEZIER_KNOTS.);
#537=B_SPLINE_CURVE_WITH_KNOTS('',3,(#11587,#11588,#11589,#11590),
 .UNSPECIFIED.,.F.,.F.,(4,4),(1.,2.),.PIECEWISE_BEZIER_KNOTS.);
#538=B_SPLINE_CURVE_WITH_KNOTS('',3,(#11594,#11595,#11596,#11597),
 .UNSPECIFIED.,.F.,.F.,(4,4),(3.,4.),.PIECEWISE_BEZIER_KNOTS.);
#539=ORIENTED_EDGE('',*,*,#2341,.T.);
#540=ORIENTED_EDGE('',*,*,#2342,.T.);
#541=ORIENTED_EDGE('',*,*,#2343,.T.);
#542=ORIENTED_EDGE('',*,*,#2344,.T.);
#543=ORIENTED_EDGE('',*,*,#2345,.T.);
#544=ORIENTED_EDGE('',*,*,#2346,.T.);
#545=ORIENTED_EDGE('',*,*,#2347,.T.);
#546=ORIENTED_EDGE('',*,*,#2348,.F.);
#547=ORIENTED_EDGE('',*,*,#2349,.F.);
#548=ORIENTED_EDGE('',*,*,#2350,.F.);
#549=ORIENTED_EDGE('',*,*,#2351,.F.);
#550=ORIENTED_EDGE('',*,*,#2352,.F.);
#551=ORIENTED_EDGE('',*,*,#2353,.F.);
#552=ORIENTED_EDGE('',*,*,#2354,.F.);
#553=ORIENTED_EDGE('',*,*,#2355,.F.);
#554=ORIENTED_EDGE('',*,*,#2356,.F.);
#555=ORIENTED_EDGE('',*,*,#2357,.F.);
#556=ORIENTED_EDGE('',*,*,#2358,.F.);
#557=ORIENTED_EDGE('',*,*,#2359,.F.);
#558=ORIENTED_EDGE('',*,*,#2360,.F.);
#559=ORIENTED_EDGE('',*,*,#2361,.F.);
#560=ORIENTED_EDGE('',*,*,#2362,.T.);
#561=ORIENTED_EDGE('',*,*,#2363,.T.);
#562=ORIENTED_EDGE('',*,*,#2364,.T.);
#563=ORIENTED_EDGE('',*,*,#2365,.T.);
#564=ORIENTED_EDGE('',*,*,#2366,.T.);
#565=ORIENTED_EDGE('',*,*,#2367,.T.);
#566=ORIENTED_EDGE('',*,*,#2368,.T.);
#567=ORIENTED_EDGE('',*,*,#2355,.T.);
#568=ORIENTED_EDGE('',*,*,#2369,.F.);
#569=ORIENTED_EDGE('',*,*,#2341,.F.);
#570=ORIENTED_EDGE('',*,*,#2370,.T.);
#571=ORIENTED_EDGE('',*,*,#2361,.T.);
#572=ORIENTED_EDGE('',*,*,#2371,.F.);
#573=ORIENTED_EDGE('',*,*,#2342,.F.);
#574=ORIENTED_EDGE('',*,*,#2369,.T.);
#575=ORIENTED_EDGE('',*,*,#2360,.T.);
#576=ORIENTED_EDGE('',*,*,#2372,.F.);
#577=ORIENTED_EDGE('',*,*,#2343,.F.);
#578=ORIENTED_EDGE('',*,*,#2371,.T.);
#579=ORIENTED_EDGE('',*,*,#2359,.T.);
#580=ORIENTED_EDGE('',*,*,#2373,.F.);
#581=ORIENTED_EDGE('',*,*,#2344,.F.);
#582=ORIENTED_EDGE('',*,*,#2372,.T.);
#583=ORIENTED_EDGE('',*,*,#2358,.T.);
#584=ORIENTED_EDGE('',*,*,#2374,.F.);
#585=ORIENTED_EDGE('',*,*,#2345,.F.);
#586=ORIENTED_EDGE('',*,*,#2373,.T.);
#587=ORIENTED_EDGE('',*,*,#2357,.T.);
#588=ORIENTED_EDGE('',*,*,#2375,.F.);
#589=ORIENTED_EDGE('',*,*,#2346,.F.);
#590=ORIENTED_EDGE('',*,*,#2374,.T.);
#591=ORIENTED_EDGE('',*,*,#2356,.T.);
#592=ORIENTED_EDGE('',*,*,#2370,.F.);
#593=ORIENTED_EDGE('',*,*,#2347,.F.);
#594=ORIENTED_EDGE('',*,*,#2375,.T.);
#595=ORIENTED_EDGE('',*,*,#2362,.F.);
#596=ORIENTED_EDGE('',*,*,#2376,.F.);
#597=ORIENTED_EDGE('',*,*,#2349,.T.);
#598=ORIENTED_EDGE('',*,*,#2377,.T.);
#599=ORIENTED_EDGE('',*,*,#2363,.F.);
#600=ORIENTED_EDGE('',*,*,#2377,.F.);
#601=ORIENTED_EDGE('',*,*,#2348,.T.);
#602=ORIENTED_EDGE('',*,*,#2378,.T.);
#603=ORIENTED_EDGE('',*,*,#2364,.F.);
#604=ORIENTED_EDGE('',*,*,#2378,.F.);
#605=ORIENTED_EDGE('',*,*,#2354,.T.);
#606=ORIENTED_EDGE('',*,*,#2379,.T.);
#607=ORIENTED_EDGE('',*,*,#2365,.F.);
#608=ORIENTED_EDGE('',*,*,#2379,.F.);
#609=ORIENTED_EDGE('',*,*,#2353,.T.);
#610=ORIENTED_EDGE('',*,*,#2380,.T.);
#611=ORIENTED_EDGE('',*,*,#2366,.F.);
#612=ORIENTED_EDGE('',*,*,#2380,.F.);
#613=ORIENTED_EDGE('',*,*,#2352,.T.);
#614=ORIENTED_EDGE('',*,*,#2381,.T.);
#615=ORIENTED_EDGE('',*,*,#2367,.F.);
#616=ORIENTED_EDGE('',*,*,#2381,.F.);
#617=ORIENTED_EDGE('',*,*,#2351,.T.);
#618=ORIENTED_EDGE('',*,*,#2382,.T.);
#619=ORIENTED_EDGE('',*,*,#2368,.F.);
#620=ORIENTED_EDGE('',*,*,#2382,.F.);
#621=ORIENTED_EDGE('',*,*,#2350,.T.);
#622=ORIENTED_EDGE('',*,*,#2376,.T.);
#623=ORIENTED_EDGE('',*,*,#2383,.T.);
#624=ORIENTED_EDGE('',*,*,#2384,.F.);
#625=ORIENTED_EDGE('',*,*,#2385,.F.);
#626=ORIENTED_EDGE('',*,*,#2386,.T.);
#627=ORIENTED_EDGE('',*,*,#2387,.T.);
#628=ORIENTED_EDGE('',*,*,#2388,.F.);
#629=ORIENTED_EDGE('',*,*,#2389,.F.);
#630=ORIENTED_EDGE('',*,*,#2384,.T.);
#631=ORIENTED_EDGE('',*,*,#2390,.T.);
#632=ORIENTED_EDGE('',*,*,#2391,.F.);
#633=ORIENTED_EDGE('',*,*,#2392,.F.);
#634=ORIENTED_EDGE('',*,*,#2388,.T.);
#635=ORIENTED_EDGE('',*,*,#2393,.T.);
#636=ORIENTED_EDGE('',*,*,#2394,.F.);
#637=ORIENTED_EDGE('',*,*,#2395,.F.);
#638=ORIENTED_EDGE('',*,*,#2391,.T.);
#639=ORIENTED_EDGE('',*,*,#2396,.T.);
#640=ORIENTED_EDGE('',*,*,#2397,.F.);
#641=ORIENTED_EDGE('',*,*,#2398,.F.);
#642=ORIENTED_EDGE('',*,*,#2394,.T.);
#643=ORIENTED_EDGE('',*,*,#2399,.T.);
#644=ORIENTED_EDGE('',*,*,#2386,.F.);
#645=ORIENTED_EDGE('',*,*,#2400,.F.);
#646=ORIENTED_EDGE('',*,*,#2397,.T.);
#647=ORIENTED_EDGE('',*,*,#2385,.T.);
#648=ORIENTED_EDGE('',*,*,#2389,.T.);
#649=ORIENTED_EDGE('',*,*,#2392,.T.);
#650=ORIENTED_EDGE('',*,*,#2395,.T.);
#651=ORIENTED_EDGE('',*,*,#2398,.T.);
#652=ORIENTED_EDGE('',*,*,#2400,.T.);
#653=ORIENTED_EDGE('',*,*,#2383,.F.);
#654=ORIENTED_EDGE('',*,*,#2399,.F.);
#655=ORIENTED_EDGE('',*,*,#2396,.F.);
#656=ORIENTED_EDGE('',*,*,#2393,.F.);
#657=ORIENTED_EDGE('',*,*,#2390,.F.);
#658=ORIENTED_EDGE('',*,*,#2387,.F.);
#659=ORIENTED_EDGE('',*,*,#2401,.T.);
#660=ORIENTED_EDGE('',*,*,#2402,.F.);
#661=ORIENTED_EDGE('',*,*,#2403,.F.);
#662=ORIENTED_EDGE('',*,*,#2404,.T.);
#663=ORIENTED_EDGE('',*,*,#2405,.T.);
#664=ORIENTED_EDGE('',*,*,#2406,.F.);
#665=ORIENTED_EDGE('',*,*,#2407,.F.);
#666=ORIENTED_EDGE('',*,*,#2402,.T.);
#667=ORIENTED_EDGE('',*,*,#2408,.T.);
#668=ORIENTED_EDGE('',*,*,#2409,.F.);
#669=ORIENTED_EDGE('',*,*,#2410,.F.);
#670=ORIENTED_EDGE('',*,*,#2406,.T.);
#671=ORIENTED_EDGE('',*,*,#2411,.T.);
#672=ORIENTED_EDGE('',*,*,#2412,.F.);
#673=ORIENTED_EDGE('',*,*,#2413,.F.);
#674=ORIENTED_EDGE('',*,*,#2409,.T.);
#675=ORIENTED_EDGE('',*,*,#2414,.T.);
#676=ORIENTED_EDGE('',*,*,#2415,.F.);
#677=ORIENTED_EDGE('',*,*,#2416,.F.);
#678=ORIENTED_EDGE('',*,*,#2412,.T.);
#679=ORIENTED_EDGE('',*,*,#2417,.T.);
#680=ORIENTED_EDGE('',*,*,#2418,.F.);
#681=ORIENTED_EDGE('',*,*,#2419,.F.);
#682=ORIENTED_EDGE('',*,*,#2415,.T.);
#683=ORIENTED_EDGE('',*,*,#2420,.T.);
#684=ORIENTED_EDGE('',*,*,#2421,.F.);
#685=ORIENTED_EDGE('',*,*,#2422,.F.);
#686=ORIENTED_EDGE('',*,*,#2418,.T.);
#687=ORIENTED_EDGE('',*,*,#2423,.T.);
#688=ORIENTED_EDGE('',*,*,#2424,.F.);
#689=ORIENTED_EDGE('',*,*,#2425,.F.);
#690=ORIENTED_EDGE('',*,*,#2421,.T.);
#691=ORIENTED_EDGE('',*,*,#2426,.T.);
#692=ORIENTED_EDGE('',*,*,#2427,.F.);
#693=ORIENTED_EDGE('',*,*,#2428,.F.);
#694=ORIENTED_EDGE('',*,*,#2424,.T.);
#695=ORIENTED_EDGE('',*,*,#2429,.T.);
#696=ORIENTED_EDGE('',*,*,#2430,.F.);
#697=ORIENTED_EDGE('',*,*,#2431,.F.);
#698=ORIENTED_EDGE('',*,*,#2427,.T.);
#699=ORIENTED_EDGE('',*,*,#2432,.T.);
#700=ORIENTED_EDGE('',*,*,#2433,.F.);
#701=ORIENTED_EDGE('',*,*,#2434,.F.);
#702=ORIENTED_EDGE('',*,*,#2430,.T.);
#703=ORIENTED_EDGE('',*,*,#2435,.T.);
#704=ORIENTED_EDGE('',*,*,#2404,.F.);
#705=ORIENTED_EDGE('',*,*,#2436,.F.);
#706=ORIENTED_EDGE('',*,*,#2433,.T.);
#707=ORIENTED_EDGE('',*,*,#2403,.T.);
#708=ORIENTED_EDGE('',*,*,#2407,.T.);
#709=ORIENTED_EDGE('',*,*,#2410,.T.);
#710=ORIENTED_EDGE('',*,*,#2413,.T.);
#711=ORIENTED_EDGE('',*,*,#2416,.T.);
#712=ORIENTED_EDGE('',*,*,#2419,.T.);
#713=ORIENTED_EDGE('',*,*,#2422,.T.);
#714=ORIENTED_EDGE('',*,*,#2425,.T.);
#715=ORIENTED_EDGE('',*,*,#2428,.T.);
#716=ORIENTED_EDGE('',*,*,#2431,.T.);
#717=ORIENTED_EDGE('',*,*,#2434,.T.);
#718=ORIENTED_EDGE('',*,*,#2436,.T.);
#719=ORIENTED_EDGE('',*,*,#2401,.F.);
#720=ORIENTED_EDGE('',*,*,#2435,.F.);
#721=ORIENTED_EDGE('',*,*,#2432,.F.);
#722=ORIENTED_EDGE('',*,*,#2429,.F.);
#723=ORIENTED_EDGE('',*,*,#2426,.F.);
#724=ORIENTED_EDGE('',*,*,#2423,.F.);
#725=ORIENTED_EDGE('',*,*,#2420,.F.);
#726=ORIENTED_EDGE('',*,*,#2417,.F.);
#727=ORIENTED_EDGE('',*,*,#2414,.F.);
#728=ORIENTED_EDGE('',*,*,#2411,.F.);
#729=ORIENTED_EDGE('',*,*,#2408,.F.);
#730=ORIENTED_EDGE('',*,*,#2405,.F.);
#731=ORIENTED_EDGE('',*,*,#2437,.T.);
#732=ORIENTED_EDGE('',*,*,#2438,.T.);
#733=ORIENTED_EDGE('',*,*,#2439,.T.);
#734=ORIENTED_EDGE('',*,*,#2440,.T.);
#735=ORIENTED_EDGE('',*,*,#2441,.T.);
#736=ORIENTED_EDGE('',*,*,#2442,.T.);
#737=ORIENTED_EDGE('',*,*,#2443,.T.);
#738=ORIENTED_EDGE('',*,*,#2444,.T.);
#739=ORIENTED_EDGE('',*,*,#2445,.T.);
#740=ORIENTED_EDGE('',*,*,#2446,.T.);
#741=ORIENTED_EDGE('',*,*,#2447,.T.);
#742=ORIENTED_EDGE('',*,*,#2448,.T.);
#743=ORIENTED_EDGE('',*,*,#2449,.T.);
#744=ORIENTED_EDGE('',*,*,#2450,.T.);
#745=ORIENTED_EDGE('',*,*,#2451,.F.);
#746=ORIENTED_EDGE('',*,*,#2452,.F.);
#747=ORIENTED_EDGE('',*,*,#2453,.F.);
#748=ORIENTED_EDGE('',*,*,#2454,.F.);
#749=ORIENTED_EDGE('',*,*,#2455,.F.);
#750=ORIENTED_EDGE('',*,*,#2456,.F.);
#751=ORIENTED_EDGE('',*,*,#2457,.F.);
#752=ORIENTED_EDGE('',*,*,#2458,.F.);
#753=ORIENTED_EDGE('',*,*,#2459,.F.);
#754=ORIENTED_EDGE('',*,*,#2460,.F.);
#755=ORIENTED_EDGE('',*,*,#2461,.F.);
#756=ORIENTED_EDGE('',*,*,#2462,.F.);
#757=ORIENTED_EDGE('',*,*,#2463,.F.);
#758=ORIENTED_EDGE('',*,*,#2464,.F.);
#759=ORIENTED_EDGE('',*,*,#2465,.F.);
#760=ORIENTED_EDGE('',*,*,#2466,.F.);
#761=ORIENTED_EDGE('',*,*,#2467,.F.);
#762=ORIENTED_EDGE('',*,*,#2468,.F.);
#763=ORIENTED_EDGE('',*,*,#2469,.F.);
#764=ORIENTED_EDGE('',*,*,#2470,.F.);
#765=ORIENTED_EDGE('',*,*,#2471,.F.);
#766=ORIENTED_EDGE('',*,*,#2472,.F.);
#767=ORIENTED_EDGE('',*,*,#2473,.T.);
#768=ORIENTED_EDGE('',*,*,#2474,.T.);
#769=ORIENTED_EDGE('',*,*,#2475,.T.);
#770=ORIENTED_EDGE('',*,*,#2476,.T.);
#771=ORIENTED_EDGE('',*,*,#2477,.T.);
#772=ORIENTED_EDGE('',*,*,#2478,.T.);
#773=ORIENTED_EDGE('',*,*,#2479,.T.);
#774=ORIENTED_EDGE('',*,*,#2480,.T.);
#775=ORIENTED_EDGE('',*,*,#2459,.T.);
#776=ORIENTED_EDGE('',*,*,#2481,.F.);
#777=ORIENTED_EDGE('',*,*,#2437,.F.);
#778=ORIENTED_EDGE('',*,*,#2482,.T.);
#779=ORIENTED_EDGE('',*,*,#2472,.T.);
#780=ORIENTED_EDGE('',*,*,#2483,.F.);
#781=ORIENTED_EDGE('',*,*,#2438,.F.);
#782=ORIENTED_EDGE('',*,*,#2481,.T.);
#783=ORIENTED_EDGE('',*,*,#2471,.T.);
#784=ORIENTED_EDGE('',*,*,#2484,.F.);
#785=ORIENTED_EDGE('',*,*,#2439,.F.);
#786=ORIENTED_EDGE('',*,*,#2483,.T.);
#787=ORIENTED_EDGE('',*,*,#2470,.T.);
#788=ORIENTED_EDGE('',*,*,#2485,.F.);
#789=ORIENTED_EDGE('',*,*,#2440,.F.);
#790=ORIENTED_EDGE('',*,*,#2484,.T.);
#791=ORIENTED_EDGE('',*,*,#2469,.T.);
#792=ORIENTED_EDGE('',*,*,#2486,.F.);
#793=ORIENTED_EDGE('',*,*,#2441,.F.);
#794=ORIENTED_EDGE('',*,*,#2485,.T.);
#795=ORIENTED_EDGE('',*,*,#2468,.T.);
#796=ORIENTED_EDGE('',*,*,#2487,.F.);
#797=ORIENTED_EDGE('',*,*,#2442,.F.);
#798=ORIENTED_EDGE('',*,*,#2486,.T.);
#799=ORIENTED_EDGE('',*,*,#2467,.T.);
#800=ORIENTED_EDGE('',*,*,#2488,.F.);
#801=ORIENTED_EDGE('',*,*,#2443,.F.);
#802=ORIENTED_EDGE('',*,*,#2487,.T.);
#803=ORIENTED_EDGE('',*,*,#2466,.T.);
#804=ORIENTED_EDGE('',*,*,#2489,.F.);
#805=ORIENTED_EDGE('',*,*,#2444,.F.);
#806=ORIENTED_EDGE('',*,*,#2488,.T.);
#807=ORIENTED_EDGE('',*,*,#2465,.T.);
#808=ORIENTED_EDGE('',*,*,#2490,.F.);
#809=ORIENTED_EDGE('',*,*,#2445,.F.);
#810=ORIENTED_EDGE('',*,*,#2489,.T.);
#811=ORIENTED_EDGE('',*,*,#2464,.T.);
#812=ORIENTED_EDGE('',*,*,#2491,.F.);
#813=ORIENTED_EDGE('',*,*,#2446,.F.);
#814=ORIENTED_EDGE('',*,*,#2490,.T.);
#815=ORIENTED_EDGE('',*,*,#2463,.T.);
#816=ORIENTED_EDGE('',*,*,#2492,.F.);
#817=ORIENTED_EDGE('',*,*,#2447,.F.);
#818=ORIENTED_EDGE('',*,*,#2491,.T.);
#819=ORIENTED_EDGE('',*,*,#2462,.T.);
#820=ORIENTED_EDGE('',*,*,#2493,.F.);
#821=ORIENTED_EDGE('',*,*,#2448,.F.);
#822=ORIENTED_EDGE('',*,*,#2492,.T.);
#823=ORIENTED_EDGE('',*,*,#2461,.T.);
#824=ORIENTED_EDGE('',*,*,#2494,.F.);
#825=ORIENTED_EDGE('',*,*,#2449,.F.);
#826=ORIENTED_EDGE('',*,*,#2493,.T.);
#827=ORIENTED_EDGE('',*,*,#2460,.T.);
#828=ORIENTED_EDGE('',*,*,#2482,.F.);
#829=ORIENTED_EDGE('',*,*,#2450,.F.);
#830=ORIENTED_EDGE('',*,*,#2494,.T.);
#831=ORIENTED_EDGE('',*,*,#2473,.F.);
#832=ORIENTED_EDGE('',*,*,#2495,.F.);
#833=ORIENTED_EDGE('',*,*,#2452,.T.);
#834=ORIENTED_EDGE('',*,*,#2496,.T.);
#835=ORIENTED_EDGE('',*,*,#2474,.F.);
#836=ORIENTED_EDGE('',*,*,#2496,.F.);
#837=ORIENTED_EDGE('',*,*,#2451,.T.);
#838=ORIENTED_EDGE('',*,*,#2497,.T.);
#839=ORIENTED_EDGE('',*,*,#2475,.F.);
#840=ORIENTED_EDGE('',*,*,#2497,.F.);
#841=ORIENTED_EDGE('',*,*,#2458,.T.);
#842=ORIENTED_EDGE('',*,*,#2498,.T.);
#843=ORIENTED_EDGE('',*,*,#2476,.F.);
#844=ORIENTED_EDGE('',*,*,#2498,.F.);
#845=ORIENTED_EDGE('',*,*,#2457,.T.);
#846=ORIENTED_EDGE('',*,*,#2499,.T.);
#847=ORIENTED_EDGE('',*,*,#2477,.F.);
#848=ORIENTED_EDGE('',*,*,#2499,.F.);
#849=ORIENTED_EDGE('',*,*,#2456,.T.);
#850=ORIENTED_EDGE('',*,*,#2500,.T.);
#851=ORIENTED_EDGE('',*,*,#2478,.F.);
#852=ORIENTED_EDGE('',*,*,#2500,.F.);
#853=ORIENTED_EDGE('',*,*,#2455,.T.);
#854=ORIENTED_EDGE('',*,*,#2501,.T.);
#855=ORIENTED_EDGE('',*,*,#2479,.F.);
#856=ORIENTED_EDGE('',*,*,#2501,.F.);
#857=ORIENTED_EDGE('',*,*,#2454,.T.);
#858=ORIENTED_EDGE('',*,*,#2502,.T.);
#859=ORIENTED_EDGE('',*,*,#2480,.F.);
#860=ORIENTED_EDGE('',*,*,#2502,.F.);
#861=ORIENTED_EDGE('',*,*,#2453,.T.);
#862=ORIENTED_EDGE('',*,*,#2495,.T.);
#863=ORIENTED_EDGE('',*,*,#2503,.T.);
#864=ORIENTED_EDGE('',*,*,#2504,.F.);
#865=ORIENTED_EDGE('',*,*,#2505,.F.);
#866=ORIENTED_EDGE('',*,*,#2506,.T.);
#867=ORIENTED_EDGE('',*,*,#2507,.T.);
#868=ORIENTED_EDGE('',*,*,#2508,.F.);
#869=ORIENTED_EDGE('',*,*,#2509,.F.);
#870=ORIENTED_EDGE('',*,*,#2504,.T.);
#871=ORIENTED_EDGE('',*,*,#2510,.T.);
#872=ORIENTED_EDGE('',*,*,#2511,.F.);
#873=ORIENTED_EDGE('',*,*,#2512,.F.);
#874=ORIENTED_EDGE('',*,*,#2508,.T.);
#875=ORIENTED_EDGE('',*,*,#2513,.T.);
#876=ORIENTED_EDGE('',*,*,#2514,.F.);
#877=ORIENTED_EDGE('',*,*,#2515,.F.);
#878=ORIENTED_EDGE('',*,*,#2511,.T.);
#879=ORIENTED_EDGE('',*,*,#2516,.T.);
#880=ORIENTED_EDGE('',*,*,#2517,.F.);
#881=ORIENTED_EDGE('',*,*,#2518,.F.);
#882=ORIENTED_EDGE('',*,*,#2514,.T.);
#883=ORIENTED_EDGE('',*,*,#2519,.T.);
#884=ORIENTED_EDGE('',*,*,#2520,.F.);
#885=ORIENTED_EDGE('',*,*,#2521,.F.);
#886=ORIENTED_EDGE('',*,*,#2517,.T.);
#887=ORIENTED_EDGE('',*,*,#2522,.T.);
#888=ORIENTED_EDGE('',*,*,#2523,.F.);
#889=ORIENTED_EDGE('',*,*,#2524,.F.);
#890=ORIENTED_EDGE('',*,*,#2520,.T.);
#891=ORIENTED_EDGE('',*,*,#2525,.T.);
#892=ORIENTED_EDGE('',*,*,#2526,.F.);
#893=ORIENTED_EDGE('',*,*,#2527,.F.);
#894=ORIENTED_EDGE('',*,*,#2523,.T.);
#895=ORIENTED_EDGE('',*,*,#2528,.T.);
#896=ORIENTED_EDGE('',*,*,#2529,.F.);
#897=ORIENTED_EDGE('',*,*,#2530,.F.);
#898=ORIENTED_EDGE('',*,*,#2526,.T.);
#899=ORIENTED_EDGE('',*,*,#2531,.T.);
#900=ORIENTED_EDGE('',*,*,#2532,.F.);
#901=ORIENTED_EDGE('',*,*,#2533,.F.);
#902=ORIENTED_EDGE('',*,*,#2529,.T.);
#903=ORIENTED_EDGE('',*,*,#2534,.T.);
#904=ORIENTED_EDGE('',*,*,#2535,.F.);
#905=ORIENTED_EDGE('',*,*,#2536,.F.);
#906=ORIENTED_EDGE('',*,*,#2532,.T.);
#907=ORIENTED_EDGE('',*,*,#2537,.T.);
#908=ORIENTED_EDGE('',*,*,#2506,.F.);
#909=ORIENTED_EDGE('',*,*,#2538,.F.);
#910=ORIENTED_EDGE('',*,*,#2535,.T.);
#911=ORIENTED_EDGE('',*,*,#2505,.T.);
#912=ORIENTED_EDGE('',*,*,#2509,.T.);
#913=ORIENTED_EDGE('',*,*,#2512,.T.);
#914=ORIENTED_EDGE('',*,*,#2515,.T.);
#915=ORIENTED_EDGE('',*,*,#2518,.T.);
#916=ORIENTED_EDGE('',*,*,#2521,.T.);
#917=ORIENTED_EDGE('',*,*,#2524,.T.);
#918=ORIENTED_EDGE('',*,*,#2527,.T.);
#919=ORIENTED_EDGE('',*,*,#2530,.T.);
#920=ORIENTED_EDGE('',*,*,#2533,.T.);
#921=ORIENTED_EDGE('',*,*,#2536,.T.);
#922=ORIENTED_EDGE('',*,*,#2538,.T.);
#923=ORIENTED_EDGE('',*,*,#2503,.F.);
#924=ORIENTED_EDGE('',*,*,#2537,.F.);
#925=ORIENTED_EDGE('',*,*,#2534,.F.);
#926=ORIENTED_EDGE('',*,*,#2531,.F.);
#927=ORIENTED_EDGE('',*,*,#2528,.F.);
#928=ORIENTED_EDGE('',*,*,#2525,.F.);
#929=ORIENTED_EDGE('',*,*,#2522,.F.);
#930=ORIENTED_EDGE('',*,*,#2519,.F.);
#931=ORIENTED_EDGE('',*,*,#2516,.F.);
#932=ORIENTED_EDGE('',*,*,#2513,.F.);
#933=ORIENTED_EDGE('',*,*,#2510,.F.);
#934=ORIENTED_EDGE('',*,*,#2507,.F.);
#935=ORIENTED_EDGE('',*,*,#2539,.T.);
#936=ORIENTED_EDGE('',*,*,#2540,.F.);
#937=ORIENTED_EDGE('',*,*,#2541,.F.);
#938=ORIENTED_EDGE('',*,*,#2542,.T.);
#939=ORIENTED_EDGE('',*,*,#2543,.T.);
#940=ORIENTED_EDGE('',*,*,#2544,.F.);
#941=ORIENTED_EDGE('',*,*,#2545,.F.);
#942=ORIENTED_EDGE('',*,*,#2540,.T.);
#943=ORIENTED_EDGE('',*,*,#2546,.T.);
#944=ORIENTED_EDGE('',*,*,#2547,.F.);
#945=ORIENTED_EDGE('',*,*,#2548,.F.);
#946=ORIENTED_EDGE('',*,*,#2544,.T.);
#947=ORIENTED_EDGE('',*,*,#2549,.T.);
#948=ORIENTED_EDGE('',*,*,#2550,.F.);
#949=ORIENTED_EDGE('',*,*,#2551,.F.);
#950=ORIENTED_EDGE('',*,*,#2547,.T.);
#951=ORIENTED_EDGE('',*,*,#2552,.T.);
#952=ORIENTED_EDGE('',*,*,#2553,.F.);
#953=ORIENTED_EDGE('',*,*,#2554,.F.);
#954=ORIENTED_EDGE('',*,*,#2550,.T.);
#955=ORIENTED_EDGE('',*,*,#2555,.T.);
#956=ORIENTED_EDGE('',*,*,#2556,.F.);
#957=ORIENTED_EDGE('',*,*,#2557,.F.);
#958=ORIENTED_EDGE('',*,*,#2553,.T.);
#959=ORIENTED_EDGE('',*,*,#2558,.T.);
#960=ORIENTED_EDGE('',*,*,#2559,.F.);
#961=ORIENTED_EDGE('',*,*,#2560,.F.);
#962=ORIENTED_EDGE('',*,*,#2556,.T.);
#963=ORIENTED_EDGE('',*,*,#2561,.T.);
#964=ORIENTED_EDGE('',*,*,#2562,.F.);
#965=ORIENTED_EDGE('',*,*,#2563,.F.);
#966=ORIENTED_EDGE('',*,*,#2559,.T.);
#967=ORIENTED_EDGE('',*,*,#2564,.T.);
#968=ORIENTED_EDGE('',*,*,#2565,.F.);
#969=ORIENTED_EDGE('',*,*,#2566,.F.);
#970=ORIENTED_EDGE('',*,*,#2562,.T.);
#971=ORIENTED_EDGE('',*,*,#2567,.T.);
#972=ORIENTED_EDGE('',*,*,#2568,.F.);
#973=ORIENTED_EDGE('',*,*,#2569,.F.);
#974=ORIENTED_EDGE('',*,*,#2565,.T.);
#975=ORIENTED_EDGE('',*,*,#2570,.T.);
#976=ORIENTED_EDGE('',*,*,#2571,.F.);
#977=ORIENTED_EDGE('',*,*,#2572,.F.);
#978=ORIENTED_EDGE('',*,*,#2568,.T.);
#979=ORIENTED_EDGE('',*,*,#2573,.T.);
#980=ORIENTED_EDGE('',*,*,#2542,.F.);
#981=ORIENTED_EDGE('',*,*,#2574,.F.);
#982=ORIENTED_EDGE('',*,*,#2571,.T.);
#983=ORIENTED_EDGE('',*,*,#2541,.T.);
#984=ORIENTED_EDGE('',*,*,#2545,.T.);
#985=ORIENTED_EDGE('',*,*,#2548,.T.);
#986=ORIENTED_EDGE('',*,*,#2551,.T.);
#987=ORIENTED_EDGE('',*,*,#2554,.T.);
#988=ORIENTED_EDGE('',*,*,#2557,.T.);
#989=ORIENTED_EDGE('',*,*,#2560,.T.);
#990=ORIENTED_EDGE('',*,*,#2563,.T.);
#991=ORIENTED_EDGE('',*,*,#2566,.T.);
#992=ORIENTED_EDGE('',*,*,#2569,.T.);
#993=ORIENTED_EDGE('',*,*,#2572,.T.);
#994=ORIENTED_EDGE('',*,*,#2574,.T.);
#995=ORIENTED_EDGE('',*,*,#2539,.F.);
#996=ORIENTED_EDGE('',*,*,#2573,.F.);
#997=ORIENTED_EDGE('',*,*,#2570,.F.);
#998=ORIENTED_EDGE('',*,*,#2567,.F.);
#999=ORIENTED_EDGE('',*,*,#2564,.F.);
#1000=ORIENTED_EDGE('',*,*,#2561,.F.);
#1001=ORIENTED_EDGE('',*,*,#2558,.F.);
#1002=ORIENTED_EDGE('',*,*,#2555,.F.);
#1003=ORIENTED_EDGE('',*,*,#2552,.F.);
#1004=ORIENTED_EDGE('',*,*,#2549,.F.);
#1005=ORIENTED_EDGE('',*,*,#2546,.F.);
#1006=ORIENTED_EDGE('',*,*,#2543,.F.);
#1007=ORIENTED_EDGE('',*,*,#2575,.T.);
#1008=ORIENTED_EDGE('',*,*,#2576,.F.);
#1009=ORIENTED_EDGE('',*,*,#2577,.F.);
#1010=ORIENTED_EDGE('',*,*,#2578,.T.);
#1011=ORIENTED_EDGE('',*,*,#2579,.T.);
#1012=ORIENTED_EDGE('',*,*,#2580,.F.);
#1013=ORIENTED_EDGE('',*,*,#2581,.F.);
#1014=ORIENTED_EDGE('',*,*,#2576,.T.);
#1015=ORIENTED_EDGE('',*,*,#2582,.T.);
#1016=ORIENTED_EDGE('',*,*,#2583,.F.);
#1017=ORIENTED_EDGE('',*,*,#2584,.F.);
#1018=ORIENTED_EDGE('',*,*,#2580,.T.);
#1019=ORIENTED_EDGE('',*,*,#2585,.T.);
#1020=ORIENTED_EDGE('',*,*,#2586,.F.);
#1021=ORIENTED_EDGE('',*,*,#2587,.F.);
#1022=ORIENTED_EDGE('',*,*,#2583,.T.);
#1023=ORIENTED_EDGE('',*,*,#2588,.T.);
#1024=ORIENTED_EDGE('',*,*,#2589,.F.);
#1025=ORIENTED_EDGE('',*,*,#2590,.F.);
#1026=ORIENTED_EDGE('',*,*,#2586,.T.);
#1027=ORIENTED_EDGE('',*,*,#2591,.T.);
#1028=ORIENTED_EDGE('',*,*,#2592,.F.);
#1029=ORIENTED_EDGE('',*,*,#2593,.F.);
#1030=ORIENTED_EDGE('',*,*,#2589,.T.);
#1031=ORIENTED_EDGE('',*,*,#2594,.T.);
#1032=ORIENTED_EDGE('',*,*,#2595,.F.);
#1033=ORIENTED_EDGE('',*,*,#2596,.F.);
#1034=ORIENTED_EDGE('',*,*,#2592,.T.);
#1035=ORIENTED_EDGE('',*,*,#2597,.T.);
#1036=ORIENTED_EDGE('',*,*,#2598,.F.);
#1037=ORIENTED_EDGE('',*,*,#2599,.F.);
#1038=ORIENTED_EDGE('',*,*,#2595,.T.);
#1039=ORIENTED_EDGE('',*,*,#2600,.T.);
#1040=ORIENTED_EDGE('',*,*,#2601,.F.);
#1041=ORIENTED_EDGE('',*,*,#2602,.F.);
#1042=ORIENTED_EDGE('',*,*,#2598,.T.);
#1043=ORIENTED_EDGE('',*,*,#2603,.T.);
#1044=ORIENTED_EDGE('',*,*,#2604,.F.);
#1045=ORIENTED_EDGE('',*,*,#2605,.F.);
#1046=ORIENTED_EDGE('',*,*,#2601,.T.);
#1047=ORIENTED_EDGE('',*,*,#2606,.T.);
#1048=ORIENTED_EDGE('',*,*,#2607,.F.);
#1049=ORIENTED_EDGE('',*,*,#2608,.F.);
#1050=ORIENTED_EDGE('',*,*,#2604,.T.);
#1051=ORIENTED_EDGE('',*,*,#2609,.T.);
#1052=ORIENTED_EDGE('',*,*,#2610,.F.);
#1053=ORIENTED_EDGE('',*,*,#2611,.F.);
#1054=ORIENTED_EDGE('',*,*,#2607,.T.);
#1055=ORIENTED_EDGE('',*,*,#2612,.T.);
#1056=ORIENTED_EDGE('',*,*,#2613,.F.);
#1057=ORIENTED_EDGE('',*,*,#2614,.F.);
#1058=ORIENTED_EDGE('',*,*,#2610,.T.);
#1059=ORIENTED_EDGE('',*,*,#2615,.T.);
#1060=ORIENTED_EDGE('',*,*,#2616,.F.);
#1061=ORIENTED_EDGE('',*,*,#2617,.F.);
#1062=ORIENTED_EDGE('',*,*,#2613,.T.);
#1063=ORIENTED_EDGE('',*,*,#2618,.T.);
#1064=ORIENTED_EDGE('',*,*,#2578,.F.);
#1065=ORIENTED_EDGE('',*,*,#2619,.F.);
#1066=ORIENTED_EDGE('',*,*,#2616,.T.);
#1067=ORIENTED_EDGE('',*,*,#2577,.T.);
#1068=ORIENTED_EDGE('',*,*,#2581,.T.);
#1069=ORIENTED_EDGE('',*,*,#2584,.T.);
#1070=ORIENTED_EDGE('',*,*,#2587,.T.);
#1071=ORIENTED_EDGE('',*,*,#2590,.T.);
#1072=ORIENTED_EDGE('',*,*,#2593,.T.);
#1073=ORIENTED_EDGE('',*,*,#2596,.T.);
#1074=ORIENTED_EDGE('',*,*,#2599,.T.);
#1075=ORIENTED_EDGE('',*,*,#2602,.T.);
#1076=ORIENTED_EDGE('',*,*,#2605,.T.);
#1077=ORIENTED_EDGE('',*,*,#2608,.T.);
#1078=ORIENTED_EDGE('',*,*,#2611,.T.);
#1079=ORIENTED_EDGE('',*,*,#2614,.T.);
#1080=ORIENTED_EDGE('',*,*,#2617,.T.);
#1081=ORIENTED_EDGE('',*,*,#2619,.T.);
#1082=ORIENTED_EDGE('',*,*,#2575,.F.);
#1083=ORIENTED_EDGE('',*,*,#2618,.F.);
#1084=ORIENTED_EDGE('',*,*,#2615,.F.);
#1085=ORIENTED_EDGE('',*,*,#2612,.F.);
#1086=ORIENTED_EDGE('',*,*,#2609,.F.);
#1087=ORIENTED_EDGE('',*,*,#2606,.F.);
#1088=ORIENTED_EDGE('',*,*,#2603,.F.);
#1089=ORIENTED_EDGE('',*,*,#2600,.F.);
#1090=ORIENTED_EDGE('',*,*,#2597,.F.);
#1091=ORIENTED_EDGE('',*,*,#2594,.F.);
#1092=ORIENTED_EDGE('',*,*,#2591,.F.);
#1093=ORIENTED_EDGE('',*,*,#2588,.F.);
#1094=ORIENTED_EDGE('',*,*,#2585,.F.);
#1095=ORIENTED_EDGE('',*,*,#2582,.F.);
#1096=ORIENTED_EDGE('',*,*,#2579,.F.);
#1097=ORIENTED_EDGE('',*,*,#2620,.F.);
#1098=ORIENTED_EDGE('',*,*,#2621,.T.);
#1099=ORIENTED_EDGE('',*,*,#2622,.F.);
#1100=ORIENTED_EDGE('',*,*,#2623,.F.);
#1101=ORIENTED_EDGE('',*,*,#2624,.T.);
#1102=ORIENTED_EDGE('',*,*,#2625,.T.);
#1103=ORIENTED_EDGE('',*,*,#2626,.T.);
#1104=ORIENTED_EDGE('',*,*,#2627,.F.);
#1105=ORIENTED_EDGE('',*,*,#2628,.T.);
#1106=ORIENTED_EDGE('',*,*,#2629,.T.);
#1107=ORIENTED_EDGE('',*,*,#2630,.F.);
#1108=ORIENTED_EDGE('',*,*,#2631,.T.);
#1109=ORIENTED_EDGE('',*,*,#2632,.F.);
#1110=ORIENTED_EDGE('',*,*,#2633,.T.);
#1111=ORIENTED_EDGE('',*,*,#2634,.F.);
#1112=ORIENTED_EDGE('',*,*,#2635,.F.);
#1113=ORIENTED_EDGE('',*,*,#2632,.T.);
#1114=ORIENTED_EDGE('',*,*,#2636,.T.);
#1115=ORIENTED_EDGE('',*,*,#2637,.T.);
#1116=ORIENTED_EDGE('',*,*,#2638,.F.);
#1117=ORIENTED_EDGE('',*,*,#2639,.T.);
#1118=ORIENTED_EDGE('',*,*,#2640,.T.);
#1119=ORIENTED_EDGE('',*,*,#2641,.F.);
#1120=ORIENTED_EDGE('',*,*,#2642,.F.);
#1121=ORIENTED_EDGE('',*,*,#2643,.F.);
#1122=ORIENTED_EDGE('',*,*,#2644,.T.);
#1123=ORIENTED_EDGE('',*,*,#2645,.T.);
#1124=ORIENTED_EDGE('',*,*,#2646,.F.);
#1125=ORIENTED_EDGE('',*,*,#2647,.F.);
#1126=ORIENTED_EDGE('',*,*,#2648,.T.);
#1127=ORIENTED_EDGE('',*,*,#2649,.F.);
#1128=ORIENTED_EDGE('',*,*,#2650,.F.);
#1129=ORIENTED_EDGE('',*,*,#2651,.T.);
#1130=ORIENTED_EDGE('',*,*,#2652,.T.);
#1131=ORIENTED_EDGE('',*,*,#2653,.T.);
#1132=ORIENTED_EDGE('',*,*,#2654,.F.);
#1133=ORIENTED_EDGE('',*,*,#2655,.T.);
#1134=ORIENTED_EDGE('',*,*,#2656,.T.);
#1135=ORIENTED_EDGE('',*,*,#2657,.F.);
#1136=ORIENTED_EDGE('',*,*,#2658,.T.);
#1137=ORIENTED_EDGE('',*,*,#2659,.F.);
#1138=ORIENTED_EDGE('',*,*,#2660,.T.);
#1139=ORIENTED_EDGE('',*,*,#2661,.T.);
#1140=ORIENTED_EDGE('',*,*,#2662,.F.);
#1141=ORIENTED_EDGE('',*,*,#2663,.F.);
#1142=ORIENTED_EDGE('',*,*,#2664,.T.);
#1143=ORIENTED_EDGE('',*,*,#2665,.F.);
#1144=ORIENTED_EDGE('',*,*,#2666,.F.);
#1145=ORIENTED_EDGE('',*,*,#2663,.T.);
#1146=ORIENTED_EDGE('',*,*,#2667,.T.);
#1147=ORIENTED_EDGE('',*,*,#2668,.T.);
#1148=ORIENTED_EDGE('',*,*,#2669,.F.);
#1149=ORIENTED_EDGE('',*,*,#2670,.T.);
#1150=ORIENTED_EDGE('',*,*,#2671,.T.);
#1151=ORIENTED_EDGE('',*,*,#2672,.F.);
#1152=ORIENTED_EDGE('',*,*,#2673,.F.);
#1153=ORIENTED_EDGE('',*,*,#2674,.T.);
#1154=ORIENTED_EDGE('',*,*,#2675,.T.);
#1155=ORIENTED_EDGE('',*,*,#2676,.T.);
#1156=ORIENTED_EDGE('',*,*,#2677,.T.);
#1157=ORIENTED_EDGE('',*,*,#2678,.T.);
#1158=ORIENTED_EDGE('',*,*,#2679,.T.);
#1159=ORIENTED_EDGE('',*,*,#2680,.F.);
#1160=ORIENTED_EDGE('',*,*,#2681,.F.);
#1161=ORIENTED_EDGE('',*,*,#2682,.T.);
#1162=ORIENTED_EDGE('',*,*,#2683,.F.);
#1163=ORIENTED_EDGE('',*,*,#2684,.F.);
#1164=ORIENTED_EDGE('',*,*,#2685,.F.);
#1165=ORIENTED_EDGE('',*,*,#2686,.T.);
#1166=ORIENTED_EDGE('',*,*,#2687,.F.);
#1167=ORIENTED_EDGE('',*,*,#2688,.F.);
#1168=ORIENTED_EDGE('',*,*,#2689,.F.);
#1169=ORIENTED_EDGE('',*,*,#2690,.F.);
#1170=ORIENTED_EDGE('',*,*,#2691,.T.);
#1171=ORIENTED_EDGE('',*,*,#2692,.F.);
#1172=ORIENTED_EDGE('',*,*,#2693,.F.);
#1173=ORIENTED_EDGE('',*,*,#2694,.F.);
#1174=ORIENTED_EDGE('',*,*,#2695,.F.);
#1175=ORIENTED_EDGE('',*,*,#2696,.F.);
#1176=ORIENTED_EDGE('',*,*,#2697,.T.);
#1177=ORIENTED_EDGE('',*,*,#2698,.F.);
#1178=ORIENTED_EDGE('',*,*,#2699,.F.);
#1179=ORIENTED_EDGE('',*,*,#2700,.T.);
#1180=ORIENTED_EDGE('',*,*,#2701,.T.);
#1181=ORIENTED_EDGE('',*,*,#2702,.T.);
#1182=ORIENTED_EDGE('',*,*,#2703,.T.);
#1183=ORIENTED_EDGE('',*,*,#2704,.T.);
#1184=ORIENTED_EDGE('',*,*,#2705,.T.);
#1185=ORIENTED_EDGE('',*,*,#2706,.T.);
#1186=ORIENTED_EDGE('',*,*,#2707,.T.);
#1187=ORIENTED_EDGE('',*,*,#2708,.T.);
#1188=ORIENTED_EDGE('',*,*,#2709,.T.);
#1189=ORIENTED_EDGE('',*,*,#2710,.T.);
#1190=ORIENTED_EDGE('',*,*,#2711,.T.);
#1191=ORIENTED_EDGE('',*,*,#2712,.T.);
#1192=ORIENTED_EDGE('',*,*,#2713,.T.);
#1193=ORIENTED_EDGE('',*,*,#2714,.T.);
#1194=ORIENTED_EDGE('',*,*,#2715,.T.);
#1195=ORIENTED_EDGE('',*,*,#2716,.T.);
#1196=ORIENTED_EDGE('',*,*,#2717,.T.);
#1197=ORIENTED_EDGE('',*,*,#2718,.T.);
#1198=ORIENTED_EDGE('',*,*,#2719,.T.);
#1199=ORIENTED_EDGE('',*,*,#2720,.T.);
#1200=ORIENTED_EDGE('',*,*,#2721,.T.);
#1201=ORIENTED_EDGE('',*,*,#2722,.T.);
#1202=ORIENTED_EDGE('',*,*,#2723,.T.);
#1203=ORIENTED_EDGE('',*,*,#2724,.T.);
#1204=ORIENTED_EDGE('',*,*,#2725,.T.);
#1205=ORIENTED_EDGE('',*,*,#2726,.T.);
#1206=ORIENTED_EDGE('',*,*,#2727,.T.);
#1207=ORIENTED_EDGE('',*,*,#2728,.T.);
#1208=ORIENTED_EDGE('',*,*,#2729,.T.);
#1209=ORIENTED_EDGE('',*,*,#2730,.T.);
#1210=ORIENTED_EDGE('',*,*,#2731,.T.);
#1211=ORIENTED_EDGE('',*,*,#2732,.T.);
#1212=ORIENTED_EDGE('',*,*,#2733,.T.);
#1213=ORIENTED_EDGE('',*,*,#2734,.T.);
#1214=ORIENTED_EDGE('',*,*,#2735,.T.);
#1215=ORIENTED_EDGE('',*,*,#2736,.T.);
#1216=ORIENTED_EDGE('',*,*,#2737,.T.);
#1217=ORIENTED_EDGE('',*,*,#2738,.T.);
#1218=ORIENTED_EDGE('',*,*,#2739,.T.);
#1219=ORIENTED_EDGE('',*,*,#2740,.T.);
#1220=ORIENTED_EDGE('',*,*,#2741,.T.);
#1221=ORIENTED_EDGE('',*,*,#2742,.T.);
#1222=ORIENTED_EDGE('',*,*,#2743,.T.);
#1223=ORIENTED_EDGE('',*,*,#2744,.T.);
#1224=ORIENTED_EDGE('',*,*,#2745,.T.);
#1225=ORIENTED_EDGE('',*,*,#2675,.F.);
#1226=ORIENTED_EDGE('',*,*,#2674,.F.);
#1227=ORIENTED_EDGE('',*,*,#2679,.F.);
#1228=ORIENTED_EDGE('',*,*,#2678,.F.);
#1229=ORIENTED_EDGE('',*,*,#2677,.F.);
#1230=ORIENTED_EDGE('',*,*,#2676,.F.);
#1231=ORIENTED_EDGE('',*,*,#2734,.F.);
#1232=ORIENTED_EDGE('',*,*,#2733,.F.);
#1233=ORIENTED_EDGE('',*,*,#2740,.F.);
#1234=ORIENTED_EDGE('',*,*,#2739,.F.);
#1235=ORIENTED_EDGE('',*,*,#2738,.F.);
#1236=ORIENTED_EDGE('',*,*,#2737,.F.);
#1237=ORIENTED_EDGE('',*,*,#2736,.F.);
#1238=ORIENTED_EDGE('',*,*,#2735,.F.);
#1239=ORIENTED_EDGE('',*,*,#2742,.F.);
#1240=ORIENTED_EDGE('',*,*,#2741,.F.);
#1241=ORIENTED_EDGE('',*,*,#2745,.F.);
#1242=ORIENTED_EDGE('',*,*,#2744,.F.);
#1243=ORIENTED_EDGE('',*,*,#2743,.F.);
#1244=ORIENTED_EDGE('',*,*,#2729,.F.);
#1245=ORIENTED_EDGE('',*,*,#2728,.F.);
#1246=ORIENTED_EDGE('',*,*,#2732,.F.);
#1247=ORIENTED_EDGE('',*,*,#2731,.F.);
#1248=ORIENTED_EDGE('',*,*,#2730,.F.);
#1249=ORIENTED_EDGE('',*,*,#2717,.F.);
#1250=ORIENTED_EDGE('',*,*,#2716,.F.);
#1251=ORIENTED_EDGE('',*,*,#2727,.F.);
#1252=ORIENTED_EDGE('',*,*,#2726,.F.);
#1253=ORIENTED_EDGE('',*,*,#2725,.F.);
#1254=ORIENTED_EDGE('',*,*,#2724,.F.);
#1255=ORIENTED_EDGE('',*,*,#2723,.F.);
#1256=ORIENTED_EDGE('',*,*,#2722,.F.);
#1257=ORIENTED_EDGE('',*,*,#2721,.F.);
#1258=ORIENTED_EDGE('',*,*,#2720,.F.);
#1259=ORIENTED_EDGE('',*,*,#2719,.F.);
#1260=ORIENTED_EDGE('',*,*,#2718,.F.);
#1261=ORIENTED_EDGE('',*,*,#2707,.F.);
#1262=ORIENTED_EDGE('',*,*,#2706,.F.);
#1263=ORIENTED_EDGE('',*,*,#2715,.F.);
#1264=ORIENTED_EDGE('',*,*,#2714,.F.);
#1265=ORIENTED_EDGE('',*,*,#2713,.F.);
#1266=ORIENTED_EDGE('',*,*,#2712,.F.);
#1267=ORIENTED_EDGE('',*,*,#2711,.F.);
#1268=ORIENTED_EDGE('',*,*,#2710,.F.);
#1269=ORIENTED_EDGE('',*,*,#2709,.F.);
#1270=ORIENTED_EDGE('',*,*,#2708,.F.);
#1271=ORIENTED_EDGE('',*,*,#2746,.F.);
#1272=ORIENTED_EDGE('',*,*,#2747,.T.);
#1273=ORIENTED_EDGE('',*,*,#2748,.F.);
#1274=ORIENTED_EDGE('',*,*,#2628,.F.);
#1275=ORIENTED_EDGE('',*,*,#2749,.F.);
#1276=ORIENTED_EDGE('',*,*,#2750,.F.);
#1277=ORIENTED_EDGE('',*,*,#2747,.F.);
#1278=ORIENTED_EDGE('',*,*,#2751,.T.);
#1279=ORIENTED_EDGE('',*,*,#2752,.T.);
#1280=ORIENTED_EDGE('',*,*,#2753,.F.);
#1281=ORIENTED_EDGE('',*,*,#2754,.F.);
#1282=ORIENTED_EDGE('',*,*,#2755,.T.);
#1283=ORIENTED_EDGE('',*,*,#2756,.F.);
#1284=ORIENTED_EDGE('',*,*,#2757,.F.);
#1285=ORIENTED_EDGE('',*,*,#2758,.F.);
#1286=ORIENTED_EDGE('',*,*,#2759,.T.);
#1287=ORIENTED_EDGE('',*,*,#2760,.T.);
#1288=ORIENTED_EDGE('',*,*,#2761,.F.);
#1289=ORIENTED_EDGE('',*,*,#2762,.F.);
#1290=ORIENTED_EDGE('',*,*,#2763,.F.);
#1291=ORIENTED_EDGE('',*,*,#2764,.T.);
#1292=ORIENTED_EDGE('',*,*,#2765,.F.);
#1293=ORIENTED_EDGE('',*,*,#2655,.F.);
#1294=ORIENTED_EDGE('',*,*,#2766,.F.);
#1295=ORIENTED_EDGE('',*,*,#2767,.F.);
#1296=ORIENTED_EDGE('',*,*,#2764,.F.);
#1297=ORIENTED_EDGE('',*,*,#2768,.F.);
#1298=ORIENTED_EDGE('',*,*,#2769,.F.);
#1299=ORIENTED_EDGE('',*,*,#2770,.F.);
#1300=ORIENTED_EDGE('',*,*,#2771,.F.);
#1301=ORIENTED_EDGE('',*,*,#2772,.T.);
#1302=ORIENTED_EDGE('',*,*,#2698,.T.);
#1303=ORIENTED_EDGE('',*,*,#2773,.F.);
#1304=ORIENTED_EDGE('',*,*,#2774,.F.);
#1305=ORIENTED_EDGE('',*,*,#2775,.F.);
#1306=ORIENTED_EDGE('',*,*,#2694,.T.);
#1307=ORIENTED_EDGE('',*,*,#2776,.F.);
#1308=ORIENTED_EDGE('',*,*,#2777,.F.);
#1309=ORIENTED_EDGE('',*,*,#2778,.F.);
#1310=ORIENTED_EDGE('',*,*,#2779,.F.);
#1311=ORIENTED_EDGE('',*,*,#2780,.F.);
#1312=ORIENTED_EDGE('',*,*,#2781,.F.);
#1313=ORIENTED_EDGE('',*,*,#2688,.T.);
#1314=ORIENTED_EDGE('',*,*,#2782,.F.);
#1315=ORIENTED_EDGE('',*,*,#2783,.T.);
#1316=ORIENTED_EDGE('',*,*,#2784,.F.);
#1317=ORIENTED_EDGE('',*,*,#2785,.F.);
#1318=ORIENTED_EDGE('',*,*,#2786,.F.);
#1319=ORIENTED_EDGE('',*,*,#2787,.F.);
#1320=ORIENTED_EDGE('',*,*,#2788,.F.);
#1321=ORIENTED_EDGE('',*,*,#2789,.T.);
#1322=ORIENTED_EDGE('',*,*,#2790,.T.);
#1323=ORIENTED_EDGE('',*,*,#2692,.T.);
#1324=ORIENTED_EDGE('',*,*,#2791,.F.);
#1325=ORIENTED_EDGE('',*,*,#2792,.T.);
#1326=ORIENTED_EDGE('',*,*,#2793,.F.);
#1327=ORIENTED_EDGE('',*,*,#2794,.F.);
#1328=ORIENTED_EDGE('',*,*,#2795,.T.);
#1329=ORIENTED_EDGE('',*,*,#2796,.T.);
#1330=ORIENTED_EDGE('',*,*,#2797,.T.);
#1331=ORIENTED_EDGE('',*,*,#2798,.F.);
#1332=ORIENTED_EDGE('',*,*,#2799,.F.);
#1333=ORIENTED_EDGE('',*,*,#2790,.F.);
#1334=ORIENTED_EDGE('',*,*,#2800,.T.);
#1335=ORIENTED_EDGE('',*,*,#2776,.T.);
#1336=ORIENTED_EDGE('',*,*,#2693,.T.);
#1337=ORIENTED_EDGE('',*,*,#2801,.F.);
#1338=ORIENTED_EDGE('',*,*,#2802,.F.);
#1339=ORIENTED_EDGE('',*,*,#2699,.T.);
#1340=ORIENTED_EDGE('',*,*,#2772,.F.);
#1341=ORIENTED_EDGE('',*,*,#2803,.F.);
#1342=ORIENTED_EDGE('',*,*,#2782,.T.);
#1343=ORIENTED_EDGE('',*,*,#2687,.T.);
#1344=ORIENTED_EDGE('',*,*,#2804,.F.);
#1345=ORIENTED_EDGE('',*,*,#2805,.F.);
#1346=ORIENTED_EDGE('',*,*,#2806,.F.);
#1347=ORIENTED_EDGE('',*,*,#2792,.F.);
#1348=ORIENTED_EDGE('',*,*,#2807,.F.);
#1349=ORIENTED_EDGE('',*,*,#2808,.F.);
#1350=ORIENTED_EDGE('',*,*,#2809,.F.);
#1351=ORIENTED_EDGE('',*,*,#2683,.T.);
#1352=ORIENTED_EDGE('',*,*,#2810,.F.);
#1353=ORIENTED_EDGE('',*,*,#2811,.F.);
#1354=ORIENTED_EDGE('',*,*,#2812,.F.);
#1355=ORIENTED_EDGE('',*,*,#2752,.F.);
#1356=ORIENTED_EDGE('',*,*,#2813,.F.);
#1357=ORIENTED_EDGE('',*,*,#2814,.F.);
#1358=ORIENTED_EDGE('',*,*,#2645,.F.);
#1359=ORIENTED_EDGE('',*,*,#2815,.F.);
#1360=ORIENTED_EDGE('',*,*,#2661,.F.);
#1361=ORIENTED_EDGE('',*,*,#2770,.T.);
#1362=ORIENTED_EDGE('',*,*,#2816,.F.);
#1363=ORIENTED_EDGE('',*,*,#2817,.F.);
#1364=ORIENTED_EDGE('',*,*,#2818,.T.);
#1365=ORIENTED_EDGE('',*,*,#2778,.T.);
#1366=ORIENTED_EDGE('',*,*,#2819,.F.);
#1367=ORIENTED_EDGE('',*,*,#2788,.T.);
#1368=ORIENTED_EDGE('',*,*,#2820,.F.);
#1369=ORIENTED_EDGE('',*,*,#2821,.F.);
#1370=ORIENTED_EDGE('',*,*,#2822,.T.);
#1371=ORIENTED_EDGE('',*,*,#2784,.T.);
#1372=ORIENTED_EDGE('',*,*,#2823,.T.);
#1373=ORIENTED_EDGE('',*,*,#2701,.F.);
#1374=ORIENTED_EDGE('',*,*,#2700,.F.);
#1375=ORIENTED_EDGE('',*,*,#2705,.F.);
#1376=ORIENTED_EDGE('',*,*,#2704,.F.);
#1377=ORIENTED_EDGE('',*,*,#2703,.F.);
#1378=ORIENTED_EDGE('',*,*,#2702,.F.);
#1379=ORIENTED_EDGE('',*,*,#2800,.F.);
#1380=ORIENTED_EDGE('',*,*,#2789,.F.);
#1381=ORIENTED_EDGE('',*,*,#2819,.T.);
#1382=ORIENTED_EDGE('',*,*,#2777,.T.);
#1383=ORIENTED_EDGE('',*,*,#2823,.F.);
#1384=ORIENTED_EDGE('',*,*,#2783,.F.);
#1385=ORIENTED_EDGE('',*,*,#2803,.T.);
#1386=ORIENTED_EDGE('',*,*,#2771,.T.);
#1387=ORIENTED_EDGE('',*,*,#2807,.T.);
#1388=ORIENTED_EDGE('',*,*,#2795,.F.);
#1389=ORIENTED_EDGE('',*,*,#2824,.F.);
#1390=ORIENTED_EDGE('',*,*,#2825,.T.);
#1391=ORIENTED_EDGE('',*,*,#2808,.T.);
#1392=ORIENTED_EDGE('',*,*,#2825,.F.);
#1393=ORIENTED_EDGE('',*,*,#2826,.F.);
#1394=ORIENTED_EDGE('',*,*,#2827,.T.);
#1395=ORIENTED_EDGE('',*,*,#2809,.T.);
#1396=ORIENTED_EDGE('',*,*,#2827,.F.);
#1397=ORIENTED_EDGE('',*,*,#2828,.F.);
#1398=ORIENTED_EDGE('',*,*,#2684,.T.);
#1399=ORIENTED_EDGE('',*,*,#2804,.T.);
#1400=ORIENTED_EDGE('',*,*,#2686,.F.);
#1401=ORIENTED_EDGE('',*,*,#2829,.F.);
#1402=ORIENTED_EDGE('',*,*,#2830,.T.);
#1403=ORIENTED_EDGE('',*,*,#2805,.T.);
#1404=ORIENTED_EDGE('',*,*,#2830,.F.);
#1405=ORIENTED_EDGE('',*,*,#2831,.F.);
#1406=ORIENTED_EDGE('',*,*,#2832,.T.);
#1407=ORIENTED_EDGE('',*,*,#2806,.T.);
#1408=ORIENTED_EDGE('',*,*,#2832,.F.);
#1409=ORIENTED_EDGE('',*,*,#2833,.F.);
#1410=ORIENTED_EDGE('',*,*,#2793,.T.);
#1411=ORIENTED_EDGE('',*,*,#2824,.T.);
#1412=ORIENTED_EDGE('',*,*,#2794,.T.);
#1413=ORIENTED_EDGE('',*,*,#2833,.T.);
#1414=ORIENTED_EDGE('',*,*,#2831,.T.);
#1415=ORIENTED_EDGE('',*,*,#2829,.T.);
#1416=ORIENTED_EDGE('',*,*,#2685,.T.);
#1417=ORIENTED_EDGE('',*,*,#2828,.T.);
#1418=ORIENTED_EDGE('',*,*,#2826,.T.);
#1419=ORIENTED_EDGE('',*,*,#2834,.T.);
#1420=ORIENTED_EDGE('',*,*,#2799,.T.);
#1421=ORIENTED_EDGE('',*,*,#2835,.T.);
#1422=ORIENTED_EDGE('',*,*,#2836,.T.);
#1423=ORIENTED_EDGE('',*,*,#2670,.F.);
#1424=ORIENTED_EDGE('',*,*,#2837,.F.);
#1425=ORIENTED_EDGE('',*,*,#2838,.F.);
#1426=ORIENTED_EDGE('',*,*,#2839,.F.);
#1427=ORIENTED_EDGE('',*,*,#2840,.F.);
#1428=ORIENTED_EDGE('',*,*,#2797,.F.);
#1429=ORIENTED_EDGE('',*,*,#2672,.T.);
#1430=ORIENTED_EDGE('',*,*,#2841,.T.);
#1431=ORIENTED_EDGE('',*,*,#2838,.T.);
#1432=ORIENTED_EDGE('',*,*,#2796,.F.);
#1433=ORIENTED_EDGE('',*,*,#2834,.F.);
#1434=ORIENTED_EDGE('',*,*,#2842,.T.);
#1435=ORIENTED_EDGE('',*,*,#2840,.T.);
#1436=ORIENTED_EDGE('',*,*,#2843,.F.);
#1437=ORIENTED_EDGE('',*,*,#2835,.F.);
#1438=ORIENTED_EDGE('',*,*,#2798,.T.);
#1439=ORIENTED_EDGE('',*,*,#2844,.F.);
#1440=ORIENTED_EDGE('',*,*,#2668,.F.);
#1441=ORIENTED_EDGE('',*,*,#2839,.T.);
#1442=ORIENTED_EDGE('',*,*,#2842,.F.);
#1443=ORIENTED_EDGE('',*,*,#2836,.F.);
#1444=ORIENTED_EDGE('',*,*,#2843,.T.);
#1445=ORIENTED_EDGE('',*,*,#2671,.F.);
#1446=ORIENTED_EDGE('',*,*,#2837,.T.);
#1447=ORIENTED_EDGE('',*,*,#2673,.T.);
#1448=ORIENTED_EDGE('',*,*,#2841,.F.);
#1449=ORIENTED_EDGE('',*,*,#2667,.F.);
#1450=ORIENTED_EDGE('',*,*,#2845,.T.);
#1451=ORIENTED_EDGE('',*,*,#2669,.T.);
#1452=ORIENTED_EDGE('',*,*,#2844,.T.);
#1453=ORIENTED_EDGE('',*,*,#2665,.T.);
#1454=ORIENTED_EDGE('',*,*,#2846,.T.);
#1455=ORIENTED_EDGE('',*,*,#2664,.F.);
#1456=ORIENTED_EDGE('',*,*,#2845,.F.);
#1457=ORIENTED_EDGE('',*,*,#2666,.T.);
#1458=ORIENTED_EDGE('',*,*,#2846,.F.);
#1459=ORIENTED_EDGE('',*,*,#2787,.T.);
#1460=ORIENTED_EDGE('',*,*,#2847,.F.);
#1461=ORIENTED_EDGE('',*,*,#2848,.F.);
#1462=ORIENTED_EDGE('',*,*,#2820,.T.);
#1463=ORIENTED_EDGE('',*,*,#2786,.T.);
#1464=ORIENTED_EDGE('',*,*,#2849,.F.);
#1465=ORIENTED_EDGE('',*,*,#2850,.F.);
#1466=ORIENTED_EDGE('',*,*,#2847,.T.);
#1467=ORIENTED_EDGE('',*,*,#2785,.T.);
#1468=ORIENTED_EDGE('',*,*,#2822,.F.);
#1469=ORIENTED_EDGE('',*,*,#2851,.F.);
#1470=ORIENTED_EDGE('',*,*,#2849,.T.);
#1471=ORIENTED_EDGE('',*,*,#2821,.T.);
#1472=ORIENTED_EDGE('',*,*,#2848,.T.);
#1473=ORIENTED_EDGE('',*,*,#2850,.T.);
#1474=ORIENTED_EDGE('',*,*,#2851,.T.);
#1475=ORIENTED_EDGE('',*,*,#2774,.T.);
#1476=ORIENTED_EDGE('',*,*,#2852,.F.);
#1477=ORIENTED_EDGE('',*,*,#2853,.F.);
#1478=ORIENTED_EDGE('',*,*,#2854,.T.);
#1479=ORIENTED_EDGE('',*,*,#2773,.T.);
#1480=ORIENTED_EDGE('',*,*,#2697,.F.);
#1481=ORIENTED_EDGE('',*,*,#2855,.F.);
#1482=ORIENTED_EDGE('',*,*,#2852,.T.);
#1483=ORIENTED_EDGE('',*,*,#2775,.T.);
#1484=ORIENTED_EDGE('',*,*,#2854,.F.);
#1485=ORIENTED_EDGE('',*,*,#2856,.F.);
#1486=ORIENTED_EDGE('',*,*,#2695,.T.);
#1487=ORIENTED_EDGE('',*,*,#2853,.T.);
#1488=ORIENTED_EDGE('',*,*,#2855,.T.);
#1489=ORIENTED_EDGE('',*,*,#2696,.T.);
#1490=ORIENTED_EDGE('',*,*,#2856,.T.);
#1491=ORIENTED_EDGE('',*,*,#2857,.F.);
#1492=ORIENTED_EDGE('',*,*,#2858,.T.);
#1493=ORIENTED_EDGE('',*,*,#2859,.T.);
#1494=ORIENTED_EDGE('',*,*,#2768,.T.);
#1495=ORIENTED_EDGE('',*,*,#2859,.F.);
#1496=ORIENTED_EDGE('',*,*,#2860,.T.);
#1497=ORIENTED_EDGE('',*,*,#2758,.T.);
#1498=ORIENTED_EDGE('',*,*,#2861,.F.);
#1499=ORIENTED_EDGE('',*,*,#2816,.T.);
#1500=ORIENTED_EDGE('',*,*,#2769,.T.);
#1501=ORIENTED_EDGE('',*,*,#2756,.T.);
#1502=ORIENTED_EDGE('',*,*,#2862,.T.);
#1503=ORIENTED_EDGE('',*,*,#2857,.T.);
#1504=ORIENTED_EDGE('',*,*,#2779,.T.);
#1505=ORIENTED_EDGE('',*,*,#2818,.F.);
#1506=ORIENTED_EDGE('',*,*,#2863,.F.);
#1507=ORIENTED_EDGE('',*,*,#2861,.T.);
#1508=ORIENTED_EDGE('',*,*,#2757,.T.);
#1509=ORIENTED_EDGE('',*,*,#2863,.T.);
#1510=ORIENTED_EDGE('',*,*,#2817,.T.);
#1511=ORIENTED_EDGE('',*,*,#2780,.T.);
#1512=ORIENTED_EDGE('',*,*,#2864,.F.);
#1513=ORIENTED_EDGE('',*,*,#2865,.F.);
#1514=ORIENTED_EDGE('',*,*,#2866,.T.);
#1515=ORIENTED_EDGE('',*,*,#2781,.T.);
#1516=ORIENTED_EDGE('',*,*,#2866,.F.);
#1517=ORIENTED_EDGE('',*,*,#2867,.F.);
#1518=ORIENTED_EDGE('',*,*,#2689,.T.);
#1519=ORIENTED_EDGE('',*,*,#2791,.T.);
#1520=ORIENTED_EDGE('',*,*,#2691,.F.);
#1521=ORIENTED_EDGE('',*,*,#2868,.F.);
#1522=ORIENTED_EDGE('',*,*,#2864,.T.);
#1523=ORIENTED_EDGE('',*,*,#2865,.T.);
#1524=ORIENTED_EDGE('',*,*,#2868,.T.);
#1525=ORIENTED_EDGE('',*,*,#2690,.T.);
#1526=ORIENTED_EDGE('',*,*,#2867,.T.);
#1527=ORIENTED_EDGE('',*,*,#2660,.F.);
#1528=ORIENTED_EDGE('',*,*,#2869,.F.);
#1529=ORIENTED_EDGE('',*,*,#2662,.T.);
#1530=ORIENTED_EDGE('',*,*,#2815,.T.);
#1531=ORIENTED_EDGE('',*,*,#2870,.F.);
#1532=ORIENTED_EDGE('',*,*,#2653,.F.);
#1533=ORIENTED_EDGE('',*,*,#2869,.T.);
#1534=ORIENTED_EDGE('',*,*,#2659,.T.);
#1535=ORIENTED_EDGE('',*,*,#2652,.F.);
#1536=ORIENTED_EDGE('',*,*,#2647,.T.);
#1537=ORIENTED_EDGE('',*,*,#2871,.T.);
#1538=ORIENTED_EDGE('',*,*,#2872,.F.);
#1539=ORIENTED_EDGE('',*,*,#2873,.T.);
#1540=ORIENTED_EDGE('',*,*,#2766,.T.);
#1541=ORIENTED_EDGE('',*,*,#2654,.T.);
#1542=ORIENTED_EDGE('',*,*,#2870,.T.);
#1543=ORIENTED_EDGE('',*,*,#2874,.F.);
#1544=ORIENTED_EDGE('',*,*,#2649,.T.);
#1545=ORIENTED_EDGE('',*,*,#2875,.T.);
#1546=ORIENTED_EDGE('',*,*,#2648,.F.);
#1547=ORIENTED_EDGE('',*,*,#2651,.F.);
#1548=ORIENTED_EDGE('',*,*,#2876,.F.);
#1549=ORIENTED_EDGE('',*,*,#2875,.F.);
#1550=ORIENTED_EDGE('',*,*,#2877,.T.);
#1551=ORIENTED_EDGE('',*,*,#2657,.T.);
#1552=ORIENTED_EDGE('',*,*,#2878,.T.);
#1553=ORIENTED_EDGE('',*,*,#2872,.T.);
#1554=ORIENTED_EDGE('',*,*,#2765,.T.);
#1555=ORIENTED_EDGE('',*,*,#2763,.T.);
#1556=ORIENTED_EDGE('',*,*,#2767,.T.);
#1557=ORIENTED_EDGE('',*,*,#2873,.F.);
#1558=ORIENTED_EDGE('',*,*,#2878,.F.);
#1559=ORIENTED_EDGE('',*,*,#2656,.F.);
#1560=ORIENTED_EDGE('',*,*,#2877,.F.);
#1561=ORIENTED_EDGE('',*,*,#2871,.F.);
#1562=ORIENTED_EDGE('',*,*,#2650,.T.);
#1563=ORIENTED_EDGE('',*,*,#2874,.T.);
#1564=ORIENTED_EDGE('',*,*,#2876,.T.);
#1565=ORIENTED_EDGE('',*,*,#2658,.F.);
#1566=ORIENTED_EDGE('',*,*,#2858,.F.);
#1567=ORIENTED_EDGE('',*,*,#2862,.F.);
#1568=ORIENTED_EDGE('',*,*,#2755,.F.);
#1569=ORIENTED_EDGE('',*,*,#2879,.F.);
#1570=ORIENTED_EDGE('',*,*,#2880,.T.);
#1571=ORIENTED_EDGE('',*,*,#2813,.T.);
#1572=ORIENTED_EDGE('',*,*,#2751,.F.);
#1573=ORIENTED_EDGE('',*,*,#2860,.F.);
#1574=ORIENTED_EDGE('',*,*,#2801,.T.);
#1575=ORIENTED_EDGE('',*,*,#2880,.F.);
#1576=ORIENTED_EDGE('',*,*,#2881,.F.);
#1577=ORIENTED_EDGE('',*,*,#2882,.T.);
#1578=ORIENTED_EDGE('',*,*,#2802,.T.);
#1579=ORIENTED_EDGE('',*,*,#2882,.F.);
#1580=ORIENTED_EDGE('',*,*,#2883,.F.);
#1581=ORIENTED_EDGE('',*,*,#2680,.T.);
#1582=ORIENTED_EDGE('',*,*,#2810,.T.);
#1583=ORIENTED_EDGE('',*,*,#2682,.F.);
#1584=ORIENTED_EDGE('',*,*,#2884,.F.);
#1585=ORIENTED_EDGE('',*,*,#2885,.T.);
#1586=ORIENTED_EDGE('',*,*,#2811,.T.);
#1587=ORIENTED_EDGE('',*,*,#2885,.F.);
#1588=ORIENTED_EDGE('',*,*,#2886,.F.);
#1589=ORIENTED_EDGE('',*,*,#2887,.T.);
#1590=ORIENTED_EDGE('',*,*,#2812,.T.);
#1591=ORIENTED_EDGE('',*,*,#2887,.F.);
#1592=ORIENTED_EDGE('',*,*,#2888,.F.);
#1593=ORIENTED_EDGE('',*,*,#2753,.T.);
#1594=ORIENTED_EDGE('',*,*,#2879,.T.);
#1595=ORIENTED_EDGE('',*,*,#2754,.T.);
#1596=ORIENTED_EDGE('',*,*,#2888,.T.);
#1597=ORIENTED_EDGE('',*,*,#2886,.T.);
#1598=ORIENTED_EDGE('',*,*,#2884,.T.);
#1599=ORIENTED_EDGE('',*,*,#2681,.T.);
#1600=ORIENTED_EDGE('',*,*,#2883,.T.);
#1601=ORIENTED_EDGE('',*,*,#2881,.T.);
#1602=ORIENTED_EDGE('',*,*,#2644,.F.);
#1603=ORIENTED_EDGE('',*,*,#2889,.F.);
#1604=ORIENTED_EDGE('',*,*,#2646,.T.);
#1605=ORIENTED_EDGE('',*,*,#2814,.T.);
#1606=ORIENTED_EDGE('',*,*,#2890,.F.);
#1607=ORIENTED_EDGE('',*,*,#2626,.F.);
#1608=ORIENTED_EDGE('',*,*,#2889,.T.);
#1609=ORIENTED_EDGE('',*,*,#2643,.T.);
#1610=ORIENTED_EDGE('',*,*,#2891,.T.);
#1611=ORIENTED_EDGE('',*,*,#2762,.T.);
#1612=ORIENTED_EDGE('',*,*,#2892,.T.);
#1613=ORIENTED_EDGE('',*,*,#2893,.T.);
#1614=ORIENTED_EDGE('',*,*,#2639,.F.);
#1615=ORIENTED_EDGE('',*,*,#2894,.F.);
#1616=ORIENTED_EDGE('',*,*,#2895,.F.);
#1617=ORIENTED_EDGE('',*,*,#2896,.F.);
#1618=ORIENTED_EDGE('',*,*,#2897,.F.);
#1619=ORIENTED_EDGE('',*,*,#2760,.F.);
#1620=ORIENTED_EDGE('',*,*,#2641,.T.);
#1621=ORIENTED_EDGE('',*,*,#2898,.T.);
#1622=ORIENTED_EDGE('',*,*,#2895,.T.);
#1623=ORIENTED_EDGE('',*,*,#2759,.F.);
#1624=ORIENTED_EDGE('',*,*,#2891,.F.);
#1625=ORIENTED_EDGE('',*,*,#2899,.T.);
#1626=ORIENTED_EDGE('',*,*,#2897,.T.);
#1627=ORIENTED_EDGE('',*,*,#2900,.F.);
#1628=ORIENTED_EDGE('',*,*,#2892,.F.);
#1629=ORIENTED_EDGE('',*,*,#2761,.T.);
#1630=ORIENTED_EDGE('',*,*,#2901,.F.);
#1631=ORIENTED_EDGE('',*,*,#2637,.F.);
#1632=ORIENTED_EDGE('',*,*,#2896,.T.);
#1633=ORIENTED_EDGE('',*,*,#2899,.F.);
#1634=ORIENTED_EDGE('',*,*,#2893,.F.);
#1635=ORIENTED_EDGE('',*,*,#2900,.T.);
#1636=ORIENTED_EDGE('',*,*,#2640,.F.);
#1637=ORIENTED_EDGE('',*,*,#2894,.T.);
#1638=ORIENTED_EDGE('',*,*,#2642,.T.);
#1639=ORIENTED_EDGE('',*,*,#2898,.F.);
#1640=ORIENTED_EDGE('',*,*,#2636,.F.);
#1641=ORIENTED_EDGE('',*,*,#2902,.T.);
#1642=ORIENTED_EDGE('',*,*,#2638,.T.);
#1643=ORIENTED_EDGE('',*,*,#2901,.T.);
#1644=ORIENTED_EDGE('',*,*,#2634,.T.);
#1645=ORIENTED_EDGE('',*,*,#2903,.T.);
#1646=ORIENTED_EDGE('',*,*,#2633,.F.);
#1647=ORIENTED_EDGE('',*,*,#2902,.F.);
#1648=ORIENTED_EDGE('',*,*,#2635,.T.);
#1649=ORIENTED_EDGE('',*,*,#2903,.F.);
#1650=ORIENTED_EDGE('',*,*,#2625,.F.);
#1651=ORIENTED_EDGE('',*,*,#2620,.T.);
#1652=ORIENTED_EDGE('',*,*,#2904,.T.);
#1653=ORIENTED_EDGE('',*,*,#2905,.F.);
#1654=ORIENTED_EDGE('',*,*,#2906,.T.);
#1655=ORIENTED_EDGE('',*,*,#2749,.T.);
#1656=ORIENTED_EDGE('',*,*,#2627,.T.);
#1657=ORIENTED_EDGE('',*,*,#2890,.T.);
#1658=ORIENTED_EDGE('',*,*,#2907,.F.);
#1659=ORIENTED_EDGE('',*,*,#2622,.T.);
#1660=ORIENTED_EDGE('',*,*,#2908,.T.);
#1661=ORIENTED_EDGE('',*,*,#2621,.F.);
#1662=ORIENTED_EDGE('',*,*,#2624,.F.);
#1663=ORIENTED_EDGE('',*,*,#2909,.F.);
#1664=ORIENTED_EDGE('',*,*,#2908,.F.);
#1665=ORIENTED_EDGE('',*,*,#2910,.T.);
#1666=ORIENTED_EDGE('',*,*,#2630,.T.);
#1667=ORIENTED_EDGE('',*,*,#2911,.T.);
#1668=ORIENTED_EDGE('',*,*,#2905,.T.);
#1669=ORIENTED_EDGE('',*,*,#2748,.T.);
#1670=ORIENTED_EDGE('',*,*,#2746,.T.);
#1671=ORIENTED_EDGE('',*,*,#2750,.T.);
#1672=ORIENTED_EDGE('',*,*,#2906,.F.);
#1673=ORIENTED_EDGE('',*,*,#2911,.F.);
#1674=ORIENTED_EDGE('',*,*,#2629,.F.);
#1675=ORIENTED_EDGE('',*,*,#2910,.F.);
#1676=ORIENTED_EDGE('',*,*,#2904,.F.);
#1677=ORIENTED_EDGE('',*,*,#2623,.T.);
#1678=ORIENTED_EDGE('',*,*,#2907,.T.);
#1679=ORIENTED_EDGE('',*,*,#2909,.T.);
#1680=ORIENTED_EDGE('',*,*,#2631,.F.);
#1681=ORIENTED_EDGE('',*,*,#2912,.T.);
#1682=ORIENTED_EDGE('',*,*,#2913,.F.);
#1683=ORIENTED_EDGE('',*,*,#2914,.F.);
#1684=ORIENTED_EDGE('',*,*,#2915,.T.);
#1685=ORIENTED_EDGE('',*,*,#2916,.T.);
#1686=ORIENTED_EDGE('',*,*,#2917,.F.);
#1687=ORIENTED_EDGE('',*,*,#2918,.F.);
#1688=ORIENTED_EDGE('',*,*,#2913,.T.);
#1689=ORIENTED_EDGE('',*,*,#2919,.T.);
#1690=ORIENTED_EDGE('',*,*,#2920,.F.);
#1691=ORIENTED_EDGE('',*,*,#2921,.F.);
#1692=ORIENTED_EDGE('',*,*,#2917,.T.);
#1693=ORIENTED_EDGE('',*,*,#2922,.T.);
#1694=ORIENTED_EDGE('',*,*,#2923,.F.);
#1695=ORIENTED_EDGE('',*,*,#2924,.F.);
#1696=ORIENTED_EDGE('',*,*,#2920,.T.);
#1697=ORIENTED_EDGE('',*,*,#2925,.T.);
#1698=ORIENTED_EDGE('',*,*,#2926,.F.);
#1699=ORIENTED_EDGE('',*,*,#2927,.F.);
#1700=ORIENTED_EDGE('',*,*,#2923,.T.);
#1701=ORIENTED_EDGE('',*,*,#2928,.T.);
#1702=ORIENTED_EDGE('',*,*,#2929,.F.);
#1703=ORIENTED_EDGE('',*,*,#2930,.F.);
#1704=ORIENTED_EDGE('',*,*,#2926,.T.);
#1705=ORIENTED_EDGE('',*,*,#2931,.T.);
#1706=ORIENTED_EDGE('',*,*,#2932,.F.);
#1707=ORIENTED_EDGE('',*,*,#2933,.F.);
#1708=ORIENTED_EDGE('',*,*,#2929,.T.);
#1709=ORIENTED_EDGE('',*,*,#2934,.T.);
#1710=ORIENTED_EDGE('',*,*,#2935,.F.);
#1711=ORIENTED_EDGE('',*,*,#2936,.F.);
#1712=ORIENTED_EDGE('',*,*,#2932,.T.);
#1713=ORIENTED_EDGE('',*,*,#2937,.T.);
#1714=ORIENTED_EDGE('',*,*,#2938,.F.);
#1715=ORIENTED_EDGE('',*,*,#2939,.F.);
#1716=ORIENTED_EDGE('',*,*,#2935,.T.);
#1717=ORIENTED_EDGE('',*,*,#2940,.T.);
#1718=ORIENTED_EDGE('',*,*,#2941,.F.);
#1719=ORIENTED_EDGE('',*,*,#2942,.F.);
#1720=ORIENTED_EDGE('',*,*,#2938,.T.);
#1721=ORIENTED_EDGE('',*,*,#2943,.T.);
#1722=ORIENTED_EDGE('',*,*,#2944,.F.);
#1723=ORIENTED_EDGE('',*,*,#2945,.F.);
#1724=ORIENTED_EDGE('',*,*,#2941,.T.);
#1725=ORIENTED_EDGE('',*,*,#2946,.T.);
#1726=ORIENTED_EDGE('',*,*,#2947,.F.);
#1727=ORIENTED_EDGE('',*,*,#2948,.F.);
#1728=ORIENTED_EDGE('',*,*,#2944,.T.);
#1729=ORIENTED_EDGE('',*,*,#2949,.T.);
#1730=ORIENTED_EDGE('',*,*,#2950,.F.);
#1731=ORIENTED_EDGE('',*,*,#2951,.F.);
#1732=ORIENTED_EDGE('',*,*,#2947,.T.);
#1733=ORIENTED_EDGE('',*,*,#2952,.T.);
#1734=ORIENTED_EDGE('',*,*,#2953,.F.);
#1735=ORIENTED_EDGE('',*,*,#2954,.F.);
#1736=ORIENTED_EDGE('',*,*,#2950,.T.);
#1737=ORIENTED_EDGE('',*,*,#2955,.T.);
#1738=ORIENTED_EDGE('',*,*,#2956,.F.);
#1739=ORIENTED_EDGE('',*,*,#2957,.F.);
#1740=ORIENTED_EDGE('',*,*,#2953,.T.);
#1741=ORIENTED_EDGE('',*,*,#2958,.T.);
#1742=ORIENTED_EDGE('',*,*,#2959,.F.);
#1743=ORIENTED_EDGE('',*,*,#2960,.F.);
#1744=ORIENTED_EDGE('',*,*,#2956,.T.);
#1745=ORIENTED_EDGE('',*,*,#2961,.T.);
#1746=ORIENTED_EDGE('',*,*,#2962,.F.);
#1747=ORIENTED_EDGE('',*,*,#2963,.F.);
#1748=ORIENTED_EDGE('',*,*,#2959,.T.);
#1749=ORIENTED_EDGE('',*,*,#2964,.T.);
#1750=ORIENTED_EDGE('',*,*,#2965,.F.);
#1751=ORIENTED_EDGE('',*,*,#2966,.F.);
#1752=ORIENTED_EDGE('',*,*,#2962,.T.);
#1753=ORIENTED_EDGE('',*,*,#2967,.T.);
#1754=ORIENTED_EDGE('',*,*,#2968,.F.);
#1755=ORIENTED_EDGE('',*,*,#2969,.F.);
#1756=ORIENTED_EDGE('',*,*,#2965,.T.);
#1757=ORIENTED_EDGE('',*,*,#2970,.T.);
#1758=ORIENTED_EDGE('',*,*,#2971,.F.);
#1759=ORIENTED_EDGE('',*,*,#2972,.F.);
#1760=ORIENTED_EDGE('',*,*,#2968,.T.);
#1761=ORIENTED_EDGE('',*,*,#2973,.T.);
#1762=ORIENTED_EDGE('',*,*,#2915,.F.);
#1763=ORIENTED_EDGE('',*,*,#2974,.F.);
#1764=ORIENTED_EDGE('',*,*,#2971,.T.);
#1765=ORIENTED_EDGE('',*,*,#2914,.T.);
#1766=ORIENTED_EDGE('',*,*,#2918,.T.);
#1767=ORIENTED_EDGE('',*,*,#2921,.T.);
#1768=ORIENTED_EDGE('',*,*,#2924,.T.);
#1769=ORIENTED_EDGE('',*,*,#2927,.T.);
#1770=ORIENTED_EDGE('',*,*,#2930,.T.);
#1771=ORIENTED_EDGE('',*,*,#2933,.T.);
#1772=ORIENTED_EDGE('',*,*,#2936,.T.);
#1773=ORIENTED_EDGE('',*,*,#2939,.T.);
#1774=ORIENTED_EDGE('',*,*,#2942,.T.);
#1775=ORIENTED_EDGE('',*,*,#2945,.T.);
#1776=ORIENTED_EDGE('',*,*,#2948,.T.);
#1777=ORIENTED_EDGE('',*,*,#2951,.T.);
#1778=ORIENTED_EDGE('',*,*,#2954,.T.);
#1779=ORIENTED_EDGE('',*,*,#2957,.T.);
#1780=ORIENTED_EDGE('',*,*,#2960,.T.);
#1781=ORIENTED_EDGE('',*,*,#2963,.T.);
#1782=ORIENTED_EDGE('',*,*,#2966,.T.);
#1783=ORIENTED_EDGE('',*,*,#2969,.T.);
#1784=ORIENTED_EDGE('',*,*,#2972,.T.);
#1785=ORIENTED_EDGE('',*,*,#2974,.T.);
#1786=ORIENTED_EDGE('',*,*,#2912,.F.);
#1787=ORIENTED_EDGE('',*,*,#2973,.F.);
#1788=ORIENTED_EDGE('',*,*,#2970,.F.);
#1789=ORIENTED_EDGE('',*,*,#2967,.F.);
#1790=ORIENTED_EDGE('',*,*,#2964,.F.);
#1791=ORIENTED_EDGE('',*,*,#2961,.F.);
#1792=ORIENTED_EDGE('',*,*,#2958,.F.);
#1793=ORIENTED_EDGE('',*,*,#2955,.F.);
#1794=ORIENTED_EDGE('',*,*,#2952,.F.);
#1795=ORIENTED_EDGE('',*,*,#2949,.F.);
#1796=ORIENTED_EDGE('',*,*,#2946,.F.);
#1797=ORIENTED_EDGE('',*,*,#2943,.F.);
#1798=ORIENTED_EDGE('',*,*,#2940,.F.);
#1799=ORIENTED_EDGE('',*,*,#2937,.F.);
#1800=ORIENTED_EDGE('',*,*,#2934,.F.);
#1801=ORIENTED_EDGE('',*,*,#2931,.F.);
#1802=ORIENTED_EDGE('',*,*,#2928,.F.);
#1803=ORIENTED_EDGE('',*,*,#2925,.F.);
#1804=ORIENTED_EDGE('',*,*,#2922,.F.);
#1805=ORIENTED_EDGE('',*,*,#2919,.F.);
#1806=ORIENTED_EDGE('',*,*,#2916,.F.);
#1807=ORIENTED_EDGE('',*,*,#2975,.T.);
#1808=ORIENTED_EDGE('',*,*,#2976,.T.);
#1809=ORIENTED_EDGE('',*,*,#2977,.T.);
#1810=ORIENTED_EDGE('',*,*,#2978,.T.);
#1811=ORIENTED_EDGE('',*,*,#2979,.T.);
#1812=ORIENTED_EDGE('',*,*,#2980,.T.);
#1813=ORIENTED_EDGE('',*,*,#2981,.T.);
#1814=ORIENTED_EDGE('',*,*,#2982,.F.);
#1815=ORIENTED_EDGE('',*,*,#2983,.F.);
#1816=ORIENTED_EDGE('',*,*,#2984,.F.);
#1817=ORIENTED_EDGE('',*,*,#2985,.F.);
#1818=ORIENTED_EDGE('',*,*,#2986,.F.);
#1819=ORIENTED_EDGE('',*,*,#2987,.F.);
#1820=ORIENTED_EDGE('',*,*,#2988,.F.);
#1821=ORIENTED_EDGE('',*,*,#2989,.F.);
#1822=ORIENTED_EDGE('',*,*,#2990,.F.);
#1823=ORIENTED_EDGE('',*,*,#2991,.F.);
#1824=ORIENTED_EDGE('',*,*,#2992,.F.);
#1825=ORIENTED_EDGE('',*,*,#2993,.F.);
#1826=ORIENTED_EDGE('',*,*,#2994,.F.);
#1827=ORIENTED_EDGE('',*,*,#2995,.F.);
#1828=ORIENTED_EDGE('',*,*,#2996,.T.);
#1829=ORIENTED_EDGE('',*,*,#2997,.T.);
#1830=ORIENTED_EDGE('',*,*,#2998,.T.);
#1831=ORIENTED_EDGE('',*,*,#2999,.T.);
#1832=ORIENTED_EDGE('',*,*,#3000,.T.);
#1833=ORIENTED_EDGE('',*,*,#3001,.T.);
#1834=ORIENTED_EDGE('',*,*,#3002,.T.);
#1835=ORIENTED_EDGE('',*,*,#2989,.T.);
#1836=ORIENTED_EDGE('',*,*,#3003,.F.);
#1837=ORIENTED_EDGE('',*,*,#2975,.F.);
#1838=ORIENTED_EDGE('',*,*,#3004,.T.);
#1839=ORIENTED_EDGE('',*,*,#2995,.T.);
#1840=ORIENTED_EDGE('',*,*,#3005,.F.);
#1841=ORIENTED_EDGE('',*,*,#2976,.F.);
#1842=ORIENTED_EDGE('',*,*,#3003,.T.);
#1843=ORIENTED_EDGE('',*,*,#2994,.T.);
#1844=ORIENTED_EDGE('',*,*,#3006,.F.);
#1845=ORIENTED_EDGE('',*,*,#2977,.F.);
#1846=ORIENTED_EDGE('',*,*,#3005,.T.);
#1847=ORIENTED_EDGE('',*,*,#2993,.T.);
#1848=ORIENTED_EDGE('',*,*,#3007,.F.);
#1849=ORIENTED_EDGE('',*,*,#2978,.F.);
#1850=ORIENTED_EDGE('',*,*,#3006,.T.);
#1851=ORIENTED_EDGE('',*,*,#2992,.T.);
#1852=ORIENTED_EDGE('',*,*,#3008,.F.);
#1853=ORIENTED_EDGE('',*,*,#2979,.F.);
#1854=ORIENTED_EDGE('',*,*,#3007,.T.);
#1855=ORIENTED_EDGE('',*,*,#2991,.T.);
#1856=ORIENTED_EDGE('',*,*,#3009,.F.);
#1857=ORIENTED_EDGE('',*,*,#2980,.F.);
#1858=ORIENTED_EDGE('',*,*,#3008,.T.);
#1859=ORIENTED_EDGE('',*,*,#2990,.T.);
#1860=ORIENTED_EDGE('',*,*,#3004,.F.);
#1861=ORIENTED_EDGE('',*,*,#2981,.F.);
#1862=ORIENTED_EDGE('',*,*,#3009,.T.);
#1863=ORIENTED_EDGE('',*,*,#2996,.F.);
#1864=ORIENTED_EDGE('',*,*,#3010,.F.);
#1865=ORIENTED_EDGE('',*,*,#2983,.T.);
#1866=ORIENTED_EDGE('',*,*,#3011,.T.);
#1867=ORIENTED_EDGE('',*,*,#2997,.F.);
#1868=ORIENTED_EDGE('',*,*,#3011,.F.);
#1869=ORIENTED_EDGE('',*,*,#2982,.T.);
#1870=ORIENTED_EDGE('',*,*,#3012,.T.);
#1871=ORIENTED_EDGE('',*,*,#2998,.F.);
#1872=ORIENTED_EDGE('',*,*,#3012,.F.);
#1873=ORIENTED_EDGE('',*,*,#2988,.T.);
#1874=ORIENTED_EDGE('',*,*,#3013,.T.);
#1875=ORIENTED_EDGE('',*,*,#2999,.F.);
#1876=ORIENTED_EDGE('',*,*,#3013,.F.);
#1877=ORIENTED_EDGE('',*,*,#2987,.T.);
#1878=ORIENTED_EDGE('',*,*,#3014,.T.);
#1879=ORIENTED_EDGE('',*,*,#3000,.F.);
#1880=ORIENTED_EDGE('',*,*,#3014,.F.);
#1881=ORIENTED_EDGE('',*,*,#2986,.T.);
#1882=ORIENTED_EDGE('',*,*,#3015,.T.);
#1883=ORIENTED_EDGE('',*,*,#3001,.F.);
#1884=ORIENTED_EDGE('',*,*,#3015,.F.);
#1885=ORIENTED_EDGE('',*,*,#2985,.T.);
#1886=ORIENTED_EDGE('',*,*,#3016,.T.);
#1887=ORIENTED_EDGE('',*,*,#3002,.F.);
#1888=ORIENTED_EDGE('',*,*,#3016,.F.);
#1889=ORIENTED_EDGE('',*,*,#2984,.T.);
#1890=ORIENTED_EDGE('',*,*,#3010,.T.);
#1891=ORIENTED_EDGE('',*,*,#3017,.T.);
#1892=ORIENTED_EDGE('',*,*,#3018,.T.);
#1893=ORIENTED_EDGE('',*,*,#3019,.T.);
#1894=ORIENTED_EDGE('',*,*,#3020,.T.);
#1895=ORIENTED_EDGE('',*,*,#3021,.T.);
#1896=ORIENTED_EDGE('',*,*,#3022,.T.);
#1897=ORIENTED_EDGE('',*,*,#3023,.T.);
#1898=ORIENTED_EDGE('',*,*,#3024,.T.);
#1899=ORIENTED_EDGE('',*,*,#3025,.T.);
#1900=ORIENTED_EDGE('',*,*,#3026,.T.);
#1901=ORIENTED_EDGE('',*,*,#3027,.T.);
#1902=ORIENTED_EDGE('',*,*,#3028,.T.);
#1903=ORIENTED_EDGE('',*,*,#3029,.T.);
#1904=ORIENTED_EDGE('',*,*,#3030,.T.);
#1905=ORIENTED_EDGE('',*,*,#3031,.T.);
#1906=ORIENTED_EDGE('',*,*,#3032,.T.);
#1907=ORIENTED_EDGE('',*,*,#3033,.T.);
#1908=ORIENTED_EDGE('',*,*,#3034,.T.);
#1909=ORIENTED_EDGE('',*,*,#3035,.T.);
#1910=ORIENTED_EDGE('',*,*,#3036,.T.);
#1911=ORIENTED_EDGE('',*,*,#3037,.T.);
#1912=ORIENTED_EDGE('',*,*,#3038,.T.);
#1913=ORIENTED_EDGE('',*,*,#3039,.T.);
#1914=ORIENTED_EDGE('',*,*,#3040,.T.);
#1915=ORIENTED_EDGE('',*,*,#3041,.T.);
#1916=ORIENTED_EDGE('',*,*,#3042,.T.);
#1917=ORIENTED_EDGE('',*,*,#3043,.T.);
#1918=ORIENTED_EDGE('',*,*,#3044,.T.);
#1919=ORIENTED_EDGE('',*,*,#3045,.T.);
#1920=ORIENTED_EDGE('',*,*,#3046,.T.);
#1921=ORIENTED_EDGE('',*,*,#3047,.T.);
#1922=ORIENTED_EDGE('',*,*,#3048,.T.);
#1923=ORIENTED_EDGE('',*,*,#3049,.T.);
#1924=ORIENTED_EDGE('',*,*,#3050,.F.);
#1925=ORIENTED_EDGE('',*,*,#3051,.F.);
#1926=ORIENTED_EDGE('',*,*,#3052,.F.);
#1927=ORIENTED_EDGE('',*,*,#3053,.F.);
#1928=ORIENTED_EDGE('',*,*,#3054,.F.);
#1929=ORIENTED_EDGE('',*,*,#3055,.F.);
#1930=ORIENTED_EDGE('',*,*,#3056,.F.);
#1931=ORIENTED_EDGE('',*,*,#3057,.F.);
#1932=ORIENTED_EDGE('',*,*,#3058,.F.);
#1933=ORIENTED_EDGE('',*,*,#3059,.F.);
#1934=ORIENTED_EDGE('',*,*,#3060,.F.);
#1935=ORIENTED_EDGE('',*,*,#3061,.F.);
#1936=ORIENTED_EDGE('',*,*,#3062,.F.);
#1937=ORIENTED_EDGE('',*,*,#3063,.F.);
#1938=ORIENTED_EDGE('',*,*,#3064,.F.);
#1939=ORIENTED_EDGE('',*,*,#3065,.F.);
#1940=ORIENTED_EDGE('',*,*,#3066,.F.);
#1941=ORIENTED_EDGE('',*,*,#3067,.F.);
#1942=ORIENTED_EDGE('',*,*,#3068,.F.);
#1943=ORIENTED_EDGE('',*,*,#3069,.F.);
#1944=ORIENTED_EDGE('',*,*,#3070,.F.);
#1945=ORIENTED_EDGE('',*,*,#3071,.F.);
#1946=ORIENTED_EDGE('',*,*,#3072,.F.);
#1947=ORIENTED_EDGE('',*,*,#3073,.F.);
#1948=ORIENTED_EDGE('',*,*,#3074,.F.);
#1949=ORIENTED_EDGE('',*,*,#3075,.F.);
#1950=ORIENTED_EDGE('',*,*,#3076,.F.);
#1951=ORIENTED_EDGE('',*,*,#3077,.F.);
#1952=ORIENTED_EDGE('',*,*,#3078,.F.);
#1953=ORIENTED_EDGE('',*,*,#3079,.F.);
#1954=ORIENTED_EDGE('',*,*,#3080,.F.);
#1955=ORIENTED_EDGE('',*,*,#3081,.F.);
#1956=ORIENTED_EDGE('',*,*,#3082,.F.);
#1957=ORIENTED_EDGE('',*,*,#3083,.F.);
#1958=ORIENTED_EDGE('',*,*,#3084,.F.);
#1959=ORIENTED_EDGE('',*,*,#3085,.T.);
#1960=ORIENTED_EDGE('',*,*,#3086,.T.);
#1961=ORIENTED_EDGE('',*,*,#3052,.T.);
#1962=ORIENTED_EDGE('',*,*,#3017,.F.);
#1963=ORIENTED_EDGE('',*,*,#3084,.T.);
#1964=ORIENTED_EDGE('',*,*,#3087,.F.);
#1965=ORIENTED_EDGE('',*,*,#3018,.F.);
#1966=ORIENTED_EDGE('',*,*,#3083,.T.);
#1967=ORIENTED_EDGE('',*,*,#3088,.F.);
#1968=ORIENTED_EDGE('',*,*,#3019,.F.);
#1969=ORIENTED_EDGE('',*,*,#3087,.T.);
#1970=ORIENTED_EDGE('',*,*,#3082,.T.);
#1971=ORIENTED_EDGE('',*,*,#3089,.F.);
#1972=ORIENTED_EDGE('',*,*,#3020,.F.);
#1973=ORIENTED_EDGE('',*,*,#3088,.T.);
#1974=ORIENTED_EDGE('',*,*,#3081,.T.);
#1975=ORIENTED_EDGE('',*,*,#3090,.F.);
#1976=ORIENTED_EDGE('',*,*,#3021,.F.);
#1977=ORIENTED_EDGE('',*,*,#3089,.T.);
#1978=ORIENTED_EDGE('',*,*,#3080,.T.);
#1979=ORIENTED_EDGE('',*,*,#3091,.F.);
#1980=ORIENTED_EDGE('',*,*,#3022,.F.);
#1981=ORIENTED_EDGE('',*,*,#3090,.T.);
#1982=ORIENTED_EDGE('',*,*,#3079,.T.);
#1983=ORIENTED_EDGE('',*,*,#3092,.F.);
#1984=ORIENTED_EDGE('',*,*,#3023,.F.);
#1985=ORIENTED_EDGE('',*,*,#3091,.T.);
#1986=ORIENTED_EDGE('',*,*,#3078,.T.);
#1987=ORIENTED_EDGE('',*,*,#3093,.F.);
#1988=ORIENTED_EDGE('',*,*,#3024,.F.);
#1989=ORIENTED_EDGE('',*,*,#3092,.T.);
#1990=ORIENTED_EDGE('',*,*,#3077,.T.);
#1991=ORIENTED_EDGE('',*,*,#3094,.F.);
#1992=ORIENTED_EDGE('',*,*,#3025,.F.);
#1993=ORIENTED_EDGE('',*,*,#3093,.T.);
#1994=ORIENTED_EDGE('',*,*,#3076,.T.);
#1995=ORIENTED_EDGE('',*,*,#3026,.F.);
#1996=ORIENTED_EDGE('',*,*,#3094,.T.);
#1997=ORIENTED_EDGE('',*,*,#3075,.T.);
#1998=ORIENTED_EDGE('',*,*,#3027,.F.);
#1999=ORIENTED_EDGE('',*,*,#3074,.T.);
#2000=ORIENTED_EDGE('',*,*,#3095,.F.);
#2001=ORIENTED_EDGE('',*,*,#3028,.F.);
#2002=ORIENTED_EDGE('',*,*,#3073,.T.);
#2003=ORIENTED_EDGE('',*,*,#3096,.F.);
#2004=ORIENTED_EDGE('',*,*,#3029,.F.);
#2005=ORIENTED_EDGE('',*,*,#3095,.T.);
#2006=ORIENTED_EDGE('',*,*,#3072,.T.);
#2007=ORIENTED_EDGE('',*,*,#3097,.F.);
#2008=ORIENTED_EDGE('',*,*,#3030,.F.);
#2009=ORIENTED_EDGE('',*,*,#3096,.T.);
#2010=ORIENTED_EDGE('',*,*,#3071,.T.);
#2011=ORIENTED_EDGE('',*,*,#3098,.F.);
#2012=ORIENTED_EDGE('',*,*,#3031,.F.);
#2013=ORIENTED_EDGE('',*,*,#3097,.T.);
#2014=ORIENTED_EDGE('',*,*,#3070,.T.);
#2015=ORIENTED_EDGE('',*,*,#3099,.F.);
#2016=ORIENTED_EDGE('',*,*,#3032,.F.);
#2017=ORIENTED_EDGE('',*,*,#3098,.T.);
#2018=ORIENTED_EDGE('',*,*,#3069,.T.);
#2019=ORIENTED_EDGE('',*,*,#3100,.F.);
#2020=ORIENTED_EDGE('',*,*,#3033,.F.);
#2021=ORIENTED_EDGE('',*,*,#3099,.T.);
#2022=ORIENTED_EDGE('',*,*,#3068,.T.);
#2023=ORIENTED_EDGE('',*,*,#3101,.F.);
#2024=ORIENTED_EDGE('',*,*,#3034,.F.);
#2025=ORIENTED_EDGE('',*,*,#3100,.T.);
#2026=ORIENTED_EDGE('',*,*,#3067,.T.);
#2027=ORIENTED_EDGE('',*,*,#3102,.F.);
#2028=ORIENTED_EDGE('',*,*,#3035,.F.);
#2029=ORIENTED_EDGE('',*,*,#3101,.T.);
#2030=ORIENTED_EDGE('',*,*,#3066,.T.);
#2031=ORIENTED_EDGE('',*,*,#3103,.F.);
#2032=ORIENTED_EDGE('',*,*,#3036,.F.);
#2033=ORIENTED_EDGE('',*,*,#3102,.T.);
#2034=ORIENTED_EDGE('',*,*,#3065,.T.);
#2035=ORIENTED_EDGE('',*,*,#3104,.F.);
#2036=ORIENTED_EDGE('',*,*,#3037,.F.);
#2037=ORIENTED_EDGE('',*,*,#3103,.T.);
#2038=ORIENTED_EDGE('',*,*,#3064,.T.);
#2039=ORIENTED_EDGE('',*,*,#3105,.F.);
#2040=ORIENTED_EDGE('',*,*,#3038,.F.);
#2041=ORIENTED_EDGE('',*,*,#3104,.T.);
#2042=ORIENTED_EDGE('',*,*,#3063,.T.);
#2043=ORIENTED_EDGE('',*,*,#3106,.F.);
#2044=ORIENTED_EDGE('',*,*,#3039,.F.);
#2045=ORIENTED_EDGE('',*,*,#3105,.T.);
#2046=ORIENTED_EDGE('',*,*,#3062,.T.);
#2047=ORIENTED_EDGE('',*,*,#3107,.F.);
#2048=ORIENTED_EDGE('',*,*,#3040,.F.);
#2049=ORIENTED_EDGE('',*,*,#3106,.T.);
#2050=ORIENTED_EDGE('',*,*,#3061,.T.);
#2051=ORIENTED_EDGE('',*,*,#3108,.F.);
#2052=ORIENTED_EDGE('',*,*,#3041,.F.);
#2053=ORIENTED_EDGE('',*,*,#3107,.T.);
#2054=ORIENTED_EDGE('',*,*,#3060,.T.);
#2055=ORIENTED_EDGE('',*,*,#3109,.F.);
#2056=ORIENTED_EDGE('',*,*,#3042,.F.);
#2057=ORIENTED_EDGE('',*,*,#3108,.T.);
#2058=ORIENTED_EDGE('',*,*,#3059,.T.);
#2059=ORIENTED_EDGE('',*,*,#3043,.F.);
#2060=ORIENTED_EDGE('',*,*,#3109,.T.);
#2061=ORIENTED_EDGE('',*,*,#3058,.T.);
#2062=ORIENTED_EDGE('',*,*,#3044,.F.);
#2063=ORIENTED_EDGE('',*,*,#3057,.T.);
#2064=ORIENTED_EDGE('',*,*,#3110,.F.);
#2065=ORIENTED_EDGE('',*,*,#3045,.F.);
#2066=ORIENTED_EDGE('',*,*,#3056,.T.);
#2067=ORIENTED_EDGE('',*,*,#3111,.F.);
#2068=ORIENTED_EDGE('',*,*,#3046,.F.);
#2069=ORIENTED_EDGE('',*,*,#3110,.T.);
#2070=ORIENTED_EDGE('',*,*,#3055,.T.);
#2071=ORIENTED_EDGE('',*,*,#3112,.F.);
#2072=ORIENTED_EDGE('',*,*,#3047,.F.);
#2073=ORIENTED_EDGE('',*,*,#3111,.T.);
#2074=ORIENTED_EDGE('',*,*,#3054,.T.);
#2075=ORIENTED_EDGE('',*,*,#3113,.F.);
#2076=ORIENTED_EDGE('',*,*,#3048,.F.);
#2077=ORIENTED_EDGE('',*,*,#3112,.T.);
#2078=ORIENTED_EDGE('',*,*,#3053,.T.);
#2079=ORIENTED_EDGE('',*,*,#3049,.F.);
#2080=ORIENTED_EDGE('',*,*,#3113,.T.);
#2081=ORIENTED_EDGE('',*,*,#3086,.F.);
#2082=ORIENTED_EDGE('',*,*,#3114,.F.);
#2083=ORIENTED_EDGE('',*,*,#3050,.T.);
#2084=ORIENTED_EDGE('',*,*,#3115,.T.);
#2085=ORIENTED_EDGE('',*,*,#3085,.F.);
#2086=ORIENTED_EDGE('',*,*,#3115,.F.);
#2087=ORIENTED_EDGE('',*,*,#3051,.T.);
#2088=ORIENTED_EDGE('',*,*,#3114,.T.);
#2089=ORIENTED_EDGE('',*,*,#3116,.T.);
#2090=ORIENTED_EDGE('',*,*,#3117,.T.);
#2091=ORIENTED_EDGE('',*,*,#3118,.T.);
#2092=ORIENTED_EDGE('',*,*,#3119,.T.);
#2093=ORIENTED_EDGE('',*,*,#3120,.T.);
#2094=ORIENTED_EDGE('',*,*,#3121,.T.);
#2095=ORIENTED_EDGE('',*,*,#3122,.T.);
#2096=ORIENTED_EDGE('',*,*,#3123,.T.);
#2097=ORIENTED_EDGE('',*,*,#3124,.F.);
#2098=ORIENTED_EDGE('',*,*,#3125,.F.);
#2099=ORIENTED_EDGE('',*,*,#3126,.F.);
#2100=ORIENTED_EDGE('',*,*,#3127,.F.);
#2101=ORIENTED_EDGE('',*,*,#3128,.F.);
#2102=ORIENTED_EDGE('',*,*,#3129,.F.);
#2103=ORIENTED_EDGE('',*,*,#3130,.F.);
#2104=ORIENTED_EDGE('',*,*,#3131,.F.);
#2105=ORIENTED_EDGE('',*,*,#3132,.F.);
#2106=ORIENTED_EDGE('',*,*,#3133,.F.);
#2107=ORIENTED_EDGE('',*,*,#3134,.F.);
#2108=ORIENTED_EDGE('',*,*,#3135,.F.);
#2109=ORIENTED_EDGE('',*,*,#3136,.F.);
#2110=ORIENTED_EDGE('',*,*,#3137,.F.);
#2111=ORIENTED_EDGE('',*,*,#3138,.T.);
#2112=ORIENTED_EDGE('',*,*,#3139,.T.);
#2113=ORIENTED_EDGE('',*,*,#3140,.T.);
#2114=ORIENTED_EDGE('',*,*,#3141,.T.);
#2115=ORIENTED_EDGE('',*,*,#3142,.T.);
#2116=ORIENTED_EDGE('',*,*,#3143,.T.);
#2117=ORIENTED_EDGE('',*,*,#3130,.T.);
#2118=ORIENTED_EDGE('',*,*,#3144,.F.);
#2119=ORIENTED_EDGE('',*,*,#3116,.F.);
#2120=ORIENTED_EDGE('',*,*,#3145,.T.);
#2121=ORIENTED_EDGE('',*,*,#3137,.T.);
#2122=ORIENTED_EDGE('',*,*,#3146,.F.);
#2123=ORIENTED_EDGE('',*,*,#3117,.F.);
#2124=ORIENTED_EDGE('',*,*,#3144,.T.);
#2125=ORIENTED_EDGE('',*,*,#3136,.T.);
#2126=ORIENTED_EDGE('',*,*,#3147,.F.);
#2127=ORIENTED_EDGE('',*,*,#3118,.F.);
#2128=ORIENTED_EDGE('',*,*,#3146,.T.);
#2129=ORIENTED_EDGE('',*,*,#3135,.T.);
#2130=ORIENTED_EDGE('',*,*,#3148,.F.);
#2131=ORIENTED_EDGE('',*,*,#3119,.F.);
#2132=ORIENTED_EDGE('',*,*,#3147,.T.);
#2133=ORIENTED_EDGE('',*,*,#3134,.T.);
#2134=ORIENTED_EDGE('',*,*,#3149,.F.);
#2135=ORIENTED_EDGE('',*,*,#3120,.F.);
#2136=ORIENTED_EDGE('',*,*,#3148,.T.);
#2137=ORIENTED_EDGE('',*,*,#3133,.T.);
#2138=ORIENTED_EDGE('',*,*,#3150,.F.);
#2139=ORIENTED_EDGE('',*,*,#3121,.F.);
#2140=ORIENTED_EDGE('',*,*,#3149,.T.);
#2141=ORIENTED_EDGE('',*,*,#3132,.T.);
#2142=ORIENTED_EDGE('',*,*,#3151,.F.);
#2143=ORIENTED_EDGE('',*,*,#3122,.F.);
#2144=ORIENTED_EDGE('',*,*,#3150,.T.);
#2145=ORIENTED_EDGE('',*,*,#3131,.T.);
#2146=ORIENTED_EDGE('',*,*,#3145,.F.);
#2147=ORIENTED_EDGE('',*,*,#3123,.F.);
#2148=ORIENTED_EDGE('',*,*,#3151,.T.);
#2149=ORIENTED_EDGE('',*,*,#3139,.F.);
#2150=ORIENTED_EDGE('',*,*,#3152,.F.);
#2151=ORIENTED_EDGE('',*,*,#3124,.T.);
#2152=ORIENTED_EDGE('',*,*,#3153,.T.);
#2153=ORIENTED_EDGE('',*,*,#3140,.F.);
#2154=ORIENTED_EDGE('',*,*,#3153,.F.);
#2155=ORIENTED_EDGE('',*,*,#3129,.T.);
#2156=ORIENTED_EDGE('',*,*,#3154,.T.);
#2157=ORIENTED_EDGE('',*,*,#3141,.F.);
#2158=ORIENTED_EDGE('',*,*,#3154,.F.);
#2159=ORIENTED_EDGE('',*,*,#3128,.T.);
#2160=ORIENTED_EDGE('',*,*,#3155,.T.);
#2161=ORIENTED_EDGE('',*,*,#3142,.F.);
#2162=ORIENTED_EDGE('',*,*,#3155,.F.);
#2163=ORIENTED_EDGE('',*,*,#3127,.T.);
#2164=ORIENTED_EDGE('',*,*,#3156,.T.);
#2165=ORIENTED_EDGE('',*,*,#3143,.F.);
#2166=ORIENTED_EDGE('',*,*,#3156,.F.);
#2167=ORIENTED_EDGE('',*,*,#3126,.T.);
#2168=ORIENTED_EDGE('',*,*,#3157,.T.);
#2169=ORIENTED_EDGE('',*,*,#3138,.F.);
#2170=ORIENTED_EDGE('',*,*,#3157,.F.);
#2171=ORIENTED_EDGE('',*,*,#3125,.T.);
#2172=ORIENTED_EDGE('',*,*,#3152,.T.);
#2173=ORIENTED_EDGE('',*,*,#3158,.T.);
#2174=ORIENTED_EDGE('',*,*,#3159,.F.);
#2175=ORIENTED_EDGE('',*,*,#3160,.F.);
#2176=ORIENTED_EDGE('',*,*,#3161,.T.);
#2177=ORIENTED_EDGE('',*,*,#3162,.T.);
#2178=ORIENTED_EDGE('',*,*,#3163,.F.);
#2179=ORIENTED_EDGE('',*,*,#3164,.F.);
#2180=ORIENTED_EDGE('',*,*,#3159,.T.);
#2181=ORIENTED_EDGE('',*,*,#3165,.T.);
#2182=ORIENTED_EDGE('',*,*,#3166,.F.);
#2183=ORIENTED_EDGE('',*,*,#3167,.F.);
#2184=ORIENTED_EDGE('',*,*,#3163,.T.);
#2185=ORIENTED_EDGE('',*,*,#3168,.T.);
#2186=ORIENTED_EDGE('',*,*,#3169,.F.);
#2187=ORIENTED_EDGE('',*,*,#3170,.F.);
#2188=ORIENTED_EDGE('',*,*,#3166,.T.);
#2189=ORIENTED_EDGE('',*,*,#3171,.T.);
#2190=ORIENTED_EDGE('',*,*,#3172,.F.);
#2191=ORIENTED_EDGE('',*,*,#3173,.F.);
#2192=ORIENTED_EDGE('',*,*,#3169,.T.);
#2193=ORIENTED_EDGE('',*,*,#3174,.T.);
#2194=ORIENTED_EDGE('',*,*,#3175,.F.);
#2195=ORIENTED_EDGE('',*,*,#3176,.F.);
#2196=ORIENTED_EDGE('',*,*,#3172,.T.);
#2197=ORIENTED_EDGE('',*,*,#3177,.T.);
#2198=ORIENTED_EDGE('',*,*,#3178,.F.);
#2199=ORIENTED_EDGE('',*,*,#3179,.F.);
#2200=ORIENTED_EDGE('',*,*,#3175,.T.);
#2201=ORIENTED_EDGE('',*,*,#3180,.T.);
#2202=ORIENTED_EDGE('',*,*,#3181,.F.);
#2203=ORIENTED_EDGE('',*,*,#3182,.F.);
#2204=ORIENTED_EDGE('',*,*,#3178,.T.);
#2205=ORIENTED_EDGE('',*,*,#3183,.T.);
#2206=ORIENTED_EDGE('',*,*,#3184,.F.);
#2207=ORIENTED_EDGE('',*,*,#3185,.F.);
#2208=ORIENTED_EDGE('',*,*,#3181,.T.);
#2209=ORIENTED_EDGE('',*,*,#3186,.T.);
#2210=ORIENTED_EDGE('',*,*,#3187,.F.);
#2211=ORIENTED_EDGE('',*,*,#3188,.F.);
#2212=ORIENTED_EDGE('',*,*,#3184,.T.);
#2213=ORIENTED_EDGE('',*,*,#3189,.T.);
#2214=ORIENTED_EDGE('',*,*,#3190,.F.);
#2215=ORIENTED_EDGE('',*,*,#3191,.F.);
#2216=ORIENTED_EDGE('',*,*,#3187,.T.);
#2217=ORIENTED_EDGE('',*,*,#3192,.T.);
#2218=ORIENTED_EDGE('',*,*,#3193,.F.);
#2219=ORIENTED_EDGE('',*,*,#3194,.F.);
#2220=ORIENTED_EDGE('',*,*,#3190,.T.);
#2221=ORIENTED_EDGE('',*,*,#3195,.T.);
#2222=ORIENTED_EDGE('',*,*,#3196,.F.);
#2223=ORIENTED_EDGE('',*,*,#3197,.F.);
#2224=ORIENTED_EDGE('',*,*,#3193,.T.);
#2225=ORIENTED_EDGE('',*,*,#3198,.T.);
#2226=ORIENTED_EDGE('',*,*,#3161,.F.);
#2227=ORIENTED_EDGE('',*,*,#3199,.F.);
#2228=ORIENTED_EDGE('',*,*,#3196,.T.);
#2229=ORIENTED_EDGE('',*,*,#3160,.T.);
#2230=ORIENTED_EDGE('',*,*,#3164,.T.);
#2231=ORIENTED_EDGE('',*,*,#3167,.T.);
#2232=ORIENTED_EDGE('',*,*,#3170,.T.);
#2233=ORIENTED_EDGE('',*,*,#3173,.T.);
#2234=ORIENTED_EDGE('',*,*,#3176,.T.);
#2235=ORIENTED_EDGE('',*,*,#3179,.T.);
#2236=ORIENTED_EDGE('',*,*,#3182,.T.);
#2237=ORIENTED_EDGE('',*,*,#3185,.T.);
#2238=ORIENTED_EDGE('',*,*,#3188,.T.);
#2239=ORIENTED_EDGE('',*,*,#3191,.T.);
#2240=ORIENTED_EDGE('',*,*,#3194,.T.);
#2241=ORIENTED_EDGE('',*,*,#3197,.T.);
#2242=ORIENTED_EDGE('',*,*,#3199,.T.);
#2243=ORIENTED_EDGE('',*,*,#3158,.F.);
#2244=ORIENTED_EDGE('',*,*,#3198,.F.);
#2245=ORIENTED_EDGE('',*,*,#3195,.F.);
#2246=ORIENTED_EDGE('',*,*,#3192,.F.);
#2247=ORIENTED_EDGE('',*,*,#3189,.F.);
#2248=ORIENTED_EDGE('',*,*,#3186,.F.);
#2249=ORIENTED_EDGE('',*,*,#3183,.F.);
#2250=ORIENTED_EDGE('',*,*,#3180,.F.);
#2251=ORIENTED_EDGE('',*,*,#3177,.F.);
#2252=ORIENTED_EDGE('',*,*,#3174,.F.);
#2253=ORIENTED_EDGE('',*,*,#3171,.F.);
#2254=ORIENTED_EDGE('',*,*,#3168,.F.);
#2255=ORIENTED_EDGE('',*,*,#3165,.F.);
#2256=ORIENTED_EDGE('',*,*,#3162,.F.);
#2257=ORIENTED_EDGE('',*,*,#3200,.T.);
#2258=ORIENTED_EDGE('',*,*,#3201,.T.);
#2259=ORIENTED_EDGE('',*,*,#3202,.T.);
#2260=ORIENTED_EDGE('',*,*,#3203,.T.);
#2261=ORIENTED_EDGE('',*,*,#3204,.T.);
#2262=ORIENTED_EDGE('',*,*,#3205,.T.);
#2263=ORIENTED_EDGE('',*,*,#3206,.T.);
#2264=ORIENTED_EDGE('',*,*,#3207,.T.);
#2265=ORIENTED_EDGE('',*,*,#3208,.F.);
#2266=ORIENTED_EDGE('',*,*,#3209,.F.);
#2267=ORIENTED_EDGE('',*,*,#3210,.F.);
#2268=ORIENTED_EDGE('',*,*,#3211,.F.);
#2269=ORIENTED_EDGE('',*,*,#3212,.F.);
#2270=ORIENTED_EDGE('',*,*,#3213,.F.);
#2271=ORIENTED_EDGE('',*,*,#3214,.F.);
#2272=ORIENTED_EDGE('',*,*,#3215,.F.);
#2273=ORIENTED_EDGE('',*,*,#3216,.F.);
#2274=ORIENTED_EDGE('',*,*,#3217,.F.);
#2275=ORIENTED_EDGE('',*,*,#3218,.F.);
#2276=ORIENTED_EDGE('',*,*,#3219,.F.);
#2277=ORIENTED_EDGE('',*,*,#3220,.F.);
#2278=ORIENTED_EDGE('',*,*,#3221,.F.);
#2279=ORIENTED_EDGE('',*,*,#3222,.T.);
#2280=ORIENTED_EDGE('',*,*,#3223,.T.);
#2281=ORIENTED_EDGE('',*,*,#3224,.T.);
#2282=ORIENTED_EDGE('',*,*,#3225,.T.);
#2283=ORIENTED_EDGE('',*,*,#3226,.T.);
#2284=ORIENTED_EDGE('',*,*,#3227,.T.);
#2285=ORIENTED_EDGE('',*,*,#3214,.T.);
#2286=ORIENTED_EDGE('',*,*,#3228,.F.);
#2287=ORIENTED_EDGE('',*,*,#3200,.F.);
#2288=ORIENTED_EDGE('',*,*,#3229,.T.);
#2289=ORIENTED_EDGE('',*,*,#3221,.T.);
#2290=ORIENTED_EDGE('',*,*,#3230,.F.);
#2291=ORIENTED_EDGE('',*,*,#3201,.F.);
#2292=ORIENTED_EDGE('',*,*,#3228,.T.);
#2293=ORIENTED_EDGE('',*,*,#3220,.T.);
#2294=ORIENTED_EDGE('',*,*,#3231,.F.);
#2295=ORIENTED_EDGE('',*,*,#3202,.F.);
#2296=ORIENTED_EDGE('',*,*,#3230,.T.);
#2297=ORIENTED_EDGE('',*,*,#3219,.T.);
#2298=ORIENTED_EDGE('',*,*,#3232,.F.);
#2299=ORIENTED_EDGE('',*,*,#3203,.F.);
#2300=ORIENTED_EDGE('',*,*,#3231,.T.);
#2301=ORIENTED_EDGE('',*,*,#3218,.T.);
#2302=ORIENTED_EDGE('',*,*,#3233,.F.);
#2303=ORIENTED_EDGE('',*,*,#3204,.F.);
#2304=ORIENTED_EDGE('',*,*,#3232,.T.);
#2305=ORIENTED_EDGE('',*,*,#3217,.T.);
#2306=ORIENTED_EDGE('',*,*,#3234,.F.);
#2307=ORIENTED_EDGE('',*,*,#3205,.F.);
#2308=ORIENTED_EDGE('',*,*,#3233,.T.);
#2309=ORIENTED_EDGE('',*,*,#3216,.T.);
#2310=ORIENTED_EDGE('',*,*,#3235,.F.);
#2311=ORIENTED_EDGE('',*,*,#3206,.F.);
#2312=ORIENTED_EDGE('',*,*,#3234,.T.);
#2313=ORIENTED_EDGE('',*,*,#3215,.T.);
#2314=ORIENTED_EDGE('',*,*,#3229,.F.);
#2315=ORIENTED_EDGE('',*,*,#3207,.F.);
#2316=ORIENTED_EDGE('',*,*,#3235,.T.);
#2317=ORIENTED_EDGE('',*,*,#3223,.F.);
#2318=ORIENTED_EDGE('',*,*,#3236,.F.);
#2319=ORIENTED_EDGE('',*,*,#3208,.T.);
#2320=ORIENTED_EDGE('',*,*,#3237,.T.);
#2321=ORIENTED_EDGE('',*,*,#3224,.F.);
#2322=ORIENTED_EDGE('',*,*,#3237,.F.);
#2323=ORIENTED_EDGE('',*,*,#3213,.T.);
#2324=ORIENTED_EDGE('',*,*,#3238,.T.);
#2325=ORIENTED_EDGE('',*,*,#3225,.F.);
#2326=ORIENTED_EDGE('',*,*,#3238,.F.);
#2327=ORIENTED_EDGE('',*,*,#3212,.T.);
#2328=ORIENTED_EDGE('',*,*,#3239,.T.);
#2329=ORIENTED_EDGE('',*,*,#3226,.F.);
#2330=ORIENTED_EDGE('',*,*,#3239,.F.);
#2331=ORIENTED_EDGE('',*,*,#3211,.T.);
#2332=ORIENTED_EDGE('',*,*,#3240,.T.);
#2333=ORIENTED_EDGE('',*,*,#3227,.F.);
#2334=ORIENTED_EDGE('',*,*,#3240,.F.);
#2335=ORIENTED_EDGE('',*,*,#3210,.T.);
#2336=ORIENTED_EDGE('',*,*,#3241,.T.);
#2337=ORIENTED_EDGE('',*,*,#3222,.F.);
#2338=ORIENTED_EDGE('',*,*,#3241,.F.);
#2339=ORIENTED_EDGE('',*,*,#3209,.T.);
#2340=ORIENTED_EDGE('',*,*,#3236,.T.);
#2341=EDGE_CURVE('NONE',#3242,#3243,#3856,.T.);
#2342=EDGE_CURVE('NONE',#3243,#3244,#335,.T.);
#2343=EDGE_CURVE('NONE',#3244,#3245,#336,.T.);
#2344=EDGE_CURVE('NONE',#3245,#3246,#337,.T.);
#2345=EDGE_CURVE('NONE',#3246,#3247,#338,.T.);
#2346=EDGE_CURVE('NONE',#3247,#3248,#3857,.F.);
#2347=EDGE_CURVE('NONE',#3248,#3242,#3858,.T.);
#2348=EDGE_CURVE('NONE',#3249,#3250,#3859,.F.);
#2349=EDGE_CURVE('NONE',#3251,#3249,#3860,.F.);
#2350=EDGE_CURVE('NONE',#3252,#3251,#339,.F.);
#2351=EDGE_CURVE('NONE',#3253,#3252,#340,.F.);
#2352=EDGE_CURVE('NONE',#3254,#3253,#341,.F.);
#2353=EDGE_CURVE('NONE',#3255,#3254,#342,.F.);
#2354=EDGE_CURVE('NONE',#3250,#3255,#3861,.T.);
#2355=EDGE_CURVE('NONE',#3256,#3257,#3862,.T.);
#2356=EDGE_CURVE('NONE',#3258,#3256,#3863,.F.);
#2357=EDGE_CURVE('NONE',#3259,#3258,#3864,.F.);
#2358=EDGE_CURVE('NONE',#3260,#3259,#343,.F.);
#2359=EDGE_CURVE('NONE',#3261,#3260,#344,.F.);
#2360=EDGE_CURVE('NONE',#3262,#3261,#345,.F.);
#2361=EDGE_CURVE('NONE',#3257,#3262,#346,.F.);
#2362=EDGE_CURVE('NONE',#3263,#3264,#3865,.F.);
#2363=EDGE_CURVE('NONE',#3264,#3265,#3866,.T.);
#2364=EDGE_CURVE('NONE',#3265,#3266,#3867,.T.);
#2365=EDGE_CURVE('NONE',#3266,#3267,#347,.T.);
#2366=EDGE_CURVE('NONE',#3267,#3268,#348,.T.);
#2367=EDGE_CURVE('NONE',#3268,#3269,#349,.T.);
#2368=EDGE_CURVE('NONE',#3269,#3263,#350,.T.);
#2369=EDGE_CURVE('NONE',#3243,#3257,#3868,.F.);
#2370=EDGE_CURVE('NONE',#3242,#3256,#3869,.F.);
#2371=EDGE_CURVE('NONE',#3244,#3262,#3870,.T.);
#2372=EDGE_CURVE('NONE',#3245,#3261,#3871,.T.);
#2373=EDGE_CURVE('NONE',#3246,#3260,#3872,.T.);
#2374=EDGE_CURVE('NONE',#3247,#3259,#3873,.F.);
#2375=EDGE_CURVE('NONE',#3248,#3258,#3874,.F.);
#2376=EDGE_CURVE('NONE',#3251,#3263,#3875,.T.);
#2377=EDGE_CURVE('NONE',#3249,#3264,#3876,.T.);
#2378=EDGE_CURVE('NONE',#3250,#3265,#3877,.F.);
#2379=EDGE_CURVE('NONE',#3255,#3266,#3878,.F.);
#2380=EDGE_CURVE('NONE',#3254,#3267,#3879,.T.);
#2381=EDGE_CURVE('NONE',#3253,#3268,#3880,.T.);
#2382=EDGE_CURVE('NONE',#3252,#3269,#3881,.T.);
#2383=EDGE_CURVE('NONE',#3270,#3271,#3882,.F.);
#2384=EDGE_CURVE('NONE',#3272,#3271,#3883,.T.);
#2385=EDGE_CURVE('NONE',#3273,#3272,#3884,.T.);
#2386=EDGE_CURVE('NONE',#3273,#3270,#3885,.F.);
#2387=EDGE_CURVE('NONE',#3271,#3274,#3886,.F.);
#2388=EDGE_CURVE('NONE',#3275,#3274,#3887,.F.);
#2389=EDGE_CURVE('NONE',#3272,#3275,#3888,.F.);
#2390=EDGE_CURVE('NONE',#3274,#3276,#3889,.F.);
#2391=EDGE_CURVE('NONE',#3277,#3276,#3890,.T.);
#2392=EDGE_CURVE('NONE',#3275,#3277,#3891,.T.);
#2393=EDGE_CURVE('NONE',#3276,#3278,#3892,.F.);
#2394=EDGE_CURVE('NONE',#3279,#3278,#3893,.F.);
#2395=EDGE_CURVE('NONE',#3277,#3279,#3894,.F.);
#2396=EDGE_CURVE('NONE',#3278,#3280,#3895,.F.);
#2397=EDGE_CURVE('NONE',#3281,#3280,#3896,.F.);
#2398=EDGE_CURVE('NONE',#3279,#3281,#3897,.F.);
#2399=EDGE_CURVE('NONE',#3280,#3270,#3898,.T.);
#2400=EDGE_CURVE('NONE',#3281,#3273,#3899,.T.);
#2401=EDGE_CURVE('NONE',#3282,#3283,#3900,.F.);
#2402=EDGE_CURVE('NONE',#3284,#3283,#3901,.F.);
#2403=EDGE_CURVE('NONE',#3285,#3284,#3902,.T.);
#2404=EDGE_CURVE('NONE',#3285,#3282,#3903,.F.);
#2405=EDGE_CURVE('NONE',#3283,#3286,#3904,.F.);
#2406=EDGE_CURVE('NONE',#3287,#3286,#3905,.F.);
#2407=EDGE_CURVE('NONE',#3284,#3287,#3906,.F.);
#2408=EDGE_CURVE('NONE',#3286,#3288,#3907,.F.);
#2409=EDGE_CURVE('NONE',#3289,#3288,#3908,.F.);
#2410=EDGE_CURVE('NONE',#3287,#3289,#3909,.T.);
#2411=EDGE_CURVE('NONE',#3288,#3290,#3910,.F.);
#2412=EDGE_CURVE('NONE',#3291,#3290,#3911,.F.);
#2413=EDGE_CURVE('NONE',#3289,#3291,#3912,.T.);
#2414=EDGE_CURVE('NONE',#3290,#3292,#3913,.F.);
#2415=EDGE_CURVE('NONE',#3293,#3292,#3914,.F.);
#2416=EDGE_CURVE('NONE',#3291,#3293,#3915,.T.);
#2417=EDGE_CURVE('NONE',#3292,#3294,#3916,.F.);
#2418=EDGE_CURVE('NONE',#3295,#3294,#3917,.F.);
#2419=EDGE_CURVE('NONE',#3293,#3295,#3918,.F.);
#2420=EDGE_CURVE('NONE',#3294,#3296,#3919,.F.);
#2421=EDGE_CURVE('NONE',#3297,#3296,#3920,.F.);
#2422=EDGE_CURVE('NONE',#3295,#3297,#3921,.T.);
#2423=EDGE_CURVE('NONE',#3296,#3298,#3922,.T.);
#2424=EDGE_CURVE('NONE',#3299,#3298,#3923,.F.);
#2425=EDGE_CURVE('NONE',#3297,#3299,#3924,.T.);
#2426=EDGE_CURVE('NONE',#3298,#3300,#3925,.F.);
#2427=EDGE_CURVE('NONE',#3301,#3300,#3926,.T.);
#2428=EDGE_CURVE('NONE',#3299,#3301,#3927,.T.);
#2429=EDGE_CURVE('NONE',#3300,#3302,#3928,.F.);
#2430=EDGE_CURVE('NONE',#3303,#3302,#3929,.F.);
#2431=EDGE_CURVE('NONE',#3301,#3303,#3930,.F.);
#2432=EDGE_CURVE('NONE',#3302,#3304,#3931,.F.);
#2433=EDGE_CURVE('NONE',#3305,#3304,#3932,.F.);
#2434=EDGE_CURVE('NONE',#3303,#3305,#3933,.F.);
#2435=EDGE_CURVE('NONE',#3304,#3282,#3934,.F.);
#2436=EDGE_CURVE('NONE',#3305,#3285,#3935,.T.);
#2437=EDGE_CURVE('NONE',#3306,#3307,#351,.T.);
#2438=EDGE_CURVE('NONE',#3307,#3308,#3936,.T.);
#2439=EDGE_CURVE('NONE',#3308,#3309,#352,.T.);
#2440=EDGE_CURVE('NONE',#3309,#3310,#353,.T.);
#2441=EDGE_CURVE('NONE',#3310,#3311,#3937,.T.);
#2442=EDGE_CURVE('NONE',#3311,#3312,#354,.T.);
#2443=EDGE_CURVE('NONE',#3312,#3313,#355,.T.);
#2444=EDGE_CURVE('NONE',#3313,#3314,#356,.T.);
#2445=EDGE_CURVE('NONE',#3314,#3315,#357,.T.);
#2446=EDGE_CURVE('NONE',#3315,#3316,#3938,.T.);
#2447=EDGE_CURVE('NONE',#3316,#3317,#3939,.T.);
#2448=EDGE_CURVE('NONE',#3317,#3318,#3940,.T.);
#2449=EDGE_CURVE('NONE',#3318,#3319,#3941,.F.);
#2450=EDGE_CURVE('NONE',#3319,#3306,#358,.T.);
#2451=EDGE_CURVE('NONE',#3320,#3321,#359,.F.);
#2452=EDGE_CURVE('NONE',#3322,#3320,#360,.F.);
#2453=EDGE_CURVE('NONE',#3323,#3322,#3942,.F.);
#2454=EDGE_CURVE('NONE',#3324,#3323,#3943,.F.);
#2455=EDGE_CURVE('NONE',#3325,#3324,#361,.F.);
#2456=EDGE_CURVE('NONE',#3326,#3325,#362,.F.);
#2457=EDGE_CURVE('NONE',#3327,#3326,#363,.F.);
#2458=EDGE_CURVE('NONE',#3321,#3327,#364,.F.);
#2459=EDGE_CURVE('NONE',#3328,#3329,#365,.F.);
#2460=EDGE_CURVE('NONE',#3330,#3328,#366,.F.);
#2461=EDGE_CURVE('NONE',#3331,#3330,#3944,.F.);
#2462=EDGE_CURVE('NONE',#3332,#3331,#3945,.T.);
#2463=EDGE_CURVE('NONE',#3333,#3332,#3946,.F.);
#2464=EDGE_CURVE('NONE',#3334,#3333,#3947,.T.);
#2465=EDGE_CURVE('NONE',#3335,#3334,#367,.F.);
#2466=EDGE_CURVE('NONE',#3336,#3335,#368,.F.);
#2467=EDGE_CURVE('NONE',#3337,#3336,#369,.F.);
#2468=EDGE_CURVE('NONE',#3338,#3337,#370,.F.);
#2469=EDGE_CURVE('NONE',#3339,#3338,#3948,.F.);
#2470=EDGE_CURVE('NONE',#3340,#3339,#371,.F.);
#2471=EDGE_CURVE('NONE',#3341,#3340,#372,.F.);
#2472=EDGE_CURVE('NONE',#3329,#3341,#3949,.F.);
#2473=EDGE_CURVE('NONE',#3342,#3343,#373,.T.);
#2474=EDGE_CURVE('NONE',#3343,#3344,#374,.T.);
#2475=EDGE_CURVE('NONE',#3344,#3345,#375,.T.);
#2476=EDGE_CURVE('NONE',#3345,#3346,#376,.T.);
#2477=EDGE_CURVE('NONE',#3346,#3347,#377,.T.);
#2478=EDGE_CURVE('NONE',#3347,#3348,#378,.T.);
#2479=EDGE_CURVE('NONE',#3348,#3349,#3950,.F.);
#2480=EDGE_CURVE('NONE',#3349,#3342,#3951,.T.);
#2481=EDGE_CURVE('NONE',#3307,#3329,#3952,.F.);
#2482=EDGE_CURVE('NONE',#3306,#3328,#3953,.T.);
#2483=EDGE_CURVE('NONE',#3308,#3341,#3954,.F.);
#2484=EDGE_CURVE('NONE',#3309,#3340,#3955,.T.);
#2485=EDGE_CURVE('NONE',#3310,#3339,#3956,.F.);
#2486=EDGE_CURVE('NONE',#3311,#3338,#3957,.F.);
#2487=EDGE_CURVE('NONE',#3312,#3337,#3958,.T.);
#2488=EDGE_CURVE('NONE',#3313,#3336,#3959,.T.);
#2489=EDGE_CURVE('NONE',#3314,#3335,#3960,.T.);
#2490=EDGE_CURVE('NONE',#3315,#3334,#3961,.F.);
#2491=EDGE_CURVE('NONE',#3316,#3333,#3962,.F.);
#2492=EDGE_CURVE('NONE',#3317,#3332,#3963,.F.);
#2493=EDGE_CURVE('NONE',#3318,#3331,#3964,.F.);
#2494=EDGE_CURVE('NONE',#3319,#3330,#3965,.F.);
#2495=EDGE_CURVE('NONE',#3322,#3342,#3966,.F.);
#2496=EDGE_CURVE('NONE',#3320,#3343,#3967,.T.);
#2497=EDGE_CURVE('NONE',#3321,#3344,#3968,.T.);
#2498=EDGE_CURVE('NONE',#3327,#3345,#3969,.T.);
#2499=EDGE_CURVE('NONE',#3326,#3346,#3970,.T.);
#2500=EDGE_CURVE('NONE',#3325,#3347,#3971,.T.);
#2501=EDGE_CURVE('NONE',#3324,#3348,#3972,.F.);
#2502=EDGE_CURVE('NONE',#3323,#3349,#3973,.F.);
#2503=EDGE_CURVE('NONE',#3350,#3351,#3974,.F.);
#2504=EDGE_CURVE('NONE',#3352,#3351,#3975,.F.);
#2505=EDGE_CURVE('NONE',#3353,#3352,#3976,.T.);
#2506=EDGE_CURVE('NONE',#3353,#3350,#3977,.F.);
#2507=EDGE_CURVE('NONE',#3351,#3354,#3978,.F.);
#2508=EDGE_CURVE('NONE',#3355,#3354,#3979,.F.);
#2509=EDGE_CURVE('NONE',#3352,#3355,#3980,.F.);
#2510=EDGE_CURVE('NONE',#3354,#3356,#3981,.F.);
#2511=EDGE_CURVE('NONE',#3357,#3356,#3982,.F.);
#2512=EDGE_CURVE('NONE',#3355,#3357,#3983,.T.);
#2513=EDGE_CURVE('NONE',#3356,#3358,#3984,.T.);
#2514=EDGE_CURVE('NONE',#3359,#3358,#3985,.F.);
#2515=EDGE_CURVE('NONE',#3357,#3359,#3986,.T.);
#2516=EDGE_CURVE('NONE',#3358,#3360,#3987,.F.);
#2517=EDGE_CURVE('NONE',#3361,#3360,#3988,.F.);
#2518=EDGE_CURVE('NONE',#3359,#3361,#3989,.T.);
#2519=EDGE_CURVE('NONE',#3360,#3362,#3990,.F.);
#2520=EDGE_CURVE('NONE',#3363,#3362,#3991,.F.);
#2521=EDGE_CURVE('NONE',#3361,#3363,#3992,.F.);
#2522=EDGE_CURVE('NONE',#3362,#3364,#3993,.F.);
#2523=EDGE_CURVE('NONE',#3365,#3364,#3994,.F.);
#2524=EDGE_CURVE('NONE',#3363,#3365,#3995,.T.);
#2525=EDGE_CURVE('NONE',#3364,#3366,#3996,.T.);
#2526=EDGE_CURVE('NONE',#3367,#3366,#3997,.F.);
#2527=EDGE_CURVE('NONE',#3365,#3367,#3998,.T.);
#2528=EDGE_CURVE('NONE',#3366,#3368,#3999,.F.);
#2529=EDGE_CURVE('NONE',#3369,#3368,#4000,.T.);
#2530=EDGE_CURVE('NONE',#3367,#3369,#4001,.T.);
#2531=EDGE_CURVE('NONE',#3368,#3370,#4002,.F.);
#2532=EDGE_CURVE('NONE',#3371,#3370,#4003,.F.);
#2533=EDGE_CURVE('NONE',#3369,#3371,#4004,.F.);
#2534=EDGE_CURVE('NONE',#3370,#3372,#4005,.F.);
#2535=EDGE_CURVE('NONE',#3373,#3372,#4006,.F.);
#2536=EDGE_CURVE('NONE',#3371,#3373,#4007,.F.);
#2537=EDGE_CURVE('NONE',#3372,#3350,#4008,.F.);
#2538=EDGE_CURVE('NONE',#3373,#3353,#4009,.T.);
#2539=EDGE_CURVE('NONE',#3374,#3375,#4010,.F.);
#2540=EDGE_CURVE('NONE',#3376,#3375,#4011,.F.);
#2541=EDGE_CURVE('NONE',#3377,#3376,#4012,.T.);
#2542=EDGE_CURVE('NONE',#3377,#3374,#4013,.F.);
#2543=EDGE_CURVE('NONE',#3375,#3378,#4014,.F.);
#2544=EDGE_CURVE('NONE',#3379,#3378,#4015,.F.);
#2545=EDGE_CURVE('NONE',#3376,#3379,#4016,.F.);
#2546=EDGE_CURVE('NONE',#3378,#3380,#4017,.F.);
#2547=EDGE_CURVE('NONE',#3381,#3380,#4018,.F.);
#2548=EDGE_CURVE('NONE',#3379,#3381,#4019,.T.);
#2549=EDGE_CURVE('NONE',#3380,#3382,#4020,.T.);
#2550=EDGE_CURVE('NONE',#3383,#3382,#4021,.F.);
#2551=EDGE_CURVE('NONE',#3381,#3383,#4022,.T.);
#2552=EDGE_CURVE('NONE',#3382,#3384,#4023,.F.);
#2553=EDGE_CURVE('NONE',#3385,#3384,#4024,.T.);
#2554=EDGE_CURVE('NONE',#3383,#3385,#4025,.T.);
#2555=EDGE_CURVE('NONE',#3384,#3386,#4026,.F.);
#2556=EDGE_CURVE('NONE',#3387,#3386,#4027,.F.);
#2557=EDGE_CURVE('NONE',#3385,#3387,#4028,.F.);
#2558=EDGE_CURVE('NONE',#3386,#3388,#4029,.F.);
#2559=EDGE_CURVE('NONE',#3389,#3388,#4030,.F.);
#2560=EDGE_CURVE('NONE',#3387,#3389,#4031,.T.);
#2561=EDGE_CURVE('NONE',#3388,#3390,#4032,.T.);
#2562=EDGE_CURVE('NONE',#3391,#3390,#4033,.F.);
#2563=EDGE_CURVE('NONE',#3389,#3391,#4034,.T.);
#2564=EDGE_CURVE('NONE',#3390,#3392,#4035,.F.);
#2565=EDGE_CURVE('NONE',#3393,#3392,#4036,.F.);
#2566=EDGE_CURVE('NONE',#3391,#3393,#4037,.T.);
#2567=EDGE_CURVE('NONE',#3392,#3394,#4038,.F.);
#2568=EDGE_CURVE('NONE',#3395,#3394,#4039,.F.);
#2569=EDGE_CURVE('NONE',#3393,#3395,#4040,.F.);
#2570=EDGE_CURVE('NONE',#3394,#3396,#4041,.F.);
#2571=EDGE_CURVE('NONE',#3397,#3396,#4042,.F.);
#2572=EDGE_CURVE('NONE',#3395,#3397,#4043,.F.);
#2573=EDGE_CURVE('NONE',#3396,#3374,#4044,.T.);
#2574=EDGE_CURVE('NONE',#3397,#3377,#4045,.T.);
#2575=EDGE_CURVE('NONE',#3398,#3399,#4046,.F.);
#2576=EDGE_CURVE('NONE',#3400,#3399,#4047,.F.);
#2577=EDGE_CURVE('NONE',#3401,#3400,#4048,.F.);
#2578=EDGE_CURVE('NONE',#3401,#3398,#4049,.T.);
#2579=EDGE_CURVE('NONE',#3399,#3402,#4050,.F.);
#2580=EDGE_CURVE('NONE',#3403,#3402,#379,.F.);
#2581=EDGE_CURVE('NONE',#3400,#3403,#4051,.T.);
#2582=EDGE_CURVE('NONE',#3402,#3404,#4052,.F.);
#2583=EDGE_CURVE('NONE',#3405,#3404,#4053,.T.);
#2584=EDGE_CURVE('NONE',#3403,#3405,#4054,.T.);
#2585=EDGE_CURVE('NONE',#3404,#3406,#4055,.F.);
#2586=EDGE_CURVE('NONE',#3407,#3406,#4056,.F.);
#2587=EDGE_CURVE('NONE',#3405,#3407,#4057,.F.);
#2588=EDGE_CURVE('NONE',#3406,#3408,#4058,.F.);
#2589=EDGE_CURVE('NONE',#3409,#3408,#4059,.F.);
#2590=EDGE_CURVE('NONE',#3407,#3409,#4060,.T.);
#2591=EDGE_CURVE('NONE',#3408,#3410,#4061,.F.);
#2592=EDGE_CURVE('NONE',#3411,#3410,#4062,.F.);
#2593=EDGE_CURVE('NONE',#3409,#3411,#4063,.T.);
#2594=EDGE_CURVE('NONE',#3410,#3412,#4064,.F.);
#2595=EDGE_CURVE('NONE',#3413,#3412,#4065,.F.);
#2596=EDGE_CURVE('NONE',#3411,#3413,#4066,.F.);
#2597=EDGE_CURVE('NONE',#3412,#3414,#4067,.F.);
#2598=EDGE_CURVE('NONE',#3415,#3414,#4068,.F.);
#2599=EDGE_CURVE('NONE',#3413,#3415,#4069,.T.);
#2600=EDGE_CURVE('NONE',#3414,#3416,#4070,.F.);
#2601=EDGE_CURVE('NONE',#3417,#3416,#4071,.F.);
#2602=EDGE_CURVE('NONE',#3415,#3417,#4072,.T.);
#2603=EDGE_CURVE('NONE',#3416,#3418,#380,.F.);
#2604=EDGE_CURVE('NONE',#3419,#3418,#4073,.T.);
#2605=EDGE_CURVE('NONE',#3417,#3419,#381,.T.);
#2606=EDGE_CURVE('NONE',#3418,#3420,#382,.F.);
#2607=EDGE_CURVE('NONE',#3421,#3420,#4074,.F.);
#2608=EDGE_CURVE('NONE',#3419,#3421,#383,.T.);
#2609=EDGE_CURVE('NONE',#3420,#3422,#4075,.F.);
#2610=EDGE_CURVE('NONE',#3423,#3422,#4076,.F.);
#2611=EDGE_CURVE('NONE',#3421,#3423,#4077,.T.);
#2612=EDGE_CURVE('NONE',#3422,#3424,#384,.F.);
#2613=EDGE_CURVE('NONE',#3425,#3424,#4078,.T.);
#2614=EDGE_CURVE('NONE',#3423,#3425,#385,.T.);
#2615=EDGE_CURVE('NONE',#3424,#3426,#386,.F.);
#2616=EDGE_CURVE('NONE',#3427,#3426,#4079,.F.);
#2617=EDGE_CURVE('NONE',#3425,#3427,#387,.T.);
#2618=EDGE_CURVE('NONE',#3426,#3398,#4080,.F.);
#2619=EDGE_CURVE('NONE',#3427,#3401,#4081,.T.);
#2620=EDGE_CURVE('NONE',#3428,#3429,#34,.T.);
#2621=EDGE_CURVE('NONE',#3428,#3430,#35,.T.);
#2622=EDGE_CURVE('NONE',#3431,#3430,#36,.T.);
#2623=EDGE_CURVE('NONE',#3429,#3431,#388,.T.);
#2624=EDGE_CURVE('NONE',#3432,#3428,#37,.T.);
#2625=EDGE_CURVE('NONE',#3428,#3433,#4082,.T.);
#2626=EDGE_CURVE('NONE',#3433,#3434,#38,.F.);
#2627=EDGE_CURVE('NONE',#3435,#3434,#4083,.T.);
#2628=EDGE_CURVE('NONE',#3435,#3436,#39,.T.);
#2629=EDGE_CURVE('NONE',#3436,#3437,#4084,.T.);
#2630=EDGE_CURVE('NONE',#3438,#3437,#40,.F.);
#2631=EDGE_CURVE('NONE',#3438,#3432,#4085,.F.);
#2632=EDGE_CURVE('NONE',#3439,#3440,#41,.T.);
#2633=EDGE_CURVE('NONE',#3439,#3441,#42,.T.);
#2634=EDGE_CURVE('NONE',#3442,#3441,#43,.T.);
#2635=EDGE_CURVE('NONE',#3440,#3442,#44,.T.);
#2636=EDGE_CURVE('NONE',#3440,#3443,#4086,.T.);
#2637=EDGE_CURVE('NONE',#3443,#3444,#45,.F.);
#2638=EDGE_CURVE('NONE',#3439,#3444,#4087,.T.);
#2639=EDGE_CURVE('NONE',#3445,#3446,#46,.F.);
#2640=EDGE_CURVE('NONE',#3446,#3447,#4088,.T.);
#2641=EDGE_CURVE('NONE',#3448,#3447,#47,.F.);
#2642=EDGE_CURVE('NONE',#3445,#3448,#4089,.T.);
#2643=EDGE_CURVE('NONE',#3449,#3450,#48,.T.);
#2644=EDGE_CURVE('NONE',#3449,#3451,#4090,.T.);
#2645=EDGE_CURVE('NONE',#3451,#3452,#49,.T.);
#2646=EDGE_CURVE('NONE',#3450,#3452,#4091,.T.);
#2647=EDGE_CURVE('NONE',#3453,#3454,#50,.T.);
#2648=EDGE_CURVE('NONE',#3453,#3455,#51,.T.);
#2649=EDGE_CURVE('NONE',#3456,#3455,#52,.T.);
#2650=EDGE_CURVE('NONE',#3454,#3456,#389,.T.);
#2651=EDGE_CURVE('NONE',#3457,#3453,#53,.T.);
#2652=EDGE_CURVE('NONE',#3453,#3458,#4092,.T.);
#2653=EDGE_CURVE('NONE',#3458,#3459,#54,.F.);
#2654=EDGE_CURVE('NONE',#3460,#3459,#4093,.T.);
#2655=EDGE_CURVE('NONE',#3460,#3461,#55,.T.);
#2656=EDGE_CURVE('NONE',#3461,#3462,#4094,.T.);
#2657=EDGE_CURVE('NONE',#3463,#3462,#56,.F.);
#2658=EDGE_CURVE('NONE',#3463,#3457,#4095,.F.);
#2659=EDGE_CURVE('NONE',#3464,#3465,#57,.T.);
#2660=EDGE_CURVE('NONE',#3464,#3466,#4096,.T.);
#2661=EDGE_CURVE('NONE',#3466,#3467,#58,.T.);
#2662=EDGE_CURVE('NONE',#3465,#3467,#4097,.T.);
#2663=EDGE_CURVE('NONE',#3468,#3469,#59,.T.);
#2664=EDGE_CURVE('NONE',#3468,#3470,#60,.T.);
#2665=EDGE_CURVE('NONE',#3471,#3470,#61,.T.);
#2666=EDGE_CURVE('NONE',#3469,#3471,#62,.T.);
#2667=EDGE_CURVE('NONE',#3469,#3472,#4098,.T.);
#2668=EDGE_CURVE('NONE',#3472,#3473,#63,.F.);
#2669=EDGE_CURVE('NONE',#3468,#3473,#4099,.T.);
#2670=EDGE_CURVE('NONE',#3474,#3475,#64,.F.);
#2671=EDGE_CURVE('NONE',#3475,#3476,#4100,.T.);
#2672=EDGE_CURVE('NONE',#3477,#3476,#65,.F.);
#2673=EDGE_CURVE('NONE',#3474,#3477,#4101,.T.);
#2674=EDGE_CURVE('NONE',#3478,#3479,#4102,.T.);
#2675=EDGE_CURVE('NONE',#3479,#3480,#4103,.T.);
#2676=EDGE_CURVE('NONE',#3480,#3481,#4104,.T.);
#2677=EDGE_CURVE('NONE',#3481,#3482,#4105,.T.);
#2678=EDGE_CURVE('NONE',#3482,#3483,#4106,.F.);
#2679=EDGE_CURVE('NONE',#3483,#3478,#4107,.T.);
#2680=EDGE_CURVE('NONE',#3484,#3485,#4108,.F.);
#2681=EDGE_CURVE('NONE',#3486,#3484,#4109,.T.);
#2682=EDGE_CURVE('NONE',#3486,#3487,#4110,.F.);
#2683=EDGE_CURVE('NONE',#3488,#3487,#4111,.T.);
#2684=EDGE_CURVE('NONE',#3489,#3488,#4112,.F.);
#2685=EDGE_CURVE('NONE',#3490,#3489,#4113,.T.);
#2686=EDGE_CURVE('NONE',#3490,#3491,#4114,.F.);
#2687=EDGE_CURVE('NONE',#3492,#3491,#4115,.T.);
#2688=EDGE_CURVE('NONE',#3493,#3492,#4116,.F.);
#2689=EDGE_CURVE('NONE',#3494,#3493,#4117,.T.);
#2690=EDGE_CURVE('NONE',#3495,#3494,#4118,.F.);
#2691=EDGE_CURVE('NONE',#3495,#3496,#4119,.T.);
#2692=EDGE_CURVE('NONE',#3497,#3496,#4120,.F.);
#2693=EDGE_CURVE('NONE',#3498,#3497,#4121,.F.);
#2694=EDGE_CURVE('NONE',#3499,#3498,#4122,.T.);
#2695=EDGE_CURVE('NONE',#3500,#3499,#4123,.T.);
#2696=EDGE_CURVE('NONE',#3501,#3500,#4124,.T.);
#2697=EDGE_CURVE('NONE',#3501,#3502,#4125,.T.);
#2698=EDGE_CURVE('NONE',#3503,#3502,#4126,.T.);
#2699=EDGE_CURVE('NONE',#3485,#3503,#4127,.T.);
#2700=EDGE_CURVE('NONE',#3504,#3505,#4128,.T.);
#2701=EDGE_CURVE('NONE',#3505,#3506,#4129,.F.);
#2702=EDGE_CURVE('NONE',#3506,#3507,#4130,.F.);
#2703=EDGE_CURVE('NONE',#3507,#3508,#4131,.T.);
#2704=EDGE_CURVE('NONE',#3508,#3509,#4132,.T.);
#2705=EDGE_CURVE('NONE',#3509,#3504,#4133,.F.);
#2706=EDGE_CURVE('NONE',#3510,#3511,#66,.T.);
#2707=EDGE_CURVE('NONE',#3511,#3512,#4134,.F.);
#2708=EDGE_CURVE('NONE',#3512,#3513,#67,.T.);
#2709=EDGE_CURVE('NONE',#3513,#3514,#390,.T.);
#2710=EDGE_CURVE('NONE',#3514,#3515,#391,.T.);
#2711=EDGE_CURVE('NONE',#3515,#3516,#68,.T.);
#2712=EDGE_CURVE('NONE',#3516,#3517,#4135,.F.);
#2713=EDGE_CURVE('NONE',#3517,#3518,#69,.T.);
#2714=EDGE_CURVE('NONE',#3518,#3519,#392,.T.);
#2715=EDGE_CURVE('NONE',#3519,#3510,#393,.T.);
#2716=EDGE_CURVE('NONE',#3520,#3521,#4136,.T.);
#2717=EDGE_CURVE('NONE',#3521,#3522,#4137,.F.);
#2718=EDGE_CURVE('NONE',#3522,#3523,#4138,.F.);
#2719=EDGE_CURVE('NONE',#3523,#3524,#4139,.T.);
#2720=EDGE_CURVE('NONE',#3524,#3525,#4140,.T.);
#2721=EDGE_CURVE('NONE',#3525,#3526,#4141,.F.);
#2722=EDGE_CURVE('NONE',#3526,#3527,#4142,.F.);
#2723=EDGE_CURVE('NONE',#3527,#3528,#4143,.F.);
#2724=EDGE_CURVE('NONE',#3528,#3529,#4144,.T.);
#2725=EDGE_CURVE('NONE',#3529,#3530,#4145,.F.);
#2726=EDGE_CURVE('NONE',#3530,#3531,#4146,.F.);
#2727=EDGE_CURVE('NONE',#3531,#3520,#4147,.F.);
#2728=EDGE_CURVE('NONE',#3532,#3533,#394,.T.);
#2729=EDGE_CURVE('NONE',#3533,#3534,#4148,.F.);
#2730=EDGE_CURVE('NONE',#3534,#3535,#4149,.T.);
#2731=EDGE_CURVE('NONE',#3535,#3536,#4150,.T.);
#2732=EDGE_CURVE('NONE',#3536,#3532,#395,.T.);
#2733=EDGE_CURVE('NONE',#3537,#3538,#4151,.T.);
#2734=EDGE_CURVE('NONE',#3538,#3539,#4152,.T.);
#2735=EDGE_CURVE('NONE',#3539,#3540,#4153,.F.);
#2736=EDGE_CURVE('NONE',#3540,#3541,#4154,.T.);
#2737=EDGE_CURVE('NONE',#3541,#3542,#4155,.F.);
#2738=EDGE_CURVE('NONE',#3542,#3543,#4156,.T.);
#2739=EDGE_CURVE('NONE',#3543,#3544,#4157,.F.);
#2740=EDGE_CURVE('NONE',#3544,#3537,#4158,.T.);
#2741=EDGE_CURVE('NONE',#3545,#3546,#396,.T.);
#2742=EDGE_CURVE('NONE',#3546,#3547,#4159,.F.);
#2743=EDGE_CURVE('NONE',#3547,#3548,#4160,.F.);
#2744=EDGE_CURVE('NONE',#3548,#3549,#4161,.T.);
#2745=EDGE_CURVE('NONE',#3549,#3545,#397,.T.);
#2746=EDGE_CURVE('NONE',#3550,#3551,#4162,.T.);
#2747=EDGE_CURVE('NONE',#3550,#3551,#70,.T.);
#2748=EDGE_CURVE('NONE',#3436,#3550,#398,.T.);
#2749=EDGE_CURVE('NONE',#3552,#3435,#71,.T.);
#2750=EDGE_CURVE('NONE',#3551,#3552,#399,.T.);
#2751=EDGE_CURVE('NONE',#3553,#3554,#4163,.F.);
#2752=EDGE_CURVE('NONE',#3554,#3555,#4164,.F.);
#2753=EDGE_CURVE('NONE',#3556,#3555,#4165,.F.);
#2754=EDGE_CURVE('NONE',#3557,#3556,#4166,.F.);
#2755=EDGE_CURVE('NONE',#3557,#3558,#4167,.F.);
#2756=EDGE_CURVE('NONE',#3559,#3558,#4168,.T.);
#2757=EDGE_CURVE('NONE',#3560,#3559,#4169,.T.);
#2758=EDGE_CURVE('NONE',#3553,#3560,#4170,.T.);
#2759=EDGE_CURVE('NONE',#3561,#3562,#4171,.T.);
#2760=EDGE_CURVE('NONE',#3562,#3563,#4172,.F.);
#2761=EDGE_CURVE('NONE',#3564,#3563,#4173,.T.);
#2762=EDGE_CURVE('NONE',#3561,#3564,#4174,.F.);
#2763=EDGE_CURVE('NONE',#3565,#3566,#4175,.T.);
#2764=EDGE_CURVE('NONE',#3565,#3566,#72,.T.);
#2765=EDGE_CURVE('NONE',#3461,#3565,#400,.T.);
#2766=EDGE_CURVE('NONE',#3567,#3460,#73,.T.);
#2767=EDGE_CURVE('NONE',#3566,#3567,#401,.T.);
#2768=EDGE_CURVE('NONE',#3568,#3569,#4176,.T.);
#2769=EDGE_CURVE('NONE',#3570,#3568,#4177,.F.);
#2770=EDGE_CURVE('NONE',#3571,#3570,#4178,.T.);
#2771=EDGE_CURVE('NONE',#3572,#3571,#4179,.T.);
#2772=EDGE_CURVE('NONE',#3572,#3503,#4180,.F.);
#2773=EDGE_CURVE('NONE',#3573,#3502,#4181,.F.);
#2774=EDGE_CURVE('NONE',#3574,#3573,#4182,.F.);
#2775=EDGE_CURVE('NONE',#3499,#3574,#4183,.T.);
#2776=EDGE_CURVE('NONE',#3575,#3498,#4184,.T.);
#2777=EDGE_CURVE('NONE',#3576,#3575,#4185,.T.);
#2778=EDGE_CURVE('NONE',#3577,#3576,#4186,.T.);
#2779=EDGE_CURVE('NONE',#3569,#3577,#4187,.T.);
#2780=EDGE_CURVE('NONE',#3578,#3579,#4188,.T.);
#2781=EDGE_CURVE('NONE',#3493,#3578,#4189,.T.);
#2782=EDGE_CURVE('NONE',#3580,#3492,#4190,.F.);
#2783=EDGE_CURVE('NONE',#3580,#3581,#4191,.T.);
#2784=EDGE_CURVE('NONE',#3582,#3581,#4192,.F.);
#2785=EDGE_CURVE('NONE',#3583,#3582,#4193,.T.);
#2786=EDGE_CURVE('NONE',#3584,#3583,#4194,.F.);
#2787=EDGE_CURVE('NONE',#3585,#3584,#4195,.F.);
#2788=EDGE_CURVE('NONE',#3586,#3585,#4196,.F.);
#2789=EDGE_CURVE('NONE',#3586,#3587,#4197,.T.);
#2790=EDGE_CURVE('NONE',#3587,#3497,#4198,.T.);
#2791=EDGE_CURVE('NONE',#3579,#3496,#4199,.F.);
#2792=EDGE_CURVE('NONE',#3588,#3589,#4200,.F.);
#2793=EDGE_CURVE('NONE',#3590,#3589,#4201,.F.);
#2794=EDGE_CURVE('NONE',#3591,#3590,#4202,.F.);
#2795=EDGE_CURVE('NONE',#3591,#3588,#4203,.F.);
#2796=EDGE_CURVE('NONE',#3592,#3593,#4204,.T.);
#2797=EDGE_CURVE('NONE',#3593,#3594,#4205,.F.);
#2798=EDGE_CURVE('NONE',#3595,#3594,#4206,.T.);
#2799=EDGE_CURVE('NONE',#3592,#3595,#4207,.F.);
#2800=EDGE_CURVE('NONE',#3587,#3575,#4208,.T.);
#2801=EDGE_CURVE('NONE',#3596,#3597,#4209,.F.);
#2802=EDGE_CURVE('NONE',#3485,#3596,#4210,.F.);
#2803=EDGE_CURVE('NONE',#3580,#3572,#4211,.T.);
#2804=EDGE_CURVE('NONE',#3598,#3491,#4212,.F.);
#2805=EDGE_CURVE('NONE',#3599,#3598,#4213,.F.);
#2806=EDGE_CURVE('NONE',#3589,#3599,#4214,.F.);
#2807=EDGE_CURVE('NONE',#3600,#3588,#4215,.F.);
#2808=EDGE_CURVE('NONE',#3601,#3600,#4216,.F.);
#2809=EDGE_CURVE('NONE',#3488,#3601,#4217,.F.);
#2810=EDGE_CURVE('NONE',#3602,#3487,#4218,.F.);
#2811=EDGE_CURVE('NONE',#3603,#3602,#4219,.F.);
#2812=EDGE_CURVE('NONE',#3555,#3603,#4220,.F.);
#2813=EDGE_CURVE('NONE',#3597,#3554,#4221,.F.);
#2814=EDGE_CURVE('NONE',#3452,#3451,#74,.T.);
#2815=EDGE_CURVE('NONE',#3467,#3466,#75,.T.);
#2816=EDGE_CURVE('NONE',#3604,#3570,#4222,.F.);
#2817=EDGE_CURVE('NONE',#3605,#3604,#4223,.F.);
#2818=EDGE_CURVE('NONE',#3605,#3577,#4224,.T.);
#2819=EDGE_CURVE('NONE',#3586,#3576,#4225,.T.);
#2820=EDGE_CURVE('NONE',#3606,#3585,#4226,.F.);
#2821=EDGE_CURVE('NONE',#3607,#3606,#4227,.T.);
#2822=EDGE_CURVE('NONE',#3607,#3582,#4228,.T.);
#2823=EDGE_CURVE('NONE',#3581,#3571,#4229,.F.);
#2824=EDGE_CURVE('NONE',#3608,#3591,#4230,.T.);
#2825=EDGE_CURVE('NONE',#3608,#3600,#4231,.F.);
#2826=EDGE_CURVE('NONE',#3609,#3608,#4232,.T.);
#2827=EDGE_CURVE('NONE',#3609,#3601,#4233,.F.);
#2828=EDGE_CURVE('NONE',#3489,#3609,#4234,.T.);
#2829=EDGE_CURVE('NONE',#3610,#3490,#4235,.F.);
#2830=EDGE_CURVE('NONE',#3610,#3598,#4236,.F.);
#2831=EDGE_CURVE('NONE',#3611,#3610,#4237,.T.);
#2832=EDGE_CURVE('NONE',#3611,#3599,#4238,.F.);
#2833=EDGE_CURVE('NONE',#3590,#3611,#4239,.F.);
#2834=EDGE_CURVE('NONE',#3612,#3592,#4240,.T.);
#2835=EDGE_CURVE('NONE',#3595,#3613,#4241,.F.);
#2836=EDGE_CURVE('NONE',#3613,#3612,#4242,.T.);
#2837=EDGE_CURVE('NONE',#3475,#3474,#76,.F.);
#2838=EDGE_CURVE('NONE',#3614,#3593,#4243,.T.);
#2839=EDGE_CURVE('NONE',#3615,#3614,#4244,.T.);
#2840=EDGE_CURVE('NONE',#3594,#3615,#4245,.T.);
#2841=EDGE_CURVE('NONE',#3476,#3477,#77,.F.);
#2842=EDGE_CURVE('NONE',#3612,#3614,#4246,.T.);
#2843=EDGE_CURVE('NONE',#3613,#3615,#4247,.T.);
#2844=EDGE_CURVE('NONE',#3473,#3472,#78,.F.);
#2845=EDGE_CURVE('NONE',#3469,#3468,#79,.T.);
#2846=EDGE_CURVE('NONE',#3470,#3471,#80,.T.);
#2847=EDGE_CURVE('NONE',#3616,#3584,#4248,.T.);
#2848=EDGE_CURVE('NONE',#3606,#3616,#4249,.T.);
#2849=EDGE_CURVE('NONE',#3617,#3583,#4250,.T.);
#2850=EDGE_CURVE('NONE',#3616,#3617,#4251,.F.);
#2851=EDGE_CURVE('NONE',#3617,#3607,#4252,.F.);
#2852=EDGE_CURVE('NONE',#3618,#3573,#4253,.F.);
#2853=EDGE_CURVE('NONE',#3619,#3618,#4254,.F.);
#2854=EDGE_CURVE('NONE',#3619,#3574,#4255,.T.);
#2855=EDGE_CURVE('NONE',#3618,#3501,#4256,.T.);
#2856=EDGE_CURVE('NONE',#3500,#3619,#4257,.F.);
#2857=EDGE_CURVE('NONE',#3620,#3569,#4258,.T.);
#2858=EDGE_CURVE('NONE',#3620,#3621,#4259,.F.);
#2859=EDGE_CURVE('NONE',#3621,#3568,#4260,.T.);
#2860=EDGE_CURVE('NONE',#3621,#3553,#4261,.T.);
#2861=EDGE_CURVE('NONE',#3604,#3560,#4262,.F.);
#2862=EDGE_CURVE('NONE',#3558,#3620,#4263,.F.);
#2863=EDGE_CURVE('NONE',#3559,#3605,#4264,.T.);
#2864=EDGE_CURVE('NONE',#3622,#3579,#4265,.F.);
#2865=EDGE_CURVE('NONE',#3623,#3622,#4266,.T.);
#2866=EDGE_CURVE('NONE',#3623,#3578,#4267,.T.);
#2867=EDGE_CURVE('NONE',#3494,#3623,#4268,.F.);
#2868=EDGE_CURVE('NONE',#3622,#3495,#4269,.T.);
#2869=EDGE_CURVE('NONE',#3465,#3464,#81,.T.);
#2870=EDGE_CURVE('NONE',#3459,#3458,#82,.F.);
#2871=EDGE_CURVE('NONE',#3454,#3624,#4270,.T.);
#2872=EDGE_CURVE('NONE',#3625,#3624,#83,.F.);
#2873=EDGE_CURVE('NONE',#3625,#3567,#4271,.F.);
#2874=EDGE_CURVE('NONE',#3456,#3626,#4272,.T.);
#2875=EDGE_CURVE('NONE',#3455,#3626,#84,.T.);
#2876=EDGE_CURVE('NONE',#3626,#3457,#402,.T.);
#2877=EDGE_CURVE('NONE',#3624,#3463,#4273,.T.);
#2878=EDGE_CURVE('NONE',#3462,#3625,#4274,.T.);
#2879=EDGE_CURVE('NONE',#3627,#3557,#4275,.T.);
#2880=EDGE_CURVE('NONE',#3627,#3597,#4276,.F.);
#2881=EDGE_CURVE('NONE',#3628,#3627,#4277,.T.);
#2882=EDGE_CURVE('NONE',#3628,#3596,#4278,.F.);
#2883=EDGE_CURVE('NONE',#3484,#3628,#4279,.T.);
#2884=EDGE_CURVE('NONE',#3629,#3486,#4280,.F.);
#2885=EDGE_CURVE('NONE',#3629,#3602,#4281,.F.);
#2886=EDGE_CURVE('NONE',#3630,#3629,#4282,.T.);
#2887=EDGE_CURVE('NONE',#3630,#3603,#4283,.F.);
#2888=EDGE_CURVE('NONE',#3556,#3630,#4284,.F.);
#2889=EDGE_CURVE('NONE',#3450,#3449,#85,.T.);
#2890=EDGE_CURVE('NONE',#3434,#3433,#86,.F.);
#2891=EDGE_CURVE('NONE',#3631,#3561,#4285,.T.);
#2892=EDGE_CURVE('NONE',#3564,#3632,#4286,.F.);
#2893=EDGE_CURVE('NONE',#3632,#3631,#4287,.T.);
#2894=EDGE_CURVE('NONE',#3446,#3445,#87,.F.);
#2895=EDGE_CURVE('NONE',#3633,#3562,#4288,.T.);
#2896=EDGE_CURVE('NONE',#3634,#3633,#4289,.T.);
#2897=EDGE_CURVE('NONE',#3563,#3634,#4290,.T.);
#2898=EDGE_CURVE('NONE',#3447,#3448,#88,.F.);
#2899=EDGE_CURVE('NONE',#3631,#3633,#4291,.T.);
#2900=EDGE_CURVE('NONE',#3632,#3634,#4292,.T.);
#2901=EDGE_CURVE('NONE',#3444,#3443,#89,.F.);
#2902=EDGE_CURVE('NONE',#3440,#3439,#90,.T.);
#2903=EDGE_CURVE('NONE',#3441,#3442,#91,.T.);
#2904=EDGE_CURVE('NONE',#3429,#3635,#4293,.T.);
#2905=EDGE_CURVE('NONE',#3636,#3635,#92,.F.);
#2906=EDGE_CURVE('NONE',#3636,#3552,#4294,.F.);
#2907=EDGE_CURVE('NONE',#3431,#3637,#4295,.T.);
#2908=EDGE_CURVE('NONE',#3430,#3637,#93,.T.);
#2909=EDGE_CURVE('NONE',#3637,#3432,#403,.T.);
#2910=EDGE_CURVE('NONE',#3635,#3438,#4296,.T.);
#2911=EDGE_CURVE('NONE',#3437,#3636,#4297,.T.);
#2912=EDGE_CURVE('NONE',#3638,#3639,#404,.F.);
#2913=EDGE_CURVE('NONE',#3640,#3639,#4298,.F.);
#2914=EDGE_CURVE('NONE',#3641,#3640,#405,.T.);
#2915=EDGE_CURVE('NONE',#3641,#3638,#4299,.T.);
#2916=EDGE_CURVE('NONE',#3639,#3642,#4300,.F.);
#2917=EDGE_CURVE('NONE',#3643,#3642,#4301,.F.);
#2918=EDGE_CURVE('NONE',#3640,#3643,#4302,.F.);
#2919=EDGE_CURVE('NONE',#3642,#3644,#406,.F.);
#2920=EDGE_CURVE('NONE',#3645,#3644,#4303,.T.);
#2921=EDGE_CURVE('NONE',#3643,#3645,#407,.T.);
#2922=EDGE_CURVE('NONE',#3644,#3646,#408,.F.);
#2923=EDGE_CURVE('NONE',#3647,#3646,#4304,.T.);
#2924=EDGE_CURVE('NONE',#3645,#3647,#409,.T.);
#2925=EDGE_CURVE('NONE',#3646,#3648,#410,.F.);
#2926=EDGE_CURVE('NONE',#3649,#3648,#4305,.T.);
#2927=EDGE_CURVE('NONE',#3647,#3649,#411,.T.);
#2928=EDGE_CURVE('NONE',#3648,#3650,#412,.F.);
#2929=EDGE_CURVE('NONE',#3651,#3650,#4306,.T.);
#2930=EDGE_CURVE('NONE',#3649,#3651,#413,.T.);
#2931=EDGE_CURVE('NONE',#3650,#3652,#414,.F.);
#2932=EDGE_CURVE('NONE',#3653,#3652,#4307,.T.);
#2933=EDGE_CURVE('NONE',#3651,#3653,#415,.T.);
#2934=EDGE_CURVE('NONE',#3652,#3654,#416,.T.);
#2935=EDGE_CURVE('NONE',#3655,#3654,#4308,.T.);
#2936=EDGE_CURVE('NONE',#3653,#3655,#417,.T.);
#2937=EDGE_CURVE('NONE',#3654,#3656,#418,.F.);
#2938=EDGE_CURVE('NONE',#3657,#3656,#4309,.T.);
#2939=EDGE_CURVE('NONE',#3655,#3657,#419,.T.);
#2940=EDGE_CURVE('NONE',#3656,#3658,#420,.F.);
#2941=EDGE_CURVE('NONE',#3659,#3658,#4310,.T.);
#2942=EDGE_CURVE('NONE',#3657,#3659,#421,.T.);
#2943=EDGE_CURVE('NONE',#3658,#3660,#422,.F.);
#2944=EDGE_CURVE('NONE',#3661,#3660,#4311,.T.);
#2945=EDGE_CURVE('NONE',#3659,#3661,#423,.T.);
#2946=EDGE_CURVE('NONE',#3660,#3662,#424,.F.);
#2947=EDGE_CURVE('NONE',#3663,#3662,#4312,.F.);
#2948=EDGE_CURVE('NONE',#3661,#3663,#425,.T.);
#2949=EDGE_CURVE('NONE',#3662,#3664,#4313,.F.);
#2950=EDGE_CURVE('NONE',#3665,#3664,#4314,.F.);
#2951=EDGE_CURVE('NONE',#3663,#3665,#4315,.T.);
#2952=EDGE_CURVE('NONE',#3664,#3666,#426,.F.);
#2953=EDGE_CURVE('NONE',#3667,#3666,#4316,.T.);
#2954=EDGE_CURVE('NONE',#3665,#3667,#427,.T.);
#2955=EDGE_CURVE('NONE',#3666,#3668,#428,.F.);
#2956=EDGE_CURVE('NONE',#3669,#3668,#4317,.T.);
#2957=EDGE_CURVE('NONE',#3667,#3669,#429,.T.);
#2958=EDGE_CURVE('NONE',#3668,#3670,#430,.F.);
#2959=EDGE_CURVE('NONE',#3671,#3670,#4318,.T.);
#2960=EDGE_CURVE('NONE',#3669,#3671,#431,.T.);
#2961=EDGE_CURVE('NONE',#3670,#3672,#432,.F.);
#2962=EDGE_CURVE('NONE',#3673,#3672,#4319,.T.);
#2963=EDGE_CURVE('NONE',#3671,#3673,#433,.T.);
#2964=EDGE_CURVE('NONE',#3672,#3674,#434,.F.);
#2965=EDGE_CURVE('NONE',#3675,#3674,#4320,.T.);
#2966=EDGE_CURVE('NONE',#3673,#3675,#435,.T.);
#2967=EDGE_CURVE('NONE',#3674,#3676,#436,.T.);
#2968=EDGE_CURVE('NONE',#3677,#3676,#4321,.T.);
#2969=EDGE_CURVE('NONE',#3675,#3677,#437,.T.);
#2970=EDGE_CURVE('NONE',#3676,#3678,#438,.F.);
#2971=EDGE_CURVE('NONE',#3679,#3678,#4322,.T.);
#2972=EDGE_CURVE('NONE',#3677,#3679,#439,.T.);
#2973=EDGE_CURVE('NONE',#3678,#3638,#440,.F.);
#2974=EDGE_CURVE('NONE',#3679,#3641,#441,.T.);
#2975=EDGE_CURVE('NONE',#3680,#3681,#4323,.T.);
#2976=EDGE_CURVE('NONE',#3681,#3682,#442,.T.);
#2977=EDGE_CURVE('NONE',#3682,#3683,#443,.T.);
#2978=EDGE_CURVE('NONE',#3683,#3684,#444,.T.);
#2979=EDGE_CURVE('NONE',#3684,#3685,#445,.T.);
#2980=EDGE_CURVE('NONE',#3685,#3686,#4324,.F.);
#2981=EDGE_CURVE('NONE',#3686,#3680,#4325,.T.);
#2982=EDGE_CURVE('NONE',#3687,#3688,#4326,.F.);
#2983=EDGE_CURVE('NONE',#3689,#3687,#4327,.F.);
#2984=EDGE_CURVE('NONE',#3690,#3689,#446,.F.);
#2985=EDGE_CURVE('NONE',#3691,#3690,#447,.F.);
#2986=EDGE_CURVE('NONE',#3692,#3691,#448,.F.);
#2987=EDGE_CURVE('NONE',#3693,#3692,#449,.F.);
#2988=EDGE_CURVE('NONE',#3688,#3693,#4328,.T.);
#2989=EDGE_CURVE('NONE',#3694,#3695,#4329,.T.);
#2990=EDGE_CURVE('NONE',#3696,#3694,#4330,.F.);
#2991=EDGE_CURVE('NONE',#3697,#3696,#4331,.F.);
#2992=EDGE_CURVE('NONE',#3698,#3697,#450,.F.);
#2993=EDGE_CURVE('NONE',#3699,#3698,#451,.F.);
#2994=EDGE_CURVE('NONE',#3700,#3699,#452,.F.);
#2995=EDGE_CURVE('NONE',#3695,#3700,#453,.F.);
#2996=EDGE_CURVE('NONE',#3701,#3702,#4332,.F.);
#2997=EDGE_CURVE('NONE',#3702,#3703,#4333,.T.);
#2998=EDGE_CURVE('NONE',#3703,#3704,#4334,.T.);
#2999=EDGE_CURVE('NONE',#3704,#3705,#454,.T.);
#3000=EDGE_CURVE('NONE',#3705,#3706,#455,.T.);
#3001=EDGE_CURVE('NONE',#3706,#3707,#456,.T.);
#3002=EDGE_CURVE('NONE',#3707,#3701,#457,.T.);
#3003=EDGE_CURVE('NONE',#3681,#3695,#4335,.F.);
#3004=EDGE_CURVE('NONE',#3680,#3694,#4336,.F.);
#3005=EDGE_CURVE('NONE',#3682,#3700,#4337,.T.);
#3006=EDGE_CURVE('NONE',#3683,#3699,#4338,.T.);
#3007=EDGE_CURVE('NONE',#3684,#3698,#4339,.T.);
#3008=EDGE_CURVE('NONE',#3685,#3697,#4340,.F.);
#3009=EDGE_CURVE('NONE',#3686,#3696,#4341,.F.);
#3010=EDGE_CURVE('NONE',#3689,#3701,#4342,.T.);
#3011=EDGE_CURVE('NONE',#3687,#3702,#4343,.T.);
#3012=EDGE_CURVE('NONE',#3688,#3703,#4344,.F.);
#3013=EDGE_CURVE('NONE',#3693,#3704,#4345,.F.);
#3014=EDGE_CURVE('NONE',#3692,#3705,#4346,.T.);
#3015=EDGE_CURVE('NONE',#3691,#3706,#4347,.T.);
#3016=EDGE_CURVE('NONE',#3690,#3707,#4348,.T.);
#3017=EDGE_CURVE('NONE',#3708,#3709,#11,.F.);
#3018=EDGE_CURVE('NONE',#3709,#3710,#94,.T.);
#3019=EDGE_CURVE('NONE',#3710,#3711,#458,.T.);
#3020=EDGE_CURVE('NONE',#3711,#3712,#459,.T.);
#3021=EDGE_CURVE('NONE',#3712,#3713,#460,.T.);
#3022=EDGE_CURVE('NONE',#3713,#3714,#461,.T.);
#3023=EDGE_CURVE('NONE',#3714,#3715,#462,.T.);
#3024=EDGE_CURVE('NONE',#3715,#3716,#463,.T.);
#3025=EDGE_CURVE('NONE',#3716,#3717,#464,.T.);
#3026=EDGE_CURVE('NONE',#3717,#3718,#465,.T.);
#3027=EDGE_CURVE('NONE',#3718,#3719,#12,.F.);
#3028=EDGE_CURVE('NONE',#3719,#3720,#466,.T.);
#3029=EDGE_CURVE('NONE',#3720,#3721,#4349,.T.);
#3030=EDGE_CURVE('NONE',#3721,#3722,#4350,.T.);
#3031=EDGE_CURVE('NONE',#3722,#3723,#4351,.T.);
#3032=EDGE_CURVE('NONE',#3723,#3724,#4352,.T.);
#3033=EDGE_CURVE('NONE',#3724,#3725,#467,.T.);
#3034=EDGE_CURVE('NONE',#3725,#3726,#468,.T.);
#3035=EDGE_CURVE('NONE',#3726,#3727,#469,.T.);
#3036=EDGE_CURVE('NONE',#3727,#3728,#470,.T.);
#3037=EDGE_CURVE('NONE',#3728,#3729,#471,.T.);
#3038=EDGE_CURVE('NONE',#3729,#3730,#472,.T.);
#3039=EDGE_CURVE('NONE',#3730,#3731,#473,.T.);
#3040=EDGE_CURVE('NONE',#3731,#3732,#4353,.T.);
#3041=EDGE_CURVE('NONE',#3732,#3733,#474,.T.);
#3042=EDGE_CURVE('NONE',#3733,#3734,#475,.T.);
#3043=EDGE_CURVE('NONE',#3734,#3735,#4354,.F.);
#3044=EDGE_CURVE('NONE',#3735,#3736,#95,.T.);
#3045=EDGE_CURVE('NONE',#3736,#3737,#476,.T.);
#3046=EDGE_CURVE('NONE',#3737,#3738,#477,.T.);
#3047=EDGE_CURVE('NONE',#3738,#3739,#4355,.T.);
#3048=EDGE_CURVE('NONE',#3739,#3740,#478,.T.);
#3049=EDGE_CURVE('NONE',#3740,#3708,#479,.T.);
#3050=EDGE_CURVE('NONE',#3741,#3742,#480,.F.);
#3051=EDGE_CURVE('NONE',#3742,#3741,#481,.F.);
#3052=EDGE_CURVE('NONE',#3708,#3709,#13,.F.);
#3053=EDGE_CURVE('NONE',#3743,#3708,#482,.F.);
#3054=EDGE_CURVE('NONE',#3744,#3743,#483,.F.);
#3055=EDGE_CURVE('NONE',#3745,#3744,#4356,.T.);
#3056=EDGE_CURVE('NONE',#3746,#3745,#484,.F.);
#3057=EDGE_CURVE('NONE',#3736,#3746,#485,.F.);
#3058=EDGE_CURVE('NONE',#3735,#3736,#96,.T.);
#3059=EDGE_CURVE('NONE',#3747,#3735,#4357,.F.);
#3060=EDGE_CURVE('NONE',#3748,#3747,#486,.F.);
#3061=EDGE_CURVE('NONE',#3749,#3748,#487,.F.);
#3062=EDGE_CURVE('NONE',#3750,#3749,#4358,.T.);
#3063=EDGE_CURVE('NONE',#3751,#3750,#488,.F.);
#3064=EDGE_CURVE('NONE',#3752,#3751,#489,.F.);
#3065=EDGE_CURVE('NONE',#3753,#3752,#490,.F.);
#3066=EDGE_CURVE('NONE',#3754,#3753,#491,.F.);
#3067=EDGE_CURVE('NONE',#3755,#3754,#492,.F.);
#3068=EDGE_CURVE('NONE',#3756,#3755,#493,.F.);
#3069=EDGE_CURVE('NONE',#3757,#3756,#494,.F.);
#3070=EDGE_CURVE('NONE',#3758,#3757,#4359,.F.);
#3071=EDGE_CURVE('NONE',#3759,#3758,#4360,.F.);
#3072=EDGE_CURVE('NONE',#3760,#3759,#4361,.F.);
#3073=EDGE_CURVE('NONE',#3761,#3760,#4362,.F.);
#3074=EDGE_CURVE('NONE',#3719,#3761,#495,.F.);
#3075=EDGE_CURVE('NONE',#3718,#3719,#14,.F.);
#3076=EDGE_CURVE('NONE',#3762,#3718,#496,.F.);
#3077=EDGE_CURVE('NONE',#3763,#3762,#497,.F.);
#3078=EDGE_CURVE('NONE',#3764,#3763,#498,.F.);
#3079=EDGE_CURVE('NONE',#3765,#3764,#499,.F.);
#3080=EDGE_CURVE('NONE',#3766,#3765,#500,.F.);
#3081=EDGE_CURVE('NONE',#3767,#3766,#501,.F.);
#3082=EDGE_CURVE('NONE',#3768,#3767,#502,.F.);
#3083=EDGE_CURVE('NONE',#3769,#3768,#503,.F.);
#3084=EDGE_CURVE('NONE',#3709,#3769,#97,.T.);
#3085=EDGE_CURVE('NONE',#3770,#3771,#504,.T.);
#3086=EDGE_CURVE('NONE',#3771,#3770,#505,.T.);
#3087=EDGE_CURVE('NONE',#3710,#3769,#506,.F.);
#3088=EDGE_CURVE('NONE',#3711,#3768,#4363,.T.);
#3089=EDGE_CURVE('NONE',#3712,#3767,#4364,.T.);
#3090=EDGE_CURVE('NONE',#3713,#3766,#4365,.T.);
#3091=EDGE_CURVE('NONE',#3714,#3765,#4366,.T.);
#3092=EDGE_CURVE('NONE',#3715,#3764,#4367,.T.);
#3093=EDGE_CURVE('NONE',#3716,#3763,#4368,.T.);
#3094=EDGE_CURVE('NONE',#3717,#3762,#4369,.T.);
#3095=EDGE_CURVE('NONE',#3720,#3761,#4370,.F.);
#3096=EDGE_CURVE('NONE',#3721,#3760,#4371,.F.);
#3097=EDGE_CURVE('NONE',#3722,#3759,#4372,.F.);
#3098=EDGE_CURVE('NONE',#3723,#3758,#4373,.F.);
#3099=EDGE_CURVE('NONE',#3724,#3757,#4374,.F.);
#3100=EDGE_CURVE('NONE',#3725,#3756,#4375,.T.);
#3101=EDGE_CURVE('NONE',#3726,#3755,#4376,.T.);
#3102=EDGE_CURVE('NONE',#3727,#3754,#4377,.T.);
#3103=EDGE_CURVE('NONE',#3728,#3753,#4378,.T.);
#3104=EDGE_CURVE('NONE',#3729,#3752,#4379,.T.);
#3105=EDGE_CURVE('NONE',#3730,#3751,#4380,.T.);
#3106=EDGE_CURVE('NONE',#3731,#3750,#4381,.F.);
#3107=EDGE_CURVE('NONE',#3732,#3749,#4382,.F.);
#3108=EDGE_CURVE('NONE',#3733,#3748,#4383,.T.);
#3109=EDGE_CURVE('NONE',#3734,#3747,#4384,.T.);
#3110=EDGE_CURVE('NONE',#3737,#3746,#4385,.T.);
#3111=EDGE_CURVE('NONE',#3738,#3745,#4386,.F.);
#3112=EDGE_CURVE('NONE',#3739,#3744,#4387,.F.);
#3113=EDGE_CURVE('NONE',#3740,#3743,#4388,.T.);
#3114=EDGE_CURVE('NONE',#3741,#3771,#4389,.T.);
#3115=EDGE_CURVE('NONE',#3742,#3770,#4390,.T.);
#3116=EDGE_CURVE('NONE',#3772,#3773,#4391,.T.);
#3117=EDGE_CURVE('NONE',#3773,#3774,#4392,.F.);
#3118=EDGE_CURVE('NONE',#3774,#3775,#4393,.T.);
#3119=EDGE_CURVE('NONE',#3775,#3776,#4394,.T.);
#3120=EDGE_CURVE('NONE',#3776,#3777,#4395,.T.);
#3121=EDGE_CURVE('NONE',#3777,#3778,#4396,.T.);
#3122=EDGE_CURVE('NONE',#3778,#3779,#4397,.T.);
#3123=EDGE_CURVE('NONE',#3779,#3772,#4398,.T.);
#3124=EDGE_CURVE('NONE',#3780,#3781,#4399,.T.);
#3125=EDGE_CURVE('NONE',#3782,#3780,#4400,.F.);
#3126=EDGE_CURVE('NONE',#3783,#3782,#507,.F.);
#3127=EDGE_CURVE('NONE',#3784,#3783,#4401,.F.);
#3128=EDGE_CURVE('NONE',#3785,#3784,#508,.F.);
#3129=EDGE_CURVE('NONE',#3781,#3785,#4402,.F.);
#3130=EDGE_CURVE('NONE',#3786,#3787,#4403,.F.);
#3131=EDGE_CURVE('NONE',#3788,#3786,#4404,.T.);
#3132=EDGE_CURVE('NONE',#3789,#3788,#4405,.F.);
#3133=EDGE_CURVE('NONE',#3790,#3789,#4406,.T.);
#3134=EDGE_CURVE('NONE',#3791,#3790,#4407,.F.);
#3135=EDGE_CURVE('NONE',#3792,#3791,#4408,.T.);
#3136=EDGE_CURVE('NONE',#3793,#3792,#4409,.F.);
#3137=EDGE_CURVE('NONE',#3787,#3793,#4410,.F.);
#3138=EDGE_CURVE('NONE',#3794,#3795,#4411,.T.);
#3139=EDGE_CURVE('NONE',#3795,#3796,#4412,.T.);
#3140=EDGE_CURVE('NONE',#3796,#3797,#4413,.T.);
#3141=EDGE_CURVE('NONE',#3797,#3798,#509,.T.);
#3142=EDGE_CURVE('NONE',#3798,#3799,#4414,.F.);
#3143=EDGE_CURVE('NONE',#3799,#3794,#510,.T.);
#3144=EDGE_CURVE('NONE',#3773,#3787,#4415,.T.);
#3145=EDGE_CURVE('NONE',#3772,#3786,#4416,.F.);
#3146=EDGE_CURVE('NONE',#3774,#3793,#4417,.F.);
#3147=EDGE_CURVE('NONE',#3775,#3792,#4418,.F.);
#3148=EDGE_CURVE('NONE',#3776,#3791,#4419,.F.);
#3149=EDGE_CURVE('NONE',#3777,#3790,#4420,.F.);
#3150=EDGE_CURVE('NONE',#3778,#3789,#4421,.F.);
#3151=EDGE_CURVE('NONE',#3779,#3788,#4422,.F.);
#3152=EDGE_CURVE('NONE',#3780,#3795,#4423,.F.);
#3153=EDGE_CURVE('NONE',#3781,#3796,#4424,.F.);
#3154=EDGE_CURVE('NONE',#3785,#3797,#4425,.F.);
#3155=EDGE_CURVE('NONE',#3784,#3798,#4426,.T.);
#3156=EDGE_CURVE('NONE',#3783,#3799,#4427,.T.);
#3157=EDGE_CURVE('NONE',#3782,#3794,#4428,.F.);
#3158=EDGE_CURVE('NONE',#3800,#3801,#511,.F.);
#3159=EDGE_CURVE('NONE',#3802,#3801,#4429,.F.);
#3160=EDGE_CURVE('NONE',#3803,#3802,#512,.T.);
#3161=EDGE_CURVE('NONE',#3803,#3800,#4430,.T.);
#3162=EDGE_CURVE('NONE',#3801,#3804,#4431,.F.);
#3163=EDGE_CURVE('NONE',#3805,#3804,#4432,.F.);
#3164=EDGE_CURVE('NONE',#3802,#3805,#4433,.F.);
#3165=EDGE_CURVE('NONE',#3804,#3806,#513,.F.);
#3166=EDGE_CURVE('NONE',#3807,#3806,#4434,.T.);
#3167=EDGE_CURVE('NONE',#3805,#3807,#514,.T.);
#3168=EDGE_CURVE('NONE',#3806,#3808,#515,.F.);
#3169=EDGE_CURVE('NONE',#3809,#3808,#4435,.T.);
#3170=EDGE_CURVE('NONE',#3807,#3809,#516,.T.);
#3171=EDGE_CURVE('NONE',#3808,#3810,#517,.F.);
#3172=EDGE_CURVE('NONE',#3811,#3810,#4436,.T.);
#3173=EDGE_CURVE('NONE',#3809,#3811,#518,.T.);
#3174=EDGE_CURVE('NONE',#3810,#3812,#519,.F.);
#3175=EDGE_CURVE('NONE',#3813,#3812,#4437,.T.);
#3176=EDGE_CURVE('NONE',#3811,#3813,#520,.T.);
#3177=EDGE_CURVE('NONE',#3812,#3814,#521,.F.);
#3178=EDGE_CURVE('NONE',#3815,#3814,#4438,.T.);
#3179=EDGE_CURVE('NONE',#3813,#3815,#522,.T.);
#3180=EDGE_CURVE('NONE',#3814,#3816,#523,.F.);
#3181=EDGE_CURVE('NONE',#3817,#3816,#4439,.F.);
#3182=EDGE_CURVE('NONE',#3815,#3817,#524,.T.);
#3183=EDGE_CURVE('NONE',#3816,#3818,#4440,.F.);
#3184=EDGE_CURVE('NONE',#3819,#3818,#4441,.F.);
#3185=EDGE_CURVE('NONE',#3817,#3819,#4442,.F.);
#3186=EDGE_CURVE('NONE',#3818,#3820,#525,.F.);
#3187=EDGE_CURVE('NONE',#3821,#3820,#4443,.T.);
#3188=EDGE_CURVE('NONE',#3819,#3821,#526,.T.);
#3189=EDGE_CURVE('NONE',#3820,#3822,#527,.F.);
#3190=EDGE_CURVE('NONE',#3823,#3822,#4444,.T.);
#3191=EDGE_CURVE('NONE',#3821,#3823,#528,.T.);
#3192=EDGE_CURVE('NONE',#3822,#3824,#529,.F.);
#3193=EDGE_CURVE('NONE',#3825,#3824,#4445,.T.);
#3194=EDGE_CURVE('NONE',#3823,#3825,#530,.T.);
#3195=EDGE_CURVE('NONE',#3824,#3826,#531,.F.);
#3196=EDGE_CURVE('NONE',#3827,#3826,#4446,.T.);
#3197=EDGE_CURVE('NONE',#3825,#3827,#532,.T.);
#3198=EDGE_CURVE('NONE',#3826,#3800,#533,.F.);
#3199=EDGE_CURVE('NONE',#3827,#3803,#534,.T.);
#3200=EDGE_CURVE('NONE',#3828,#3829,#4447,.T.);
#3201=EDGE_CURVE('NONE',#3829,#3830,#4448,.F.);
#3202=EDGE_CURVE('NONE',#3830,#3831,#4449,.T.);
#3203=EDGE_CURVE('NONE',#3831,#3832,#4450,.T.);
#3204=EDGE_CURVE('NONE',#3832,#3833,#4451,.T.);
#3205=EDGE_CURVE('NONE',#3833,#3834,#4452,.T.);
#3206=EDGE_CURVE('NONE',#3834,#3835,#4453,.T.);
#3207=EDGE_CURVE('NONE',#3835,#3828,#4454,.T.);
#3208=EDGE_CURVE('NONE',#3836,#3837,#4455,.T.);
#3209=EDGE_CURVE('NONE',#3838,#3836,#4456,.F.);
#3210=EDGE_CURVE('NONE',#3839,#3838,#535,.F.);
#3211=EDGE_CURVE('NONE',#3840,#3839,#4457,.F.);
#3212=EDGE_CURVE('NONE',#3841,#3840,#536,.F.);
#3213=EDGE_CURVE('NONE',#3837,#3841,#4458,.F.);
#3214=EDGE_CURVE('NONE',#3842,#3843,#4459,.F.);
#3215=EDGE_CURVE('NONE',#3844,#3842,#4460,.T.);
#3216=EDGE_CURVE('NONE',#3845,#3844,#4461,.F.);
#3217=EDGE_CURVE('NONE',#3846,#3845,#4462,.F.);
#3218=EDGE_CURVE('NONE',#3847,#3846,#4463,.F.);
#3219=EDGE_CURVE('NONE',#3848,#3847,#4464,.T.);
#3220=EDGE_CURVE('NONE',#3849,#3848,#4465,.F.);
#3221=EDGE_CURVE('NONE',#3843,#3849,#4466,.F.);
#3222=EDGE_CURVE('NONE',#3850,#3851,#4467,.T.);
#3223=EDGE_CURVE('NONE',#3851,#3852,#4468,.T.);
#3224=EDGE_CURVE('NONE',#3852,#3853,#4469,.T.);
#3225=EDGE_CURVE('NONE',#3853,#3854,#537,.T.);
#3226=EDGE_CURVE('NONE',#3854,#3855,#4470,.F.);
#3227=EDGE_CURVE('NONE',#3855,#3850,#538,.T.);
#3228=EDGE_CURVE('NONE',#3829,#3843,#4471,.T.);
#3229=EDGE_CURVE('NONE',#3828,#3842,#4472,.F.);
#3230=EDGE_CURVE('NONE',#3830,#3849,#4473,.F.);
#3231=EDGE_CURVE('NONE',#3831,#3848,#4474,.F.);
#3232=EDGE_CURVE('NONE',#3832,#3847,#4475,.F.);
#3233=EDGE_CURVE('NONE',#3833,#3846,#4476,.F.);
#3234=EDGE_CURVE('NONE',#3834,#3845,#4477,.F.);
#3235=EDGE_CURVE('NONE',#3835,#3844,#4478,.F.);
#3236=EDGE_CURVE('NONE',#3836,#3851,#4479,.F.);
#3237=EDGE_CURVE('NONE',#3837,#3852,#4480,.F.);
#3238=EDGE_CURVE('NONE',#3841,#3853,#4481,.F.);
#3239=EDGE_CURVE('NONE',#3840,#3854,#4482,.T.);
#3240=EDGE_CURVE('NONE',#3839,#3855,#4483,.T.);
#3241=EDGE_CURVE('NONE',#3838,#3850,#4484,.F.);
#3242=VERTEX_POINT('',#8377);
#3243=VERTEX_POINT('',#8378);
#3244=VERTEX_POINT('',#8383);
#3245=VERTEX_POINT('',#8388);
#3246=VERTEX_POINT('',#8393);
#3247=VERTEX_POINT('',#8398);
#3248=VERTEX_POINT('',#8400);
#3249=VERTEX_POINT('',#8403);
#3250=VERTEX_POINT('',#8404);
#3251=VERTEX_POINT('',#8406);
#3252=VERTEX_POINT('',#8411);
#3253=VERTEX_POINT('',#8416);
#3254=VERTEX_POINT('',#8421);
#3255=VERTEX_POINT('',#8426);
#3256=VERTEX_POINT('',#8430);
#3257=VERTEX_POINT('',#8431);
#3258=VERTEX_POINT('',#8433);
#3259=VERTEX_POINT('',#8435);
#3260=VERTEX_POINT('',#8440);
#3261=VERTEX_POINT('',#8445);
#3262=VERTEX_POINT('',#8450);
#3263=VERTEX_POINT('',#8456);
#3264=VERTEX_POINT('',#8457);
#3265=VERTEX_POINT('',#8459);
#3266=VERTEX_POINT('',#8461);
#3267=VERTEX_POINT('',#8466);
#3268=VERTEX_POINT('',#8471);
#3269=VERTEX_POINT('',#8476);
#3270=VERTEX_POINT('',#8568);
#3271=VERTEX_POINT('',#8569);
#3272=VERTEX_POINT('',#8571);
#3273=VERTEX_POINT('',#8573);
#3274=VERTEX_POINT('',#8577);
#3275=VERTEX_POINT('',#8579);
#3276=VERTEX_POINT('',#8583);
#3277=VERTEX_POINT('',#8585);
#3278=VERTEX_POINT('',#8589);
#3279=VERTEX_POINT('',#8591);
#3280=VERTEX_POINT('',#8595);
#3281=VERTEX_POINT('',#8597);
#3282=VERTEX_POINT('',#8607);
#3283=VERTEX_POINT('',#8608);
#3284=VERTEX_POINT('',#8610);
#3285=VERTEX_POINT('',#8612);
#3286=VERTEX_POINT('',#8616);
#3287=VERTEX_POINT('',#8618);
#3288=VERTEX_POINT('',#8622);
#3289=VERTEX_POINT('',#8624);
#3290=VERTEX_POINT('',#8628);
#3291=VERTEX_POINT('',#8630);
#3292=VERTEX_POINT('',#8634);
#3293=VERTEX_POINT('',#8636);
#3294=VERTEX_POINT('',#8640);
#3295=VERTEX_POINT('',#8642);
#3296=VERTEX_POINT('',#8646);
#3297=VERTEX_POINT('',#8648);
#3298=VERTEX_POINT('',#8652);
#3299=VERTEX_POINT('',#8654);
#3300=VERTEX_POINT('',#8658);
#3301=VERTEX_POINT('',#8660);
#3302=VERTEX_POINT('',#8664);
#3303=VERTEX_POINT('',#8666);
#3304=VERTEX_POINT('',#8670);
#3305=VERTEX_POINT('',#8672);
#3306=VERTEX_POINT('',#8685);
#3307=VERTEX_POINT('',#8686);
#3308=VERTEX_POINT('',#8688);
#3309=VERTEX_POINT('',#8693);
#3310=VERTEX_POINT('',#8698);
#3311=VERTEX_POINT('',#8700);
#3312=VERTEX_POINT('',#8705);
#3313=VERTEX_POINT('',#8710);
#3314=VERTEX_POINT('',#8715);
#3315=VERTEX_POINT('',#8720);
#3316=VERTEX_POINT('',#8722);
#3317=VERTEX_POINT('',#8724);
#3318=VERTEX_POINT('',#8726);
#3319=VERTEX_POINT('',#8728);
#3320=VERTEX_POINT('',#8737);
#3321=VERTEX_POINT('',#8738);
#3322=VERTEX_POINT('',#8743);
#3323=VERTEX_POINT('',#8745);
#3324=VERTEX_POINT('',#8747);
#3325=VERTEX_POINT('',#8752);
#3326=VERTEX_POINT('',#8757);
#3327=VERTEX_POINT('',#8762);
#3328=VERTEX_POINT('',#8772);
#3329=VERTEX_POINT('',#8773);
#3330=VERTEX_POINT('',#8778);
#3331=VERTEX_POINT('',#8780);
#3332=VERTEX_POINT('',#8782);
#3333=VERTEX_POINT('',#8784);
#3334=VERTEX_POINT('',#8786);
#3335=VERTEX_POINT('',#8791);
#3336=VERTEX_POINT('',#8796);
#3337=VERTEX_POINT('',#8801);
#3338=VERTEX_POINT('',#8806);
#3339=VERTEX_POINT('',#8808);
#3340=VERTEX_POINT('',#8813);
#3341=VERTEX_POINT('',#8818);
#3342=VERTEX_POINT('',#8824);
#3343=VERTEX_POINT('',#8825);
#3344=VERTEX_POINT('',#8830);
#3345=VERTEX_POINT('',#8835);
#3346=VERTEX_POINT('',#8840);
#3347=VERTEX_POINT('',#8845);
#3348=VERTEX_POINT('',#8850);
#3349=VERTEX_POINT('',#8852);
#3350=VERTEX_POINT('',#8999);
#3351=VERTEX_POINT('',#9000);
#3352=VERTEX_POINT('',#9002);
#3353=VERTEX_POINT('',#9004);
#3354=VERTEX_POINT('',#9008);
#3355=VERTEX_POINT('',#9010);
#3356=VERTEX_POINT('',#9014);
#3357=VERTEX_POINT('',#9016);
#3358=VERTEX_POINT('',#9020);
#3359=VERTEX_POINT('',#9022);
#3360=VERTEX_POINT('',#9026);
#3361=VERTEX_POINT('',#9028);
#3362=VERTEX_POINT('',#9032);
#3363=VERTEX_POINT('',#9034);
#3364=VERTEX_POINT('',#9038);
#3365=VERTEX_POINT('',#9040);
#3366=VERTEX_POINT('',#9044);
#3367=VERTEX_POINT('',#9046);
#3368=VERTEX_POINT('',#9050);
#3369=VERTEX_POINT('',#9052);
#3370=VERTEX_POINT('',#9056);
#3371=VERTEX_POINT('',#9058);
#3372=VERTEX_POINT('',#9062);
#3373=VERTEX_POINT('',#9064);
#3374=VERTEX_POINT('',#9074);
#3375=VERTEX_POINT('',#9075);
#3376=VERTEX_POINT('',#9077);
#3377=VERTEX_POINT('',#9079);
#3378=VERTEX_POINT('',#9083);
#3379=VERTEX_POINT('',#9085);
#3380=VERTEX_POINT('',#9089);
#3381=VERTEX_POINT('',#9091);
#3382=VERTEX_POINT('',#9095);
#3383=VERTEX_POINT('',#9097);
#3384=VERTEX_POINT('',#9101);
#3385=VERTEX_POINT('',#9103);
#3386=VERTEX_POINT('',#9107);
#3387=VERTEX_POINT('',#9109);
#3388=VERTEX_POINT('',#9113);
#3389=VERTEX_POINT('',#9115);
#3390=VERTEX_POINT('',#9119);
#3391=VERTEX_POINT('',#9121);
#3392=VERTEX_POINT('',#9125);
#3393=VERTEX_POINT('',#9127);
#3394=VERTEX_POINT('',#9131);
#3395=VERTEX_POINT('',#9133);
#3396=VERTEX_POINT('',#9137);
#3397=VERTEX_POINT('',#9139);
#3398=VERTEX_POINT('',#9149);
#3399=VERTEX_POINT('',#9150);
#3400=VERTEX_POINT('',#9152);
#3401=VERTEX_POINT('',#9154);
#3402=VERTEX_POINT('',#9158);
#3403=VERTEX_POINT('',#9163);
#3404=VERTEX_POINT('',#9167);
#3405=VERTEX_POINT('',#9169);
#3406=VERTEX_POINT('',#9173);
#3407=VERTEX_POINT('',#9175);
#3408=VERTEX_POINT('',#9179);
#3409=VERTEX_POINT('',#9181);
#3410=VERTEX_POINT('',#9185);
#3411=VERTEX_POINT('',#9187);
#3412=VERTEX_POINT('',#9191);
#3413=VERTEX_POINT('',#9193);
#3414=VERTEX_POINT('',#9197);
#3415=VERTEX_POINT('',#9199);
#3416=VERTEX_POINT('',#9203);
#3417=VERTEX_POINT('',#9205);
#3418=VERTEX_POINT('',#9219);
#3419=VERTEX_POINT('',#9221);
#3420=VERTEX_POINT('',#9238);
#3421=VERTEX_POINT('',#9240);
#3422=VERTEX_POINT('',#9247);
#3423=VERTEX_POINT('',#9249);
#3424=VERTEX_POINT('',#9263);
#3425=VERTEX_POINT('',#9265);
#3426=VERTEX_POINT('',#9282);
#3427=VERTEX_POINT('',#9284);
#3428=VERTEX_POINT('',#9297);
#3429=VERTEX_POINT('',#9298);
#3430=VERTEX_POINT('',#9300);
#3431=VERTEX_POINT('',#9302);
#3432=VERTEX_POINT('',#9309);
#3433=VERTEX_POINT('',#9311);
#3434=VERTEX_POINT('',#9313);
#3435=VERTEX_POINT('',#9315);
#3436=VERTEX_POINT('',#9317);
#3437=VERTEX_POINT('',#9319);
#3438=VERTEX_POINT('',#9321);
#3439=VERTEX_POINT('',#9325);
#3440=VERTEX_POINT('',#9326);
#3441=VERTEX_POINT('',#9328);
#3442=VERTEX_POINT('',#9330);
#3443=VERTEX_POINT('',#9334);
#3444=VERTEX_POINT('',#9336);
#3445=VERTEX_POINT('',#9340);
#3446=VERTEX_POINT('',#9341);
#3447=VERTEX_POINT('',#9343);
#3448=VERTEX_POINT('',#9345);
#3449=VERTEX_POINT('',#9349);
#3450=VERTEX_POINT('',#9350);
#3451=VERTEX_POINT('',#9352);
#3452=VERTEX_POINT('',#9354);
#3453=VERTEX_POINT('',#9358);
#3454=VERTEX_POINT('',#9359);
#3455=VERTEX_POINT('',#9361);
#3456=VERTEX_POINT('',#9363);
#3457=VERTEX_POINT('',#9370);
#3458=VERTEX_POINT('',#9372);
#3459=VERTEX_POINT('',#9374);
#3460=VERTEX_POINT('',#9376);
#3461=VERTEX_POINT('',#9378);
#3462=VERTEX_POINT('',#9380);
#3463=VERTEX_POINT('',#9382);
#3464=VERTEX_POINT('',#9386);
#3465=VERTEX_POINT('',#9387);
#3466=VERTEX_POINT('',#9389);
#3467=VERTEX_POINT('',#9391);
#3468=VERTEX_POINT('',#9395);
#3469=VERTEX_POINT('',#9396);
#3470=VERTEX_POINT('',#9398);
#3471=VERTEX_POINT('',#9400);
#3472=VERTEX_POINT('',#9404);
#3473=VERTEX_POINT('',#9406);
#3474=VERTEX_POINT('',#9410);
#3475=VERTEX_POINT('',#9411);
#3476=VERTEX_POINT('',#9413);
#3477=VERTEX_POINT('',#9415);
#3478=VERTEX_POINT('',#9419);
#3479=VERTEX_POINT('',#9420);
#3480=VERTEX_POINT('',#9422);
#3481=VERTEX_POINT('',#9424);
#3482=VERTEX_POINT('',#9426);
#3483=VERTEX_POINT('',#9428);
#3484=VERTEX_POINT('',#9432);
#3485=VERTEX_POINT('',#9433);
#3486=VERTEX_POINT('',#9435);
#3487=VERTEX_POINT('',#9437);
#3488=VERTEX_POINT('',#9439);
#3489=VERTEX_POINT('',#9441);
#3490=VERTEX_POINT('',#9443);
#3491=VERTEX_POINT('',#9445);
#3492=VERTEX_POINT('',#9447);
#3493=VERTEX_POINT('',#9449);
#3494=VERTEX_POINT('',#9451);
#3495=VERTEX_POINT('',#9453);
#3496=VERTEX_POINT('',#9455);
#3497=VERTEX_POINT('',#9457);
#3498=VERTEX_POINT('',#9459);
#3499=VERTEX_POINT('',#9461);
#3500=VERTEX_POINT('',#9463);
#3501=VERTEX_POINT('',#9465);
#3502=VERTEX_POINT('',#9467);
#3503=VERTEX_POINT('',#9469);
#3504=VERTEX_POINT('',#9472);
#3505=VERTEX_POINT('',#9473);
#3506=VERTEX_POINT('',#9475);
#3507=VERTEX_POINT('',#9477);
#3508=VERTEX_POINT('',#9479);
#3509=VERTEX_POINT('',#9481);
#3510=VERTEX_POINT('',#9484);
#3511=VERTEX_POINT('',#9485);
#3512=VERTEX_POINT('',#9487);
#3513=VERTEX_POINT('',#9489);
#3514=VERTEX_POINT('',#9509);
#3515=VERTEX_POINT('',#9529);
#3516=VERTEX_POINT('',#9531);
#3517=VERTEX_POINT('',#9533);
#3518=VERTEX_POINT('',#9535);
#3519=VERTEX_POINT('',#9555);
#3520=VERTEX_POINT('',#9576);
#3521=VERTEX_POINT('',#9577);
#3522=VERTEX_POINT('',#9579);
#3523=VERTEX_POINT('',#9581);
#3524=VERTEX_POINT('',#9583);
#3525=VERTEX_POINT('',#9585);
#3526=VERTEX_POINT('',#9587);
#3527=VERTEX_POINT('',#9589);
#3528=VERTEX_POINT('',#9591);
#3529=VERTEX_POINT('',#9593);
#3530=VERTEX_POINT('',#9595);
#3531=VERTEX_POINT('',#9597);
#3532=VERTEX_POINT('',#9618);
#3533=VERTEX_POINT('',#9619);
#3534=VERTEX_POINT('',#9621);
#3535=VERTEX_POINT('',#9623);
#3536=VERTEX_POINT('',#9625);
#3537=VERTEX_POINT('',#9646);
#3538=VERTEX_POINT('',#9647);
#3539=VERTEX_POINT('',#9649);
#3540=VERTEX_POINT('',#9651);
#3541=VERTEX_POINT('',#9653);
#3542=VERTEX_POINT('',#9655);
#3543=VERTEX_POINT('',#9657);
#3544=VERTEX_POINT('',#9659);
#3545=VERTEX_POINT('',#9681);
#3546=VERTEX_POINT('',#9682);
#3547=VERTEX_POINT('',#9684);
#3548=VERTEX_POINT('',#9686);
#3549=VERTEX_POINT('',#9688);
#3550=VERTEX_POINT('',#9714);
#3551=VERTEX_POINT('',#9715);
#3552=VERTEX_POINT('',#9723);
#3553=VERTEX_POINT('',#9730);
#3554=VERTEX_POINT('',#9731);
#3555=VERTEX_POINT('',#9733);
#3556=VERTEX_POINT('',#9735);
#3557=VERTEX_POINT('',#9737);
#3558=VERTEX_POINT('',#9739);
#3559=VERTEX_POINT('',#9741);
#3560=VERTEX_POINT('',#9743);
#3561=VERTEX_POINT('',#9746);
#3562=VERTEX_POINT('',#9747);
#3563=VERTEX_POINT('',#9749);
#3564=VERTEX_POINT('',#9751);
#3565=VERTEX_POINT('',#9755);
#3566=VERTEX_POINT('',#9756);
#3567=VERTEX_POINT('',#9764);
#3568=VERTEX_POINT('',#9771);
#3569=VERTEX_POINT('',#9772);
#3570=VERTEX_POINT('',#9774);
#3571=VERTEX_POINT('',#9776);
#3572=VERTEX_POINT('',#9778);
#3573=VERTEX_POINT('',#9781);
#3574=VERTEX_POINT('',#9783);
#3575=VERTEX_POINT('',#9786);
#3576=VERTEX_POINT('',#9788);
#3577=VERTEX_POINT('',#9790);
#3578=VERTEX_POINT('',#9794);
#3579=VERTEX_POINT('',#9795);
#3580=VERTEX_POINT('',#9798);
#3581=VERTEX_POINT('',#9800);
#3582=VERTEX_POINT('',#9802);
#3583=VERTEX_POINT('',#9804);
#3584=VERTEX_POINT('',#9806);
#3585=VERTEX_POINT('',#9808);
#3586=VERTEX_POINT('',#9810);
#3587=VERTEX_POINT('',#9812);
#3588=VERTEX_POINT('',#9817);
#3589=VERTEX_POINT('',#9818);
#3590=VERTEX_POINT('',#9820);
#3591=VERTEX_POINT('',#9822);
#3592=VERTEX_POINT('',#9825);
#3593=VERTEX_POINT('',#9826);
#3594=VERTEX_POINT('',#9828);
#3595=VERTEX_POINT('',#9830);
#3596=VERTEX_POINT('',#9836);
#3597=VERTEX_POINT('',#9837);
#3598=VERTEX_POINT('',#9841);
#3599=VERTEX_POINT('',#9843);
#3600=VERTEX_POINT('',#9846);
#3601=VERTEX_POINT('',#9848);
#3602=VERTEX_POINT('',#9851);
#3603=VERTEX_POINT('',#9853);
#3604=VERTEX_POINT('',#9860);
#3605=VERTEX_POINT('',#9862);
#3606=VERTEX_POINT('',#9866);
#3607=VERTEX_POINT('',#9868);
#3608=VERTEX_POINT('',#9876);
#3609=VERTEX_POINT('',#9880);
#3610=VERTEX_POINT('',#9886);
#3611=VERTEX_POINT('',#9890);
#3612=VERTEX_POINT('',#9897);
#3613=VERTEX_POINT('',#9899);
#3614=VERTEX_POINT('',#9904);
#3615=VERTEX_POINT('',#9906);
#3616=VERTEX_POINT('',#9923);
#3617=VERTEX_POINT('',#9927);
#3618=VERTEX_POINT('',#9934);
#3619=VERTEX_POINT('',#9936);
#3620=VERTEX_POINT('',#9945);
#3621=VERTEX_POINT('',#9947);
#3622=VERTEX_POINT('',#9958);
#3623=VERTEX_POINT('',#9960);
#3624=VERTEX_POINT('',#9973);
#3625=VERTEX_POINT('',#9975);
#3626=VERTEX_POINT('',#9979);
#3627=VERTEX_POINT('',#9993);
#3628=VERTEX_POINT('',#9997);
#3629=VERTEX_POINT('',#10003);
#3630=VERTEX_POINT('',#10007);
#3631=VERTEX_POINT('',#10018);
#3632=VERTEX_POINT('',#10020);
#3633=VERTEX_POINT('',#10025);
#3634=VERTEX_POINT('',#10027);
#3635=VERTEX_POINT('',#10044);
#3636=VERTEX_POINT('',#10046);
#3637=VERTEX_POINT('',#10050);
#3638=VERTEX_POINT('',#10075);
#3639=VERTEX_POINT('',#10076);
#3640=VERTEX_POINT('',#10078);
#3641=VERTEX_POINT('',#10083);
#3642=VERTEX_POINT('',#10087);
#3643=VERTEX_POINT('',#10089);
#3644=VERTEX_POINT('',#10103);
#3645=VERTEX_POINT('',#10105);
#3646=VERTEX_POINT('',#10122);
#3647=VERTEX_POINT('',#10124);
#3648=VERTEX_POINT('',#10141);
#3649=VERTEX_POINT('',#10143);
#3650=VERTEX_POINT('',#10160);
#3651=VERTEX_POINT('',#10162);
#3652=VERTEX_POINT('',#10179);
#3653=VERTEX_POINT('',#10181);
#3654=VERTEX_POINT('',#10198);
#3655=VERTEX_POINT('',#10200);
#3656=VERTEX_POINT('',#10217);
#3657=VERTEX_POINT('',#10219);
#3658=VERTEX_POINT('',#10236);
#3659=VERTEX_POINT('',#10238);
#3660=VERTEX_POINT('',#10255);
#3661=VERTEX_POINT('',#10257);
#3662=VERTEX_POINT('',#10274);
#3663=VERTEX_POINT('',#10276);
#3664=VERTEX_POINT('',#10283);
#3665=VERTEX_POINT('',#10285);
#3666=VERTEX_POINT('',#10299);
#3667=VERTEX_POINT('',#10301);
#3668=VERTEX_POINT('',#10318);
#3669=VERTEX_POINT('',#10320);
#3670=VERTEX_POINT('',#10337);
#3671=VERTEX_POINT('',#10339);
#3672=VERTEX_POINT('',#10356);
#3673=VERTEX_POINT('',#10358);
#3674=VERTEX_POINT('',#10375);
#3675=VERTEX_POINT('',#10377);
#3676=VERTEX_POINT('',#10394);
#3677=VERTEX_POINT('',#10396);
#3678=VERTEX_POINT('',#10413);
#3679=VERTEX_POINT('',#10415);
#3680=VERTEX_POINT('',#10441);
#3681=VERTEX_POINT('',#10442);
#3682=VERTEX_POINT('',#10447);
#3683=VERTEX_POINT('',#10452);
#3684=VERTEX_POINT('',#10457);
#3685=VERTEX_POINT('',#10462);
#3686=VERTEX_POINT('',#10464);
#3687=VERTEX_POINT('',#10467);
#3688=VERTEX_POINT('',#10468);
#3689=VERTEX_POINT('',#10470);
#3690=VERTEX_POINT('',#10475);
#3691=VERTEX_POINT('',#10480);
#3692=VERTEX_POINT('',#10485);
#3693=VERTEX_POINT('',#10490);
#3694=VERTEX_POINT('',#10494);
#3695=VERTEX_POINT('',#10495);
#3696=VERTEX_POINT('',#10497);
#3697=VERTEX_POINT('',#10499);
#3698=VERTEX_POINT('',#10504);
#3699=VERTEX_POINT('',#10509);
#3700=VERTEX_POINT('',#10514);
#3701=VERTEX_POINT('',#10520);
#3702=VERTEX_POINT('',#10521);
#3703=VERTEX_POINT('',#10523);
#3704=VERTEX_POINT('',#10525);
#3705=VERTEX_POINT('',#10530);
#3706=VERTEX_POINT('',#10535);
#3707=VERTEX_POINT('',#10540);
#3708=VERTEX_POINT('',#10632);
#3709=VERTEX_POINT('',#10633);
#3710=VERTEX_POINT('',#10635);
#3711=VERTEX_POINT('',#10640);
#3712=VERTEX_POINT('',#10645);
#3713=VERTEX_POINT('',#10650);
#3714=VERTEX_POINT('',#10655);
#3715=VERTEX_POINT('',#10660);
#3716=VERTEX_POINT('',#10665);
#3717=VERTEX_POINT('',#10670);
#3718=VERTEX_POINT('',#10675);
#3719=VERTEX_POINT('',#10677);
#3720=VERTEX_POINT('',#10682);
#3721=VERTEX_POINT('',#10684);
#3722=VERTEX_POINT('',#10686);
#3723=VERTEX_POINT('',#10688);
#3724=VERTEX_POINT('',#10690);
#3725=VERTEX_POINT('',#10695);
#3726=VERTEX_POINT('',#10700);
#3727=VERTEX_POINT('',#10705);
#3728=VERTEX_POINT('',#10710);
#3729=VERTEX_POINT('',#10715);
#3730=VERTEX_POINT('',#10720);
#3731=VERTEX_POINT('',#10725);
#3732=VERTEX_POINT('',#10727);
#3733=VERTEX_POINT('',#10732);
#3734=VERTEX_POINT('',#10737);
#3735=VERTEX_POINT('',#10739);
#3736=VERTEX_POINT('',#10741);
#3737=VERTEX_POINT('',#10746);
#3738=VERTEX_POINT('',#10751);
#3739=VERTEX_POINT('',#10753);
#3740=VERTEX_POINT('',#10758);
#3741=VERTEX_POINT('',#10770);
#3742=VERTEX_POINT('',#10771);
#3743=VERTEX_POINT('',#10784);
#3744=VERTEX_POINT('',#10789);
#3745=VERTEX_POINT('',#10791);
#3746=VERTEX_POINT('',#10796);
#3747=VERTEX_POINT('',#10803);
#3748=VERTEX_POINT('',#10808);
#3749=VERTEX_POINT('',#10813);
#3750=VERTEX_POINT('',#10815);
#3751=VERTEX_POINT('',#10820);
#3752=VERTEX_POINT('',#10825);
#3753=VERTEX_POINT('',#10830);
#3754=VERTEX_POINT('',#10835);
#3755=VERTEX_POINT('',#10840);
#3756=VERTEX_POINT('',#10845);
#3757=VERTEX_POINT('',#10850);
#3758=VERTEX_POINT('',#10852);
#3759=VERTEX_POINT('',#10854);
#3760=VERTEX_POINT('',#10856);
#3761=VERTEX_POINT('',#10858);
#3762=VERTEX_POINT('',#10868);
#3763=VERTEX_POINT('',#10873);
#3764=VERTEX_POINT('',#10878);
#3765=VERTEX_POINT('',#10883);
#3766=VERTEX_POINT('',#10888);
#3767=VERTEX_POINT('',#10893);
#3768=VERTEX_POINT('',#10898);
#3769=VERTEX_POINT('',#10903);
#3770=VERTEX_POINT('',#10911);
#3771=VERTEX_POINT('',#10912);
#3772=VERTEX_POINT('',#11174);
#3773=VERTEX_POINT('',#11175);
#3774=VERTEX_POINT('',#11177);
#3775=VERTEX_POINT('',#11179);
#3776=VERTEX_POINT('',#11181);
#3777=VERTEX_POINT('',#11183);
#3778=VERTEX_POINT('',#11185);
#3779=VERTEX_POINT('',#11187);
#3780=VERTEX_POINT('',#11190);
#3781=VERTEX_POINT('',#11191);
#3782=VERTEX_POINT('',#11193);
#3783=VERTEX_POINT('',#11198);
#3784=VERTEX_POINT('',#11200);
#3785=VERTEX_POINT('',#11205);
#3786=VERTEX_POINT('',#11209);
#3787=VERTEX_POINT('',#11210);
#3788=VERTEX_POINT('',#11212);
#3789=VERTEX_POINT('',#11214);
#3790=VERTEX_POINT('',#11216);
#3791=VERTEX_POINT('',#11218);
#3792=VERTEX_POINT('',#11220);
#3793=VERTEX_POINT('',#11222);
#3794=VERTEX_POINT('',#11225);
#3795=VERTEX_POINT('',#11226);
#3796=VERTEX_POINT('',#11228);
#3797=VERTEX_POINT('',#11230);
#3798=VERTEX_POINT('',#11235);
#3799=VERTEX_POINT('',#11237);
#3800=VERTEX_POINT('',#11297);
#3801=VERTEX_POINT('',#11298);
#3802=VERTEX_POINT('',#11300);
#3803=VERTEX_POINT('',#11305);
#3804=VERTEX_POINT('',#11309);
#3805=VERTEX_POINT('',#11311);
#3806=VERTEX_POINT('',#11325);
#3807=VERTEX_POINT('',#11327);
#3808=VERTEX_POINT('',#11344);
#3809=VERTEX_POINT('',#11346);
#3810=VERTEX_POINT('',#11363);
#3811=VERTEX_POINT('',#11365);
#3812=VERTEX_POINT('',#11382);
#3813=VERTEX_POINT('',#11384);
#3814=VERTEX_POINT('',#11401);
#3815=VERTEX_POINT('',#11403);
#3816=VERTEX_POINT('',#11420);
#3817=VERTEX_POINT('',#11422);
#3818=VERTEX_POINT('',#11429);
#3819=VERTEX_POINT('',#11431);
#3820=VERTEX_POINT('',#11445);
#3821=VERTEX_POINT('',#11447);
#3822=VERTEX_POINT('',#11464);
#3823=VERTEX_POINT('',#11466);
#3824=VERTEX_POINT('',#11483);
#3825=VERTEX_POINT('',#11485);
#3826=VERTEX_POINT('',#11502);
#3827=VERTEX_POINT('',#11504);
#3828=VERTEX_POINT('',#11530);
#3829=VERTEX_POINT('',#11531);
#3830=VERTEX_POINT('',#11533);
#3831=VERTEX_POINT('',#11535);
#3832=VERTEX_POINT('',#11537);
#3833=VERTEX_POINT('',#11539);
#3834=VERTEX_POINT('',#11541);
#3835=VERTEX_POINT('',#11543);
#3836=VERTEX_POINT('',#11546);
#3837=VERTEX_POINT('',#11547);
#3838=VERTEX_POINT('',#11549);
#3839=VERTEX_POINT('',#11554);
#3840=VERTEX_POINT('',#11556);
#3841=VERTEX_POINT('',#11561);
#3842=VERTEX_POINT('',#11565);
#3843=VERTEX_POINT('',#11566);
#3844=VERTEX_POINT('',#11568);
#3845=VERTEX_POINT('',#11570);
#3846=VERTEX_POINT('',#11572);
#3847=VERTEX_POINT('',#11574);
#3848=VERTEX_POINT('',#11576);
#3849=VERTEX_POINT('',#11578);
#3850=VERTEX_POINT('',#11581);
#3851=VERTEX_POINT('',#11582);
#3852=VERTEX_POINT('',#11584);
#3853=VERTEX_POINT('',#11586);
#3854=VERTEX_POINT('',#11591);
#3855=VERTEX_POINT('',#11593);
#3856=LINE('',#8376,#4485);
#3857=LINE('',#8399,#4486);
#3858=LINE('',#8401,#4487);
#3859=LINE('',#8402,#4488);
#3860=LINE('',#8405,#4489);
#3861=LINE('',#8427,#4490);
#3862=LINE('',#8429,#4491);
#3863=LINE('',#8432,#4492);
#3864=LINE('',#8434,#4493);
#3865=LINE('',#8455,#4494);
#3866=LINE('',#8458,#4495);
#3867=LINE('',#8460,#4496);
#3868=LINE('',#8482,#4497);
#3869=LINE('',#8483,#4498);
#3870=LINE('',#8492,#4499);
#3871=LINE('',#8501,#4500);
#3872=LINE('',#8510,#4501);
#3873=LINE('',#8519,#4502);
#3874=LINE('',#8521,#4503);
#3875=LINE('',#8524,#4504);
#3876=LINE('',#8525,#4505);
#3877=LINE('',#8527,#4506);
#3878=LINE('',#8529,#4507);
#3879=LINE('',#8538,#4508);
#3880=LINE('',#8547,#4509);
#3881=LINE('',#8556,#4510);
#3882=LINE('',#8567,#4511);
#3883=LINE('',#8570,#4512);
#3884=LINE('',#8572,#4513);
#3885=LINE('',#8574,#4514);
#3886=LINE('',#8576,#4515);
#3887=LINE('',#8578,#4516);
#3888=LINE('',#8580,#4517);
#3889=LINE('',#8582,#4518);
#3890=LINE('',#8584,#4519);
#3891=LINE('',#8586,#4520);
#3892=LINE('',#8588,#4521);
#3893=LINE('',#8590,#4522);
#3894=LINE('',#8592,#4523);
#3895=LINE('',#8594,#4524);
#3896=LINE('',#8596,#4525);
#3897=LINE('',#8598,#4526);
#3898=LINE('',#8600,#4527);
#3899=LINE('',#8601,#4528);
#3900=LINE('',#8606,#4529);
#3901=LINE('',#8609,#4530);
#3902=LINE('',#8611,#4531);
#3903=LINE('',#8613,#4532);
#3904=LINE('',#8615,#4533);
#3905=LINE('',#8617,#4534);
#3906=LINE('',#8619,#4535);
#3907=LINE('',#8621,#4536);
#3908=LINE('',#8623,#4537);
#3909=LINE('',#8625,#4538);
#3910=LINE('',#8627,#4539);
#3911=LINE('',#8629,#4540);
#3912=LINE('',#8631,#4541);
#3913=LINE('',#8633,#4542);
#3914=LINE('',#8635,#4543);
#3915=LINE('',#8637,#4544);
#3916=LINE('',#8639,#4545);
#3917=LINE('',#8641,#4546);
#3918=LINE('',#8643,#4547);
#3919=LINE('',#8645,#4548);
#3920=LINE('',#8647,#4549);
#3921=LINE('',#8649,#4550);
#3922=LINE('',#8651,#4551);
#3923=LINE('',#8653,#4552);
#3924=LINE('',#8655,#4553);
#3925=LINE('',#8657,#4554);
#3926=LINE('',#8659,#4555);
#3927=LINE('',#8661,#4556);
#3928=LINE('',#8663,#4557);
#3929=LINE('',#8665,#4558);
#3930=LINE('',#8667,#4559);
#3931=LINE('',#8669,#4560);
#3932=LINE('',#8671,#4561);
#3933=LINE('',#8673,#4562);
#3934=LINE('',#8675,#4563);
#3935=LINE('',#8676,#4564);
#3936=LINE('',#8687,#4565);
#3937=LINE('',#8699,#4566);
#3938=LINE('',#8721,#4567);
#3939=LINE('',#8723,#4568);
#3940=LINE('',#8725,#4569);
#3941=LINE('',#8727,#4570);
#3942=LINE('',#8744,#4571);
#3943=LINE('',#8746,#4572);
#3944=LINE('',#8779,#4573);
#3945=LINE('',#8781,#4574);
#3946=LINE('',#8783,#4575);
#3947=LINE('',#8785,#4576);
#3948=LINE('',#8807,#4577);
#3949=LINE('',#8819,#4578);
#3950=LINE('',#8851,#4579);
#3951=LINE('',#8853,#4580);
#3952=LINE('',#8862,#4581);
#3953=LINE('',#8863,#4582);
#3954=LINE('',#8865,#4583);
#3955=LINE('',#8874,#4584);
#3956=LINE('',#8883,#4585);
#3957=LINE('',#8885,#4586);
#3958=LINE('',#8894,#4587);
#3959=LINE('',#8903,#4588);
#3960=LINE('',#8912,#4589);
#3961=LINE('',#8921,#4590);
#3962=LINE('',#8923,#4591);
#3963=LINE('',#8925,#4592);
#3964=LINE('',#8927,#4593);
#3965=LINE('',#8929,#4594);
#3966=LINE('',#8946,#4595);
#3967=LINE('',#8947,#4596);
#3968=LINE('',#8956,#4597);
#3969=LINE('',#8965,#4598);
#3970=LINE('',#8974,#4599);
#3971=LINE('',#8983,#4600);
#3972=LINE('',#8992,#4601);
#3973=LINE('',#8994,#4602);
#3974=LINE('',#8998,#4603);
#3975=LINE('',#9001,#4604);
#3976=LINE('',#9003,#4605);
#3977=LINE('',#9005,#4606);
#3978=LINE('',#9007,#4607);
#3979=LINE('',#9009,#4608);
#3980=LINE('',#9011,#4609);
#3981=LINE('',#9013,#4610);
#3982=LINE('',#9015,#4611);
#3983=LINE('',#9017,#4612);
#3984=LINE('',#9019,#4613);
#3985=LINE('',#9021,#4614);
#3986=LINE('',#9023,#4615);
#3987=LINE('',#9025,#4616);
#3988=LINE('',#9027,#4617);
#3989=LINE('',#9029,#4618);
#3990=LINE('',#9031,#4619);
#3991=LINE('',#9033,#4620);
#3992=LINE('',#9035,#4621);
#3993=LINE('',#9037,#4622);
#3994=LINE('',#9039,#4623);
#3995=LINE('',#9041,#4624);
#3996=LINE('',#9043,#4625);
#3997=LINE('',#9045,#4626);
#3998=LINE('',#9047,#4627);
#3999=LINE('',#9049,#4628);
#4000=LINE('',#9051,#4629);
#4001=LINE('',#9053,#4630);
#4002=LINE('',#9055,#4631);
#4003=LINE('',#9057,#4632);
#4004=LINE('',#9059,#4633);
#4005=LINE('',#9061,#4634);
#4006=LINE('',#9063,#4635);
#4007=LINE('',#9065,#4636);
#4008=LINE('',#9067,#4637);
#4009=LINE('',#9068,#4638);
#4010=LINE('',#9073,#4639);
#4011=LINE('',#9076,#4640);
#4012=LINE('',#9078,#4641);
#4013=LINE('',#9080,#4642);
#4014=LINE('',#9082,#4643);
#4015=LINE('',#9084,#4644);
#4016=LINE('',#9086,#4645);
#4017=LINE('',#9088,#4646);
#4018=LINE('',#9090,#4647);
#4019=LINE('',#9092,#4648);
#4020=LINE('',#9094,#4649);
#4021=LINE('',#9096,#4650);
#4022=LINE('',#9098,#4651);
#4023=LINE('',#9100,#4652);
#4024=LINE('',#9102,#4653);
#4025=LINE('',#9104,#4654);
#4026=LINE('',#9106,#4655);
#4027=LINE('',#9108,#4656);
#4028=LINE('',#9110,#4657);
#4029=LINE('',#9112,#4658);
#4030=LINE('',#9114,#4659);
#4031=LINE('',#9116,#4660);
#4032=LINE('',#9118,#4661);
#4033=LINE('',#9120,#4662);
#4034=LINE('',#9122,#4663);
#4035=LINE('',#9124,#4664);
#4036=LINE('',#9126,#4665);
#4037=LINE('',#9128,#4666);
#4038=LINE('',#9130,#4667);
#4039=LINE('',#9132,#4668);
#4040=LINE('',#9134,#4669);
#4041=LINE('',#9136,#4670);
#4042=LINE('',#9138,#4671);
#4043=LINE('',#9140,#4672);
#4044=LINE('',#9142,#4673);
#4045=LINE('',#9143,#4674);
#4046=LINE('',#9148,#4675);
#4047=LINE('',#9151,#4676);
#4048=LINE('',#9153,#4677);
#4049=LINE('',#9155,#4678);
#4050=LINE('',#9157,#4679);
#4051=LINE('',#9164,#4680);
#4052=LINE('',#9166,#4681);
#4053=LINE('',#9168,#4682);
#4054=LINE('',#9170,#4683);
#4055=LINE('',#9172,#4684);
#4056=LINE('',#9174,#4685);
#4057=LINE('',#9176,#4686);
#4058=LINE('',#9178,#4687);
#4059=LINE('',#9180,#4688);
#4060=LINE('',#9182,#4689);
#4061=LINE('',#9184,#4690);
#4062=LINE('',#9186,#4691);
#4063=LINE('',#9188,#4692);
#4064=LINE('',#9190,#4693);
#4065=LINE('',#9192,#4694);
#4066=LINE('',#9194,#4695);
#4067=LINE('',#9196,#4696);
#4068=LINE('',#9198,#4697);
#4069=LINE('',#9200,#4698);
#4070=LINE('',#9202,#4699);
#4071=LINE('',#9204,#4700);
#4072=LINE('',#9206,#4701);
#4073=LINE('',#9220,#4702);
#4074=LINE('',#9239,#4703);
#4075=LINE('',#9246,#4704);
#4076=LINE('',#9248,#4705);
#4077=LINE('',#9250,#4706);
#4078=LINE('',#9264,#4707);
#4079=LINE('',#9283,#4708);
#4080=LINE('',#9290,#4709);
#4081=LINE('',#9291,#4710);
#4082=LINE('',#9310,#4711);
#4083=LINE('',#9314,#4712);
#4084=LINE('',#9318,#4713);
#4085=LINE('',#9322,#4714);
#4086=LINE('',#9333,#4715);
#4087=LINE('',#9337,#4716);
#4088=LINE('',#9342,#4717);
#4089=LINE('',#9346,#4718);
#4090=LINE('',#9351,#4719);
#4091=LINE('',#9355,#4720);
#4092=LINE('',#9371,#4721);
#4093=LINE('',#9375,#4722);
#4094=LINE('',#9379,#4723);
#4095=LINE('',#9383,#4724);
#4096=LINE('',#9388,#4725);
#4097=LINE('',#9392,#4726);
#4098=LINE('',#9403,#4727);
#4099=LINE('',#9407,#4728);
#4100=LINE('',#9412,#4729);
#4101=LINE('',#9416,#4730);
#4102=LINE('',#9418,#4731);
#4103=LINE('',#9421,#4732);
#4104=LINE('',#9423,#4733);
#4105=LINE('',#9425,#4734);
#4106=LINE('',#9427,#4735);
#4107=LINE('',#9429,#4736);
#4108=LINE('',#9431,#4737);
#4109=LINE('',#9434,#4738);
#4110=LINE('',#9436,#4739);
#4111=LINE('',#9438,#4740);
#4112=LINE('',#9440,#4741);
#4113=LINE('',#9442,#4742);
#4114=LINE('',#9444,#4743);
#4115=LINE('',#9446,#4744);
#4116=LINE('',#9448,#4745);
#4117=LINE('',#9450,#4746);
#4118=LINE('',#9452,#4747);
#4119=LINE('',#9454,#4748);
#4120=LINE('',#9456,#4749);
#4121=LINE('',#9458,#4750);
#4122=LINE('',#9460,#4751);
#4123=LINE('',#9462,#4752);
#4124=LINE('',#9464,#4753);
#4125=LINE('',#9466,#4754);
#4126=LINE('',#9468,#4755);
#4127=LINE('',#9470,#4756);
#4128=LINE('',#9471,#4757);
#4129=LINE('',#9474,#4758);
#4130=LINE('',#9476,#4759);
#4131=LINE('',#9478,#4760);
#4132=LINE('',#9480,#4761);
#4133=LINE('',#9482,#4762);
#4134=LINE('',#9486,#4763);
#4135=LINE('',#9532,#4764);
#4136=LINE('',#9575,#4765);
#4137=LINE('',#9578,#4766);
#4138=LINE('',#9580,#4767);
#4139=LINE('',#9582,#4768);
#4140=LINE('',#9584,#4769);
#4141=LINE('',#9586,#4770);
#4142=LINE('',#9588,#4771);
#4143=LINE('',#9590,#4772);
#4144=LINE('',#9592,#4773);
#4145=LINE('',#9594,#4774);
#4146=LINE('',#9596,#4775);
#4147=LINE('',#9598,#4776);
#4148=LINE('',#9620,#4777);
#4149=LINE('',#9622,#4778);
#4150=LINE('',#9624,#4779);
#4151=LINE('',#9645,#4780);
#4152=LINE('',#9648,#4781);
#4153=LINE('',#9650,#4782);
#4154=LINE('',#9652,#4783);
#4155=LINE('',#9654,#4784);
#4156=LINE('',#9656,#4785);
#4157=LINE('',#9658,#4786);
#4158=LINE('',#9660,#4787);
#4159=LINE('',#9683,#4788);
#4160=LINE('',#9685,#4789);
#4161=LINE('',#9687,#4790);
#4162=LINE('',#9713,#4791);
#4163=LINE('',#9729,#4792);
#4164=LINE('',#9732,#4793);
#4165=LINE('',#9734,#4794);
#4166=LINE('',#9736,#4795);
#4167=LINE('',#9738,#4796);
#4168=LINE('',#9740,#4797);
#4169=LINE('',#9742,#4798);
#4170=LINE('',#9744,#4799);
#4171=LINE('',#9745,#4800);
#4172=LINE('',#9748,#4801);
#4173=LINE('',#9750,#4802);
#4174=LINE('',#9752,#4803);
#4175=LINE('',#9754,#4804);
#4176=LINE('',#9770,#4805);
#4177=LINE('',#9773,#4806);
#4178=LINE('',#9775,#4807);
#4179=LINE('',#9777,#4808);
#4180=LINE('',#9779,#4809);
#4181=LINE('',#9780,#4810);
#4182=LINE('',#9782,#4811);
#4183=LINE('',#9784,#4812);
#4184=LINE('',#9785,#4813);
#4185=LINE('',#9787,#4814);
#4186=LINE('',#9789,#4815);
#4187=LINE('',#9791,#4816);
#4188=LINE('',#9793,#4817);
#4189=LINE('',#9796,#4818);
#4190=LINE('',#9797,#4819);
#4191=LINE('',#9799,#4820);
#4192=LINE('',#9801,#4821);
#4193=LINE('',#9803,#4822);
#4194=LINE('',#9805,#4823);
#4195=LINE('',#9807,#4824);
#4196=LINE('',#9809,#4825);
#4197=LINE('',#9811,#4826);
#4198=LINE('',#9813,#4827);
#4199=LINE('',#9814,#4828);
#4200=LINE('',#9816,#4829);
#4201=LINE('',#9819,#4830);
#4202=LINE('',#9821,#4831);
#4203=LINE('',#9823,#4832);
#4204=LINE('',#9824,#4833);
#4205=LINE('',#9827,#4834);
#4206=LINE('',#9829,#4835);
#4207=LINE('',#9831,#4836);
#4208=LINE('',#9833,#4837);
#4209=LINE('',#9835,#4838);
#4210=LINE('',#9838,#4839);
#4211=LINE('',#9839,#4840);
#4212=LINE('',#9840,#4841);
#4213=LINE('',#9842,#4842);
#4214=LINE('',#9844,#4843);
#4215=LINE('',#9845,#4844);
#4216=LINE('',#9847,#4845);
#4217=LINE('',#9849,#4846);
#4218=LINE('',#9850,#4847);
#4219=LINE('',#9852,#4848);
#4220=LINE('',#9854,#4849);
#4221=LINE('',#9855,#4850);
#4222=LINE('',#9859,#4851);
#4223=LINE('',#9861,#4852);
#4224=LINE('',#9863,#4853);
#4225=LINE('',#9864,#4854);
#4226=LINE('',#9865,#4855);
#4227=LINE('',#9867,#4856);
#4228=LINE('',#9869,#4857);
#4229=LINE('',#9870,#4858);
#4230=LINE('',#9875,#4859);
#4231=LINE('',#9877,#4860);
#4232=LINE('',#9879,#4861);
#4233=LINE('',#9881,#4862);
#4234=LINE('',#9883,#4863);
#4235=LINE('',#9885,#4864);
#4236=LINE('',#9887,#4865);
#4237=LINE('',#9889,#4866);
#4238=LINE('',#9891,#4867);
#4239=LINE('',#9893,#4868);
#4240=LINE('',#9896,#4869);
#4241=LINE('',#9898,#4870);
#4242=LINE('',#9900,#4871);
#4243=LINE('',#9903,#4872);
#4244=LINE('',#9905,#4873);
#4245=LINE('',#9907,#4874);
#4246=LINE('',#9910,#4875);
#4247=LINE('',#9912,#4876);
#4248=LINE('',#9922,#4877);
#4249=LINE('',#9924,#4878);
#4250=LINE('',#9926,#4879);
#4251=LINE('',#9928,#4880);
#4252=LINE('',#9930,#4881);
#4253=LINE('',#9933,#4882);
#4254=LINE('',#9935,#4883);
#4255=LINE('',#9937,#4884);
#4256=LINE('',#9939,#4885);
#4257=LINE('',#9941,#4886);
#4258=LINE('',#9944,#4887);
#4259=LINE('',#9946,#4888);
#4260=LINE('',#9948,#4889);
#4261=LINE('',#9950,#4890);
#4262=LINE('',#9951,#4891);
#4263=LINE('',#9953,#4892);
#4264=LINE('',#9954,#4893);
#4265=LINE('',#9957,#4894);
#4266=LINE('',#9959,#4895);
#4267=LINE('',#9961,#4896);
#4268=LINE('',#9963,#4897);
#4269=LINE('',#9965,#4898);
#4270=LINE('',#9972,#4899);
#4271=LINE('',#9976,#4900);
#4272=LINE('',#9978,#4901);
#4273=LINE('',#9987,#4902);
#4274=LINE('',#9988,#4903);
#4275=LINE('',#9992,#4904);
#4276=LINE('',#9994,#4905);
#4277=LINE('',#9996,#4906);
#4278=LINE('',#9998,#4907);
#4279=LINE('',#10000,#4908);
#4280=LINE('',#10002,#4909);
#4281=LINE('',#10004,#4910);
#4282=LINE('',#10006,#4911);
#4283=LINE('',#10008,#4912);
#4284=LINE('',#10010,#4913);
#4285=LINE('',#10017,#4914);
#4286=LINE('',#10019,#4915);
#4287=LINE('',#10021,#4916);
#4288=LINE('',#10024,#4917);
#4289=LINE('',#10026,#4918);
#4290=LINE('',#10028,#4919);
#4291=LINE('',#10031,#4920);
#4292=LINE('',#10033,#4921);
#4293=LINE('',#10043,#4922);
#4294=LINE('',#10047,#4923);
#4295=LINE('',#10049,#4924);
#4296=LINE('',#10058,#4925);
#4297=LINE('',#10059,#4926);
#4298=LINE('',#10077,#4927);
#4299=LINE('',#10084,#4928);
#4300=LINE('',#10086,#4929);
#4301=LINE('',#10088,#4930);
#4302=LINE('',#10090,#4931);
#4303=LINE('',#10104,#4932);
#4304=LINE('',#10123,#4933);
#4305=LINE('',#10142,#4934);
#4306=LINE('',#10161,#4935);
#4307=LINE('',#10180,#4936);
#4308=LINE('',#10199,#4937);
#4309=LINE('',#10218,#4938);
#4310=LINE('',#10237,#4939);
#4311=LINE('',#10256,#4940);
#4312=LINE('',#10275,#4941);
#4313=LINE('',#10282,#4942);
#4314=LINE('',#10284,#4943);
#4315=LINE('',#10286,#4944);
#4316=LINE('',#10300,#4945);
#4317=LINE('',#10319,#4946);
#4318=LINE('',#10338,#4947);
#4319=LINE('',#10357,#4948);
#4320=LINE('',#10376,#4949);
#4321=LINE('',#10395,#4950);
#4322=LINE('',#10414,#4951);
#4323=LINE('',#10440,#4952);
#4324=LINE('',#10463,#4953);
#4325=LINE('',#10465,#4954);
#4326=LINE('',#10466,#4955);
#4327=LINE('',#10469,#4956);
#4328=LINE('',#10491,#4957);
#4329=LINE('',#10493,#4958);
#4330=LINE('',#10496,#4959);
#4331=LINE('',#10498,#4960);
#4332=LINE('',#10519,#4961);
#4333=LINE('',#10522,#4962);
#4334=LINE('',#10524,#4963);
#4335=LINE('',#10546,#4964);
#4336=LINE('',#10547,#4965);
#4337=LINE('',#10556,#4966);
#4338=LINE('',#10565,#4967);
#4339=LINE('',#10574,#4968);
#4340=LINE('',#10583,#4969);
#4341=LINE('',#10585,#4970);
#4342=LINE('',#10588,#4971);
#4343=LINE('',#10589,#4972);
#4344=LINE('',#10591,#4973);
#4345=LINE('',#10593,#4974);
#4346=LINE('',#10602,#4975);
#4347=LINE('',#10611,#4976);
#4348=LINE('',#10620,#4977);
#4349=LINE('',#10683,#4978);
#4350=LINE('',#10685,#4979);
#4351=LINE('',#10687,#4980);
#4352=LINE('',#10689,#4981);
#4353=LINE('',#10726,#4982);
#4354=LINE('',#10738,#4983);
#4355=LINE('',#10752,#4984);
#4356=LINE('',#10790,#4985);
#4357=LINE('',#10802,#4986);
#4358=LINE('',#10814,#4987);
#4359=LINE('',#10851,#4988);
#4360=LINE('',#10853,#4989);
#4361=LINE('',#10855,#4990);
#4362=LINE('',#10857,#4991);
#4363=LINE('',#10934,#4992);
#4364=LINE('',#10943,#4993);
#4365=LINE('',#10952,#4994);
#4366=LINE('',#10961,#4995);
#4367=LINE('',#10970,#4996);
#4368=LINE('',#10979,#4997);
#4369=LINE('',#10988,#4998);
#4370=LINE('',#11006,#4999);
#4371=LINE('',#11008,#5000);
#4372=LINE('',#11010,#5001);
#4373=LINE('',#11012,#5002);
#4374=LINE('',#11014,#5003);
#4375=LINE('',#11023,#5004);
#4376=LINE('',#11032,#5005);
#4377=LINE('',#11041,#5006);
#4378=LINE('',#11050,#5007);
#4379=LINE('',#11059,#5008);
#4380=LINE('',#11068,#5009);
#4381=LINE('',#11077,#5010);
#4382=LINE('',#11079,#5011);
#4383=LINE('',#11088,#5012);
#4384=LINE('',#11097,#5013);
#4385=LINE('',#11108,#5014);
#4386=LINE('',#11117,#5015);
#4387=LINE('',#11119,#5016);
#4388=LINE('',#11128,#5017);
#4389=LINE('',#11157,#5018);
#4390=LINE('',#11158,#5019);
#4391=LINE('',#11173,#5020);
#4392=LINE('',#11176,#5021);
#4393=LINE('',#11178,#5022);
#4394=LINE('',#11180,#5023);
#4395=LINE('',#11182,#5024);
#4396=LINE('',#11184,#5025);
#4397=LINE('',#11186,#5026);
#4398=LINE('',#11188,#5027);
#4399=LINE('',#11189,#5028);
#4400=LINE('',#11192,#5029);
#4401=LINE('',#11199,#5030);
#4402=LINE('',#11206,#5031);
#4403=LINE('',#11208,#5032);
#4404=LINE('',#11211,#5033);
#4405=LINE('',#11213,#5034);
#4406=LINE('',#11215,#5035);
#4407=LINE('',#11217,#5036);
#4408=LINE('',#11219,#5037);
#4409=LINE('',#11221,#5038);
#4410=LINE('',#11223,#5039);
#4411=LINE('',#11224,#5040);
#4412=LINE('',#11227,#5041);
#4413=LINE('',#11229,#5042);
#4414=LINE('',#11236,#5043);
#4415=LINE('',#11243,#5044);
#4416=LINE('',#11244,#5045);
#4417=LINE('',#11246,#5046);
#4418=LINE('',#11248,#5047);
#4419=LINE('',#11250,#5048);
#4420=LINE('',#11252,#5049);
#4421=LINE('',#11254,#5050);
#4422=LINE('',#11256,#5051);
#4423=LINE('',#11259,#5052);
#4424=LINE('',#11260,#5053);
#4425=LINE('',#11262,#5054);
#4426=LINE('',#11271,#5055);
#4427=LINE('',#11273,#5056);
#4428=LINE('',#11282,#5057);
#4429=LINE('',#11299,#5058);
#4430=LINE('',#11306,#5059);
#4431=LINE('',#11308,#5060);
#4432=LINE('',#11310,#5061);
#4433=LINE('',#11312,#5062);
#4434=LINE('',#11326,#5063);
#4435=LINE('',#11345,#5064);
#4436=LINE('',#11364,#5065);
#4437=LINE('',#11383,#5066);
#4438=LINE('',#11402,#5067);
#4439=LINE('',#11421,#5068);
#4440=LINE('',#11428,#5069);
#4441=LINE('',#11430,#5070);
#4442=LINE('',#11432,#5071);
#4443=LINE('',#11446,#5072);
#4444=LINE('',#11465,#5073);
#4445=LINE('',#11484,#5074);
#4446=LINE('',#11503,#5075);
#4447=LINE('',#11529,#5076);
#4448=LINE('',#11532,#5077);
#4449=LINE('',#11534,#5078);
#4450=LINE('',#11536,#5079);
#4451=LINE('',#11538,#5080);
#4452=LINE('',#11540,#5081);
#4453=LINE('',#11542,#5082);
#4454=LINE('',#11544,#5083);
#4455=LINE('',#11545,#5084);
#4456=LINE('',#11548,#5085);
#4457=LINE('',#11555,#5086);
#4458=LINE('',#11562,#5087);
#4459=LINE('',#11564,#5088);
#4460=LINE('',#11567,#5089);
#4461=LINE('',#11569,#5090);
#4462=LINE('',#11571,#5091);
#4463=LINE('',#11573,#5092);
#4464=LINE('',#11575,#5093);
#4465=LINE('',#11577,#5094);
#4466=LINE('',#11579,#5095);
#4467=LINE('',#11580,#5096);
#4468=LINE('',#11583,#5097);
#4469=LINE('',#11585,#5098);
#4470=LINE('',#11592,#5099);
#4471=LINE('',#11599,#5100);
#4472=LINE('',#11600,#5101);
#4473=LINE('',#11602,#5102);
#4474=LINE('',#11604,#5103);
#4475=LINE('',#11606,#5104);
#4476=LINE('',#11608,#5105);
#4477=LINE('',#11610,#5106);
#4478=LINE('',#11612,#5107);
#4479=LINE('',#11615,#5108);
#4480=LINE('',#11616,#5109);
#4481=LINE('',#11618,#5110);
#4482=LINE('',#11627,#5111);
#4483=LINE('',#11629,#5112);
#4484=LINE('',#11638,#5113);
#4485=VECTOR('',#7111,1.);
#4486=VECTOR('',#7112,1.);
#4487=VECTOR('',#7113,1.);
#4488=VECTOR('',#7114,1.);
#4489=VECTOR('',#7115,1.);
#4490=VECTOR('',#7116,1.);
#4491=VECTOR('',#7119,1.);
#4492=VECTOR('',#7120,1.);
#4493=VECTOR('',#7121,1.);
#4494=VECTOR('',#7122,1.);
#4495=VECTOR('',#7123,1.);
#4496=VECTOR('',#7124,1.);
#4497=VECTOR('',#7127,1.);
#4498=VECTOR('',#7128,1.);
#4499=VECTOR('',#7129,1.);
#4500=VECTOR('',#7130,1.);
#4501=VECTOR('',#7131,1.);
#4502=VECTOR('',#7132,1.);
#4503=VECTOR('',#7135,1.);
#4504=VECTOR('',#7140,1.);
#4505=VECTOR('',#7141,1.);
#4506=VECTOR('',#7144,1.);
#4507=VECTOR('',#7147,1.);
#4508=VECTOR('',#7148,1.);
#4509=VECTOR('',#7149,1.);
#4510=VECTOR('',#7150,1.);
#4511=VECTOR('',#7155,1.);
#4512=VECTOR('',#7156,1.);
#4513=VECTOR('',#7157,1.);
#4514=VECTOR('',#7158,1.);
#4515=VECTOR('',#7161,1.);
#4516=VECTOR('',#7162,1.);
#4517=VECTOR('',#7163,1.);
#4518=VECTOR('',#7166,1.);
#4519=VECTOR('',#7167,1.);
#4520=VECTOR('',#7168,1.);
#4521=VECTOR('',#7171,1.);
#4522=VECTOR('',#7172,1.);
#4523=VECTOR('',#7173,1.);
#4524=VECTOR('',#7176,1.);
#4525=VECTOR('',#7177,1.);
#4526=VECTOR('',#7178,1.);
#4527=VECTOR('',#7181,1.);
#4528=VECTOR('',#7182,1.);
#4529=VECTOR('',#7191,1.);
#4530=VECTOR('',#7192,1.);
#4531=VECTOR('',#7193,1.);
#4532=VECTOR('',#7194,1.);
#4533=VECTOR('',#7197,1.);
#4534=VECTOR('',#7198,1.);
#4535=VECTOR('',#7199,1.);
#4536=VECTOR('',#7202,1.);
#4537=VECTOR('',#7203,1.);
#4538=VECTOR('',#7204,1.);
#4539=VECTOR('',#7207,1.);
#4540=VECTOR('',#7208,1.);
#4541=VECTOR('',#7209,1.);
#4542=VECTOR('',#7212,1.);
#4543=VECTOR('',#7213,1.);
#4544=VECTOR('',#7214,1.);
#4545=VECTOR('',#7217,1.);
#4546=VECTOR('',#7218,1.);
#4547=VECTOR('',#7219,1.);
#4548=VECTOR('',#7222,1.);
#4549=VECTOR('',#7223,1.);
#4550=VECTOR('',#7224,1.);
#4551=VECTOR('',#7227,1.);
#4552=VECTOR('',#7228,1.);
#4553=VECTOR('',#7229,1.);
#4554=VECTOR('',#7232,1.);
#4555=VECTOR('',#7233,1.);
#4556=VECTOR('',#7234,1.);
#4557=VECTOR('',#7237,1.);
#4558=VECTOR('',#7238,1.);
#4559=VECTOR('',#7239,1.);
#4560=VECTOR('',#7242,1.);
#4561=VECTOR('',#7243,1.);
#4562=VECTOR('',#7244,1.);
#4563=VECTOR('',#7247,1.);
#4564=VECTOR('',#7248,1.);
#4565=VECTOR('',#7257,1.);
#4566=VECTOR('',#7258,1.);
#4567=VECTOR('',#7259,1.);
#4568=VECTOR('',#7260,1.);
#4569=VECTOR('',#7261,1.);
#4570=VECTOR('',#7262,1.);
#4571=VECTOR('',#7263,1.);
#4572=VECTOR('',#7264,1.);
#4573=VECTOR('',#7267,1.);
#4574=VECTOR('',#7268,1.);
#4575=VECTOR('',#7269,1.);
#4576=VECTOR('',#7270,1.);
#4577=VECTOR('',#7271,1.);
#4578=VECTOR('',#7272,1.);
#4579=VECTOR('',#7273,1.);
#4580=VECTOR('',#7274,1.);
#4581=VECTOR('',#7275,1.);
#4582=VECTOR('',#7276,1.);
#4583=VECTOR('',#7279,1.);
#4584=VECTOR('',#7280,1.);
#4585=VECTOR('',#7281,1.);
#4586=VECTOR('',#7284,1.);
#4587=VECTOR('',#7285,1.);
#4588=VECTOR('',#7286,1.);
#4589=VECTOR('',#7287,1.);
#4590=VECTOR('',#7288,1.);
#4591=VECTOR('',#7291,1.);
#4592=VECTOR('',#7294,1.);
#4593=VECTOR('',#7297,1.);
#4594=VECTOR('',#7300,1.);
#4595=VECTOR('',#7301,1.);
#4596=VECTOR('',#7302,1.);
#4597=VECTOR('',#7303,1.);
#4598=VECTOR('',#7304,1.);
#4599=VECTOR('',#7305,1.);
#4600=VECTOR('',#7306,1.);
#4601=VECTOR('',#7307,1.);
#4602=VECTOR('',#7310,1.);
#4603=VECTOR('',#7317,1.);
#4604=VECTOR('',#7318,1.);
#4605=VECTOR('',#7319,1.);
#4606=VECTOR('',#7320,1.);
#4607=VECTOR('',#7323,1.);
#4608=VECTOR('',#7324,1.);
#4609=VECTOR('',#7325,1.);
#4610=VECTOR('',#7328,1.);
#4611=VECTOR('',#7329,1.);
#4612=VECTOR('',#7330,1.);
#4613=VECTOR('',#7333,1.);
#4614=VECTOR('',#7334,1.);
#4615=VECTOR('',#7335,1.);
#4616=VECTOR('',#7338,1.);
#4617=VECTOR('',#7339,1.);
#4618=VECTOR('',#7340,1.);
#4619=VECTOR('',#7343,1.);
#4620=VECTOR('',#7344,1.);
#4621=VECTOR('',#7345,1.);
#4622=VECTOR('',#7348,1.);
#4623=VECTOR('',#7349,1.);
#4624=VECTOR('',#7350,1.);
#4625=VECTOR('',#7353,1.);
#4626=VECTOR('',#7354,1.);
#4627=VECTOR('',#7355,1.);
#4628=VECTOR('',#7358,1.);
#4629=VECTOR('',#7359,1.);
#4630=VECTOR('',#7360,1.);
#4631=VECTOR('',#7363,1.);
#4632=VECTOR('',#7364,1.);
#4633=VECTOR('',#7365,1.);
#4634=VECTOR('',#7368,1.);
#4635=VECTOR('',#7369,1.);
#4636=VECTOR('',#7370,1.);
#4637=VECTOR('',#7373,1.);
#4638=VECTOR('',#7374,1.);
#4639=VECTOR('',#7383,1.);
#4640=VECTOR('',#7384,1.);
#4641=VECTOR('',#7385,1.);
#4642=VECTOR('',#7386,1.);
#4643=VECTOR('',#7389,1.);
#4644=VECTOR('',#7390,1.);
#4645=VECTOR('',#7391,1.);
#4646=VECTOR('',#7394,1.);
#4647=VECTOR('',#7395,1.);
#4648=VECTOR('',#7396,1.);
#4649=VECTOR('',#7399,1.);
#4650=VECTOR('',#7400,1.);
#4651=VECTOR('',#7401,1.);
#4652=VECTOR('',#7404,1.);
#4653=VECTOR('',#7405,1.);
#4654=VECTOR('',#7406,1.);
#4655=VECTOR('',#7409,1.);
#4656=VECTOR('',#7410,1.);
#4657=VECTOR('',#7411,1.);
#4658=VECTOR('',#7414,1.);
#4659=VECTOR('',#7415,1.);
#4660=VECTOR('',#7416,1.);
#4661=VECTOR('',#7419,1.);
#4662=VECTOR('',#7420,1.);
#4663=VECTOR('',#7421,1.);
#4664=VECTOR('',#7424,1.);
#4665=VECTOR('',#7425,1.);
#4666=VECTOR('',#7426,1.);
#4667=VECTOR('',#7429,1.);
#4668=VECTOR('',#7430,1.);
#4669=VECTOR('',#7431,1.);
#4670=VECTOR('',#7434,1.);
#4671=VECTOR('',#7435,1.);
#4672=VECTOR('',#7436,1.);
#4673=VECTOR('',#7439,1.);
#4674=VECTOR('',#7440,1.);
#4675=VECTOR('',#7449,1.);
#4676=VECTOR('',#7450,1.);
#4677=VECTOR('',#7451,1.);
#4678=VECTOR('',#7452,1.);
#4679=VECTOR('',#7455,1.);
#4680=VECTOR('',#7456,1.);
#4681=VECTOR('',#7459,1.);
#4682=VECTOR('',#7460,1.);
#4683=VECTOR('',#7461,1.);
#4684=VECTOR('',#7464,1.);
#4685=VECTOR('',#7465,1.);
#4686=VECTOR('',#7466,1.);
#4687=VECTOR('',#7469,1.);
#4688=VECTOR('',#7470,1.);
#4689=VECTOR('',#7471,1.);
#4690=VECTOR('',#7474,1.);
#4691=VECTOR('',#7475,1.);
#4692=VECTOR('',#7476,1.);
#4693=VECTOR('',#7479,1.);
#4694=VECTOR('',#7480,1.);
#4695=VECTOR('',#7481,1.);
#4696=VECTOR('',#7484,1.);
#4697=VECTOR('',#7485,1.);
#4698=VECTOR('',#7486,1.);
#4699=VECTOR('',#7489,1.);
#4700=VECTOR('',#7490,1.);
#4701=VECTOR('',#7491,1.);
#4702=VECTOR('',#7492,1.);
#4703=VECTOR('',#7493,1.);
#4704=VECTOR('',#7496,1.);
#4705=VECTOR('',#7497,1.);
#4706=VECTOR('',#7498,1.);
#4707=VECTOR('',#7499,1.);
#4708=VECTOR('',#7500,1.);
#4709=VECTOR('',#7503,1.);
#4710=VECTOR('',#7504,1.);
#4711=VECTOR('',#7523,1.);
#4712=VECTOR('',#7526,1.);
#4713=VECTOR('',#7529,1.);
#4714=VECTOR('',#7532,1.);
#4715=VECTOR('',#7545,1.);
#4716=VECTOR('',#7548,1.);
#4717=VECTOR('',#7553,1.);
#4718=VECTOR('',#7556,1.);
#4719=VECTOR('',#7561,1.);
#4720=VECTOR('',#7564,1.);
#4721=VECTOR('',#7577,1.);
#4722=VECTOR('',#7580,1.);
#4723=VECTOR('',#7583,1.);
#4724=VECTOR('',#7586,1.);
#4725=VECTOR('',#7591,1.);
#4726=VECTOR('',#7594,1.);
#4727=VECTOR('',#7607,1.);
#4728=VECTOR('',#7610,1.);
#4729=VECTOR('',#7615,1.);
#4730=VECTOR('',#7618,1.);
#4731=VECTOR('',#7621,1.);
#4732=VECTOR('',#7622,1.);
#4733=VECTOR('',#7623,1.);
#4734=VECTOR('',#7624,1.);
#4735=VECTOR('',#7625,1.);
#4736=VECTOR('',#7626,1.);
#4737=VECTOR('',#7629,1.);
#4738=VECTOR('',#7630,1.);
#4739=VECTOR('',#7631,1.);
#4740=VECTOR('',#7632,1.);
#4741=VECTOR('',#7633,1.);
#4742=VECTOR('',#7634,1.);
#4743=VECTOR('',#7635,1.);
#4744=VECTOR('',#7636,1.);
#4745=VECTOR('',#7637,1.);
#4746=VECTOR('',#7638,1.);
#4747=VECTOR('',#7639,1.);
#4748=VECTOR('',#7640,1.);
#4749=VECTOR('',#7641,1.);
#4750=VECTOR('',#7642,1.);
#4751=VECTOR('',#7643,1.);
#4752=VECTOR('',#7644,1.);
#4753=VECTOR('',#7645,1.);
#4754=VECTOR('',#7646,1.);
#4755=VECTOR('',#7647,1.);
#4756=VECTOR('',#7648,1.);
#4757=VECTOR('',#7649,1.);
#4758=VECTOR('',#7650,1.);
#4759=VECTOR('',#7651,1.);
#4760=VECTOR('',#7652,1.);
#4761=VECTOR('',#7653,1.);
#4762=VECTOR('',#7654,1.);
#4763=VECTOR('',#7657,1.);
#4764=VECTOR('',#7662,1.);
#4765=VECTOR('',#7665,1.);
#4766=VECTOR('',#7666,1.);
#4767=VECTOR('',#7667,1.);
#4768=VECTOR('',#7668,1.);
#4769=VECTOR('',#7669,1.);
#4770=VECTOR('',#7670,1.);
#4771=VECTOR('',#7671,1.);
#4772=VECTOR('',#7672,1.);
#4773=VECTOR('',#7673,1.);
#4774=VECTOR('',#7674,1.);
#4775=VECTOR('',#7675,1.);
#4776=VECTOR('',#7676,1.);
#4777=VECTOR('',#7677,1.);
#4778=VECTOR('',#7678,1.);
#4779=VECTOR('',#7679,1.);
#4780=VECTOR('',#7680,1.);
#4781=VECTOR('',#7681,1.);
#4782=VECTOR('',#7682,1.);
#4783=VECTOR('',#7683,1.);
#4784=VECTOR('',#7684,1.);
#4785=VECTOR('',#7685,1.);
#4786=VECTOR('',#7686,1.);
#4787=VECTOR('',#7687,1.);
#4788=VECTOR('',#7690,1.);
#4789=VECTOR('',#7691,1.);
#4790=VECTOR('',#7692,1.);
#4791=VECTOR('',#7703,1.);
#4792=VECTOR('',#7712,1.);
#4793=VECTOR('',#7713,1.);
#4794=VECTOR('',#7714,1.);
#4795=VECTOR('',#7715,1.);
#4796=VECTOR('',#7716,1.);
#4797=VECTOR('',#7717,1.);
#4798=VECTOR('',#7718,1.);
#4799=VECTOR('',#7719,1.);
#4800=VECTOR('',#7720,1.);
#4801=VECTOR('',#7721,1.);
#4802=VECTOR('',#7722,1.);
#4803=VECTOR('',#7723,1.);
#4804=VECTOR('',#7726,1.);
#4805=VECTOR('',#7735,1.);
#4806=VECTOR('',#7736,1.);
#4807=VECTOR('',#7737,1.);
#4808=VECTOR('',#7738,1.);
#4809=VECTOR('',#7739,1.);
#4810=VECTOR('',#7740,1.);
#4811=VECTOR('',#7741,1.);
#4812=VECTOR('',#7742,1.);
#4813=VECTOR('',#7743,1.);
#4814=VECTOR('',#7744,1.);
#4815=VECTOR('',#7745,1.);
#4816=VECTOR('',#7746,1.);
#4817=VECTOR('',#7749,1.);
#4818=VECTOR('',#7750,1.);
#4819=VECTOR('',#7751,1.);
#4820=VECTOR('',#7752,1.);
#4821=VECTOR('',#7753,1.);
#4822=VECTOR('',#7754,1.);
#4823=VECTOR('',#7755,1.);
#4824=VECTOR('',#7756,1.);
#4825=VECTOR('',#7757,1.);
#4826=VECTOR('',#7758,1.);
#4827=VECTOR('',#7759,1.);
#4828=VECTOR('',#7760,1.);
#4829=VECTOR('',#7763,1.);
#4830=VECTOR('',#7764,1.);
#4831=VECTOR('',#7765,1.);
#4832=VECTOR('',#7766,1.);
#4833=VECTOR('',#7767,1.);
#4834=VECTOR('',#7768,1.);
#4835=VECTOR('',#7769,1.);
#4836=VECTOR('',#7770,1.);
#4837=VECTOR('',#7773,1.);
#4838=VECTOR('',#7776,1.);
#4839=VECTOR('',#7777,1.);
#4840=VECTOR('',#7778,1.);
#4841=VECTOR('',#7779,1.);
#4842=VECTOR('',#7780,1.);
#4843=VECTOR('',#7781,1.);
#4844=VECTOR('',#7782,1.);
#4845=VECTOR('',#7783,1.);
#4846=VECTOR('',#7784,1.);
#4847=VECTOR('',#7785,1.);
#4848=VECTOR('',#7786,1.);
#4849=VECTOR('',#7787,1.);
#4850=VECTOR('',#7788,1.);
#4851=VECTOR('',#7795,1.);
#4852=VECTOR('',#7796,1.);
#4853=VECTOR('',#7797,1.);
#4854=VECTOR('',#7798,1.);
#4855=VECTOR('',#7799,1.);
#4856=VECTOR('',#7800,1.);
#4857=VECTOR('',#7801,1.);
#4858=VECTOR('',#7802,1.);
#4859=VECTOR('',#7811,1.);
#4860=VECTOR('',#7812,1.);
#4861=VECTOR('',#7815,1.);
#4862=VECTOR('',#7816,1.);
#4863=VECTOR('',#7819,1.);
#4864=VECTOR('',#7822,1.);
#4865=VECTOR('',#7823,1.);
#4866=VECTOR('',#7826,1.);
#4867=VECTOR('',#7827,1.);
#4868=VECTOR('',#7830,1.);
#4869=VECTOR('',#7835,1.);
#4870=VECTOR('',#7836,1.);
#4871=VECTOR('',#7837,1.);
#4872=VECTOR('',#7842,1.);
#4873=VECTOR('',#7843,1.);
#4874=VECTOR('',#7844,1.);
#4875=VECTOR('',#7849,1.);
#4876=VECTOR('',#7852,1.);
#4877=VECTOR('',#7871,1.);
#4878=VECTOR('',#7872,1.);
#4879=VECTOR('',#7875,1.);
#4880=VECTOR('',#7876,1.);
#4881=VECTOR('',#7879,1.);
#4882=VECTOR('',#7884,1.);
#4883=VECTOR('',#7885,1.);
#4884=VECTOR('',#7886,1.);
#4885=VECTOR('',#7889,1.);
#4886=VECTOR('',#7892,1.);
#4887=VECTOR('',#7897,1.);
#4888=VECTOR('',#7898,1.);
#4889=VECTOR('',#7899,1.);
#4890=VECTOR('',#7902,1.);
#4891=VECTOR('',#7903,1.);
#4892=VECTOR('',#7906,1.);
#4893=VECTOR('',#7907,1.);
#4894=VECTOR('',#7912,1.);
#4895=VECTOR('',#7913,1.);
#4896=VECTOR('',#7914,1.);
#4897=VECTOR('',#7917,1.);
#4898=VECTOR('',#7920,1.);
#4899=VECTOR('',#7933,1.);
#4900=VECTOR('',#7936,1.);
#4901=VECTOR('',#7939,1.);
#4902=VECTOR('',#7946,1.);
#4903=VECTOR('',#7947,1.);
#4904=VECTOR('',#7954,1.);
#4905=VECTOR('',#7955,1.);
#4906=VECTOR('',#7958,1.);
#4907=VECTOR('',#7959,1.);
#4908=VECTOR('',#7962,1.);
#4909=VECTOR('',#7965,1.);
#4910=VECTOR('',#7966,1.);
#4911=VECTOR('',#7969,1.);
#4912=VECTOR('',#7970,1.);
#4913=VECTOR('',#7973,1.);
#4914=VECTOR('',#7986,1.);
#4915=VECTOR('',#7987,1.);
#4916=VECTOR('',#7988,1.);
#4917=VECTOR('',#7993,1.);
#4918=VECTOR('',#7994,1.);
#4919=VECTOR('',#7995,1.);
#4920=VECTOR('',#8000,1.);
#4921=VECTOR('',#8003,1.);
#4922=VECTOR('',#8022,1.);
#4923=VECTOR('',#8025,1.);
#4924=VECTOR('',#8028,1.);
#4925=VECTOR('',#8035,1.);
#4926=VECTOR('',#8036,1.);
#4927=VECTOR('',#8043,1.);
#4928=VECTOR('',#8044,1.);
#4929=VECTOR('',#8047,1.);
#4930=VECTOR('',#8048,1.);
#4931=VECTOR('',#8049,1.);
#4932=VECTOR('',#8050,1.);
#4933=VECTOR('',#8051,1.);
#4934=VECTOR('',#8052,1.);
#4935=VECTOR('',#8053,1.);
#4936=VECTOR('',#8054,1.);
#4937=VECTOR('',#8055,1.);
#4938=VECTOR('',#8056,1.);
#4939=VECTOR('',#8057,1.);
#4940=VECTOR('',#8058,1.);
#4941=VECTOR('',#8059,1.);
#4942=VECTOR('',#8062,1.);
#4943=VECTOR('',#8063,1.);
#4944=VECTOR('',#8064,1.);
#4945=VECTOR('',#8065,1.);
#4946=VECTOR('',#8066,1.);
#4947=VECTOR('',#8067,1.);
#4948=VECTOR('',#8068,1.);
#4949=VECTOR('',#8069,1.);
#4950=VECTOR('',#8070,1.);
#4951=VECTOR('',#8071,1.);
#4952=VECTOR('',#8080,1.);
#4953=VECTOR('',#8081,1.);
#4954=VECTOR('',#8082,1.);
#4955=VECTOR('',#8083,1.);
#4956=VECTOR('',#8084,1.);
#4957=VECTOR('',#8085,1.);
#4958=VECTOR('',#8088,1.);
#4959=VECTOR('',#8089,1.);
#4960=VECTOR('',#8090,1.);
#4961=VECTOR('',#8091,1.);
#4962=VECTOR('',#8092,1.);
#4963=VECTOR('',#8093,1.);
#4964=VECTOR('',#8096,1.);
#4965=VECTOR('',#8097,1.);
#4966=VECTOR('',#8098,1.);
#4967=VECTOR('',#8099,1.);
#4968=VECTOR('',#8100,1.);
#4969=VECTOR('',#8101,1.);
#4970=VECTOR('',#8104,1.);
#4971=VECTOR('',#8109,1.);
#4972=VECTOR('',#8110,1.);
#4973=VECTOR('',#8113,1.);
#4974=VECTOR('',#8116,1.);
#4975=VECTOR('',#8117,1.);
#4976=VECTOR('',#8118,1.);
#4977=VECTOR('',#8119,1.);
#4978=VECTOR('',#8130,1.);
#4979=VECTOR('',#8131,1.);
#4980=VECTOR('',#8132,1.);
#4981=VECTOR('',#8133,1.);
#4982=VECTOR('',#8134,1.);
#4983=VECTOR('',#8135,1.);
#4984=VECTOR('',#8138,1.);
#4985=VECTOR('',#8143,1.);
#4986=VECTOR('',#8146,1.);
#4987=VECTOR('',#8147,1.);
#4988=VECTOR('',#8148,1.);
#4989=VECTOR('',#8149,1.);
#4990=VECTOR('',#8150,1.);
#4991=VECTOR('',#8151,1.);
#4992=VECTOR('',#8160,1.);
#4993=VECTOR('',#8161,1.);
#4994=VECTOR('',#8162,1.);
#4995=VECTOR('',#8163,1.);
#4996=VECTOR('',#8164,1.);
#4997=VECTOR('',#8165,1.);
#4998=VECTOR('',#8166,1.);
#4999=VECTOR('',#8169,1.);
#5000=VECTOR('',#8172,1.);
#5001=VECTOR('',#8175,1.);
#5002=VECTOR('',#8178,1.);
#5003=VECTOR('',#8181,1.);
#5004=VECTOR('',#8182,1.);
#5005=VECTOR('',#8183,1.);
#5006=VECTOR('',#8184,1.);
#5007=VECTOR('',#8185,1.);
#5008=VECTOR('',#8186,1.);
#5009=VECTOR('',#8187,1.);
#5010=VECTOR('',#8188,1.);
#5011=VECTOR('',#8191,1.);
#5012=VECTOR('',#8192,1.);
#5013=VECTOR('',#8193,1.);
#5014=VECTOR('',#8198,1.);
#5015=VECTOR('',#8199,1.);
#5016=VECTOR('',#8202,1.);
#5017=VECTOR('',#8203,1.);
#5018=VECTOR('',#8204,1.);
#5019=VECTOR('',#8205,1.);
#5020=VECTOR('',#8210,1.);
#5021=VECTOR('',#8211,1.);
#5022=VECTOR('',#8212,1.);
#5023=VECTOR('',#8213,1.);
#5024=VECTOR('',#8214,1.);
#5025=VECTOR('',#8215,1.);
#5026=VECTOR('',#8216,1.);
#5027=VECTOR('',#8217,1.);
#5028=VECTOR('',#8218,1.);
#5029=VECTOR('',#8219,1.);
#5030=VECTOR('',#8220,1.);
#5031=VECTOR('',#8221,1.);
#5032=VECTOR('',#8224,1.);
#5033=VECTOR('',#8225,1.);
#5034=VECTOR('',#8226,1.);
#5035=VECTOR('',#8227,1.);
#5036=VECTOR('',#8228,1.);
#5037=VECTOR('',#8229,1.);
#5038=VECTOR('',#8230,1.);
#5039=VECTOR('',#8231,1.);
#5040=VECTOR('',#8232,1.);
#5041=VECTOR('',#8233,1.);
#5042=VECTOR('',#8234,1.);
#5043=VECTOR('',#8235,1.);
#5044=VECTOR('',#8238,1.);
#5045=VECTOR('',#8239,1.);
#5046=VECTOR('',#8242,1.);
#5047=VECTOR('',#8245,1.);
#5048=VECTOR('',#8248,1.);
#5049=VECTOR('',#8251,1.);
#5050=VECTOR('',#8254,1.);
#5051=VECTOR('',#8257,1.);
#5052=VECTOR('',#8262,1.);
#5053=VECTOR('',#8263,1.);
#5054=VECTOR('',#8266,1.);
#5055=VECTOR('',#8267,1.);
#5056=VECTOR('',#8270,1.);
#5057=VECTOR('',#8271,1.);
#5058=VECTOR('',#8276,1.);
#5059=VECTOR('',#8277,1.);
#5060=VECTOR('',#8280,1.);
#5061=VECTOR('',#8281,1.);
#5062=VECTOR('',#8282,1.);
#5063=VECTOR('',#8283,1.);
#5064=VECTOR('',#8284,1.);
#5065=VECTOR('',#8285,1.);
#5066=VECTOR('',#8286,1.);
#5067=VECTOR('',#8287,1.);
#5068=VECTOR('',#8288,1.);
#5069=VECTOR('',#8291,1.);
#5070=VECTOR('',#8292,1.);
#5071=VECTOR('',#8293,1.);
#5072=VECTOR('',#8294,1.);
#5073=VECTOR('',#8295,1.);
#5074=VECTOR('',#8296,1.);
#5075=VECTOR('',#8297,1.);
#5076=VECTOR('',#8306,1.);
#5077=VECTOR('',#8307,1.);
#5078=VECTOR('',#8308,1.);
#5079=VECTOR('',#8309,1.);
#5080=VECTOR('',#8310,1.);
#5081=VECTOR('',#8311,1.);
#5082=VECTOR('',#8312,1.);
#5083=VECTOR('',#8313,1.);
#5084=VECTOR('',#8314,1.);
#5085=VECTOR('',#8315,1.);
#5086=VECTOR('',#8316,1.);
#5087=VECTOR('',#8317,1.);
#5088=VECTOR('',#8320,1.);
#5089=VECTOR('',#8321,1.);
#5090=VECTOR('',#8322,1.);
#5091=VECTOR('',#8323,1.);
#5092=VECTOR('',#8324,1.);
#5093=VECTOR('',#8325,1.);
#5094=VECTOR('',#8326,1.);
#5095=VECTOR('',#8327,1.);
#5096=VECTOR('',#8328,1.);
#5097=VECTOR('',#8329,1.);
#5098=VECTOR('',#8330,1.);
#5099=VECTOR('',#8331,1.);
#5100=VECTOR('',#8334,1.);
#5101=VECTOR('',#8335,1.);
#5102=VECTOR('',#8338,1.);
#5103=VECTOR('',#8341,1.);
#5104=VECTOR('',#8344,1.);
#5105=VECTOR('',#8347,1.);
#5106=VECTOR('',#8350,1.);
#5107=VECTOR('',#8353,1.);
#5108=VECTOR('',#8358,1.);
#5109=VECTOR('',#8359,1.);
#5110=VECTOR('',#8362,1.);
#5111=VECTOR('',#8363,1.);
#5112=VECTOR('',#8366,1.);
#5113=VECTOR('',#8367,1.);
#5114=EDGE_LOOP('',(#539,#540,#541,#542,#543,#544,#545));
#5115=EDGE_LOOP('',(#546,#547,#548,#549,#550,#551,#552));
#5116=EDGE_LOOP('',(#553,#554,#555,#556,#557,#558,#559));
#5117=EDGE_LOOP('',(#560,#561,#562,#563,#564,#565,#566));
#5118=EDGE_LOOP('',(#567,#568,#569,#570));
#5119=EDGE_LOOP('',(#571,#572,#573,#574));
#5120=EDGE_LOOP('',(#575,#576,#577,#578));
#5121=EDGE_LOOP('',(#579,#580,#581,#582));
#5122=EDGE_LOOP('',(#583,#584,#585,#586));
#5123=EDGE_LOOP('',(#587,#588,#589,#590));
#5124=EDGE_LOOP('',(#591,#592,#593,#594));
#5125=EDGE_LOOP('',(#595,#596,#597,#598));
#5126=EDGE_LOOP('',(#599,#600,#601,#602));
#5127=EDGE_LOOP('',(#603,#604,#605,#606));
#5128=EDGE_LOOP('',(#607,#608,#609,#610));
#5129=EDGE_LOOP('',(#611,#612,#613,#614));
#5130=EDGE_LOOP('',(#615,#616,#617,#618));
#5131=EDGE_LOOP('',(#619,#620,#621,#622));
#5132=EDGE_LOOP('',(#623,#624,#625,#626));
#5133=EDGE_LOOP('',(#627,#628,#629,#630));
#5134=EDGE_LOOP('',(#631,#632,#633,#634));
#5135=EDGE_LOOP('',(#635,#636,#637,#638));
#5136=EDGE_LOOP('',(#639,#640,#641,#642));
#5137=EDGE_LOOP('',(#643,#644,#645,#646));
#5138=EDGE_LOOP('',(#647,#648,#649,#650,#651,#652));
#5139=EDGE_LOOP('',(#653,#654,#655,#656,#657,#658));
#5140=EDGE_LOOP('',(#659,#660,#661,#662));
#5141=EDGE_LOOP('',(#663,#664,#665,#666));
#5142=EDGE_LOOP('',(#667,#668,#669,#670));
#5143=EDGE_LOOP('',(#671,#672,#673,#674));
#5144=EDGE_LOOP('',(#675,#676,#677,#678));
#5145=EDGE_LOOP('',(#679,#680,#681,#682));
#5146=EDGE_LOOP('',(#683,#684,#685,#686));
#5147=EDGE_LOOP('',(#687,#688,#689,#690));
#5148=EDGE_LOOP('',(#691,#692,#693,#694));
#5149=EDGE_LOOP('',(#695,#696,#697,#698));
#5150=EDGE_LOOP('',(#699,#700,#701,#702));
#5151=EDGE_LOOP('',(#703,#704,#705,#706));
#5152=EDGE_LOOP('',(#707,#708,#709,#710,#711,#712,#713,#714,#715,#716,#717,
#718));
#5153=EDGE_LOOP('',(#719,#720,#721,#722,#723,#724,#725,#726,#727,#728,#729,
#730));
#5154=EDGE_LOOP('',(#731,#732,#733,#734,#735,#736,#737,#738,#739,#740,#741,
#742,#743,#744));
#5155=EDGE_LOOP('',(#745,#746,#747,#748,#749,#750,#751,#752));
#5156=EDGE_LOOP('',(#753,#754,#755,#756,#757,#758,#759,#760,#761,#762,#763,
#764,#765,#766));
#5157=EDGE_LOOP('',(#767,#768,#769,#770,#771,#772,#773,#774));
#5158=EDGE_LOOP('',(#775,#776,#777,#778));
#5159=EDGE_LOOP('',(#779,#780,#781,#782));
#5160=EDGE_LOOP('',(#783,#784,#785,#786));
#5161=EDGE_LOOP('',(#787,#788,#789,#790));
#5162=EDGE_LOOP('',(#791,#792,#793,#794));
#5163=EDGE_LOOP('',(#795,#796,#797,#798));
#5164=EDGE_LOOP('',(#799,#800,#801,#802));
#5165=EDGE_LOOP('',(#803,#804,#805,#806));
#5166=EDGE_LOOP('',(#807,#808,#809,#810));
#5167=EDGE_LOOP('',(#811,#812,#813,#814));
#5168=EDGE_LOOP('',(#815,#816,#817,#818));
#5169=EDGE_LOOP('',(#819,#820,#821,#822));
#5170=EDGE_LOOP('',(#823,#824,#825,#826));
#5171=EDGE_LOOP('',(#827,#828,#829,#830));
#5172=EDGE_LOOP('',(#831,#832,#833,#834));
#5173=EDGE_LOOP('',(#835,#836,#837,#838));
#5174=EDGE_LOOP('',(#839,#840,#841,#842));
#5175=EDGE_LOOP('',(#843,#844,#845,#846));
#5176=EDGE_LOOP('',(#847,#848,#849,#850));
#5177=EDGE_LOOP('',(#851,#852,#853,#854));
#5178=EDGE_LOOP('',(#855,#856,#857,#858));
#5179=EDGE_LOOP('',(#859,#860,#861,#862));
#5180=EDGE_LOOP('',(#863,#864,#865,#866));
#5181=EDGE_LOOP('',(#867,#868,#869,#870));
#5182=EDGE_LOOP('',(#871,#872,#873,#874));
#5183=EDGE_LOOP('',(#875,#876,#877,#878));
#5184=EDGE_LOOP('',(#879,#880,#881,#882));
#5185=EDGE_LOOP('',(#883,#884,#885,#886));
#5186=EDGE_LOOP('',(#887,#888,#889,#890));
#5187=EDGE_LOOP('',(#891,#892,#893,#894));
#5188=EDGE_LOOP('',(#895,#896,#897,#898));
#5189=EDGE_LOOP('',(#899,#900,#901,#902));
#5190=EDGE_LOOP('',(#903,#904,#905,#906));
#5191=EDGE_LOOP('',(#907,#908,#909,#910));
#5192=EDGE_LOOP('',(#911,#912,#913,#914,#915,#916,#917,#918,#919,#920,#921,
#922));
#5193=EDGE_LOOP('',(#923,#924,#925,#926,#927,#928,#929,#930,#931,#932,#933,
#934));
#5194=EDGE_LOOP('',(#935,#936,#937,#938));
#5195=EDGE_LOOP('',(#939,#940,#941,#942));
#5196=EDGE_LOOP('',(#943,#944,#945,#946));
#5197=EDGE_LOOP('',(#947,#948,#949,#950));
#5198=EDGE_LOOP('',(#951,#952,#953,#954));
#5199=EDGE_LOOP('',(#955,#956,#957,#958));
#5200=EDGE_LOOP('',(#959,#960,#961,#962));
#5201=EDGE_LOOP('',(#963,#964,#965,#966));
#5202=EDGE_LOOP('',(#967,#968,#969,#970));
#5203=EDGE_LOOP('',(#971,#972,#973,#974));
#5204=EDGE_LOOP('',(#975,#976,#977,#978));
#5205=EDGE_LOOP('',(#979,#980,#981,#982));
#5206=EDGE_LOOP('',(#983,#984,#985,#986,#987,#988,#989,#990,#991,#992,#993,
#994));
#5207=EDGE_LOOP('',(#995,#996,#997,#998,#999,#1000,#1001,#1002,#1003,#1004,
#1005,#1006));
#5208=EDGE_LOOP('',(#1007,#1008,#1009,#1010));
#5209=EDGE_LOOP('',(#1011,#1012,#1013,#1014));
#5210=EDGE_LOOP('',(#1015,#1016,#1017,#1018));
#5211=EDGE_LOOP('',(#1019,#1020,#1021,#1022));
#5212=EDGE_LOOP('',(#1023,#1024,#1025,#1026));
#5213=EDGE_LOOP('',(#1027,#1028,#1029,#1030));
#5214=EDGE_LOOP('',(#1031,#1032,#1033,#1034));
#5215=EDGE_LOOP('',(#1035,#1036,#1037,#1038));
#5216=EDGE_LOOP('',(#1039,#1040,#1041,#1042));
#5217=EDGE_LOOP('',(#1043,#1044,#1045,#1046));
#5218=EDGE_LOOP('',(#1047,#1048,#1049,#1050));
#5219=EDGE_LOOP('',(#1051,#1052,#1053,#1054));
#5220=EDGE_LOOP('',(#1055,#1056,#1057,#1058));
#5221=EDGE_LOOP('',(#1059,#1060,#1061,#1062));
#5222=EDGE_LOOP('',(#1063,#1064,#1065,#1066));
#5223=EDGE_LOOP('',(#1067,#1068,#1069,#1070,#1071,#1072,#1073,#1074,#1075,
#1076,#1077,#1078,#1079,#1080,#1081));
#5224=EDGE_LOOP('',(#1082,#1083,#1084,#1085,#1086,#1087,#1088,#1089,#1090,
#1091,#1092,#1093,#1094,#1095,#1096));
#5225=EDGE_LOOP('',(#1097,#1098,#1099,#1100));
#5226=EDGE_LOOP('',(#1101,#1102,#1103,#1104,#1105,#1106,#1107,#1108));
#5227=EDGE_LOOP('',(#1109,#1110,#1111,#1112));
#5228=EDGE_LOOP('',(#1113,#1114,#1115,#1116));
#5229=EDGE_LOOP('',(#1117,#1118,#1119,#1120));
#5230=EDGE_LOOP('',(#1121,#1122,#1123,#1124));
#5231=EDGE_LOOP('',(#1125,#1126,#1127,#1128));
#5232=EDGE_LOOP('',(#1129,#1130,#1131,#1132,#1133,#1134,#1135,#1136));
#5233=EDGE_LOOP('',(#1137,#1138,#1139,#1140));
#5234=EDGE_LOOP('',(#1141,#1142,#1143,#1144));
#5235=EDGE_LOOP('',(#1145,#1146,#1147,#1148));
#5236=EDGE_LOOP('',(#1149,#1150,#1151,#1152));
#5237=EDGE_LOOP('',(#1153,#1154,#1155,#1156,#1157,#1158));
#5238=EDGE_LOOP('',(#1159,#1160,#1161,#1162,#1163,#1164,#1165,#1166,#1167,
#1168,#1169,#1170,#1171,#1172,#1173,#1174,#1175,#1176,#1177,#1178));
#5239=EDGE_LOOP('',(#1179,#1180,#1181,#1182,#1183,#1184));
#5240=EDGE_LOOP('',(#1185,#1186,#1187,#1188,#1189,#1190,#1191,#1192,#1193,
#1194));
#5241=EDGE_LOOP('',(#1195,#1196,#1197,#1198,#1199,#1200,#1201,#1202,#1203,
#1204,#1205,#1206));
#5242=EDGE_LOOP('',(#1207,#1208,#1209,#1210,#1211));
#5243=EDGE_LOOP('',(#1212,#1213,#1214,#1215,#1216,#1217,#1218,#1219));
#5244=EDGE_LOOP('',(#1220,#1221,#1222,#1223,#1224));
#5245=EDGE_LOOP('',(#1225,#1226,#1227,#1228,#1229,#1230));
#5246=EDGE_LOOP('',(#1231,#1232,#1233,#1234,#1235,#1236,#1237,#1238));
#5247=EDGE_LOOP('',(#1239,#1240,#1241,#1242,#1243));
#5248=EDGE_LOOP('',(#1244,#1245,#1246,#1247,#1248));
#5249=EDGE_LOOP('',(#1249,#1250,#1251,#1252,#1253,#1254,#1255,#1256,#1257,
#1258,#1259,#1260));
#5250=EDGE_LOOP('',(#1261,#1262,#1263,#1264,#1265,#1266,#1267,#1268,#1269,
#1270));
#5251=EDGE_LOOP('',(#1271,#1272));
#5252=EDGE_LOOP('',(#1273,#1274,#1275,#1276,#1277));
#5253=EDGE_LOOP('',(#1278,#1279,#1280,#1281,#1282,#1283,#1284,#1285));
#5254=EDGE_LOOP('',(#1286,#1287,#1288,#1289));
#5255=EDGE_LOOP('',(#1290,#1291));
#5256=EDGE_LOOP('',(#1292,#1293,#1294,#1295,#1296));
#5257=EDGE_LOOP('',(#1297,#1298,#1299,#1300,#1301,#1302,#1303,#1304,#1305,
#1306,#1307,#1308,#1309,#1310));
#5258=EDGE_LOOP('',(#1311,#1312,#1313,#1314,#1315,#1316,#1317,#1318,#1319,
#1320,#1321,#1322,#1323,#1324));
#5259=EDGE_LOOP('',(#1325,#1326,#1327,#1328));
#5260=EDGE_LOOP('',(#1329,#1330,#1331,#1332));
#5261=EDGE_LOOP('',(#1333,#1334,#1335,#1336));
#5262=EDGE_LOOP('',(#1337,#1338,#1339,#1340,#1341,#1342,#1343,#1344,#1345,
#1346,#1347,#1348,#1349,#1350,#1351,#1352,#1353,#1354,#1355,#1356));
#5263=EDGE_LOOP('',(#1357,#1358));
#5264=EDGE_LOOP('',(#1359,#1360));
#5265=EDGE_LOOP('',(#1361,#1362,#1363,#1364,#1365,#1366,#1367,#1368,#1369,
#1370,#1371,#1372));
#5266=EDGE_LOOP('',(#1373,#1374,#1375,#1376,#1377,#1378));
#5267=EDGE_LOOP('',(#1379,#1380,#1381,#1382));
#5268=EDGE_LOOP('',(#1383,#1384,#1385,#1386));
#5269=EDGE_LOOP('',(#1387,#1388,#1389,#1390));
#5270=EDGE_LOOP('',(#1391,#1392,#1393,#1394));
#5271=EDGE_LOOP('',(#1395,#1396,#1397,#1398));
#5272=EDGE_LOOP('',(#1399,#1400,#1401,#1402));
#5273=EDGE_LOOP('',(#1403,#1404,#1405,#1406));
#5274=EDGE_LOOP('',(#1407,#1408,#1409,#1410));
#5275=EDGE_LOOP('',(#1411,#1412,#1413,#1414,#1415,#1416,#1417,#1418));
#5276=EDGE_LOOP('',(#1419,#1420,#1421,#1422));
#5277=EDGE_LOOP('',(#1423,#1424));
#5278=EDGE_LOOP('',(#1425,#1426,#1427,#1428));
#5279=EDGE_LOOP('',(#1429,#1430));
#5280=EDGE_LOOP('',(#1431,#1432,#1433,#1434));
#5281=EDGE_LOOP('',(#1435,#1436,#1437,#1438));
#5282=EDGE_LOOP('',(#1439,#1440));
#5283=EDGE_LOOP('',(#1441,#1442,#1443,#1444));
#5284=EDGE_LOOP('',(#1445,#1446,#1447,#1448));
#5285=EDGE_LOOP('',(#1449,#1450,#1451,#1452));
#5286=EDGE_LOOP('',(#1453,#1454));
#5287=EDGE_LOOP('',(#1455,#1456,#1457,#1458));
#5288=EDGE_LOOP('',(#1459,#1460,#1461,#1462));
#5289=EDGE_LOOP('',(#1463,#1464,#1465,#1466));
#5290=EDGE_LOOP('',(#1467,#1468,#1469,#1470));
#5291=EDGE_LOOP('',(#1471,#1472,#1473,#1474));
#5292=EDGE_LOOP('',(#1475,#1476,#1477,#1478));
#5293=EDGE_LOOP('',(#1479,#1480,#1481,#1482));
#5294=EDGE_LOOP('',(#1483,#1484,#1485,#1486));
#5295=EDGE_LOOP('',(#1487,#1488,#1489,#1490));
#5296=EDGE_LOOP('',(#1491,#1492,#1493,#1494));
#5297=EDGE_LOOP('',(#1495,#1496,#1497,#1498,#1499,#1500));
#5298=EDGE_LOOP('',(#1501,#1502,#1503,#1504,#1505,#1506));
#5299=EDGE_LOOP('',(#1507,#1508,#1509,#1510));
#5300=EDGE_LOOP('',(#1511,#1512,#1513,#1514));
#5301=EDGE_LOOP('',(#1515,#1516,#1517,#1518));
#5302=EDGE_LOOP('',(#1519,#1520,#1521,#1522));
#5303=EDGE_LOOP('',(#1523,#1524,#1525,#1526));
#5304=EDGE_LOOP('',(#1527,#1528,#1529,#1530));
#5305=EDGE_LOOP('',(#1531,#1532));
#5306=EDGE_LOOP('',(#1533,#1534));
#5307=EDGE_LOOP('',(#1535,#1536,#1537,#1538,#1539,#1540,#1541,#1542));
#5308=EDGE_LOOP('',(#1543,#1544,#1545));
#5309=EDGE_LOOP('',(#1546,#1547,#1548,#1549));
#5310=EDGE_LOOP('',(#1550,#1551,#1552,#1553));
#5311=EDGE_LOOP('',(#1554,#1555,#1556,#1557,#1558,#1559));
#5312=EDGE_LOOP('',(#1560,#1561,#1562,#1563,#1564,#1565));
#5313=EDGE_LOOP('',(#1566,#1567,#1568,#1569,#1570,#1571,#1572,#1573));
#5314=EDGE_LOOP('',(#1574,#1575,#1576,#1577));
#5315=EDGE_LOOP('',(#1578,#1579,#1580,#1581));
#5316=EDGE_LOOP('',(#1582,#1583,#1584,#1585));
#5317=EDGE_LOOP('',(#1586,#1587,#1588,#1589));
#5318=EDGE_LOOP('',(#1590,#1591,#1592,#1593));
#5319=EDGE_LOOP('',(#1594,#1595,#1596,#1597,#1598,#1599,#1600,#1601));
#5320=EDGE_LOOP('',(#1602,#1603,#1604,#1605));
#5321=EDGE_LOOP('',(#1606,#1607));
#5322=EDGE_LOOP('',(#1608,#1609));
#5323=EDGE_LOOP('',(#1610,#1611,#1612,#1613));
#5324=EDGE_LOOP('',(#1614,#1615));
#5325=EDGE_LOOP('',(#1616,#1617,#1618,#1619));
#5326=EDGE_LOOP('',(#1620,#1621));
#5327=EDGE_LOOP('',(#1622,#1623,#1624,#1625));
#5328=EDGE_LOOP('',(#1626,#1627,#1628,#1629));
#5329=EDGE_LOOP('',(#1630,#1631));
#5330=EDGE_LOOP('',(#1632,#1633,#1634,#1635));
#5331=EDGE_LOOP('',(#1636,#1637,#1638,#1639));
#5332=EDGE_LOOP('',(#1640,#1641,#1642,#1643));
#5333=EDGE_LOOP('',(#1644,#1645));
#5334=EDGE_LOOP('',(#1646,#1647,#1648,#1649));
#5335=EDGE_LOOP('',(#1650,#1651,#1652,#1653,#1654,#1655,#1656,#1657));
#5336=EDGE_LOOP('',(#1658,#1659,#1660));
#5337=EDGE_LOOP('',(#1661,#1662,#1663,#1664));
#5338=EDGE_LOOP('',(#1665,#1666,#1667,#1668));
#5339=EDGE_LOOP('',(#1669,#1670,#1671,#1672,#1673,#1674));
#5340=EDGE_LOOP('',(#1675,#1676,#1677,#1678,#1679,#1680));
#5341=EDGE_LOOP('',(#1681,#1682,#1683,#1684));
#5342=EDGE_LOOP('',(#1685,#1686,#1687,#1688));
#5343=EDGE_LOOP('',(#1689,#1690,#1691,#1692));
#5344=EDGE_LOOP('',(#1693,#1694,#1695,#1696));
#5345=EDGE_LOOP('',(#1697,#1698,#1699,#1700));
#5346=EDGE_LOOP('',(#1701,#1702,#1703,#1704));
#5347=EDGE_LOOP('',(#1705,#1706,#1707,#1708));
#5348=EDGE_LOOP('',(#1709,#1710,#1711,#1712));
#5349=EDGE_LOOP('',(#1713,#1714,#1715,#1716));
#5350=EDGE_LOOP('',(#1717,#1718,#1719,#1720));
#5351=EDGE_LOOP('',(#1721,#1722,#1723,#1724));
#5352=EDGE_LOOP('',(#1725,#1726,#1727,#1728));
#5353=EDGE_LOOP('',(#1729,#1730,#1731,#1732));
#5354=EDGE_LOOP('',(#1733,#1734,#1735,#1736));
#5355=EDGE_LOOP('',(#1737,#1738,#1739,#1740));
#5356=EDGE_LOOP('',(#1741,#1742,#1743,#1744));
#5357=EDGE_LOOP('',(#1745,#1746,#1747,#1748));
#5358=EDGE_LOOP('',(#1749,#1750,#1751,#1752));
#5359=EDGE_LOOP('',(#1753,#1754,#1755,#1756));
#5360=EDGE_LOOP('',(#1757,#1758,#1759,#1760));
#5361=EDGE_LOOP('',(#1761,#1762,#1763,#1764));
#5362=EDGE_LOOP('',(#1765,#1766,#1767,#1768,#1769,#1770,#1771,#1772,#1773,
#1774,#1775,#1776,#1777,#1778,#1779,#1780,#1781,#1782,#1783,#1784,#1785));
#5363=EDGE_LOOP('',(#1786,#1787,#1788,#1789,#1790,#1791,#1792,#1793,#1794,
#1795,#1796,#1797,#1798,#1799,#1800,#1801,#1802,#1803,#1804,#1805,#1806));
#5364=EDGE_LOOP('',(#1807,#1808,#1809,#1810,#1811,#1812,#1813));
#5365=EDGE_LOOP('',(#1814,#1815,#1816,#1817,#1818,#1819,#1820));
#5366=EDGE_LOOP('',(#1821,#1822,#1823,#1824,#1825,#1826,#1827));
#5367=EDGE_LOOP('',(#1828,#1829,#1830,#1831,#1832,#1833,#1834));
#5368=EDGE_LOOP('',(#1835,#1836,#1837,#1838));
#5369=EDGE_LOOP('',(#1839,#1840,#1841,#1842));
#5370=EDGE_LOOP('',(#1843,#1844,#1845,#1846));
#5371=EDGE_LOOP('',(#1847,#1848,#1849,#1850));
#5372=EDGE_LOOP('',(#1851,#1852,#1853,#1854));
#5373=EDGE_LOOP('',(#1855,#1856,#1857,#1858));
#5374=EDGE_LOOP('',(#1859,#1860,#1861,#1862));
#5375=EDGE_LOOP('',(#1863,#1864,#1865,#1866));
#5376=EDGE_LOOP('',(#1867,#1868,#1869,#1870));
#5377=EDGE_LOOP('',(#1871,#1872,#1873,#1874));
#5378=EDGE_LOOP('',(#1875,#1876,#1877,#1878));
#5379=EDGE_LOOP('',(#1879,#1880,#1881,#1882));
#5380=EDGE_LOOP('',(#1883,#1884,#1885,#1886));
#5381=EDGE_LOOP('',(#1887,#1888,#1889,#1890));
#5382=EDGE_LOOP('',(#1891,#1892,#1893,#1894,#1895,#1896,#1897,#1898,#1899,
#1900,#1901,#1902,#1903,#1904,#1905,#1906,#1907,#1908,#1909,#1910,#1911,
#1912,#1913,#1914,#1915,#1916,#1917,#1918,#1919,#1920,#1921,#1922,#1923));
#5383=EDGE_LOOP('',(#1924,#1925));
#5384=EDGE_LOOP('',(#1926,#1927,#1928,#1929,#1930,#1931,#1932,#1933,#1934,
#1935,#1936,#1937,#1938,#1939,#1940,#1941,#1942,#1943,#1944,#1945,#1946,
#1947,#1948,#1949,#1950,#1951,#1952,#1953,#1954,#1955,#1956,#1957,#1958));
#5385=EDGE_LOOP('',(#1959,#1960));
#5386=EDGE_LOOP('',(#1961,#1962));
#5387=EDGE_LOOP('',(#1963,#1964,#1965));
#5388=EDGE_LOOP('',(#1966,#1967,#1968,#1969));
#5389=EDGE_LOOP('',(#1970,#1971,#1972,#1973));
#5390=EDGE_LOOP('',(#1974,#1975,#1976,#1977));
#5391=EDGE_LOOP('',(#1978,#1979,#1980,#1981));
#5392=EDGE_LOOP('',(#1982,#1983,#1984,#1985));
#5393=EDGE_LOOP('',(#1986,#1987,#1988,#1989));
#5394=EDGE_LOOP('',(#1990,#1991,#1992,#1993));
#5395=EDGE_LOOP('',(#1994,#1995,#1996));
#5396=EDGE_LOOP('',(#1997,#1998));
#5397=EDGE_LOOP('',(#1999,#2000,#2001));
#5398=EDGE_LOOP('',(#2002,#2003,#2004,#2005));
#5399=EDGE_LOOP('',(#2006,#2007,#2008,#2009));
#5400=EDGE_LOOP('',(#2010,#2011,#2012,#2013));
#5401=EDGE_LOOP('',(#2014,#2015,#2016,#2017));
#5402=EDGE_LOOP('',(#2018,#2019,#2020,#2021));
#5403=EDGE_LOOP('',(#2022,#2023,#2024,#2025));
#5404=EDGE_LOOP('',(#2026,#2027,#2028,#2029));
#5405=EDGE_LOOP('',(#2030,#2031,#2032,#2033));
#5406=EDGE_LOOP('',(#2034,#2035,#2036,#2037));
#5407=EDGE_LOOP('',(#2038,#2039,#2040,#2041));
#5408=EDGE_LOOP('',(#2042,#2043,#2044,#2045));
#5409=EDGE_LOOP('',(#2046,#2047,#2048,#2049));
#5410=EDGE_LOOP('',(#2050,#2051,#2052,#2053));
#5411=EDGE_LOOP('',(#2054,#2055,#2056,#2057));
#5412=EDGE_LOOP('',(#2058,#2059,#2060));
#5413=EDGE_LOOP('',(#2061,#2062));
#5414=EDGE_LOOP('',(#2063,#2064,#2065));
#5415=EDGE_LOOP('',(#2066,#2067,#2068,#2069));
#5416=EDGE_LOOP('',(#2070,#2071,#2072,#2073));
#5417=EDGE_LOOP('',(#2074,#2075,#2076,#2077));
#5418=EDGE_LOOP('',(#2078,#2079,#2080));
#5419=EDGE_LOOP('',(#2081,#2082,#2083,#2084));
#5420=EDGE_LOOP('',(#2085,#2086,#2087,#2088));
#5421=EDGE_LOOP('',(#2089,#2090,#2091,#2092,#2093,#2094,#2095,#2096));
#5422=EDGE_LOOP('',(#2097,#2098,#2099,#2100,#2101,#2102));
#5423=EDGE_LOOP('',(#2103,#2104,#2105,#2106,#2107,#2108,#2109,#2110));
#5424=EDGE_LOOP('',(#2111,#2112,#2113,#2114,#2115,#2116));
#5425=EDGE_LOOP('',(#2117,#2118,#2119,#2120));
#5426=EDGE_LOOP('',(#2121,#2122,#2123,#2124));
#5427=EDGE_LOOP('',(#2125,#2126,#2127,#2128));
#5428=EDGE_LOOP('',(#2129,#2130,#2131,#2132));
#5429=EDGE_LOOP('',(#2133,#2134,#2135,#2136));
#5430=EDGE_LOOP('',(#2137,#2138,#2139,#2140));
#5431=EDGE_LOOP('',(#2141,#2142,#2143,#2144));
#5432=EDGE_LOOP('',(#2145,#2146,#2147,#2148));
#5433=EDGE_LOOP('',(#2149,#2150,#2151,#2152));
#5434=EDGE_LOOP('',(#2153,#2154,#2155,#2156));
#5435=EDGE_LOOP('',(#2157,#2158,#2159,#2160));
#5436=EDGE_LOOP('',(#2161,#2162,#2163,#2164));
#5437=EDGE_LOOP('',(#2165,#2166,#2167,#2168));
#5438=EDGE_LOOP('',(#2169,#2170,#2171,#2172));
#5439=EDGE_LOOP('',(#2173,#2174,#2175,#2176));
#5440=EDGE_LOOP('',(#2177,#2178,#2179,#2180));
#5441=EDGE_LOOP('',(#2181,#2182,#2183,#2184));
#5442=EDGE_LOOP('',(#2185,#2186,#2187,#2188));
#5443=EDGE_LOOP('',(#2189,#2190,#2191,#2192));
#5444=EDGE_LOOP('',(#2193,#2194,#2195,#2196));
#5445=EDGE_LOOP('',(#2197,#2198,#2199,#2200));
#5446=EDGE_LOOP('',(#2201,#2202,#2203,#2204));
#5447=EDGE_LOOP('',(#2205,#2206,#2207,#2208));
#5448=EDGE_LOOP('',(#2209,#2210,#2211,#2212));
#5449=EDGE_LOOP('',(#2213,#2214,#2215,#2216));
#5450=EDGE_LOOP('',(#2217,#2218,#2219,#2220));
#5451=EDGE_LOOP('',(#2221,#2222,#2223,#2224));
#5452=EDGE_LOOP('',(#2225,#2226,#2227,#2228));
#5453=EDGE_LOOP('',(#2229,#2230,#2231,#2232,#2233,#2234,#2235,#2236,#2237,
#2238,#2239,#2240,#2241,#2242));
#5454=EDGE_LOOP('',(#2243,#2244,#2245,#2246,#2247,#2248,#2249,#2250,#2251,
#2252,#2253,#2254,#2255,#2256));
#5455=EDGE_LOOP('',(#2257,#2258,#2259,#2260,#2261,#2262,#2263,#2264));
#5456=EDGE_LOOP('',(#2265,#2266,#2267,#2268,#2269,#2270));
#5457=EDGE_LOOP('',(#2271,#2272,#2273,#2274,#2275,#2276,#2277,#2278));
#5458=EDGE_LOOP('',(#2279,#2280,#2281,#2282,#2283,#2284));
#5459=EDGE_LOOP('',(#2285,#2286,#2287,#2288));
#5460=EDGE_LOOP('',(#2289,#2290,#2291,#2292));
#5461=EDGE_LOOP('',(#2293,#2294,#2295,#2296));
#5462=EDGE_LOOP('',(#2297,#2298,#2299,#2300));
#5463=EDGE_LOOP('',(#2301,#2302,#2303,#2304));
#5464=EDGE_LOOP('',(#2305,#2306,#2307,#2308));
#5465=EDGE_LOOP('',(#2309,#2310,#2311,#2312));
#5466=EDGE_LOOP('',(#2313,#2314,#2315,#2316));
#5467=EDGE_LOOP('',(#2317,#2318,#2319,#2320));
#5468=EDGE_LOOP('',(#2321,#2322,#2323,#2324));
#5469=EDGE_LOOP('',(#2325,#2326,#2327,#2328));
#5470=EDGE_LOOP('',(#2329,#2330,#2331,#2332));
#5471=EDGE_LOOP('',(#2333,#2334,#2335,#2336));
#5472=EDGE_LOOP('',(#2337,#2338,#2339,#2340));
#5473=FACE_BOUND('',#5114,.T.);
#5474=FACE_BOUND('',#5115,.T.);
#5475=FACE_BOUND('',#5116,.T.);
#5476=FACE_BOUND('',#5117,.T.);
#5477=FACE_BOUND('',#5118,.T.);
#5478=FACE_BOUND('',#5119,.T.);
#5479=FACE_BOUND('',#5120,.T.);
#5480=FACE_BOUND('',#5121,.T.);
#5481=FACE_BOUND('',#5122,.T.);
#5482=FACE_BOUND('',#5123,.T.);
#5483=FACE_BOUND('',#5124,.T.);
#5484=FACE_BOUND('',#5125,.T.);
#5485=FACE_BOUND('',#5126,.T.);
#5486=FACE_BOUND('',#5127,.T.);
#5487=FACE_BOUND('',#5128,.T.);
#5488=FACE_BOUND('',#5129,.T.);
#5489=FACE_BOUND('',#5130,.T.);
#5490=FACE_BOUND('',#5131,.T.);
#5491=FACE_BOUND('',#5132,.T.);
#5492=FACE_BOUND('',#5133,.T.);
#5493=FACE_BOUND('',#5134,.T.);
#5494=FACE_BOUND('',#5135,.T.);
#5495=FACE_BOUND('',#5136,.T.);
#5496=FACE_BOUND('',#5137,.T.);
#5497=FACE_BOUND('',#5138,.T.);
#5498=FACE_BOUND('',#5139,.T.);
#5499=FACE_BOUND('',#5140,.T.);
#5500=FACE_BOUND('',#5141,.T.);
#5501=FACE_BOUND('',#5142,.T.);
#5502=FACE_BOUND('',#5143,.T.);
#5503=FACE_BOUND('',#5144,.T.);
#5504=FACE_BOUND('',#5145,.T.);
#5505=FACE_BOUND('',#5146,.T.);
#5506=FACE_BOUND('',#5147,.T.);
#5507=FACE_BOUND('',#5148,.T.);
#5508=FACE_BOUND('',#5149,.T.);
#5509=FACE_BOUND('',#5150,.T.);
#5510=FACE_BOUND('',#5151,.T.);
#5511=FACE_BOUND('',#5152,.T.);
#5512=FACE_BOUND('',#5153,.T.);
#5513=FACE_BOUND('',#5154,.T.);
#5514=FACE_BOUND('',#5155,.T.);
#5515=FACE_BOUND('',#5156,.T.);
#5516=FACE_BOUND('',#5157,.T.);
#5517=FACE_BOUND('',#5158,.T.);
#5518=FACE_BOUND('',#5159,.T.);
#5519=FACE_BOUND('',#5160,.T.);
#5520=FACE_BOUND('',#5161,.T.);
#5521=FACE_BOUND('',#5162,.T.);
#5522=FACE_BOUND('',#5163,.T.);
#5523=FACE_BOUND('',#5164,.T.);
#5524=FACE_BOUND('',#5165,.T.);
#5525=FACE_BOUND('',#5166,.T.);
#5526=FACE_BOUND('',#5167,.T.);
#5527=FACE_BOUND('',#5168,.T.);
#5528=FACE_BOUND('',#5169,.T.);
#5529=FACE_BOUND('',#5170,.T.);
#5530=FACE_BOUND('',#5171,.T.);
#5531=FACE_BOUND('',#5172,.T.);
#5532=FACE_BOUND('',#5173,.T.);
#5533=FACE_BOUND('',#5174,.T.);
#5534=FACE_BOUND('',#5175,.T.);
#5535=FACE_BOUND('',#5176,.T.);
#5536=FACE_BOUND('',#5177,.T.);
#5537=FACE_BOUND('',#5178,.T.);
#5538=FACE_BOUND('',#5179,.T.);
#5539=FACE_BOUND('',#5180,.T.);
#5540=FACE_BOUND('',#5181,.T.);
#5541=FACE_BOUND('',#5182,.T.);
#5542=FACE_BOUND('',#5183,.T.);
#5543=FACE_BOUND('',#5184,.T.);
#5544=FACE_BOUND('',#5185,.T.);
#5545=FACE_BOUND('',#5186,.T.);
#5546=FACE_BOUND('',#5187,.T.);
#5547=FACE_BOUND('',#5188,.T.);
#5548=FACE_BOUND('',#5189,.T.);
#5549=FACE_BOUND('',#5190,.T.);
#5550=FACE_BOUND('',#5191,.T.);
#5551=FACE_BOUND('',#5192,.T.);
#5552=FACE_BOUND('',#5193,.T.);
#5553=FACE_BOUND('',#5194,.T.);
#5554=FACE_BOUND('',#5195,.T.);
#5555=FACE_BOUND('',#5196,.T.);
#5556=FACE_BOUND('',#5197,.T.);
#5557=FACE_BOUND('',#5198,.T.);
#5558=FACE_BOUND('',#5199,.T.);
#5559=FACE_BOUND('',#5200,.T.);
#5560=FACE_BOUND('',#5201,.T.);
#5561=FACE_BOUND('',#5202,.T.);
#5562=FACE_BOUND('',#5203,.T.);
#5563=FACE_BOUND('',#5204,.T.);
#5564=FACE_BOUND('',#5205,.T.);
#5565=FACE_BOUND('',#5206,.T.);
#5566=FACE_BOUND('',#5207,.T.);
#5567=FACE_BOUND('',#5208,.T.);
#5568=FACE_BOUND('',#5209,.T.);
#5569=FACE_BOUND('',#5210,.T.);
#5570=FACE_BOUND('',#5211,.T.);
#5571=FACE_BOUND('',#5212,.T.);
#5572=FACE_BOUND('',#5213,.T.);
#5573=FACE_BOUND('',#5214,.T.);
#5574=FACE_BOUND('',#5215,.T.);
#5575=FACE_BOUND('',#5216,.T.);
#5576=FACE_BOUND('',#5217,.T.);
#5577=FACE_BOUND('',#5218,.T.);
#5578=FACE_BOUND('',#5219,.T.);
#5579=FACE_BOUND('',#5220,.T.);
#5580=FACE_BOUND('',#5221,.T.);
#5581=FACE_BOUND('',#5222,.T.);
#5582=FACE_BOUND('',#5223,.T.);
#5583=FACE_BOUND('',#5224,.T.);
#5584=FACE_BOUND('',#5225,.T.);
#5585=FACE_BOUND('',#5226,.T.);
#5586=FACE_BOUND('',#5227,.T.);
#5587=FACE_BOUND('',#5228,.T.);
#5588=FACE_BOUND('',#5229,.T.);
#5589=FACE_BOUND('',#5230,.T.);
#5590=FACE_BOUND('',#5231,.T.);
#5591=FACE_BOUND('',#5232,.T.);
#5592=FACE_BOUND('',#5233,.T.);
#5593=FACE_BOUND('',#5234,.T.);
#5594=FACE_BOUND('',#5235,.T.);
#5595=FACE_BOUND('',#5236,.T.);
#5596=FACE_BOUND('',#5237,.T.);
#5597=FACE_BOUND('',#5238,.T.);
#5598=FACE_BOUND('',#5239,.T.);
#5599=FACE_BOUND('',#5240,.T.);
#5600=FACE_BOUND('',#5241,.T.);
#5601=FACE_BOUND('',#5242,.T.);
#5602=FACE_BOUND('',#5243,.T.);
#5603=FACE_BOUND('',#5244,.T.);
#5604=FACE_BOUND('',#5245,.T.);
#5605=FACE_BOUND('',#5246,.T.);
#5606=FACE_BOUND('',#5247,.T.);
#5607=FACE_BOUND('',#5248,.T.);
#5608=FACE_BOUND('',#5249,.T.);
#5609=FACE_BOUND('',#5250,.T.);
#5610=FACE_BOUND('',#5251,.T.);
#5611=FACE_BOUND('',#5252,.T.);
#5612=FACE_BOUND('',#5253,.T.);
#5613=FACE_BOUND('',#5254,.T.);
#5614=FACE_BOUND('',#5255,.T.);
#5615=FACE_BOUND('',#5256,.T.);
#5616=FACE_BOUND('',#5257,.T.);
#5617=FACE_BOUND('',#5258,.T.);
#5618=FACE_BOUND('',#5259,.T.);
#5619=FACE_BOUND('',#5260,.T.);
#5620=FACE_BOUND('',#5261,.T.);
#5621=FACE_BOUND('',#5262,.T.);
#5622=FACE_BOUND('',#5263,.T.);
#5623=FACE_BOUND('',#5264,.T.);
#5624=FACE_BOUND('',#5265,.T.);
#5625=FACE_BOUND('',#5266,.T.);
#5626=FACE_BOUND('',#5267,.T.);
#5627=FACE_BOUND('',#5268,.T.);
#5628=FACE_BOUND('',#5269,.T.);
#5629=FACE_BOUND('',#5270,.T.);
#5630=FACE_BOUND('',#5271,.T.);
#5631=FACE_BOUND('',#5272,.T.);
#5632=FACE_BOUND('',#5273,.T.);
#5633=FACE_BOUND('',#5274,.T.);
#5634=FACE_BOUND('',#5275,.T.);
#5635=FACE_BOUND('',#5276,.T.);
#5636=FACE_BOUND('',#5277,.T.);
#5637=FACE_BOUND('',#5278,.T.);
#5638=FACE_BOUND('',#5279,.T.);
#5639=FACE_BOUND('',#5280,.T.);
#5640=FACE_BOUND('',#5281,.T.);
#5641=FACE_BOUND('',#5282,.T.);
#5642=FACE_BOUND('',#5283,.T.);
#5643=FACE_BOUND('',#5284,.T.);
#5644=FACE_BOUND('',#5285,.T.);
#5645=FACE_BOUND('',#5286,.T.);
#5646=FACE_BOUND('',#5287,.T.);
#5647=FACE_BOUND('',#5288,.T.);
#5648=FACE_BOUND('',#5289,.T.);
#5649=FACE_BOUND('',#5290,.T.);
#5650=FACE_BOUND('',#5291,.T.);
#5651=FACE_BOUND('',#5292,.T.);
#5652=FACE_BOUND('',#5293,.T.);
#5653=FACE_BOUND('',#5294,.T.);
#5654=FACE_BOUND('',#5295,.T.);
#5655=FACE_BOUND('',#5296,.T.);
#5656=FACE_BOUND('',#5297,.T.);
#5657=FACE_BOUND('',#5298,.T.);
#5658=FACE_BOUND('',#5299,.T.);
#5659=FACE_BOUND('',#5300,.T.);
#5660=FACE_BOUND('',#5301,.T.);
#5661=FACE_BOUND('',#5302,.T.);
#5662=FACE_BOUND('',#5303,.T.);
#5663=FACE_BOUND('',#5304,.T.);
#5664=FACE_BOUND('',#5305,.T.);
#5665=FACE_BOUND('',#5306,.T.);
#5666=FACE_BOUND('',#5307,.T.);
#5667=FACE_BOUND('',#5308,.T.);
#5668=FACE_BOUND('',#5309,.T.);
#5669=FACE_BOUND('',#5310,.T.);
#5670=FACE_BOUND('',#5311,.T.);
#5671=FACE_BOUND('',#5312,.T.);
#5672=FACE_BOUND('',#5313,.T.);
#5673=FACE_BOUND('',#5314,.T.);
#5674=FACE_BOUND('',#5315,.T.);
#5675=FACE_BOUND('',#5316,.T.);
#5676=FACE_BOUND('',#5317,.T.);
#5677=FACE_BOUND('',#5318,.T.);
#5678=FACE_BOUND('',#5319,.T.);
#5679=FACE_BOUND('',#5320,.T.);
#5680=FACE_BOUND('',#5321,.T.);
#5681=FACE_BOUND('',#5322,.T.);
#5682=FACE_BOUND('',#5323,.T.);
#5683=FACE_BOUND('',#5324,.T.);
#5684=FACE_BOUND('',#5325,.T.);
#5685=FACE_BOUND('',#5326,.T.);
#5686=FACE_BOUND('',#5327,.T.);
#5687=FACE_BOUND('',#5328,.T.);
#5688=FACE_BOUND('',#5329,.T.);
#5689=FACE_BOUND('',#5330,.T.);
#5690=FACE_BOUND('',#5331,.T.);
#5691=FACE_BOUND('',#5332,.T.);
#5692=FACE_BOUND('',#5333,.T.);
#5693=FACE_BOUND('',#5334,.T.);
#5694=FACE_BOUND('',#5335,.T.);
#5695=FACE_BOUND('',#5336,.T.);
#5696=FACE_BOUND('',#5337,.T.);
#5697=FACE_BOUND('',#5338,.T.);
#5698=FACE_BOUND('',#5339,.T.);
#5699=FACE_BOUND('',#5340,.T.);
#5700=FACE_BOUND('',#5341,.T.);
#5701=FACE_BOUND('',#5342,.T.);
#5702=FACE_BOUND('',#5343,.T.);
#5703=FACE_BOUND('',#5344,.T.);
#5704=FACE_BOUND('',#5345,.T.);
#5705=FACE_BOUND('',#5346,.T.);
#5706=FACE_BOUND('',#5347,.T.);
#5707=FACE_BOUND('',#5348,.T.);
#5708=FACE_BOUND('',#5349,.T.);
#5709=FACE_BOUND('',#5350,.T.);
#5710=FACE_BOUND('',#5351,.T.);
#5711=FACE_BOUND('',#5352,.T.);
#5712=FACE_BOUND('',#5353,.T.);
#5713=FACE_BOUND('',#5354,.T.);
#5714=FACE_BOUND('',#5355,.T.);
#5715=FACE_BOUND('',#5356,.T.);
#5716=FACE_BOUND('',#5357,.T.);
#5717=FACE_BOUND('',#5358,.T.);
#5718=FACE_BOUND('',#5359,.T.);
#5719=FACE_BOUND('',#5360,.T.);
#5720=FACE_BOUND('',#5361,.T.);
#5721=FACE_BOUND('',#5362,.T.);
#5722=FACE_BOUND('',#5363,.T.);
#5723=FACE_BOUND('',#5364,.T.);
#5724=FACE_BOUND('',#5365,.T.);
#5725=FACE_BOUND('',#5366,.T.);
#5726=FACE_BOUND('',#5367,.T.);
#5727=FACE_BOUND('',#5368,.T.);
#5728=FACE_BOUND('',#5369,.T.);
#5729=FACE_BOUND('',#5370,.T.);
#5730=FACE_BOUND('',#5371,.T.);
#5731=FACE_BOUND('',#5372,.T.);
#5732=FACE_BOUND('',#5373,.T.);
#5733=FACE_BOUND('',#5374,.T.);
#5734=FACE_BOUND('',#5375,.T.);
#5735=FACE_BOUND('',#5376,.T.);
#5736=FACE_BOUND('',#5377,.T.);
#5737=FACE_BOUND('',#5378,.T.);
#5738=FACE_BOUND('',#5379,.T.);
#5739=FACE_BOUND('',#5380,.T.);
#5740=FACE_BOUND('',#5381,.T.);
#5741=FACE_BOUND('',#5382,.T.);
#5742=FACE_BOUND('',#5383,.T.);
#5743=FACE_BOUND('',#5384,.T.);
#5744=FACE_BOUND('',#5385,.T.);
#5745=FACE_BOUND('',#5386,.T.);
#5746=FACE_BOUND('',#5387,.T.);
#5747=FACE_BOUND('',#5388,.T.);
#5748=FACE_BOUND('',#5389,.T.);
#5749=FACE_BOUND('',#5390,.T.);
#5750=FACE_BOUND('',#5391,.T.);
#5751=FACE_BOUND('',#5392,.T.);
#5752=FACE_BOUND('',#5393,.T.);
#5753=FACE_BOUND('',#5394,.T.);
#5754=FACE_BOUND('',#5395,.T.);
#5755=FACE_BOUND('',#5396,.T.);
#5756=FACE_BOUND('',#5397,.T.);
#5757=FACE_BOUND('',#5398,.T.);
#5758=FACE_BOUND('',#5399,.T.);
#5759=FACE_BOUND('',#5400,.T.);
#5760=FACE_BOUND('',#5401,.T.);
#5761=FACE_BOUND('',#5402,.T.);
#5762=FACE_BOUND('',#5403,.T.);
#5763=FACE_BOUND('',#5404,.T.);
#5764=FACE_BOUND('',#5405,.T.);
#5765=FACE_BOUND('',#5406,.T.);
#5766=FACE_BOUND('',#5407,.T.);
#5767=FACE_BOUND('',#5408,.T.);
#5768=FACE_BOUND('',#5409,.T.);
#5769=FACE_BOUND('',#5410,.T.);
#5770=FACE_BOUND('',#5411,.T.);
#5771=FACE_BOUND('',#5412,.T.);
#5772=FACE_BOUND('',#5413,.T.);
#5773=FACE_BOUND('',#5414,.T.);
#5774=FACE_BOUND('',#5415,.T.);
#5775=FACE_BOUND('',#5416,.T.);
#5776=FACE_BOUND('',#5417,.T.);
#5777=FACE_BOUND('',#5418,.T.);
#5778=FACE_BOUND('',#5419,.T.);
#5779=FACE_BOUND('',#5420,.T.);
#5780=FACE_BOUND('',#5421,.T.);
#5781=FACE_BOUND('',#5422,.T.);
#5782=FACE_BOUND('',#5423,.T.);
#5783=FACE_BOUND('',#5424,.T.);
#5784=FACE_BOUND('',#5425,.T.);
#5785=FACE_BOUND('',#5426,.T.);
#5786=FACE_BOUND('',#5427,.T.);
#5787=FACE_BOUND('',#5428,.T.);
#5788=FACE_BOUND('',#5429,.T.);
#5789=FACE_BOUND('',#5430,.T.);
#5790=FACE_BOUND('',#5431,.T.);
#5791=FACE_BOUND('',#5432,.T.);
#5792=FACE_BOUND('',#5433,.T.);
#5793=FACE_BOUND('',#5434,.T.);
#5794=FACE_BOUND('',#5435,.T.);
#5795=FACE_BOUND('',#5436,.T.);
#5796=FACE_BOUND('',#5437,.T.);
#5797=FACE_BOUND('',#5438,.T.);
#5798=FACE_BOUND('',#5439,.T.);
#5799=FACE_BOUND('',#5440,.T.);
#5800=FACE_BOUND('',#5441,.T.);
#5801=FACE_BOUND('',#5442,.T.);
#5802=FACE_BOUND('',#5443,.T.);
#5803=FACE_BOUND('',#5444,.T.);
#5804=FACE_BOUND('',#5445,.T.);
#5805=FACE_BOUND('',#5446,.T.);
#5806=FACE_BOUND('',#5447,.T.);
#5807=FACE_BOUND('',#5448,.T.);
#5808=FACE_BOUND('',#5449,.T.);
#5809=FACE_BOUND('',#5450,.T.);
#5810=FACE_BOUND('',#5451,.T.);
#5811=FACE_BOUND('',#5452,.T.);
#5812=FACE_BOUND('',#5453,.T.);
#5813=FACE_BOUND('',#5454,.T.);
#5814=FACE_BOUND('',#5455,.T.);
#5815=FACE_BOUND('',#5456,.T.);
#5816=FACE_BOUND('',#5457,.T.);
#5817=FACE_BOUND('',#5458,.T.);
#5818=FACE_BOUND('',#5459,.T.);
#5819=FACE_BOUND('',#5460,.T.);
#5820=FACE_BOUND('',#5461,.T.);
#5821=FACE_BOUND('',#5462,.T.);
#5822=FACE_BOUND('',#5463,.T.);
#5823=FACE_BOUND('',#5464,.T.);
#5824=FACE_BOUND('',#5465,.T.);
#5825=FACE_BOUND('',#5466,.T.);
#5826=FACE_BOUND('',#5467,.T.);
#5827=FACE_BOUND('',#5468,.T.);
#5828=FACE_BOUND('',#5469,.T.);
#5829=FACE_BOUND('',#5470,.T.);
#5830=FACE_BOUND('',#5471,.T.);
#5831=FACE_BOUND('',#5472,.T.);
#5832=PLANE('',#6789);
#5833=PLANE('',#6790);
#5834=PLANE('',#6791);
#5835=PLANE('',#6792);
#5836=PLANE('',#6793);
#5837=PLANE('',#6794);
#5838=PLANE('',#6795);
#5839=PLANE('',#6796);
#5840=PLANE('',#6798);
#5841=PLANE('',#6799);
#5842=PLANE('',#6800);
#5843=PLANE('',#6801);
#5844=PLANE('',#6802);
#5845=PLANE('',#6803);
#5846=PLANE('',#6804);
#5847=PLANE('',#6805);
#5848=PLANE('',#6807);
#5849=PLANE('',#6808);
#5850=PLANE('',#6809);
#5851=PLANE('',#6810);
#5852=PLANE('',#6811);
#5853=PLANE('',#6812);
#5854=PLANE('',#6813);
#5855=PLANE('',#6814);
#5856=PLANE('',#6815);
#5857=PLANE('',#6816);
#5858=PLANE('',#6817);
#5859=PLANE('',#6818);
#5860=PLANE('',#6819);
#5861=PLANE('',#6820);
#5862=PLANE('',#6822);
#5863=PLANE('',#6823);
#5864=PLANE('',#6824);
#5865=PLANE('',#6825);
#5866=PLANE('',#6826);
#5867=PLANE('',#6827);
#5868=PLANE('',#6828);
#5869=PLANE('',#6829);
#5870=PLANE('',#6830);
#5871=PLANE('',#6831);
#5872=PLANE('',#6833);
#5873=PLANE('',#6834);
#5874=PLANE('',#6835);
#5875=PLANE('',#6836);
#5876=PLANE('',#6837);
#5877=PLANE('',#6838);
#5878=PLANE('',#6839);
#5879=PLANE('',#6840);
#5880=PLANE('',#6841);
#5881=PLANE('',#6842);
#5882=PLANE('',#6843);
#5883=PLANE('',#6844);
#5884=PLANE('',#6845);
#5885=PLANE('',#6846);
#5886=PLANE('',#6848);
#5887=PLANE('',#6849);
#5888=PLANE('',#6850);
#5889=PLANE('',#6851);
#5890=PLANE('',#6852);
#5891=PLANE('',#6853);
#5892=PLANE('',#6854);
#5893=PLANE('',#6855);
#5894=PLANE('',#6856);
#5895=PLANE('',#6857);
#5896=PLANE('',#6858);
#5897=PLANE('',#6859);
#5898=PLANE('',#6860);
#5899=PLANE('',#6861);
#5900=PLANE('',#6863);
#5901=PLANE('',#6864);
#5902=PLANE('',#6865);
#5903=PLANE('',#6866);
#5904=PLANE('',#6867);
#5905=PLANE('',#6868);
#5906=PLANE('',#6869);
#5907=PLANE('',#6870);
#5908=PLANE('',#6871);
#5909=PLANE('',#6872);
#5910=PLANE('',#6873);
#5911=PLANE('',#6874);
#5912=PLANE('',#6875);
#5913=PLANE('',#6921);
#5914=PLANE('',#6922);
#5915=PLANE('',#6927);
#5916=PLANE('',#6928);
#5917=PLANE('',#6929);
#5918=PLANE('',#6930);
#5919=PLANE('',#6931);
#5920=PLANE('',#6932);
#5921=PLANE('',#6936);
#5922=PLANE('',#6937);
#5923=PLANE('',#6941);
#5924=PLANE('',#6942);
#5925=PLANE('',#6943);
#5926=PLANE('',#6944);
#5927=PLANE('',#6945);
#5928=PLANE('',#6946);
#5929=PLANE('',#6949);
#5930=PLANE('',#6950);
#5931=PLANE('',#6951);
#5932=PLANE('',#6952);
#5933=PLANE('',#6953);
#5934=PLANE('',#6954);
#5935=PLANE('',#6955);
#5936=PLANE('',#6956);
#5937=PLANE('',#6957);
#5938=PLANE('',#6958);
#5939=PLANE('',#6959);
#5940=PLANE('',#6961);
#5941=PLANE('',#6963);
#5942=PLANE('',#6964);
#5943=PLANE('',#6965);
#5944=PLANE('',#6970);
#5945=PLANE('',#6973);
#5946=PLANE('',#6974);
#5947=PLANE('',#6975);
#5948=PLANE('',#6976);
#5949=PLANE('',#6977);
#5950=PLANE('',#6978);
#5951=PLANE('',#6979);
#5952=PLANE('',#6980);
#5953=PLANE('',#6981);
#5954=PLANE('',#6982);
#5955=PLANE('',#6983);
#5956=PLANE('',#6984);
#5957=PLANE('',#6985);
#5958=PLANE('',#6986);
#5959=PLANE('',#6987);
#5960=PLANE('',#6988);
#5961=PLANE('',#6991);
#5962=PLANE('',#6995);
#5963=PLANE('',#6998);
#5964=PLANE('',#6999);
#5965=PLANE('',#7000);
#5966=PLANE('',#7001);
#5967=PLANE('',#7002);
#5968=PLANE('',#7003);
#5969=PLANE('',#7004);
#5970=PLANE('',#7005);
#5971=PLANE('',#7006);
#5972=PLANE('',#7007);
#5973=PLANE('',#7010);
#5974=PLANE('',#7012);
#5975=PLANE('',#7014);
#5976=PLANE('',#7016);
#5977=PLANE('',#7017);
#5978=PLANE('',#7018);
#5979=PLANE('',#7023);
#5980=PLANE('',#7028);
#5981=PLANE('',#7031);
#5982=PLANE('',#7032);
#5983=PLANE('',#7033);
#5984=PLANE('',#7035);
#5985=PLANE('',#7036);
#5986=PLANE('',#7037);
#5987=PLANE('',#7038);
#5988=PLANE('',#7040);
#5989=PLANE('',#7041);
#5990=PLANE('',#7042);
#5991=PLANE('',#7043);
#5992=PLANE('',#7044);
#5993=PLANE('',#7045);
#5994=PLANE('',#7046);
#5995=PLANE('',#7047);
#5996=PLANE('',#7049);
#5997=PLANE('',#7054);
#5998=PLANE('',#7062);
#5999=PLANE('',#7063);
#6000=PLANE('',#7064);
#6001=PLANE('',#7065);
#6002=PLANE('',#7066);
#6003=PLANE('',#7067);
#6004=PLANE('',#7069);
#6005=PLANE('',#7071);
#6006=PLANE('',#7072);
#6007=PLANE('',#7073);
#6008=PLANE('',#7074);
#6009=PLANE('',#7075);
#6010=PLANE('',#7076);
#6011=PLANE('',#7077);
#6012=PLANE('',#7078);
#6013=PLANE('',#7079);
#6014=PLANE('',#7080);
#6015=PLANE('',#7081);
#6016=PLANE('',#7082);
#6017=PLANE('',#7083);
#6018=PLANE('',#7084);
#6019=PLANE('',#7086);
#6020=PLANE('',#7087);
#6021=PLANE('',#7088);
#6022=PLANE('',#7089);
#6023=PLANE('',#7091);
#6024=PLANE('',#7092);
#6025=PLANE('',#7093);
#6026=PLANE('',#7094);
#6027=PLANE('',#7095);
#6028=PLANE('',#7096);
#6029=PLANE('',#7097);
#6030=PLANE('',#7098);
#6031=PLANE('',#7099);
#6032=PLANE('',#7100);
#6033=PLANE('',#7101);
#6034=PLANE('',#7102);
#6035=PLANE('',#7103);
#6036=PLANE('',#7104);
#6037=ADVANCED_FACE('NONE',(#5473,#5474),#5832,.T.);
#6038=ADVANCED_FACE('NONE',(#5475,#5476),#5833,.F.);
#6039=ADVANCED_FACE('NONE',(#5477),#5834,.F.);
#6040=ADVANCED_FACE('NONE',(#5478),#242,.F.);
#6041=ADVANCED_FACE('NONE',(#5479),#243,.F.);
#6042=ADVANCED_FACE('NONE',(#5480),#244,.F.);
#6043=ADVANCED_FACE('NONE',(#5481),#245,.F.);
#6044=ADVANCED_FACE('NONE',(#5482),#5835,.F.);
#6045=ADVANCED_FACE('NONE',(#5483),#5836,.F.);
#6046=ADVANCED_FACE('NONE',(#5484),#5837,.T.);
#6047=ADVANCED_FACE('NONE',(#5485),#5838,.T.);
#6048=ADVANCED_FACE('NONE',(#5486),#5839,.T.);
#6049=ADVANCED_FACE('NONE',(#5487),#246,.T.);
#6050=ADVANCED_FACE('NONE',(#5488),#247,.T.);
#6051=ADVANCED_FACE('NONE',(#5489),#248,.T.);
#6052=ADVANCED_FACE('NONE',(#5490),#249,.T.);
#6053=ADVANCED_FACE('NONE',(#5491),#5840,.F.);
#6054=ADVANCED_FACE('NONE',(#5492),#5841,.F.);
#6055=ADVANCED_FACE('NONE',(#5493),#5842,.F.);
#6056=ADVANCED_FACE('NONE',(#5494),#5843,.F.);
#6057=ADVANCED_FACE('NONE',(#5495),#5844,.F.);
#6058=ADVANCED_FACE('NONE',(#5496),#5845,.F.);
#6059=ADVANCED_FACE('NONE',(#5497),#5846,.F.);
#6060=ADVANCED_FACE('NONE',(#5498),#5847,.T.);
#6061=ADVANCED_FACE('NONE',(#5499),#5848,.F.);
#6062=ADVANCED_FACE('NONE',(#5500),#5849,.F.);
#6063=ADVANCED_FACE('NONE',(#5501),#5850,.F.);
#6064=ADVANCED_FACE('NONE',(#5502),#5851,.F.);
#6065=ADVANCED_FACE('NONE',(#5503),#5852,.F.);
#6066=ADVANCED_FACE('NONE',(#5504),#5853,.F.);
#6067=ADVANCED_FACE('NONE',(#5505),#5854,.F.);
#6068=ADVANCED_FACE('NONE',(#5506),#5855,.F.);
#6069=ADVANCED_FACE('NONE',(#5507),#5856,.F.);
#6070=ADVANCED_FACE('NONE',(#5508),#5857,.F.);
#6071=ADVANCED_FACE('NONE',(#5509),#5858,.F.);
#6072=ADVANCED_FACE('NONE',(#5510),#5859,.F.);
#6073=ADVANCED_FACE('NONE',(#5511),#5860,.F.);
#6074=ADVANCED_FACE('NONE',(#5512),#5861,.T.);
#6075=ADVANCED_FACE('NONE',(#5513,#5514),#5862,.T.);
#6076=ADVANCED_FACE('NONE',(#5515,#5516),#5863,.F.);
#6077=ADVANCED_FACE('NONE',(#5517),#250,.F.);
#6078=ADVANCED_FACE('NONE',(#5518),#5864,.F.);
#6079=ADVANCED_FACE('NONE',(#5519),#251,.F.);
#6080=ADVANCED_FACE('NONE',(#5520),#252,.F.);
#6081=ADVANCED_FACE('NONE',(#5521),#5865,.F.);
#6082=ADVANCED_FACE('NONE',(#5522),#253,.F.);
#6083=ADVANCED_FACE('NONE',(#5523),#254,.F.);
#6084=ADVANCED_FACE('NONE',(#5524),#255,.F.);
#6085=ADVANCED_FACE('NONE',(#5525),#256,.F.);
#6086=ADVANCED_FACE('NONE',(#5526),#5866,.F.);
#6087=ADVANCED_FACE('NONE',(#5527),#5867,.F.);
#6088=ADVANCED_FACE('NONE',(#5528),#5868,.F.);
#6089=ADVANCED_FACE('NONE',(#5529),#5869,.F.);
#6090=ADVANCED_FACE('NONE',(#5530),#257,.F.);
#6091=ADVANCED_FACE('NONE',(#5531),#258,.T.);
#6092=ADVANCED_FACE('NONE',(#5532),#259,.T.);
#6093=ADVANCED_FACE('NONE',(#5533),#260,.T.);
#6094=ADVANCED_FACE('NONE',(#5534),#261,.T.);
#6095=ADVANCED_FACE('NONE',(#5535),#262,.T.);
#6096=ADVANCED_FACE('NONE',(#5536),#263,.T.);
#6097=ADVANCED_FACE('NONE',(#5537),#5870,.T.);
#6098=ADVANCED_FACE('NONE',(#5538),#5871,.T.);
#6099=ADVANCED_FACE('NONE',(#5539),#5872,.F.);
#6100=ADVANCED_FACE('NONE',(#5540),#5873,.F.);
#6101=ADVANCED_FACE('NONE',(#5541),#5874,.F.);
#6102=ADVANCED_FACE('NONE',(#5542),#5875,.F.);
#6103=ADVANCED_FACE('NONE',(#5543),#5876,.F.);
#6104=ADVANCED_FACE('NONE',(#5544),#5877,.F.);
#6105=ADVANCED_FACE('NONE',(#5545),#5878,.F.);
#6106=ADVANCED_FACE('NONE',(#5546),#5879,.F.);
#6107=ADVANCED_FACE('NONE',(#5547),#5880,.F.);
#6108=ADVANCED_FACE('NONE',(#5548),#5881,.F.);
#6109=ADVANCED_FACE('NONE',(#5549),#5882,.F.);
#6110=ADVANCED_FACE('NONE',(#5550),#5883,.F.);
#6111=ADVANCED_FACE('NONE',(#5551),#5884,.F.);
#6112=ADVANCED_FACE('NONE',(#5552),#5885,.T.);
#6113=ADVANCED_FACE('NONE',(#5553),#5886,.F.);
#6114=ADVANCED_FACE('NONE',(#5554),#5887,.F.);
#6115=ADVANCED_FACE('NONE',(#5555),#5888,.F.);
#6116=ADVANCED_FACE('NONE',(#5556),#5889,.F.);
#6117=ADVANCED_FACE('NONE',(#5557),#5890,.F.);
#6118=ADVANCED_FACE('NONE',(#5558),#5891,.F.);
#6119=ADVANCED_FACE('NONE',(#5559),#5892,.F.);
#6120=ADVANCED_FACE('NONE',(#5560),#5893,.F.);
#6121=ADVANCED_FACE('NONE',(#5561),#5894,.F.);
#6122=ADVANCED_FACE('NONE',(#5562),#5895,.F.);
#6123=ADVANCED_FACE('NONE',(#5563),#5896,.F.);
#6124=ADVANCED_FACE('NONE',(#5564),#5897,.F.);
#6125=ADVANCED_FACE('NONE',(#5565),#5898,.F.);
#6126=ADVANCED_FACE('NONE',(#5566),#5899,.T.);
#6127=ADVANCED_FACE('NONE',(#5567),#5900,.F.);
#6128=ADVANCED_FACE('NONE',(#5568),#5901,.F.);
#6129=ADVANCED_FACE('NONE',(#5569),#5902,.F.);
#6130=ADVANCED_FACE('NONE',(#5570),#5903,.F.);
#6131=ADVANCED_FACE('NONE',(#5571),#5904,.F.);
#6132=ADVANCED_FACE('NONE',(#5572),#5905,.F.);
#6133=ADVANCED_FACE('NONE',(#5573),#5906,.F.);
#6134=ADVANCED_FACE('NONE',(#5574),#5907,.F.);
#6135=ADVANCED_FACE('NONE',(#5575),#5908,.F.);
#6136=ADVANCED_FACE('NONE',(#5576),#264,.F.);
#6137=ADVANCED_FACE('NONE',(#5577),#265,.F.);
#6138=ADVANCED_FACE('NONE',(#5578),#5909,.F.);
#6139=ADVANCED_FACE('NONE',(#5579),#266,.F.);
#6140=ADVANCED_FACE('NONE',(#5580),#267,.F.);
#6141=ADVANCED_FACE('NONE',(#5581),#5910,.F.);
#6142=ADVANCED_FACE('NONE',(#5582),#5911,.T.);
#6143=ADVANCED_FACE('NONE',(#5583),#5912,.F.);
#6144=ADVANCED_FACE('NONE',(#5584),#98,.T.);
#6145=ADVANCED_FACE('NONE',(#5585),#15,.T.);
#6146=ADVANCED_FACE('NONE',(#5586),#99,.T.);
#6147=ADVANCED_FACE('NONE',(#5587),#16,.T.);
#6148=ADVANCED_FACE('NONE',(#5588),#17,.F.);
#6149=ADVANCED_FACE('NONE',(#5589),#18,.F.);
#6150=ADVANCED_FACE('NONE',(#5590),#100,.T.);
#6151=ADVANCED_FACE('NONE',(#5591),#19,.T.);
#6152=ADVANCED_FACE('NONE',(#5592),#20,.F.);
#6153=ADVANCED_FACE('NONE',(#5593),#101,.T.);
#6154=ADVANCED_FACE('NONE',(#5594),#21,.T.);
#6155=ADVANCED_FACE('NONE',(#5595),#22,.F.);
#6156=ADVANCED_FACE('NONE',(#5596),#5913,.T.);
#6157=ADVANCED_FACE('NONE',(#5597,#5598,#5599,#5600,#5601,#5602),#5914,
 .T.);
#6158=ADVANCED_FACE('NONE',(#5603),#5915,.T.);
#6159=ADVANCED_FACE('NONE',(#5604,#5605),#5916,.T.);
#6160=ADVANCED_FACE('NONE',(#5606,#5607),#5917,.T.);
#6161=ADVANCED_FACE('NONE',(#5608),#5918,.T.);
#6162=ADVANCED_FACE('NONE',(#5609),#5919,.T.);
#6163=ADVANCED_FACE('NONE',(#5610),#5920,.T.);
#6164=ADVANCED_FACE('NONE',(#5611),#102,.T.);
#6165=ADVANCED_FACE('NONE',(#5612,#5613),#5921,.F.);
#6166=ADVANCED_FACE('NONE',(#5614),#5922,.T.);
#6167=ADVANCED_FACE('NONE',(#5615),#103,.T.);
#6168=ADVANCED_FACE('NONE',(#5616),#5923,.F.);
#6169=ADVANCED_FACE('NONE',(#5617),#5924,.F.);
#6170=ADVANCED_FACE('NONE',(#5618,#5619),#5925,.F.);
#6171=ADVANCED_FACE('NONE',(#5620),#5926,.F.);
#6172=ADVANCED_FACE('NONE',(#5621),#5927,.F.);
#6173=ADVANCED_FACE('NONE',(#5622,#5623,#5624),#5928,.F.);
#6174=ADVANCED_FACE('NONE',(#5625),#5929,.T.);
#6175=ADVANCED_FACE('NONE',(#5626),#5930,.F.);
#6176=ADVANCED_FACE('NONE',(#5627),#5931,.F.);
#6177=ADVANCED_FACE('NONE',(#5628),#5932,.F.);
#6178=ADVANCED_FACE('NONE',(#5629),#5933,.F.);
#6179=ADVANCED_FACE('NONE',(#5630),#5934,.F.);
#6180=ADVANCED_FACE('NONE',(#5631),#5935,.F.);
#6181=ADVANCED_FACE('NONE',(#5632),#5936,.F.);
#6182=ADVANCED_FACE('NONE',(#5633),#5937,.F.);
#6183=ADVANCED_FACE('NONE',(#5634),#5938,.F.);
#6184=ADVANCED_FACE('NONE',(#5635,#5636),#5939,.F.);
#6185=ADVANCED_FACE('NONE',(#5637,#5638),#5940,.T.);
#6186=ADVANCED_FACE('NONE',(#5639),#5941,.F.);
#6187=ADVANCED_FACE('NONE',(#5640),#5942,.F.);
#6188=ADVANCED_FACE('NONE',(#5641,#5642),#5943,.F.);
#6189=ADVANCED_FACE('NONE',(#5643),#23,.F.);
#6190=ADVANCED_FACE('NONE',(#5644),#24,.T.);
#6191=ADVANCED_FACE('NONE',(#5645),#5944,.T.);
#6192=ADVANCED_FACE('NONE',(#5646),#104,.T.);
#6193=ADVANCED_FACE('NONE',(#5647),#5945,.T.);
#6194=ADVANCED_FACE('NONE',(#5648),#5946,.F.);
#6195=ADVANCED_FACE('NONE',(#5649),#5947,.T.);
#6196=ADVANCED_FACE('NONE',(#5650),#5948,.F.);
#6197=ADVANCED_FACE('NONE',(#5651),#5949,.F.);
#6198=ADVANCED_FACE('NONE',(#5652),#5950,.T.);
#6199=ADVANCED_FACE('NONE',(#5653),#5951,.T.);
#6200=ADVANCED_FACE('NONE',(#5654),#5952,.T.);
#6201=ADVANCED_FACE('NONE',(#5655),#5953,.F.);
#6202=ADVANCED_FACE('NONE',(#5656),#5954,.T.);
#6203=ADVANCED_FACE('NONE',(#5657),#5955,.T.);
#6204=ADVANCED_FACE('NONE',(#5658),#5956,.F.);
#6205=ADVANCED_FACE('NONE',(#5659),#5957,.F.);
#6206=ADVANCED_FACE('NONE',(#5660),#5958,.T.);
#6207=ADVANCED_FACE('NONE',(#5661),#5959,.T.);
#6208=ADVANCED_FACE('NONE',(#5662),#5960,.F.);
#6209=ADVANCED_FACE('NONE',(#5663),#25,.F.);
#6210=ADVANCED_FACE('NONE',(#5664,#5665),#5961,.T.);
#6211=ADVANCED_FACE('NONE',(#5666),#26,.T.);
#6212=ADVANCED_FACE('NONE',(#5667),#5962,.T.);
#6213=ADVANCED_FACE('NONE',(#5668),#105,.T.);
#6214=ADVANCED_FACE('NONE',(#5669),#5963,.T.);
#6215=ADVANCED_FACE('NONE',(#5670),#5964,.F.);
#6216=ADVANCED_FACE('NONE',(#5671),#5965,.F.);
#6217=ADVANCED_FACE('NONE',(#5672),#5966,.F.);
#6218=ADVANCED_FACE('NONE',(#5673),#5967,.F.);
#6219=ADVANCED_FACE('NONE',(#5674),#5968,.F.);
#6220=ADVANCED_FACE('NONE',(#5675),#5969,.F.);
#6221=ADVANCED_FACE('NONE',(#5676),#5970,.F.);
#6222=ADVANCED_FACE('NONE',(#5677),#5971,.F.);
#6223=ADVANCED_FACE('NONE',(#5678),#5972,.F.);
#6224=ADVANCED_FACE('NONE',(#5679),#27,.F.);
#6225=ADVANCED_FACE('NONE',(#5680,#5681),#5973,.T.);
#6226=ADVANCED_FACE('NONE',(#5682,#5683),#5974,.F.);
#6227=ADVANCED_FACE('NONE',(#5684,#5685),#5975,.T.);
#6228=ADVANCED_FACE('NONE',(#5686),#5976,.F.);
#6229=ADVANCED_FACE('NONE',(#5687),#5977,.F.);
#6230=ADVANCED_FACE('NONE',(#5688,#5689),#5978,.F.);
#6231=ADVANCED_FACE('NONE',(#5690),#28,.F.);
#6232=ADVANCED_FACE('NONE',(#5691),#29,.T.);
#6233=ADVANCED_FACE('NONE',(#5692),#5979,.T.);
#6234=ADVANCED_FACE('NONE',(#5693),#106,.T.);
#6235=ADVANCED_FACE('NONE',(#5694),#30,.T.);
#6236=ADVANCED_FACE('NONE',(#5695),#5980,.T.);
#6237=ADVANCED_FACE('NONE',(#5696),#107,.T.);
#6238=ADVANCED_FACE('NONE',(#5697),#5981,.T.);
#6239=ADVANCED_FACE('NONE',(#5698),#5982,.F.);
#6240=ADVANCED_FACE('NONE',(#5699),#5983,.F.);
#6241=ADVANCED_FACE('NONE',(#5700),#268,.F.);
#6242=ADVANCED_FACE('NONE',(#5701),#5984,.F.);
#6243=ADVANCED_FACE('NONE',(#5702),#269,.F.);
#6244=ADVANCED_FACE('NONE',(#5703),#270,.F.);
#6245=ADVANCED_FACE('NONE',(#5704),#271,.F.);
#6246=ADVANCED_FACE('NONE',(#5705),#272,.F.);
#6247=ADVANCED_FACE('NONE',(#5706),#273,.F.);
#6248=ADVANCED_FACE('NONE',(#5707),#274,.F.);
#6249=ADVANCED_FACE('NONE',(#5708),#275,.F.);
#6250=ADVANCED_FACE('NONE',(#5709),#276,.F.);
#6251=ADVANCED_FACE('NONE',(#5710),#277,.F.);
#6252=ADVANCED_FACE('NONE',(#5711),#278,.F.);
#6253=ADVANCED_FACE('NONE',(#5712),#5985,.F.);
#6254=ADVANCED_FACE('NONE',(#5713),#279,.F.);
#6255=ADVANCED_FACE('NONE',(#5714),#280,.F.);
#6256=ADVANCED_FACE('NONE',(#5715),#281,.F.);
#6257=ADVANCED_FACE('NONE',(#5716),#282,.F.);
#6258=ADVANCED_FACE('NONE',(#5717),#283,.F.);
#6259=ADVANCED_FACE('NONE',(#5718),#284,.F.);
#6260=ADVANCED_FACE('NONE',(#5719),#285,.F.);
#6261=ADVANCED_FACE('NONE',(#5720),#286,.F.);
#6262=ADVANCED_FACE('NONE',(#5721),#5986,.F.);
#6263=ADVANCED_FACE('NONE',(#5722),#5987,.T.);
#6264=ADVANCED_FACE('NONE',(#5723,#5724),#5988,.T.);
#6265=ADVANCED_FACE('NONE',(#5725,#5726),#5989,.F.);
#6266=ADVANCED_FACE('NONE',(#5727),#5990,.F.);
#6267=ADVANCED_FACE('NONE',(#5728),#287,.F.);
#6268=ADVANCED_FACE('NONE',(#5729),#288,.F.);
#6269=ADVANCED_FACE('NONE',(#5730),#289,.F.);
#6270=ADVANCED_FACE('NONE',(#5731),#290,.F.);
#6271=ADVANCED_FACE('NONE',(#5732),#5991,.F.);
#6272=ADVANCED_FACE('NONE',(#5733),#5992,.F.);
#6273=ADVANCED_FACE('NONE',(#5734),#5993,.T.);
#6274=ADVANCED_FACE('NONE',(#5735),#5994,.T.);
#6275=ADVANCED_FACE('NONE',(#5736),#5995,.T.);
#6276=ADVANCED_FACE('NONE',(#5737),#291,.T.);
#6277=ADVANCED_FACE('NONE',(#5738),#292,.T.);
#6278=ADVANCED_FACE('NONE',(#5739),#293,.T.);
#6279=ADVANCED_FACE('NONE',(#5740),#294,.T.);
#6280=ADVANCED_FACE('NONE',(#5741,#5742),#5996,.F.);
#6281=ADVANCED_FACE('NONE',(#5743,#5744),#5997,.T.);
#6282=ADVANCED_FACE('NONE',(#5745),#31,.T.);
#6283=ADVANCED_FACE('NONE',(#5746),#32,.T.);
#6284=ADVANCED_FACE('NONE',(#5747),#295,.F.);
#6285=ADVANCED_FACE('NONE',(#5748),#296,.F.);
#6286=ADVANCED_FACE('NONE',(#5749),#297,.F.);
#6287=ADVANCED_FACE('NONE',(#5750),#298,.F.);
#6288=ADVANCED_FACE('NONE',(#5751),#299,.F.);
#6289=ADVANCED_FACE('NONE',(#5752),#300,.F.);
#6290=ADVANCED_FACE('NONE',(#5753),#301,.F.);
#6291=ADVANCED_FACE('NONE',(#5754),#302,.F.);
#6292=ADVANCED_FACE('NONE',(#5755),#33,.T.);
#6293=ADVANCED_FACE('NONE',(#5756),#303,.F.);
#6294=ADVANCED_FACE('NONE',(#5757),#5998,.F.);
#6295=ADVANCED_FACE('NONE',(#5758),#5999,.F.);
#6296=ADVANCED_FACE('NONE',(#5759),#6000,.F.);
#6297=ADVANCED_FACE('NONE',(#5760),#6001,.F.);
#6298=ADVANCED_FACE('NONE',(#5761),#304,.F.);
#6299=ADVANCED_FACE('NONE',(#5762),#305,.F.);
#6300=ADVANCED_FACE('NONE',(#5763),#306,.F.);
#6301=ADVANCED_FACE('NONE',(#5764),#307,.F.);
#6302=ADVANCED_FACE('NONE',(#5765),#308,.F.);
#6303=ADVANCED_FACE('NONE',(#5766),#309,.F.);
#6304=ADVANCED_FACE('NONE',(#5767),#310,.F.);
#6305=ADVANCED_FACE('NONE',(#5768),#6002,.F.);
#6306=ADVANCED_FACE('NONE',(#5769),#311,.F.);
#6307=ADVANCED_FACE('NONE',(#5770),#312,.F.);
#6308=ADVANCED_FACE('NONE',(#5771),#6003,.F.);
#6309=ADVANCED_FACE('NONE',(#5772),#10,.T.);
#6310=ADVANCED_FACE('NONE',(#5773),#313,.F.);
#6311=ADVANCED_FACE('NONE',(#5774),#314,.F.);
#6312=ADVANCED_FACE('NONE',(#5775),#6004,.F.);
#6313=ADVANCED_FACE('NONE',(#5776),#315,.F.);
#6314=ADVANCED_FACE('NONE',(#5777),#316,.F.);
#6315=ADVANCED_FACE('NONE',(#5778),#317,.T.);
#6316=ADVANCED_FACE('NONE',(#5779),#318,.T.);
#6317=ADVANCED_FACE('NONE',(#5780,#5781),#6005,.F.);
#6318=ADVANCED_FACE('NONE',(#5782,#5783),#6006,.T.);
#6319=ADVANCED_FACE('NONE',(#5784),#6007,.F.);
#6320=ADVANCED_FACE('NONE',(#5785),#6008,.F.);
#6321=ADVANCED_FACE('NONE',(#5786),#6009,.F.);
#6322=ADVANCED_FACE('NONE',(#5787),#6010,.F.);
#6323=ADVANCED_FACE('NONE',(#5788),#6011,.F.);
#6324=ADVANCED_FACE('NONE',(#5789),#6012,.F.);
#6325=ADVANCED_FACE('NONE',(#5790),#6013,.F.);
#6326=ADVANCED_FACE('NONE',(#5791),#6014,.F.);
#6327=ADVANCED_FACE('NONE',(#5792),#6015,.T.);
#6328=ADVANCED_FACE('NONE',(#5793),#6016,.T.);
#6329=ADVANCED_FACE('NONE',(#5794),#319,.T.);
#6330=ADVANCED_FACE('NONE',(#5795),#6017,.T.);
#6331=ADVANCED_FACE('NONE',(#5796),#320,.T.);
#6332=ADVANCED_FACE('NONE',(#5797),#6018,.T.);
#6333=ADVANCED_FACE('NONE',(#5798),#321,.F.);
#6334=ADVANCED_FACE('NONE',(#5799),#6019,.F.);
#6335=ADVANCED_FACE('NONE',(#5800),#322,.F.);
#6336=ADVANCED_FACE('NONE',(#5801),#323,.F.);
#6337=ADVANCED_FACE('NONE',(#5802),#324,.F.);
#6338=ADVANCED_FACE('NONE',(#5803),#325,.F.);
#6339=ADVANCED_FACE('NONE',(#5804),#326,.F.);
#6340=ADVANCED_FACE('NONE',(#5805),#327,.F.);
#6341=ADVANCED_FACE('NONE',(#5806),#6020,.F.);
#6342=ADVANCED_FACE('NONE',(#5807),#328,.F.);
#6343=ADVANCED_FACE('NONE',(#5808),#329,.F.);
#6344=ADVANCED_FACE('NONE',(#5809),#330,.F.);
#6345=ADVANCED_FACE('NONE',(#5810),#331,.F.);
#6346=ADVANCED_FACE('NONE',(#5811),#332,.F.);
#6347=ADVANCED_FACE('NONE',(#5812),#6021,.T.);
#6348=ADVANCED_FACE('NONE',(#5813),#6022,.F.);
#6349=ADVANCED_FACE('NONE',(#5814,#5815),#6023,.F.);
#6350=ADVANCED_FACE('NONE',(#5816,#5817),#6024,.T.);
#6351=ADVANCED_FACE('NONE',(#5818),#6025,.F.);
#6352=ADVANCED_FACE('NONE',(#5819),#6026,.F.);
#6353=ADVANCED_FACE('NONE',(#5820),#6027,.F.);
#6354=ADVANCED_FACE('NONE',(#5821),#6028,.F.);
#6355=ADVANCED_FACE('NONE',(#5822),#6029,.F.);
#6356=ADVANCED_FACE('NONE',(#5823),#6030,.F.);
#6357=ADVANCED_FACE('NONE',(#5824),#6031,.F.);
#6358=ADVANCED_FACE('NONE',(#5825),#6032,.F.);
#6359=ADVANCED_FACE('NONE',(#5826),#6033,.T.);
#6360=ADVANCED_FACE('NONE',(#5827),#6034,.T.);
#6361=ADVANCED_FACE('NONE',(#5828),#333,.T.);
#6362=ADVANCED_FACE('NONE',(#5829),#6035,.T.);
#6363=ADVANCED_FACE('NONE',(#5830),#334,.T.);
#6364=ADVANCED_FACE('NONE',(#5831),#6036,.T.);
#6365=CLOSED_SHELL('',(#6037,#6038,#6039,#6040,#6041,#6042,#6043,#6044,
#6045,#6046,#6047,#6048,#6049,#6050,#6051,#6052));
#6366=CLOSED_SHELL('',(#6053,#6054,#6055,#6056,#6057,#6058,#6059,#6060));
#6367=CLOSED_SHELL('',(#6061,#6062,#6063,#6064,#6065,#6066,#6067,#6068,
#6069,#6070,#6071,#6072,#6073,#6074));
#6368=CLOSED_SHELL('',(#6075,#6076,#6077,#6078,#6079,#6080,#6081,#6082,
#6083,#6084,#6085,#6086,#6087,#6088,#6089,#6090,#6091,#6092,#6093,#6094,
#6095,#6096,#6097,#6098));
#6369=CLOSED_SHELL('',(#6099,#6100,#6101,#6102,#6103,#6104,#6105,#6106,
#6107,#6108,#6109,#6110,#6111,#6112));
#6370=CLOSED_SHELL('',(#6113,#6114,#6115,#6116,#6117,#6118,#6119,#6120,
#6121,#6122,#6123,#6124,#6125,#6126));
#6371=CLOSED_SHELL('',(#6127,#6128,#6129,#6130,#6131,#6132,#6133,#6134,
#6135,#6136,#6137,#6138,#6139,#6140,#6141,#6142,#6143));
#6372=CLOSED_SHELL('',(#6144,#6145,#6146,#6147,#6148,#6149,#6150,#6151,
#6152,#6153,#6154,#6155,#6156,#6157,#6158,#6159,#6160,#6161,#6162,#6163,
#6164,#6165,#6166,#6167,#6168,#6169,#6170,#6171,#6172,#6173,#6174,#6175,
#6176,#6177,#6178,#6179,#6180,#6181,#6182,#6183,#6184,#6185,#6186,#6187,
#6188,#6189,#6190,#6191,#6192,#6193,#6194,#6195,#6196,#6197,#6198,#6199,
#6200,#6201,#6202,#6203,#6204,#6205,#6206,#6207,#6208,#6209,#6210,#6211,
#6212,#6213,#6214,#6215,#6216,#6217,#6218,#6219,#6220,#6221,#6222,#6223,
#6224,#6225,#6226,#6227,#6228,#6229,#6230,#6231,#6232,#6233,#6234,#6235,
#6236,#6237,#6238,#6239,#6240));
#6373=CLOSED_SHELL('',(#6241,#6242,#6243,#6244,#6245,#6246,#6247,#6248,
#6249,#6250,#6251,#6252,#6253,#6254,#6255,#6256,#6257,#6258,#6259,#6260,
#6261,#6262,#6263));
#6374=CLOSED_SHELL('',(#6264,#6265,#6266,#6267,#6268,#6269,#6270,#6271,
#6272,#6273,#6274,#6275,#6276,#6277,#6278,#6279));
#6375=CLOSED_SHELL('',(#6280,#6281,#6282,#6283,#6284,#6285,#6286,#6287,
#6288,#6289,#6290,#6291,#6292,#6293,#6294,#6295,#6296,#6297,#6298,#6299,
#6300,#6301,#6302,#6303,#6304,#6305,#6306,#6307,#6308,#6309,#6310,#6311,
#6312,#6313,#6314,#6315,#6316));
#6376=CLOSED_SHELL('',(#6317,#6318,#6319,#6320,#6321,#6322,#6323,#6324,
#6325,#6326,#6327,#6328,#6329,#6330,#6331,#6332));
#6377=CLOSED_SHELL('',(#6333,#6334,#6335,#6336,#6337,#6338,#6339,#6340,
#6341,#6342,#6343,#6344,#6345,#6346,#6347,#6348));
#6378=CLOSED_SHELL('',(#6349,#6350,#6351,#6352,#6353,#6354,#6355,#6356,
#6357,#6358,#6359,#6360,#6361,#6362,#6363,#6364));
#6379=STYLED_ITEM('',(#6393),#6742);
#6380=STYLED_ITEM('',(#6394),#6743);
#6381=STYLED_ITEM('',(#6395),#6744);
#6382=STYLED_ITEM('',(#6396),#6745);
#6383=STYLED_ITEM('',(#6397),#6746);
#6384=STYLED_ITEM('',(#6398),#6747);
#6385=STYLED_ITEM('',(#6399),#6748);
#6386=STYLED_ITEM('',(#6400),#6749);
#6387=STYLED_ITEM('',(#6445),#6750);
#6388=STYLED_ITEM('',(#6446),#6751);
#6389=STYLED_ITEM('',(#6447),#6752);
#6390=STYLED_ITEM('',(#6448),#6753);
#6391=STYLED_ITEM('',(#6449),#6754);
#6392=STYLED_ITEM('',(#6450),#6755);
#6393=PRESENTATION_STYLE_ASSIGNMENT((#6451));
#6394=PRESENTATION_STYLE_ASSIGNMENT((#6452));
#6395=PRESENTATION_STYLE_ASSIGNMENT((#6453));
#6396=PRESENTATION_STYLE_ASSIGNMENT((#6454));
#6397=PRESENTATION_STYLE_ASSIGNMENT((#6455));
#6398=PRESENTATION_STYLE_ASSIGNMENT((#6456));
#6399=PRESENTATION_STYLE_ASSIGNMENT((#6457));
#6400=PRESENTATION_STYLE_ASSIGNMENT((#6458));
#6401=PRESENTATION_STYLE_ASSIGNMENT((#6459));
#6402=PRESENTATION_STYLE_ASSIGNMENT((#6460));
#6403=PRESENTATION_STYLE_ASSIGNMENT((#6461));
#6404=PRESENTATION_STYLE_ASSIGNMENT((#6462));
#6405=PRESENTATION_STYLE_ASSIGNMENT((#6463));
#6406=PRESENTATION_STYLE_ASSIGNMENT((#6464));
#6407=PRESENTATION_STYLE_ASSIGNMENT((#6465));
#6408=PRESENTATION_STYLE_ASSIGNMENT((#6466));
#6409=PRESENTATION_STYLE_ASSIGNMENT((#6467));
#6410=PRESENTATION_STYLE_ASSIGNMENT((#6468));
#6411=PRESENTATION_STYLE_ASSIGNMENT((#6469));
#6412=PRESENTATION_STYLE_ASSIGNMENT((#6470));
#6413=PRESENTATION_STYLE_ASSIGNMENT((#6471));
#6414=PRESENTATION_STYLE_ASSIGNMENT((#6472));
#6415=PRESENTATION_STYLE_ASSIGNMENT((#6473));
#6416=PRESENTATION_STYLE_ASSIGNMENT((#6474));
#6417=PRESENTATION_STYLE_ASSIGNMENT((#6475));
#6418=PRESENTATION_STYLE_ASSIGNMENT((#6476));
#6419=PRESENTATION_STYLE_ASSIGNMENT((#6477));
#6420=PRESENTATION_STYLE_ASSIGNMENT((#6478));
#6421=PRESENTATION_STYLE_ASSIGNMENT((#6479));
#6422=PRESENTATION_STYLE_ASSIGNMENT((#6480));
#6423=PRESENTATION_STYLE_ASSIGNMENT((#6481));
#6424=PRESENTATION_STYLE_ASSIGNMENT((#6482));
#6425=PRESENTATION_STYLE_ASSIGNMENT((#6483));
#6426=PRESENTATION_STYLE_ASSIGNMENT((#6484));
#6427=PRESENTATION_STYLE_ASSIGNMENT((#6485));
#6428=PRESENTATION_STYLE_ASSIGNMENT((#6486));
#6429=PRESENTATION_STYLE_ASSIGNMENT((#6487));
#6430=PRESENTATION_STYLE_ASSIGNMENT((#6488));
#6431=PRESENTATION_STYLE_ASSIGNMENT((#6489));
#6432=PRESENTATION_STYLE_ASSIGNMENT((#6490));
#6433=PRESENTATION_STYLE_ASSIGNMENT((#6491));
#6434=PRESENTATION_STYLE_ASSIGNMENT((#6492));
#6435=PRESENTATION_STYLE_ASSIGNMENT((#6493));
#6436=PRESENTATION_STYLE_ASSIGNMENT((#6494));
#6437=PRESENTATION_STYLE_ASSIGNMENT((#6495));
#6438=PRESENTATION_STYLE_ASSIGNMENT((#6496));
#6439=PRESENTATION_STYLE_ASSIGNMENT((#6497));
#6440=PRESENTATION_STYLE_ASSIGNMENT((#6498));
#6441=PRESENTATION_STYLE_ASSIGNMENT((#6499));
#6442=PRESENTATION_STYLE_ASSIGNMENT((#6500));
#6443=PRESENTATION_STYLE_ASSIGNMENT((#6501));
#6444=PRESENTATION_STYLE_ASSIGNMENT((#6502));
#6445=PRESENTATION_STYLE_ASSIGNMENT((#6503));
#6446=PRESENTATION_STYLE_ASSIGNMENT((#6504));
#6447=PRESENTATION_STYLE_ASSIGNMENT((#6505));
#6448=PRESENTATION_STYLE_ASSIGNMENT((#6506));
#6449=PRESENTATION_STYLE_ASSIGNMENT((#6507));
#6450=PRESENTATION_STYLE_ASSIGNMENT((#6508));
#6451=SURFACE_STYLE_USAGE(.BOTH.,#6509);
#6452=SURFACE_STYLE_USAGE(.BOTH.,#6510);
#6453=SURFACE_STYLE_USAGE(.BOTH.,#6511);
#6454=SURFACE_STYLE_USAGE(.BOTH.,#6512);
#6455=SURFACE_STYLE_USAGE(.BOTH.,#6513);
#6456=SURFACE_STYLE_USAGE(.BOTH.,#6514);
#6457=SURFACE_STYLE_USAGE(.BOTH.,#6515);
#6458=SURFACE_STYLE_USAGE(.BOTH.,#6516);
#6459=SURFACE_STYLE_USAGE(.BOTH.,#6517);
#6460=SURFACE_STYLE_USAGE(.BOTH.,#6518);
#6461=SURFACE_STYLE_USAGE(.BOTH.,#6519);
#6462=SURFACE_STYLE_USAGE(.BOTH.,#6520);
#6463=SURFACE_STYLE_USAGE(.BOTH.,#6521);
#6464=SURFACE_STYLE_USAGE(.BOTH.,#6522);
#6465=SURFACE_STYLE_USAGE(.BOTH.,#6523);
#6466=SURFACE_STYLE_USAGE(.BOTH.,#6524);
#6467=SURFACE_STYLE_USAGE(.BOTH.,#6525);
#6468=SURFACE_STYLE_USAGE(.BOTH.,#6526);
#6469=SURFACE_STYLE_USAGE(.BOTH.,#6527);
#6470=SURFACE_STYLE_USAGE(.BOTH.,#6528);
#6471=SURFACE_STYLE_USAGE(.BOTH.,#6529);
#6472=SURFACE_STYLE_USAGE(.BOTH.,#6530);
#6473=SURFACE_STYLE_USAGE(.BOTH.,#6531);
#6474=SURFACE_STYLE_USAGE(.BOTH.,#6532);
#6475=SURFACE_STYLE_USAGE(.BOTH.,#6533);
#6476=SURFACE_STYLE_USAGE(.BOTH.,#6534);
#6477=SURFACE_STYLE_USAGE(.BOTH.,#6535);
#6478=SURFACE_STYLE_USAGE(.BOTH.,#6536);
#6479=SURFACE_STYLE_USAGE(.BOTH.,#6537);
#6480=SURFACE_STYLE_USAGE(.BOTH.,#6538);
#6481=SURFACE_STYLE_USAGE(.BOTH.,#6539);
#6482=SURFACE_STYLE_USAGE(.BOTH.,#6540);
#6483=SURFACE_STYLE_USAGE(.BOTH.,#6541);
#6484=SURFACE_STYLE_USAGE(.BOTH.,#6542);
#6485=SURFACE_STYLE_USAGE(.BOTH.,#6543);
#6486=SURFACE_STYLE_USAGE(.BOTH.,#6544);
#6487=SURFACE_STYLE_USAGE(.BOTH.,#6545);
#6488=SURFACE_STYLE_USAGE(.BOTH.,#6546);
#6489=SURFACE_STYLE_USAGE(.BOTH.,#6547);
#6490=SURFACE_STYLE_USAGE(.BOTH.,#6548);
#6491=SURFACE_STYLE_USAGE(.BOTH.,#6549);
#6492=SURFACE_STYLE_USAGE(.BOTH.,#6550);
#6493=SURFACE_STYLE_USAGE(.BOTH.,#6551);
#6494=SURFACE_STYLE_USAGE(.BOTH.,#6552);
#6495=SURFACE_STYLE_USAGE(.BOTH.,#6553);
#6496=SURFACE_STYLE_USAGE(.BOTH.,#6554);
#6497=SURFACE_STYLE_USAGE(.BOTH.,#6555);
#6498=SURFACE_STYLE_USAGE(.BOTH.,#6556);
#6499=SURFACE_STYLE_USAGE(.BOTH.,#6557);
#6500=SURFACE_STYLE_USAGE(.BOTH.,#6558);
#6501=SURFACE_STYLE_USAGE(.BOTH.,#6559);
#6502=SURFACE_STYLE_USAGE(.BOTH.,#6560);
#6503=SURFACE_STYLE_USAGE(.BOTH.,#6561);
#6504=SURFACE_STYLE_USAGE(.BOTH.,#6562);
#6505=SURFACE_STYLE_USAGE(.BOTH.,#6563);
#6506=SURFACE_STYLE_USAGE(.BOTH.,#6564);
#6507=SURFACE_STYLE_USAGE(.BOTH.,#6565);
#6508=SURFACE_STYLE_USAGE(.BOTH.,#6566);
#6509=SURFACE_SIDE_STYLE('',(#6567));
#6510=SURFACE_SIDE_STYLE('',(#6568));
#6511=SURFACE_SIDE_STYLE('',(#6569));
#6512=SURFACE_SIDE_STYLE('',(#6570));
#6513=SURFACE_SIDE_STYLE('',(#6571));
#6514=SURFACE_SIDE_STYLE('',(#6572));
#6515=SURFACE_SIDE_STYLE('',(#6573));
#6516=SURFACE_SIDE_STYLE('',(#6574));
#6517=SURFACE_SIDE_STYLE('',(#6575));
#6518=SURFACE_SIDE_STYLE('',(#6576));
#6519=SURFACE_SIDE_STYLE('',(#6577));
#6520=SURFACE_SIDE_STYLE('',(#6578));
#6521=SURFACE_SIDE_STYLE('',(#6579));
#6522=SURFACE_SIDE_STYLE('',(#6580));
#6523=SURFACE_SIDE_STYLE('',(#6581));
#6524=SURFACE_SIDE_STYLE('',(#6582));
#6525=SURFACE_SIDE_STYLE('',(#6583));
#6526=SURFACE_SIDE_STYLE('',(#6584));
#6527=SURFACE_SIDE_STYLE('',(#6585));
#6528=SURFACE_SIDE_STYLE('',(#6586));
#6529=SURFACE_SIDE_STYLE('',(#6587));
#6530=SURFACE_SIDE_STYLE('',(#6588));
#6531=SURFACE_SIDE_STYLE('',(#6589));
#6532=SURFACE_SIDE_STYLE('',(#6590));
#6533=SURFACE_SIDE_STYLE('',(#6591));
#6534=SURFACE_SIDE_STYLE('',(#6592));
#6535=SURFACE_SIDE_STYLE('',(#6593));
#6536=SURFACE_SIDE_STYLE('',(#6594));
#6537=SURFACE_SIDE_STYLE('',(#6595));
#6538=SURFACE_SIDE_STYLE('',(#6596));
#6539=SURFACE_SIDE_STYLE('',(#6597));
#6540=SURFACE_SIDE_STYLE('',(#6598));
#6541=SURFACE_SIDE_STYLE('',(#6599));
#6542=SURFACE_SIDE_STYLE('',(#6600));
#6543=SURFACE_SIDE_STYLE('',(#6601));
#6544=SURFACE_SIDE_STYLE('',(#6602));
#6545=SURFACE_SIDE_STYLE('',(#6603));
#6546=SURFACE_SIDE_STYLE('',(#6604));
#6547=SURFACE_SIDE_STYLE('',(#6605));
#6548=SURFACE_SIDE_STYLE('',(#6606));
#6549=SURFACE_SIDE_STYLE('',(#6607));
#6550=SURFACE_SIDE_STYLE('',(#6608));
#6551=SURFACE_SIDE_STYLE('',(#6609));
#6552=SURFACE_SIDE_STYLE('',(#6610));
#6553=SURFACE_SIDE_STYLE('',(#6611));
#6554=SURFACE_SIDE_STYLE('',(#6612));
#6555=SURFACE_SIDE_STYLE('',(#6613));
#6556=SURFACE_SIDE_STYLE('',(#6614));
#6557=SURFACE_SIDE_STYLE('',(#6615));
#6558=SURFACE_SIDE_STYLE('',(#6616));
#6559=SURFACE_SIDE_STYLE('',(#6617));
#6560=SURFACE_SIDE_STYLE('',(#6618));
#6561=SURFACE_SIDE_STYLE('',(#6619));
#6562=SURFACE_SIDE_STYLE('',(#6620));
#6563=SURFACE_SIDE_STYLE('',(#6621));
#6564=SURFACE_SIDE_STYLE('',(#6622));
#6565=SURFACE_SIDE_STYLE('',(#6623));
#6566=SURFACE_SIDE_STYLE('',(#6624));
#6567=SURFACE_STYLE_FILL_AREA(#6625);
#6568=SURFACE_STYLE_FILL_AREA(#6626);
#6569=SURFACE_STYLE_FILL_AREA(#6627);
#6570=SURFACE_STYLE_FILL_AREA(#6628);
#6571=SURFACE_STYLE_FILL_AREA(#6629);
#6572=SURFACE_STYLE_FILL_AREA(#6630);
#6573=SURFACE_STYLE_FILL_AREA(#6631);
#6574=SURFACE_STYLE_FILL_AREA(#6632);
#6575=SURFACE_STYLE_FILL_AREA(#6633);
#6576=SURFACE_STYLE_FILL_AREA(#6634);
#6577=SURFACE_STYLE_FILL_AREA(#6635);
#6578=SURFACE_STYLE_FILL_AREA(#6636);
#6579=SURFACE_STYLE_FILL_AREA(#6637);
#6580=SURFACE_STYLE_FILL_AREA(#6638);
#6581=SURFACE_STYLE_FILL_AREA(#6639);
#6582=SURFACE_STYLE_FILL_AREA(#6640);
#6583=SURFACE_STYLE_FILL_AREA(#6641);
#6584=SURFACE_STYLE_FILL_AREA(#6642);
#6585=SURFACE_STYLE_FILL_AREA(#6643);
#6586=SURFACE_STYLE_FILL_AREA(#6644);
#6587=SURFACE_STYLE_FILL_AREA(#6645);
#6588=SURFACE_STYLE_FILL_AREA(#6646);
#6589=SURFACE_STYLE_FILL_AREA(#6647);
#6590=SURFACE_STYLE_FILL_AREA(#6648);
#6591=SURFACE_STYLE_FILL_AREA(#6649);
#6592=SURFACE_STYLE_FILL_AREA(#6650);
#6593=SURFACE_STYLE_FILL_AREA(#6651);
#6594=SURFACE_STYLE_FILL_AREA(#6652);
#6595=SURFACE_STYLE_FILL_AREA(#6653);
#6596=SURFACE_STYLE_FILL_AREA(#6654);
#6597=SURFACE_STYLE_FILL_AREA(#6655);
#6598=SURFACE_STYLE_FILL_AREA(#6656);
#6599=SURFACE_STYLE_FILL_AREA(#6657);
#6600=SURFACE_STYLE_FILL_AREA(#6658);
#6601=SURFACE_STYLE_FILL_AREA(#6659);
#6602=SURFACE_STYLE_FILL_AREA(#6660);
#6603=SURFACE_STYLE_FILL_AREA(#6661);
#6604=SURFACE_STYLE_FILL_AREA(#6662);
#6605=SURFACE_STYLE_FILL_AREA(#6663);
#6606=SURFACE_STYLE_FILL_AREA(#6664);
#6607=SURFACE_STYLE_FILL_AREA(#6665);
#6608=SURFACE_STYLE_FILL_AREA(#6666);
#6609=SURFACE_STYLE_FILL_AREA(#6667);
#6610=SURFACE_STYLE_FILL_AREA(#6668);
#6611=SURFACE_STYLE_FILL_AREA(#6669);
#6612=SURFACE_STYLE_FILL_AREA(#6670);
#6613=SURFACE_STYLE_FILL_AREA(#6671);
#6614=SURFACE_STYLE_FILL_AREA(#6672);
#6615=SURFACE_STYLE_FILL_AREA(#6673);
#6616=SURFACE_STYLE_FILL_AREA(#6674);
#6617=SURFACE_STYLE_FILL_AREA(#6675);
#6618=SURFACE_STYLE_FILL_AREA(#6676);
#6619=SURFACE_STYLE_FILL_AREA(#6677);
#6620=SURFACE_STYLE_FILL_AREA(#6678);
#6621=SURFACE_STYLE_FILL_AREA(#6679);
#6622=SURFACE_STYLE_FILL_AREA(#6680);
#6623=SURFACE_STYLE_FILL_AREA(#6681);
#6624=SURFACE_STYLE_FILL_AREA(#6682);
#6625=FILL_AREA_STYLE('',(#6683));
#6626=FILL_AREA_STYLE('',(#6684));
#6627=FILL_AREA_STYLE('',(#6685));
#6628=FILL_AREA_STYLE('',(#6686));
#6629=FILL_AREA_STYLE('',(#6687));
#6630=FILL_AREA_STYLE('',(#6688));
#6631=FILL_AREA_STYLE('',(#6689));
#6632=FILL_AREA_STYLE('',(#6690));
#6633=FILL_AREA_STYLE('',(#6691));
#6634=FILL_AREA_STYLE('',(#6692));
#6635=FILL_AREA_STYLE('',(#6693));
#6636=FILL_AREA_STYLE('',(#6694));
#6637=FILL_AREA_STYLE('',(#6695));
#6638=FILL_AREA_STYLE('',(#6696));
#6639=FILL_AREA_STYLE('',(#6697));
#6640=FILL_AREA_STYLE('',(#6698));
#6641=FILL_AREA_STYLE('',(#6699));
#6642=FILL_AREA_STYLE('',(#6700));
#6643=FILL_AREA_STYLE('',(#6701));
#6644=FILL_AREA_STYLE('',(#6702));
#6645=FILL_AREA_STYLE('',(#6703));
#6646=FILL_AREA_STYLE('',(#6704));
#6647=FILL_AREA_STYLE('',(#6705));
#6648=FILL_AREA_STYLE('',(#6706));
#6649=FILL_AREA_STYLE('',(#6707));
#6650=FILL_AREA_STYLE('',(#6708));
#6651=FILL_AREA_STYLE('',(#6709));
#6652=FILL_AREA_STYLE('',(#6710));
#6653=FILL_AREA_STYLE('',(#6711));
#6654=FILL_AREA_STYLE('',(#6712));
#6655=FILL_AREA_STYLE('',(#6713));
#6656=FILL_AREA_STYLE('',(#6714));
#6657=FILL_AREA_STYLE('',(#6715));
#6658=FILL_AREA_STYLE('',(#6716));
#6659=FILL_AREA_STYLE('',(#6717));
#6660=FILL_AREA_STYLE('',(#6718));
#6661=FILL_AREA_STYLE('',(#6719));
#6662=FILL_AREA_STYLE('',(#6720));
#6663=FILL_AREA_STYLE('',(#6721));
#6664=FILL_AREA_STYLE('',(#6722));
#6665=FILL_AREA_STYLE('',(#6723));
#6666=FILL_AREA_STYLE('',(#6724));
#6667=FILL_AREA_STYLE('',(#6725));
#6668=FILL_AREA_STYLE('',(#6726));
#6669=FILL_AREA_STYLE('',(#6727));
#6670=FILL_AREA_STYLE('',(#6728));
#6671=FILL_AREA_STYLE('',(#6729));
#6672=FILL_AREA_STYLE('',(#6730));
#6673=FILL_AREA_STYLE('',(#6731));
#6674=FILL_AREA_STYLE('',(#6732));
#6675=FILL_AREA_STYLE('',(#6733));
#6676=FILL_AREA_STYLE('',(#6734));
#6677=FILL_AREA_STYLE('',(#6735));
#6678=FILL_AREA_STYLE('',(#6736));
#6679=FILL_AREA_STYLE('',(#6737));
#6680=FILL_AREA_STYLE('',(#6738));
#6681=FILL_AREA_STYLE('',(#6739));
#6682=FILL_AREA_STYLE('',(#6740));
#6683=FILL_AREA_STYLE_COLOUR('',#6741);
#6684=FILL_AREA_STYLE_COLOUR('',#6741);
#6685=FILL_AREA_STYLE_COLOUR('',#6741);
#6686=FILL_AREA_STYLE_COLOUR('',#6741);
#6687=FILL_AREA_STYLE_COLOUR('',#6741);
#6688=FILL_AREA_STYLE_COLOUR('',#6741);
#6689=FILL_AREA_STYLE_COLOUR('',#6741);
#6690=FILL_AREA_STYLE_COLOUR('',#152);
#6691=FILL_AREA_STYLE_COLOUR('',#153);
#6692=FILL_AREA_STYLE_COLOUR('',#153);
#6693=FILL_AREA_STYLE_COLOUR('',#153);
#6694=FILL_AREA_STYLE_COLOUR('',#153);
#6695=FILL_AREA_STYLE_COLOUR('',#153);
#6696=FILL_AREA_STYLE_COLOUR('',#153);
#6697=FILL_AREA_STYLE_COLOUR('',#153);
#6698=FILL_AREA_STYLE_COLOUR('',#153);
#6699=FILL_AREA_STYLE_COLOUR('',#153);
#6700=FILL_AREA_STYLE_COLOUR('',#153);
#6701=FILL_AREA_STYLE_COLOUR('',#153);
#6702=FILL_AREA_STYLE_COLOUR('',#153);
#6703=FILL_AREA_STYLE_COLOUR('',#153);
#6704=FILL_AREA_STYLE_COLOUR('',#153);
#6705=FILL_AREA_STYLE_COLOUR('',#153);
#6706=FILL_AREA_STYLE_COLOUR('',#153);
#6707=FILL_AREA_STYLE_COLOUR('',#153);
#6708=FILL_AREA_STYLE_COLOUR('',#153);
#6709=FILL_AREA_STYLE_COLOUR('',#153);
#6710=FILL_AREA_STYLE_COLOUR('',#153);
#6711=FILL_AREA_STYLE_COLOUR('',#153);
#6712=FILL_AREA_STYLE_COLOUR('',#153);
#6713=FILL_AREA_STYLE_COLOUR('',#153);
#6714=FILL_AREA_STYLE_COLOUR('',#153);
#6715=FILL_AREA_STYLE_COLOUR('',#153);
#6716=FILL_AREA_STYLE_COLOUR('',#153);
#6717=FILL_AREA_STYLE_COLOUR('',#153);
#6718=FILL_AREA_STYLE_COLOUR('',#153);
#6719=FILL_AREA_STYLE_COLOUR('',#153);
#6720=FILL_AREA_STYLE_COLOUR('',#153);
#6721=FILL_AREA_STYLE_COLOUR('',#153);
#6722=FILL_AREA_STYLE_COLOUR('',#153);
#6723=FILL_AREA_STYLE_COLOUR('',#153);
#6724=FILL_AREA_STYLE_COLOUR('',#153);
#6725=FILL_AREA_STYLE_COLOUR('',#153);
#6726=FILL_AREA_STYLE_COLOUR('',#153);
#6727=FILL_AREA_STYLE_COLOUR('',#153);
#6728=FILL_AREA_STYLE_COLOUR('',#153);
#6729=FILL_AREA_STYLE_COLOUR('',#153);
#6730=FILL_AREA_STYLE_COLOUR('',#153);
#6731=FILL_AREA_STYLE_COLOUR('',#153);
#6732=FILL_AREA_STYLE_COLOUR('',#153);
#6733=FILL_AREA_STYLE_COLOUR('',#153);
#6734=FILL_AREA_STYLE_COLOUR('',#153);
#6735=FILL_AREA_STYLE_COLOUR('',#6741);
#6736=FILL_AREA_STYLE_COLOUR('',#6741);
#6737=FILL_AREA_STYLE_COLOUR('',#6741);
#6738=FILL_AREA_STYLE_COLOUR('',#6741);
#6739=FILL_AREA_STYLE_COLOUR('',#6741);
#6740=FILL_AREA_STYLE_COLOUR('',#6741);
#6741=DRAUGHTING_PRE_DEFINED_COLOUR('white');
#6742=MANIFOLD_SOLID_BREP(
'CONN-TH_DB301V-3.5-2P-GN~CONN-TH_DB301V-3.5-2P-GN~liPt__\X\CD\X\B9\X\CC
\X\A8-\X\EF\X\BF\X\BD\X\EF\X\BF\X\BD\X\EF\X\BF\X\BD\X\EF\X\BF\X\BD9[11
]',#6365);
#6743=MANIFOLD_SOLID_BREP(
'CONN-TH_DB301V-3.5-2P-GN~CONN-TH_DB301V-3.5-2P-GN~liPt__\X\CD\X\B9\X\CC
\X\A8-\X\EF\X\BF\X\BD\X\EF\X\BF\X\BD\X\EF\X\BF\X\BD\X\EF\X\BF\X\BD9[1]',
#6366);
#6744=MANIFOLD_SOLID_BREP(
'CONN-TH_DB301V-3.5-2P-GN~CONN-TH_DB301V-3.5-2P-GN~liPt__\X\CD\X\B9\X\CC
\X\A8-\X\EF\X\BF\X\BD\X\EF\X\BF\X\BD\X\EF\X\BF\X\BD\X\EF\X\BF\X\BD9[10
]',#6367);
#6745=MANIFOLD_SOLID_BREP(
'CONN-TH_DB301V-3.5-2P-GN~CONN-TH_DB301V-3.5-2P-GN~liPt__\X\CD\X\B9\X\CC
\X\A8-\X\EF\X\BF\X\BD\X\EF\X\BF\X\BD\X\EF\X\BF\X\BD\X\EF\X\BF\X\BD9[7]',
#6368);
#6746=MANIFOLD_SOLID_BREP(
'CONN-TH_DB301V-3.5-2P-GN~CONN-TH_DB301V-3.5-2P-GN~liPt__\X\CD\X\B9\X\CC
\X\A8-\X\EF\X\BF\X\BD\X\EF\X\BF\X\BD\X\EF\X\BF\X\BD\X\EF\X\BF\X\BD9[3]',
#6369);
#6747=MANIFOLD_SOLID_BREP(
'CONN-TH_DB301V-3.5-2P-GN~CONN-TH_DB301V-3.5-2P-GN~liPt__\X\CD\X\B9\X\CC
\X\A8-\X\EF\X\BF\X\BD\X\EF\X\BF\X\BD\X\EF\X\BF\X\BD\X\EF\X\BF\X\BD9[6]',
#6370);
#6748=MANIFOLD_SOLID_BREP(
'CONN-TH_DB301V-3.5-2P-GN~CONN-TH_DB301V-3.5-2P-GN~liPt__\X\CD\X\B9\X\CC
\X\A8-\X\EF\X\BF\X\BD\X\EF\X\BF\X\BD\X\EF\X\BF\X\BD\X\EF\X\BF\X\BD9[9]',
#6371);
#6749=MANIFOLD_SOLID_BREP(
'CONN-TH_DB301V-3.5-2P-GN~CONN-TH_DB301V-3.5-2P-GN~liPt__\X\EF\X\BF\X\BD
\X\EF\X\BF\X\BD\X\EF\X\BF\X\BD\X\EF\X\BF\X\BD1',#6372);
#6750=MANIFOLD_SOLID_BREP(
'CONN-TH_DB301V-3.5-2P-GN~CONN-TH_DB301V-3.5-2P-GN~liPt__\X\CD\X\B9\X\CC
\X\A8-\X\EF\X\BF\X\BD\X\EF\X\BF\X\BD\X\EF\X\BF\X\BD\X\EF\X\BF\X\BD9[8]',
#6373);
#6751=MANIFOLD_SOLID_BREP(
'CONN-TH_DB301V-3.5-2P-GN~CONN-TH_DB301V-3.5-2P-GN~liPt__\X\CD\X\B9\X\CC
\X\A8-\X\EF\X\BF\X\BD\X\EF\X\BF\X\BD\X\EF\X\BF\X\BD\X\EF\X\BF\X\BD9[4]',
#6374);
#6752=MANIFOLD_SOLID_BREP(
'CONN-TH_DB301V-3.5-2P-GN~CONN-TH_DB301V-3.5-2P-GN~liPt__\X\CD\X\B9\X\CC
\X\A8-\X\EF\X\BF\X\BD\X\EF\X\BF\X\BD\X\EF\X\BF\X\BD\X\EF\X\BF\X\BD9[13
]',#6375);
#6753=MANIFOLD_SOLID_BREP(
'CONN-TH_DB301V-3.5-2P-GN~CONN-TH_DB301V-3.5-2P-GN~liPt__\X\CD\X\B9\X\CC
\X\A8-\X\EF\X\BF\X\BD\X\EF\X\BF\X\BD\X\EF\X\BF\X\BD\X\EF\X\BF\X\BD9[5]',
#6376);
#6754=MANIFOLD_SOLID_BREP(
'CONN-TH_DB301V-3.5-2P-GN~CONN-TH_DB301V-3.5-2P-GN~liPt__\X\CD\X\B9\X\CC
\X\A8-\X\EF\X\BF\X\BD\X\EF\X\BF\X\BD\X\EF\X\BF\X\BD\X\EF\X\BF\X\BD9[2]',
#6377);
#6755=MANIFOLD_SOLID_BREP(
'CONN-TH_DB301V-3.5-2P-GN~CONN-TH_DB301V-3.5-2P-GN~liPt__\X\CD\X\B9\X\CC
\X\A8-\X\EF\X\BF\X\BD\X\EF\X\BF\X\BD\X\EF\X\BF\X\BD\X\EF\X\BF\X\BD9[12
]',#6378);
#6756=SHAPE_DEFINITION_REPRESENTATION(#11678,#6772);
#6757=SHAPE_DEFINITION_REPRESENTATION(#11679,#6773);
#6758=SHAPE_DEFINITION_REPRESENTATION(#11680,#6774);
#6759=SHAPE_DEFINITION_REPRESENTATION(#11682,#6775);
#6760=SHAPE_DEFINITION_REPRESENTATION(#11684,#6776);
#6761=SHAPE_DEFINITION_REPRESENTATION(#11686,#6777);
#6762=SHAPE_DEFINITION_REPRESENTATION(#11688,#6778);
#6763=SHAPE_DEFINITION_REPRESENTATION(#11690,#6779);
#6764=SHAPE_DEFINITION_REPRESENTATION(#11692,#6780);
#6765=SHAPE_DEFINITION_REPRESENTATION(#11694,#6781);
#6766=SHAPE_DEFINITION_REPRESENTATION(#11696,#6782);
#6767=SHAPE_DEFINITION_REPRESENTATION(#11698,#6783);
#6768=SHAPE_DEFINITION_REPRESENTATION(#11700,#6784);
#6769=SHAPE_DEFINITION_REPRESENTATION(#11702,#6785);
#6770=SHAPE_DEFINITION_REPRESENTATION(#11704,#6786);
#6771=SHAPE_DEFINITION_REPRESENTATION(#11706,#6787);
#6772=SHAPE_REPRESENTATION(
'U1~CONN-TH_DB301V-3.5-2P-GN~CONN-TH_DB301V-3.5-2P-GN~YaIW',(#6788,#7106),
#11643);
#6773=SHAPE_REPRESENTATION(
'CONN-TH_DB301V-3.5-2P-GN~CONN-TH_DB301V-3.5-2P-GN~liPt <1>',(#6788,#6797,
#6806,#6821,#6832,#6847,#6862,#6876,#7034,#7039,#7048,#7070,#7085,#7090,
#7105),#11644);
#6774=SHAPE_REPRESENTATION(
'CONN-TH_DB301V-3.5-2P-GN~CONN-TH_DB301V-3.5-2P-GN~liPt__\X\CD\X\B9\X\CC
\X\A8-\X\EF\X\BF\X\BD\X\EF\X\BF\X\BD\X\EF\X\BF\X\BD\X\EF\X\BF\X\BD9[11
]',(#6788),#11645);
#6775=SHAPE_REPRESENTATION(
'CONN-TH_DB301V-3.5-2P-GN~CONN-TH_DB301V-3.5-2P-GN~liPt__\X\CD\X\B9\X\CC
\X\A8-\X\EF\X\BF\X\BD\X\EF\X\BF\X\BD\X\EF\X\BF\X\BD\X\EF\X\BF\X\BD9[1]',
(#6788),#11646);
#6776=SHAPE_REPRESENTATION(
'CONN-TH_DB301V-3.5-2P-GN~CONN-TH_DB301V-3.5-2P-GN~liPt__\X\CD\X\B9\X\CC
\X\A8-\X\EF\X\BF\X\BD\X\EF\X\BF\X\BD\X\EF\X\BF\X\BD\X\EF\X\BF\X\BD9[10
]',(#6788),#11647);
#6777=SHAPE_REPRESENTATION(
'CONN-TH_DB301V-3.5-2P-GN~CONN-TH_DB301V-3.5-2P-GN~liPt__\X\CD\X\B9\X\CC
\X\A8-\X\EF\X\BF\X\BD\X\EF\X\BF\X\BD\X\EF\X\BF\X\BD\X\EF\X\BF\X\BD9[7]',
(#6788),#11648);
#6778=SHAPE_REPRESENTATION(
'CONN-TH_DB301V-3.5-2P-GN~CONN-TH_DB301V-3.5-2P-GN~liPt__\X\CD\X\B9\X\CC
\X\A8-\X\EF\X\BF\X\BD\X\EF\X\BF\X\BD\X\EF\X\BF\X\BD\X\EF\X\BF\X\BD9[3]',
(#6788),#11649);
#6779=SHAPE_REPRESENTATION(
'CONN-TH_DB301V-3.5-2P-GN~CONN-TH_DB301V-3.5-2P-GN~liPt__\X\CD\X\B9\X\CC
\X\A8-\X\EF\X\BF\X\BD\X\EF\X\BF\X\BD\X\EF\X\BF\X\BD\X\EF\X\BF\X\BD9[6]',
(#6788),#11650);
#6780=SHAPE_REPRESENTATION(
'CONN-TH_DB301V-3.5-2P-GN~CONN-TH_DB301V-3.5-2P-GN~liPt__\X\CD\X\B9\X\CC
\X\A8-\X\EF\X\BF\X\BD\X\EF\X\BF\X\BD\X\EF\X\BF\X\BD\X\EF\X\BF\X\BD9[9]',
(#6788),#11651);
#6781=SHAPE_REPRESENTATION(
'CONN-TH_DB301V-3.5-2P-GN~CONN-TH_DB301V-3.5-2P-GN~liPt__\X\EF\X\BF\X\BD
\X\EF\X\BF\X\BD\X\EF\X\BF\X\BD\X\EF\X\BF\X\BD1',(#6788),#11652);
#6782=SHAPE_REPRESENTATION(
'CONN-TH_DB301V-3.5-2P-GN~CONN-TH_DB301V-3.5-2P-GN~liPt__\X\CD\X\B9\X\CC
\X\A8-\X\EF\X\BF\X\BD\X\EF\X\BF\X\BD\X\EF\X\BF\X\BD\X\EF\X\BF\X\BD9[8]',
(#6788),#11653);
#6783=SHAPE_REPRESENTATION(
'CONN-TH_DB301V-3.5-2P-GN~CONN-TH_DB301V-3.5-2P-GN~liPt__\X\CD\X\B9\X\CC
\X\A8-\X\EF\X\BF\X\BD\X\EF\X\BF\X\BD\X\EF\X\BF\X\BD\X\EF\X\BF\X\BD9[4]',
(#6788),#11654);
#6784=SHAPE_REPRESENTATION(
'CONN-TH_DB301V-3.5-2P-GN~CONN-TH_DB301V-3.5-2P-GN~liPt__\X\CD\X\B9\X\CC
\X\A8-\X\EF\X\BF\X\BD\X\EF\X\BF\X\BD\X\EF\X\BF\X\BD\X\EF\X\BF\X\BD9[13
]',(#6788),#11655);
#6785=SHAPE_REPRESENTATION(
'CONN-TH_DB301V-3.5-2P-GN~CONN-TH_DB301V-3.5-2P-GN~liPt__\X\CD\X\B9\X\CC
\X\A8-\X\EF\X\BF\X\BD\X\EF\X\BF\X\BD\X\EF\X\BF\X\BD\X\EF\X\BF\X\BD9[5]',
(#6788),#11656);
#6786=SHAPE_REPRESENTATION(
'CONN-TH_DB301V-3.5-2P-GN~CONN-TH_DB301V-3.5-2P-GN~liPt__\X\CD\X\B9\X\CC
\X\A8-\X\EF\X\BF\X\BD\X\EF\X\BF\X\BD\X\EF\X\BF\X\BD\X\EF\X\BF\X\BD9[2]',
(#6788),#11657);
#6787=SHAPE_REPRESENTATION(
'CONN-TH_DB301V-3.5-2P-GN~CONN-TH_DB301V-3.5-2P-GN~liPt__\X\CD\X\B9\X\CC
\X\A8-\X\EF\X\BF\X\BD\X\EF\X\BF\X\BD\X\EF\X\BF\X\BD\X\EF\X\BF\X\BD9[12
]',(#6788),#11658);
#6788=AXIS2_PLACEMENT_3D('',#8374,#7107,#7108);
#6789=AXIS2_PLACEMENT_3D('',#8375,#7109,#7110);
#6790=AXIS2_PLACEMENT_3D('',#8428,#7117,#7118);
#6791=AXIS2_PLACEMENT_3D('',#8481,#7125,#7126);
#6792=AXIS2_PLACEMENT_3D('',#8520,#7133,#7134);
#6793=AXIS2_PLACEMENT_3D('',#8522,#7136,#7137);
#6794=AXIS2_PLACEMENT_3D('',#8523,#7138,#7139);
#6795=AXIS2_PLACEMENT_3D('',#8526,#7142,#7143);
#6796=AXIS2_PLACEMENT_3D('',#8528,#7145,#7146);
#6797=AXIS2_PLACEMENT_3D('',#8565,#7151,#7152);
#6798=AXIS2_PLACEMENT_3D('',#8566,#7153,#7154);
#6799=AXIS2_PLACEMENT_3D('',#8575,#7159,#7160);
#6800=AXIS2_PLACEMENT_3D('',#8581,#7164,#7165);
#6801=AXIS2_PLACEMENT_3D('',#8587,#7169,#7170);
#6802=AXIS2_PLACEMENT_3D('',#8593,#7174,#7175);
#6803=AXIS2_PLACEMENT_3D('',#8599,#7179,#7180);
#6804=AXIS2_PLACEMENT_3D('',#8602,#7183,#7184);
#6805=AXIS2_PLACEMENT_3D('',#8603,#7185,#7186);
#6806=AXIS2_PLACEMENT_3D('',#8604,#7187,#7188);
#6807=AXIS2_PLACEMENT_3D('',#8605,#7189,#7190);
#6808=AXIS2_PLACEMENT_3D('',#8614,#7195,#7196);
#6809=AXIS2_PLACEMENT_3D('',#8620,#7200,#7201);
#6810=AXIS2_PLACEMENT_3D('',#8626,#7205,#7206);
#6811=AXIS2_PLACEMENT_3D('',#8632,#7210,#7211);
#6812=AXIS2_PLACEMENT_3D('',#8638,#7215,#7216);
#6813=AXIS2_PLACEMENT_3D('',#8644,#7220,#7221);
#6814=AXIS2_PLACEMENT_3D('',#8650,#7225,#7226);
#6815=AXIS2_PLACEMENT_3D('',#8656,#7230,#7231);
#6816=AXIS2_PLACEMENT_3D('',#8662,#7235,#7236);
#6817=AXIS2_PLACEMENT_3D('',#8668,#7240,#7241);
#6818=AXIS2_PLACEMENT_3D('',#8674,#7245,#7246);
#6819=AXIS2_PLACEMENT_3D('',#8677,#7249,#7250);
#6820=AXIS2_PLACEMENT_3D('',#8678,#7251,#7252);
#6821=AXIS2_PLACEMENT_3D('',#8679,#7253,#7254);
#6822=AXIS2_PLACEMENT_3D('',#8680,#7255,#7256);
#6823=AXIS2_PLACEMENT_3D('',#8767,#7265,#7266);
#6824=AXIS2_PLACEMENT_3D('',#8864,#7277,#7278);
#6825=AXIS2_PLACEMENT_3D('',#8884,#7282,#7283);
#6826=AXIS2_PLACEMENT_3D('',#8922,#7289,#7290);
#6827=AXIS2_PLACEMENT_3D('',#8924,#7292,#7293);
#6828=AXIS2_PLACEMENT_3D('',#8926,#7295,#7296);
#6829=AXIS2_PLACEMENT_3D('',#8928,#7298,#7299);
#6830=AXIS2_PLACEMENT_3D('',#8993,#7308,#7309);
#6831=AXIS2_PLACEMENT_3D('',#8995,#7311,#7312);
#6832=AXIS2_PLACEMENT_3D('',#8996,#7313,#7314);
#6833=AXIS2_PLACEMENT_3D('',#8997,#7315,#7316);
#6834=AXIS2_PLACEMENT_3D('',#9006,#7321,#7322);
#6835=AXIS2_PLACEMENT_3D('',#9012,#7326,#7327);
#6836=AXIS2_PLACEMENT_3D('',#9018,#7331,#7332);
#6837=AXIS2_PLACEMENT_3D('',#9024,#7336,#7337);
#6838=AXIS2_PLACEMENT_3D('',#9030,#7341,#7342);
#6839=AXIS2_PLACEMENT_3D('',#9036,#7346,#7347);
#6840=AXIS2_PLACEMENT_3D('',#9042,#7351,#7352);
#6841=AXIS2_PLACEMENT_3D('',#9048,#7356,#7357);
#6842=AXIS2_PLACEMENT_3D('',#9054,#7361,#7362);
#6843=AXIS2_PLACEMENT_3D('',#9060,#7366,#7367);
#6844=AXIS2_PLACEMENT_3D('',#9066,#7371,#7372);
#6845=AXIS2_PLACEMENT_3D('',#9069,#7375,#7376);
#6846=AXIS2_PLACEMENT_3D('',#9070,#7377,#7378);
#6847=AXIS2_PLACEMENT_3D('',#9071,#7379,#7380);
#6848=AXIS2_PLACEMENT_3D('',#9072,#7381,#7382);
#6849=AXIS2_PLACEMENT_3D('',#9081,#7387,#7388);
#6850=AXIS2_PLACEMENT_3D('',#9087,#7392,#7393);
#6851=AXIS2_PLACEMENT_3D('',#9093,#7397,#7398);
#6852=AXIS2_PLACEMENT_3D('',#9099,#7402,#7403);
#6853=AXIS2_PLACEMENT_3D('',#9105,#7407,#7408);
#6854=AXIS2_PLACEMENT_3D('',#9111,#7412,#7413);
#6855=AXIS2_PLACEMENT_3D('',#9117,#7417,#7418);
#6856=AXIS2_PLACEMENT_3D('',#9123,#7422,#7423);
#6857=AXIS2_PLACEMENT_3D('',#9129,#7427,#7428);
#6858=AXIS2_PLACEMENT_3D('',#9135,#7432,#7433);
#6859=AXIS2_PLACEMENT_3D('',#9141,#7437,#7438);
#6860=AXIS2_PLACEMENT_3D('',#9144,#7441,#7442);
#6861=AXIS2_PLACEMENT_3D('',#9145,#7443,#7444);
#6862=AXIS2_PLACEMENT_3D('',#9146,#7445,#7446);
#6863=AXIS2_PLACEMENT_3D('',#9147,#7447,#7448);
#6864=AXIS2_PLACEMENT_3D('',#9156,#7453,#7454);
#6865=AXIS2_PLACEMENT_3D('',#9165,#7457,#7458);
#6866=AXIS2_PLACEMENT_3D('',#9171,#7462,#7463);
#6867=AXIS2_PLACEMENT_3D('',#9177,#7467,#7468);
#6868=AXIS2_PLACEMENT_3D('',#9183,#7472,#7473);
#6869=AXIS2_PLACEMENT_3D('',#9189,#7477,#7478);
#6870=AXIS2_PLACEMENT_3D('',#9195,#7482,#7483);
#6871=AXIS2_PLACEMENT_3D('',#9201,#7487,#7488);
#6872=AXIS2_PLACEMENT_3D('',#9245,#7494,#7495);
#6873=AXIS2_PLACEMENT_3D('',#9289,#7501,#7502);
#6874=AXIS2_PLACEMENT_3D('',#9292,#7505,#7506);
#6875=AXIS2_PLACEMENT_3D('',#9293,#7507,#7508);
#6876=AXIS2_PLACEMENT_3D('',#9294,#7509,#7510);
#6877=AXIS2_PLACEMENT_3D('',#9295,#7511,#7512);
#6878=AXIS2_PLACEMENT_3D('',#9296,#7513,#7514);
#6879=AXIS2_PLACEMENT_3D('',#9299,#7515,#7516);
#6880=AXIS2_PLACEMENT_3D('',#9301,#7517,#7518);
#6881=AXIS2_PLACEMENT_3D('',#9307,#7519,#7520);
#6882=AXIS2_PLACEMENT_3D('',#9308,#7521,#7522);
#6883=AXIS2_PLACEMENT_3D('',#9312,#7524,#7525);
#6884=AXIS2_PLACEMENT_3D('',#9316,#7527,#7528);
#6885=AXIS2_PLACEMENT_3D('',#9320,#7530,#7531);
#6886=AXIS2_PLACEMENT_3D('',#9323,#7533,#7534);
#6887=AXIS2_PLACEMENT_3D('',#9324,#7535,#7536);
#6888=AXIS2_PLACEMENT_3D('',#9327,#7537,#7538);
#6889=AXIS2_PLACEMENT_3D('',#9329,#7539,#7540);
#6890=AXIS2_PLACEMENT_3D('',#9331,#7541,#7542);
#6891=AXIS2_PLACEMENT_3D('',#9332,#7543,#7544);
#6892=AXIS2_PLACEMENT_3D('',#9335,#7546,#7547);
#6893=AXIS2_PLACEMENT_3D('',#9338,#7549,#7550);
#6894=AXIS2_PLACEMENT_3D('',#9339,#7551,#7552);
#6895=AXIS2_PLACEMENT_3D('',#9344,#7554,#7555);
#6896=AXIS2_PLACEMENT_3D('',#9347,#7557,#7558);
#6897=AXIS2_PLACEMENT_3D('',#9348,#7559,#7560);
#6898=AXIS2_PLACEMENT_3D('',#9353,#7562,#7563);
#6899=AXIS2_PLACEMENT_3D('',#9356,#7565,#7566);
#6900=AXIS2_PLACEMENT_3D('',#9357,#7567,#7568);
#6901=AXIS2_PLACEMENT_3D('',#9360,#7569,#7570);
#6902=AXIS2_PLACEMENT_3D('',#9362,#7571,#7572);
#6903=AXIS2_PLACEMENT_3D('',#9368,#7573,#7574);
#6904=AXIS2_PLACEMENT_3D('',#9369,#7575,#7576);
#6905=AXIS2_PLACEMENT_3D('',#9373,#7578,#7579);
#6906=AXIS2_PLACEMENT_3D('',#9377,#7581,#7582);
#6907=AXIS2_PLACEMENT_3D('',#9381,#7584,#7585);
#6908=AXIS2_PLACEMENT_3D('',#9384,#7587,#7588);
#6909=AXIS2_PLACEMENT_3D('',#9385,#7589,#7590);
#6910=AXIS2_PLACEMENT_3D('',#9390,#7592,#7593);
#6911=AXIS2_PLACEMENT_3D('',#9393,#7595,#7596);
#6912=AXIS2_PLACEMENT_3D('',#9394,#7597,#7598);
#6913=AXIS2_PLACEMENT_3D('',#9397,#7599,#7600);
#6914=AXIS2_PLACEMENT_3D('',#9399,#7601,#7602);
#6915=AXIS2_PLACEMENT_3D('',#9401,#7603,#7604);
#6916=AXIS2_PLACEMENT_3D('',#9402,#7605,#7606);
#6917=AXIS2_PLACEMENT_3D('',#9405,#7608,#7609);
#6918=AXIS2_PLACEMENT_3D('',#9408,#7611,#7612);
#6919=AXIS2_PLACEMENT_3D('',#9409,#7613,#7614);
#6920=AXIS2_PLACEMENT_3D('',#9414,#7616,#7617);
#6921=AXIS2_PLACEMENT_3D('',#9417,#7619,#7620);
#6922=AXIS2_PLACEMENT_3D('',#9430,#7627,#7628);
#6923=AXIS2_PLACEMENT_3D('',#9483,#7655,#7656);
#6924=AXIS2_PLACEMENT_3D('',#9488,#7658,#7659);
#6925=AXIS2_PLACEMENT_3D('',#9530,#7660,#7661);
#6926=AXIS2_PLACEMENT_3D('',#9534,#7663,#7664);
#6927=AXIS2_PLACEMENT_3D('',#9661,#7688,#7689);
#6928=AXIS2_PLACEMENT_3D('',#9708,#7693,#7694);
#6929=AXIS2_PLACEMENT_3D('',#9709,#7695,#7696);
#6930=AXIS2_PLACEMENT_3D('',#9710,#7697,#7698);
#6931=AXIS2_PLACEMENT_3D('',#9711,#7699,#7700);
#6932=AXIS2_PLACEMENT_3D('',#9712,#7701,#7702);
#6933=AXIS2_PLACEMENT_3D('',#9716,#7704,#7705);
#6934=AXIS2_PLACEMENT_3D('',#9717,#7706,#7707);
#6935=AXIS2_PLACEMENT_3D('',#9722,#7708,#7709);
#6936=AXIS2_PLACEMENT_3D('',#9728,#7710,#7711);
#6937=AXIS2_PLACEMENT_3D('',#9753,#7724,#7725);
#6938=AXIS2_PLACEMENT_3D('',#9757,#7727,#7728);
#6939=AXIS2_PLACEMENT_3D('',#9758,#7729,#7730);
#6940=AXIS2_PLACEMENT_3D('',#9763,#7731,#7732);
#6941=AXIS2_PLACEMENT_3D('',#9769,#7733,#7734);
#6942=AXIS2_PLACEMENT_3D('',#9792,#7747,#7748);
#6943=AXIS2_PLACEMENT_3D('',#9815,#7761,#7762);
#6944=AXIS2_PLACEMENT_3D('',#9832,#7771,#7772);
#6945=AXIS2_PLACEMENT_3D('',#9834,#7774,#7775);
#6946=AXIS2_PLACEMENT_3D('',#9856,#7789,#7790);
#6947=AXIS2_PLACEMENT_3D('',#9857,#7791,#7792);
#6948=AXIS2_PLACEMENT_3D('',#9858,#7793,#7794);
#6949=AXIS2_PLACEMENT_3D('',#9871,#7803,#7804);
#6950=AXIS2_PLACEMENT_3D('',#9872,#7805,#7806);
#6951=AXIS2_PLACEMENT_3D('',#9873,#7807,#7808);
#6952=AXIS2_PLACEMENT_3D('',#9874,#7809,#7810);
#6953=AXIS2_PLACEMENT_3D('',#9878,#7813,#7814);
#6954=AXIS2_PLACEMENT_3D('',#9882,#7817,#7818);
#6955=AXIS2_PLACEMENT_3D('',#9884,#7820,#7821);
#6956=AXIS2_PLACEMENT_3D('',#9888,#7824,#7825);
#6957=AXIS2_PLACEMENT_3D('',#9892,#7828,#7829);
#6958=AXIS2_PLACEMENT_3D('',#9894,#7831,#7832);
#6959=AXIS2_PLACEMENT_3D('',#9895,#7833,#7834);
#6960=AXIS2_PLACEMENT_3D('',#9901,#7838,#7839);
#6961=AXIS2_PLACEMENT_3D('',#9902,#7840,#7841);
#6962=AXIS2_PLACEMENT_3D('',#9908,#7845,#7846);
#6963=AXIS2_PLACEMENT_3D('',#9909,#7847,#7848);
#6964=AXIS2_PLACEMENT_3D('',#9911,#7850,#7851);
#6965=AXIS2_PLACEMENT_3D('',#9913,#7853,#7854);
#6966=AXIS2_PLACEMENT_3D('',#9914,#7855,#7856);
#6967=AXIS2_PLACEMENT_3D('',#9915,#7857,#7858);
#6968=AXIS2_PLACEMENT_3D('',#9916,#7859,#7860);
#6969=AXIS2_PLACEMENT_3D('',#9917,#7861,#7862);
#6970=AXIS2_PLACEMENT_3D('',#9918,#7863,#7864);
#6971=AXIS2_PLACEMENT_3D('',#9919,#7865,#7866);
#6972=AXIS2_PLACEMENT_3D('',#9920,#7867,#7868);
#6973=AXIS2_PLACEMENT_3D('',#9921,#7869,#7870);
#6974=AXIS2_PLACEMENT_3D('',#9925,#7873,#7874);
#6975=AXIS2_PLACEMENT_3D('',#9929,#7877,#7878);
#6976=AXIS2_PLACEMENT_3D('',#9931,#7880,#7881);
#6977=AXIS2_PLACEMENT_3D('',#9932,#7882,#7883);
#6978=AXIS2_PLACEMENT_3D('',#9938,#7887,#7888);
#6979=AXIS2_PLACEMENT_3D('',#9940,#7890,#7891);
#6980=AXIS2_PLACEMENT_3D('',#9942,#7893,#7894);
#6981=AXIS2_PLACEMENT_3D('',#9943,#7895,#7896);
#6982=AXIS2_PLACEMENT_3D('',#9949,#7900,#7901);
#6983=AXIS2_PLACEMENT_3D('',#9952,#7904,#7905);
#6984=AXIS2_PLACEMENT_3D('',#9955,#7908,#7909);
#6985=AXIS2_PLACEMENT_3D('',#9956,#7910,#7911);
#6986=AXIS2_PLACEMENT_3D('',#9962,#7915,#7916);
#6987=AXIS2_PLACEMENT_3D('',#9964,#7918,#7919);
#6988=AXIS2_PLACEMENT_3D('',#9966,#7921,#7922);
#6989=AXIS2_PLACEMENT_3D('',#9967,#7923,#7924);
#6990=AXIS2_PLACEMENT_3D('',#9968,#7925,#7926);
#6991=AXIS2_PLACEMENT_3D('',#9969,#7927,#7928);
#6992=AXIS2_PLACEMENT_3D('',#9970,#7929,#7930);
#6993=AXIS2_PLACEMENT_3D('',#9971,#7931,#7932);
#6994=AXIS2_PLACEMENT_3D('',#9974,#7934,#7935);
#6995=AXIS2_PLACEMENT_3D('',#9977,#7937,#7938);
#6996=AXIS2_PLACEMENT_3D('',#9980,#7940,#7941);
#6997=AXIS2_PLACEMENT_3D('',#9981,#7942,#7943);
#6998=AXIS2_PLACEMENT_3D('',#9986,#7944,#7945);
#6999=AXIS2_PLACEMENT_3D('',#9989,#7948,#7949);
#7000=AXIS2_PLACEMENT_3D('',#9990,#7950,#7951);
#7001=AXIS2_PLACEMENT_3D('',#9991,#7952,#7953);
#7002=AXIS2_PLACEMENT_3D('',#9995,#7956,#7957);
#7003=AXIS2_PLACEMENT_3D('',#9999,#7960,#7961);
#7004=AXIS2_PLACEMENT_3D('',#10001,#7963,#7964);
#7005=AXIS2_PLACEMENT_3D('',#10005,#7967,#7968);
#7006=AXIS2_PLACEMENT_3D('',#10009,#7971,#7972);
#7007=AXIS2_PLACEMENT_3D('',#10011,#7974,#7975);
#7008=AXIS2_PLACEMENT_3D('',#10012,#7976,#7977);
#7009=AXIS2_PLACEMENT_3D('',#10013,#7978,#7979);
#7010=AXIS2_PLACEMENT_3D('',#10014,#7980,#7981);
#7011=AXIS2_PLACEMENT_3D('',#10015,#7982,#7983);
#7012=AXIS2_PLACEMENT_3D('',#10016,#7984,#7985);
#7013=AXIS2_PLACEMENT_3D('',#10022,#7989,#7990);
#7014=AXIS2_PLACEMENT_3D('',#10023,#7991,#7992);
#7015=AXIS2_PLACEMENT_3D('',#10029,#7996,#7997);
#7016=AXIS2_PLACEMENT_3D('',#10030,#7998,#7999);
#7017=AXIS2_PLACEMENT_3D('',#10032,#8001,#8002);
#7018=AXIS2_PLACEMENT_3D('',#10034,#8004,#8005);
#7019=AXIS2_PLACEMENT_3D('',#10035,#8006,#8007);
#7020=AXIS2_PLACEMENT_3D('',#10036,#8008,#8009);
#7021=AXIS2_PLACEMENT_3D('',#10037,#8010,#8011);
#7022=AXIS2_PLACEMENT_3D('',#10038,#8012,#8013);
#7023=AXIS2_PLACEMENT_3D('',#10039,#8014,#8015);
#7024=AXIS2_PLACEMENT_3D('',#10040,#8016,#8017);
#7025=AXIS2_PLACEMENT_3D('',#10041,#8018,#8019);
#7026=AXIS2_PLACEMENT_3D('',#10042,#8020,#8021);
#7027=AXIS2_PLACEMENT_3D('',#10045,#8023,#8024);
#7028=AXIS2_PLACEMENT_3D('',#10048,#8026,#8027);
#7029=AXIS2_PLACEMENT_3D('',#10051,#8029,#8030);
#7030=AXIS2_PLACEMENT_3D('',#10052,#8031,#8032);
#7031=AXIS2_PLACEMENT_3D('',#10057,#8033,#8034);
#7032=AXIS2_PLACEMENT_3D('',#10060,#8037,#8038);
#7033=AXIS2_PLACEMENT_3D('',#10061,#8039,#8040);
#7034=AXIS2_PLACEMENT_3D('',#10062,#8041,#8042);
#7035=AXIS2_PLACEMENT_3D('',#10085,#8045,#8046);
#7036=AXIS2_PLACEMENT_3D('',#10281,#8060,#8061);
#7037=AXIS2_PLACEMENT_3D('',#10436,#8072,#8073);
#7038=AXIS2_PLACEMENT_3D('',#10437,#8074,#8075);
#7039=AXIS2_PLACEMENT_3D('',#10438,#8076,#8077);
#7040=AXIS2_PLACEMENT_3D('',#10439,#8078,#8079);
#7041=AXIS2_PLACEMENT_3D('',#10492,#8086,#8087);
#7042=AXIS2_PLACEMENT_3D('',#10545,#8094,#8095);
#7043=AXIS2_PLACEMENT_3D('',#10584,#8102,#8103);
#7044=AXIS2_PLACEMENT_3D('',#10586,#8105,#8106);
#7045=AXIS2_PLACEMENT_3D('',#10587,#8107,#8108);
#7046=AXIS2_PLACEMENT_3D('',#10590,#8111,#8112);
#7047=AXIS2_PLACEMENT_3D('',#10592,#8114,#8115);
#7048=AXIS2_PLACEMENT_3D('',#10629,#8120,#8121);
#7049=AXIS2_PLACEMENT_3D('',#10630,#8122,#8123);
#7050=AXIS2_PLACEMENT_3D('',#10631,#8124,#8125);
#7051=AXIS2_PLACEMENT_3D('',#10634,#8126,#8127);
#7052=AXIS2_PLACEMENT_3D('',#10676,#8128,#8129);
#7053=AXIS2_PLACEMENT_3D('',#10740,#8136,#8137);
#7054=AXIS2_PLACEMENT_3D('',#10778,#8139,#8140);
#7055=AXIS2_PLACEMENT_3D('',#10779,#8141,#8142);
#7056=AXIS2_PLACEMENT_3D('',#10801,#8144,#8145);
#7057=AXIS2_PLACEMENT_3D('',#10863,#8152,#8153);
#7058=AXIS2_PLACEMENT_3D('',#10904,#8154,#8155);
#7059=AXIS2_PLACEMENT_3D('',#10920,#8156,#8157);
#7060=AXIS2_PLACEMENT_3D('',#10921,#8158,#8159);
#7061=AXIS2_PLACEMENT_3D('',#10997,#8167,#8168);
#7062=AXIS2_PLACEMENT_3D('',#11007,#8170,#8171);
#7063=AXIS2_PLACEMENT_3D('',#11009,#8173,#8174);
#7064=AXIS2_PLACEMENT_3D('',#11011,#8176,#8177);
#7065=AXIS2_PLACEMENT_3D('',#11013,#8179,#8180);
#7066=AXIS2_PLACEMENT_3D('',#11078,#8189,#8190);
#7067=AXIS2_PLACEMENT_3D('',#11098,#8194,#8195);
#7068=AXIS2_PLACEMENT_3D('',#11099,#8196,#8197);
#7069=AXIS2_PLACEMENT_3D('',#11118,#8200,#8201);
#7070=AXIS2_PLACEMENT_3D('',#11171,#8206,#8207);
#7071=AXIS2_PLACEMENT_3D('',#11172,#8208,#8209);
#7072=AXIS2_PLACEMENT_3D('',#11207,#8222,#8223);
#7073=AXIS2_PLACEMENT_3D('',#11242,#8236,#8237);
#7074=AXIS2_PLACEMENT_3D('',#11245,#8240,#8241);
#7075=AXIS2_PLACEMENT_3D('',#11247,#8243,#8244);
#7076=AXIS2_PLACEMENT_3D('',#11249,#8246,#8247);
#7077=AXIS2_PLACEMENT_3D('',#11251,#8249,#8250);
#7078=AXIS2_PLACEMENT_3D('',#11253,#8252,#8253);
#7079=AXIS2_PLACEMENT_3D('',#11255,#8255,#8256);
#7080=AXIS2_PLACEMENT_3D('',#11257,#8258,#8259);
#7081=AXIS2_PLACEMENT_3D('',#11258,#8260,#8261);
#7082=AXIS2_PLACEMENT_3D('',#11261,#8264,#8265);
#7083=AXIS2_PLACEMENT_3D('',#11272,#8268,#8269);
#7084=AXIS2_PLACEMENT_3D('',#11283,#8272,#8273);
#7085=AXIS2_PLACEMENT_3D('',#11284,#8274,#8275);
#7086=AXIS2_PLACEMENT_3D('',#11307,#8278,#8279);
#7087=AXIS2_PLACEMENT_3D('',#11427,#8289,#8290);
#7088=AXIS2_PLACEMENT_3D('',#11525,#8298,#8299);
#7089=AXIS2_PLACEMENT_3D('',#11526,#8300,#8301);
#7090=AXIS2_PLACEMENT_3D('',#11527,#8302,#8303);
#7091=AXIS2_PLACEMENT_3D('',#11528,#8304,#8305);
#7092=AXIS2_PLACEMENT_3D('',#11563,#8318,#8319);
#7093=AXIS2_PLACEMENT_3D('',#11598,#8332,#8333);
#7094=AXIS2_PLACEMENT_3D('',#11601,#8336,#8337);
#7095=AXIS2_PLACEMENT_3D('',#11603,#8339,#8340);
#7096=AXIS2_PLACEMENT_3D('',#11605,#8342,#8343);
#7097=AXIS2_PLACEMENT_3D('',#11607,#8345,#8346);
#7098=AXIS2_PLACEMENT_3D('',#11609,#8348,#8349);
#7099=AXIS2_PLACEMENT_3D('',#11611,#8351,#8352);
#7100=AXIS2_PLACEMENT_3D('',#11613,#8354,#8355);
#7101=AXIS2_PLACEMENT_3D('',#11614,#8356,#8357);
#7102=AXIS2_PLACEMENT_3D('',#11617,#8360,#8361);
#7103=AXIS2_PLACEMENT_3D('',#11628,#8364,#8365);
#7104=AXIS2_PLACEMENT_3D('',#11639,#8368,#8369);
#7105=AXIS2_PLACEMENT_3D('',#11640,#8370,#8371);
#7106=AXIS2_PLACEMENT_3D('',#11641,#8372,#8373);
#7107=DIRECTION('',(0.,0.,1.));
#7108=DIRECTION('',(1.,0.,0.));
#7109=DIRECTION('',(1.,0.,0.));
#7110=DIRECTION('',(0.,0.,-1.));
#7111=DIRECTION('',(0.,1.,0.));
#7112=DIRECTION('',(0.,1.,0.));
#7113=DIRECTION('',(0.,0.,-1.));
#7114=DIRECTION('',(0.,-4.609835594729E-15,1.));
#7115=DIRECTION('',(0.,1.,0.));
#7116=DIRECTION('',(0.,1.,0.));
#7117=DIRECTION('',(1.,0.,0.));
#7118=DIRECTION('',(0.,0.,-1.));
#7119=DIRECTION('',(0.,1.,0.));
#7120=DIRECTION('',(0.,-3.554004129277E-15,1.));
#7121=DIRECTION('',(0.,1.,1.245812200174E-14));
#7122=DIRECTION('',(0.,1.,0.));
#7123=DIRECTION('',(0.,0.,-1.));
#7124=DIRECTION('',(0.,1.,0.));
#7125=DIRECTION('',(0.,0.,1.));
#7126=DIRECTION('',(1.,0.,0.));
#7127=DIRECTION('',(1.,0.,0.));
#7128=DIRECTION('',(1.,0.,0.));
#7129=DIRECTION('',(-1.,0.,0.));
#7130=DIRECTION('',(-1.,0.,0.));
#7131=DIRECTION('',(-1.,0.,0.));
#7132=DIRECTION('',(1.,0.,0.));
#7133=DIRECTION('',(0.,1.245812200174E-14,-1.));
#7134=DIRECTION('',(0.,1.,1.245812200174E-14));
#7135=DIRECTION('',(1.,0.,0.));
#7136=DIRECTION('',(0.,1.,3.554004129277E-15));
#7137=DIRECTION('',(0.,-3.554004129277E-15,1.));
#7138=DIRECTION('',(0.,0.,-1.));
#7139=DIRECTION('',(-1.,0.,0.));
#7140=DIRECTION('',(-1.,0.,0.));
#7141=DIRECTION('',(-1.,0.,0.));
#7142=DIRECTION('',(0.,1.,4.609835594729E-15));
#7143=DIRECTION('',(0.,-4.609835594729E-15,1.));
#7144=DIRECTION('',(1.,0.,0.));
#7145=DIRECTION('',(0.,0.,1.));
#7146=DIRECTION('',(1.,0.,0.));
#7147=DIRECTION('',(1.,0.,0.));
#7148=DIRECTION('',(-1.,0.,0.));
#7149=DIRECTION('',(-1.,0.,0.));
#7150=DIRECTION('',(-1.,0.,0.));
#7151=DIRECTION('',(0.,0.,1.));
#7152=DIRECTION('',(1.,0.,0.));
#7153=DIRECTION('',(0.,-1.,0.));
#7154=DIRECTION('',(0.,0.,-1.));
#7155=DIRECTION('',(0.,0.,-1.));
#7156=DIRECTION('',(-1.,0.,0.));
#7157=DIRECTION('',(0.,0.,1.));
#7158=DIRECTION('',(1.,0.,0.));
#7159=DIRECTION('',(0.,0.,-1.));
#7160=DIRECTION('',(-1.,0.,0.));
#7161=DIRECTION('',(0.,1.,0.));
#7162=DIRECTION('',(1.,0.,0.));
#7163=DIRECTION('',(0.,1.,0.));
#7164=DIRECTION('',(0.,-1.,-4.011328376725E-15));
#7165=DIRECTION('',(0.,4.011328376725E-15,-1.));
#7166=DIRECTION('',(0.,4.011328376725E-15,-1.));
#7167=DIRECTION('',(-1.,0.,0.));
#7168=DIRECTION('',(0.,0.,1.));
#7169=DIRECTION('',(0.,0.,-1.));
#7170=DIRECTION('',(-1.,0.,0.));
#7171=DIRECTION('',(0.,1.,0.));
#7172=DIRECTION('',(1.,0.,0.));
#7173=DIRECTION('',(0.,1.,0.));
#7174=DIRECTION('',(0.,1.,2.665503096958E-15));
#7175=DIRECTION('',(0.,-2.665503096958E-15,1.));
#7176=DIRECTION('',(0.,-2.665503096958E-15,1.));
#7177=DIRECTION('',(1.,0.,0.));
#7178=DIRECTION('',(0.,0.,1.));
#7179=DIRECTION('',(0.,0.,1.));
#7180=DIRECTION('',(1.,0.,0.));
#7181=DIRECTION('',(0.,1.,0.));
#7182=DIRECTION('',(0.,1.,0.));
#7183=DIRECTION('',(-1.,0.,0.));
#7184=DIRECTION('',(0.,0.,1.));
#7185=DIRECTION('',(-1.,0.,0.));
#7186=DIRECTION('',(0.,0.,1.));
#7187=DIRECTION('',(0.,0.,1.));
#7188=DIRECTION('',(1.,0.,0.));
#7189=DIRECTION('',(0.,-1.,0.));
#7190=DIRECTION('',(0.,0.,-1.));
#7191=DIRECTION('',(0.,0.,-1.));
#7192=DIRECTION('',(1.,0.,0.));
#7193=DIRECTION('',(0.,0.,1.));
#7194=DIRECTION('',(1.,0.,0.));
#7195=DIRECTION('',(0.,8.694974455156E-15,-1.));
#7196=DIRECTION('',(0.,1.,8.694974455156E-15));
#7197=DIRECTION('',(0.,1.,8.694974455156E-15));
#7198=DIRECTION('',(1.,0.,0.));
#7199=DIRECTION('',(0.,1.,0.));
#7200=DIRECTION('',(0.,-1.,-5.282395195207E-15));
#7201=DIRECTION('',(0.,5.282395195207E-15,-1.));
#7202=DIRECTION('',(0.,5.282395195207E-15,-1.));
#7203=DIRECTION('',(1.,0.,0.));
#7204=DIRECTION('',(0.,0.,1.));
#7205=DIRECTION('',(0.,-9.938001539618E-15,1.));
#7206=DIRECTION('',(0.,-1.,-9.938001539618E-15));
#7207=DIRECTION('',(0.,-1.,-9.938001539618E-15));
#7208=DIRECTION('',(1.,0.,0.));
#7209=DIRECTION('',(0.,1.,0.));
#7210=DIRECTION('',(0.,-1.,0.));
#7211=DIRECTION('',(0.,0.,-1.));
#7212=DIRECTION('',(0.,0.,-1.));
#7213=DIRECTION('',(1.,0.,0.));
#7214=DIRECTION('',(0.,0.,1.));
#7215=DIRECTION('',(0.,9.938001539618E-15,-1.));
#7216=DIRECTION('',(0.,1.,9.938001539618E-15));
#7217=DIRECTION('',(0.,1.,9.938001539618E-15));
#7218=DIRECTION('',(1.,0.,0.));
#7219=DIRECTION('',(0.,1.,0.));
#7220=DIRECTION('',(0.,-1.,-5.552421786569E-15));
#7221=DIRECTION('',(0.,5.552421786569E-15,-1.));
#7222=DIRECTION('',(0.,5.552421786569E-15,-1.));
#7223=DIRECTION('',(1.,0.,0.));
#7224=DIRECTION('',(0.,0.,1.));
#7225=DIRECTION('',(0.,0.,1.));
#7226=DIRECTION('',(1.,0.,0.));
#7227=DIRECTION('',(0.,1.,0.));
#7228=DIRECTION('',(1.,0.,0.));
#7229=DIRECTION('',(0.,1.,0.));
#7230=DIRECTION('',(0.,-1.,0.));
#7231=DIRECTION('',(0.,0.,-1.));
#7232=DIRECTION('',(0.,0.,-1.));
#7233=DIRECTION('',(-1.,0.,0.));
#7234=DIRECTION('',(0.,0.,1.));
#7235=DIRECTION('',(0.,0.,-1.));
#7236=DIRECTION('',(-1.,0.,0.));
#7237=DIRECTION('',(0.,1.,0.));
#7238=DIRECTION('',(1.,0.,0.));
#7239=DIRECTION('',(0.,1.,0.));
#7240=DIRECTION('',(0.,1.,3.554004129277E-15));
#7241=DIRECTION('',(0.,-3.554004129277E-15,1.));
#7242=DIRECTION('',(0.,-3.554004129277E-15,1.));
#7243=DIRECTION('',(1.,0.,0.));
#7244=DIRECTION('',(0.,0.,1.));
#7245=DIRECTION('',(0.,-6.608015282178E-15,1.));
#7246=DIRECTION('',(0.,-1.,-6.608015282178E-15));
#7247=DIRECTION('',(0.,-1.,-6.608015282178E-15));
#7248=DIRECTION('',(0.,1.,0.));
#7249=DIRECTION('',(-1.,0.,0.));
#7250=DIRECTION('',(0.,0.,1.));
#7251=DIRECTION('',(-1.,0.,0.));
#7252=DIRECTION('',(0.,0.,1.));
#7253=DIRECTION('',(0.,0.,1.));
#7254=DIRECTION('',(1.,0.,0.));
#7255=DIRECTION('',(1.,0.,0.));
#7256=DIRECTION('',(0.,0.,-1.));
#7257=DIRECTION('',(0.,0.,-1.));
#7258=DIRECTION('',(0.,-0.990328603989878,-0.13874168846983));
#7259=DIRECTION('',(0.,1.,0.));
#7260=DIRECTION('',(0.,0.,-1.));
#7261=DIRECTION('',(0.,1.,0.));
#7262=DIRECTION('',(0.,0.,-1.));
#7263=DIRECTION('',(0.,0.991068366299874,0.133354764893118));
#7264=DIRECTION('',(0.,0.,-1.));
#7265=DIRECTION('',(1.,0.,0.));
#7266=DIRECTION('',(0.,0.,-1.));
#7267=DIRECTION('',(0.,1.933156862331E-15,-1.));
#7268=DIRECTION('',(0.,1.,0.));
#7269=DIRECTION('',(0.,0.,1.));
#7270=DIRECTION('',(0.,1.,0.));
#7271=DIRECTION('',(0.,0.99032860398817,0.138741688482024));
#7272=DIRECTION('',(0.,-7.302134534245E-15,1.));
#7273=DIRECTION('',(0.,0.,-1.));
#7274=DIRECTION('',(0.,-0.991068366301831,-0.133354764878578));
#7275=DIRECTION('',(1.,0.,0.));
#7276=DIRECTION('',(-1.,0.,0.));
#7277=DIRECTION('',(0.,1.,7.302134534245E-15));
#7278=DIRECTION('',(0.,-7.302134534245E-15,1.));
#7279=DIRECTION('',(1.,0.,0.));
#7280=DIRECTION('',(-1.,0.,0.));
#7281=DIRECTION('',(1.,0.,0.));
#7282=DIRECTION('',(0.,0.138741688482024,-0.99032860398817));
#7283=DIRECTION('',(0.,0.99032860398817,0.138741688482024));
#7284=DIRECTION('',(1.,0.,0.));
#7285=DIRECTION('',(-1.,0.,0.));
#7286=DIRECTION('',(-1.,0.,0.));
#7287=DIRECTION('',(-1.,0.,0.));
#7288=DIRECTION('',(1.,0.,0.));
#7289=DIRECTION('',(0.,0.,1.));
#7290=DIRECTION('',(1.,0.,0.));
#7291=DIRECTION('',(1.,0.,0.));
#7292=DIRECTION('',(0.,1.,0.));
#7293=DIRECTION('',(0.,0.,1.));
#7294=DIRECTION('',(1.,0.,0.));
#7295=DIRECTION('',(0.,0.,1.));
#7296=DIRECTION('',(1.,0.,0.));
#7297=DIRECTION('',(1.,0.,0.));
#7298=DIRECTION('',(0.,-1.,-1.933156862331E-15));
#7299=DIRECTION('',(0.,1.933156862331E-15,-1.));
#7300=DIRECTION('',(1.,0.,0.));
#7301=DIRECTION('',(1.,0.,0.));
#7302=DIRECTION('',(-1.,0.,0.));
#7303=DIRECTION('',(-1.,0.,0.));
#7304=DIRECTION('',(-1.,0.,0.));
#7305=DIRECTION('',(-1.,0.,0.));
#7306=DIRECTION('',(-1.,0.,0.));
#7307=DIRECTION('',(1.,0.,0.));
#7308=DIRECTION('',(0.,-1.,0.));
#7309=DIRECTION('',(0.,0.,-1.));
#7310=DIRECTION('',(1.,0.,0.));
#7311=DIRECTION('',(0.,0.133354764893118,-0.991068366299874));
#7312=DIRECTION('',(0.,0.991068366299874,0.133354764893118));
#7313=DIRECTION('',(0.,0.,1.));
#7314=DIRECTION('',(1.,0.,0.));
#7315=DIRECTION('',(0.,-1.,0.));
#7316=DIRECTION('',(0.,0.,-1.));
#7317=DIRECTION('',(0.,0.,-1.));
#7318=DIRECTION('',(1.,0.,0.));
#7319=DIRECTION('',(0.,0.,1.));
#7320=DIRECTION('',(1.,0.,0.));
#7321=DIRECTION('',(0.,8.694974455156E-15,-1.));
#7322=DIRECTION('',(0.,1.,8.694974455156E-15));
#7323=DIRECTION('',(0.,1.,8.694974455156E-15));
#7324=DIRECTION('',(1.,0.,0.));
#7325=DIRECTION('',(0.,1.,0.));
#7326=DIRECTION('',(0.,-1.,-5.282395195207E-15));
#7327=DIRECTION('',(0.,5.282395195207E-15,-1.));
#7328=DIRECTION('',(0.,5.282395195207E-15,-1.));
#7329=DIRECTION('',(1.,0.,0.));
#7330=DIRECTION('',(0.,0.,1.));
#7331=DIRECTION('',(0.,0.,1.));
#7332=DIRECTION('',(1.,0.,0.));
#7333=DIRECTION('',(0.,1.,0.));
#7334=DIRECTION('',(1.,0.,0.));
#7335=DIRECTION('',(0.,1.,0.));
#7336=DIRECTION('',(0.,-1.,0.));
#7337=DIRECTION('',(0.,0.,-1.));
#7338=DIRECTION('',(0.,0.,-1.));
#7339=DIRECTION('',(1.,0.,0.));
#7340=DIRECTION('',(0.,0.,1.));
#7341=DIRECTION('',(0.,9.938001539523E-15,-1.));
#7342=DIRECTION('',(0.,1.,9.938001539523E-15));
#7343=DIRECTION('',(0.,1.,9.938001539523E-15));
#7344=DIRECTION('',(1.,0.,0.));
#7345=DIRECTION('',(0.,1.,0.));
#7346=DIRECTION('',(0.,-1.,-2.776210893285E-15));
#7347=DIRECTION('',(0.,2.776210893285E-15,-1.));
#7348=DIRECTION('',(0.,2.776210893285E-15,-1.));
#7349=DIRECTION('',(1.,0.,0.));
#7350=DIRECTION('',(0.,0.,1.));
#7351=DIRECTION('',(0.,0.,1.));
#7352=DIRECTION('',(1.,0.,0.));
#7353=DIRECTION('',(0.,1.,0.));
#7354=DIRECTION('',(1.,0.,0.));
#7355=DIRECTION('',(0.,1.,0.));
#7356=DIRECTION('',(0.,-1.,0.));
#7357=DIRECTION('',(0.,0.,-1.));
#7358=DIRECTION('',(0.,0.,-1.));
#7359=DIRECTION('',(-1.,0.,0.));
#7360=DIRECTION('',(0.,0.,1.));
#7361=DIRECTION('',(0.,0.,-1.));
#7362=DIRECTION('',(-1.,0.,0.));
#7363=DIRECTION('',(0.,1.,0.));
#7364=DIRECTION('',(1.,0.,0.));
#7365=DIRECTION('',(0.,1.,0.));
#7366=DIRECTION('',(0.,1.,2.665503096958E-15));
#7367=DIRECTION('',(0.,-2.665503096958E-15,1.));
#7368=DIRECTION('',(0.,-2.665503096958E-15,1.));
#7369=DIRECTION('',(1.,0.,0.));
#7370=DIRECTION('',(0.,0.,1.));
#7371=DIRECTION('',(0.,-6.60801528222E-15,1.));
#7372=DIRECTION('',(0.,-1.,-6.60801528222E-15));
#7373=DIRECTION('',(0.,-1.,-6.60801528222E-15));
#7374=DIRECTION('',(0.,1.,0.));
#7375=DIRECTION('',(-1.,0.,0.));
#7376=DIRECTION('',(0.,0.,1.));
#7377=DIRECTION('',(-1.,0.,0.));
#7378=DIRECTION('',(0.,0.,1.));
#7379=DIRECTION('',(0.,0.,1.));
#7380=DIRECTION('',(1.,0.,0.));
#7381=DIRECTION('',(0.,-1.,0.));
#7382=DIRECTION('',(0.,0.,-1.));
#7383=DIRECTION('',(0.,0.,-1.));
#7384=DIRECTION('',(1.,0.,0.));
#7385=DIRECTION('',(0.,0.,1.));
#7386=DIRECTION('',(1.,0.,0.));
#7387=DIRECTION('',(0.,8.694974455084E-15,-1.));
#7388=DIRECTION('',(0.,1.,8.694974455084E-15));
#7389=DIRECTION('',(0.,1.,8.694974455084E-15));
#7390=DIRECTION('',(1.,0.,0.));
#7391=DIRECTION('',(0.,1.,0.));
#7392=DIRECTION('',(0.,-1.,-2.641197597603E-15));
#7393=DIRECTION('',(0.,2.641197597603E-15,-1.));
#7394=DIRECTION('',(0.,2.641197597603E-15,-1.));
#7395=DIRECTION('',(1.,0.,0.));
#7396=DIRECTION('',(0.,0.,1.));
#7397=DIRECTION('',(0.,0.,1.));
#7398=DIRECTION('',(1.,0.,0.));
#7399=DIRECTION('',(0.,1.,0.));
#7400=DIRECTION('',(1.,0.,0.));
#7401=DIRECTION('',(0.,1.,0.));
#7402=DIRECTION('',(0.,-1.,-7.75851794299E-15));
#7403=DIRECTION('',(0.,7.75851794299E-15,-1.));
#7404=DIRECTION('',(0.,7.75851794299E-15,-1.));
#7405=DIRECTION('',(-1.,0.,0.));
#7406=DIRECTION('',(0.,0.,1.));
#7407=DIRECTION('',(0.,0.,-1.));
#7408=DIRECTION('',(-1.,0.,0.));
#7409=DIRECTION('',(0.,1.,0.));
#7410=DIRECTION('',(1.,0.,0.));
#7411=DIRECTION('',(0.,1.,0.));
#7412=DIRECTION('',(0.,-1.,-2.776210893284E-15));
#7413=DIRECTION('',(0.,2.776210893284E-15,-1.));
#7414=DIRECTION('',(0.,2.776210893284E-15,-1.));
#7415=DIRECTION('',(1.,0.,0.));
#7416=DIRECTION('',(0.,0.,1.));
#7417=DIRECTION('',(0.,0.,1.));
#7418=DIRECTION('',(1.,0.,0.));
#7419=DIRECTION('',(0.,1.,0.));
#7420=DIRECTION('',(1.,0.,0.));
#7421=DIRECTION('',(0.,1.,0.));
#7422=DIRECTION('',(0.,-1.,0.));
#7423=DIRECTION('',(0.,0.,-1.));
#7424=DIRECTION('',(0.,0.,-1.));
#7425=DIRECTION('',(1.,0.,0.));
#7426=DIRECTION('',(0.,0.,1.));
#7427=DIRECTION('',(0.,6.899882954708E-15,-1.));
#7428=DIRECTION('',(0.,1.,6.899882954708E-15));
#7429=DIRECTION('',(0.,1.,6.899882954708E-15));
#7430=DIRECTION('',(1.,0.,0.));
#7431=DIRECTION('',(0.,1.,0.));
#7432=DIRECTION('',(0.,1.,2.665503096958E-15));
#7433=DIRECTION('',(0.,-2.665503096958E-15,1.));
#7434=DIRECTION('',(0.,-2.665503096958E-15,1.));
#7435=DIRECTION('',(1.,0.,0.));
#7436=DIRECTION('',(0.,0.,1.));
#7437=DIRECTION('',(0.,0.,1.));
#7438=DIRECTION('',(1.,0.,0.));
#7439=DIRECTION('',(0.,1.,0.));
#7440=DIRECTION('',(0.,1.,0.));
#7441=DIRECTION('',(-1.,0.,0.));
#7442=DIRECTION('',(0.,0.,1.));
#7443=DIRECTION('',(-1.,0.,0.));
#7444=DIRECTION('',(0.,0.,1.));
#7445=DIRECTION('',(0.,0.,1.));
#7446=DIRECTION('',(1.,0.,0.));
#7447=DIRECTION('',(0.,0.,-1.));
#7448=DIRECTION('',(-1.,0.,0.));
#7449=DIRECTION('',(0.,1.,0.));
#7450=DIRECTION('',(1.,0.,0.));
#7451=DIRECTION('',(0.,1.,0.));
#7452=DIRECTION('',(-1.,0.,0.));
#7453=DIRECTION('',(0.,0.940093110400032,-0.340917796218374));
#7454=DIRECTION('',(0.,0.340917796218374,0.940093110400032));
#7455=DIRECTION('',(0.,0.340917796218374,0.940093110400032));
#7456=DIRECTION('',(0.,-0.340917796214641,-0.940093110401386));
#7457=DIRECTION('',(0.,0.966658635072146,-0.256068512786043));
#7458=DIRECTION('',(0.,0.256068512786043,0.966658635072146));
#7459=DIRECTION('',(0.,0.256068512786043,0.966658635072146));
#7460=DIRECTION('',(-1.,0.,0.));
#7461=DIRECTION('',(0.,-0.256068512786043,-0.966658635072146));
#7462=DIRECTION('',(0.,0.,-1.));
#7463=DIRECTION('',(-1.,0.,0.));
#7464=DIRECTION('',(0.,1.,0.));
#7465=DIRECTION('',(1.,0.,0.));
#7466=DIRECTION('',(0.,1.,0.));
#7467=DIRECTION('',(0.,-0.967617272386384,-0.2524218971871));
#7468=DIRECTION('',(0.,0.2524218971871,-0.967617272386384));
#7469=DIRECTION('',(0.,0.2524218971871,-0.967617272386384));
#7470=DIRECTION('',(1.,0.,0.));
#7471=DIRECTION('',(0.,-0.252421897149732,0.967617272396132));
#7472=DIRECTION('',(0.,-0.944557460429552,-0.328346164812192));
#7473=DIRECTION('',(0.,0.328346164812192,-0.944557460429552));
#7474=DIRECTION('',(0.,0.328346164812192,-0.944557460429552));
#7475=DIRECTION('',(1.,0.,0.));
#7476=DIRECTION('',(0.,-0.328346164811048,0.94455746042995));
#7477=DIRECTION('',(0.,2.537091998843E-14,-1.));
#7478=DIRECTION('',(0.,1.,2.537091998843E-14));
#7479=DIRECTION('',(0.,1.,2.537091998843E-14));
#7480=DIRECTION('',(1.,0.,0.));
#7481=DIRECTION('',(0.,1.,0.));
#7482=DIRECTION('',(0.,0.930670322635773,0.365858921669304));
#7483=DIRECTION('',(0.,-0.365858921669304,0.930670322635773));
#7484=DIRECTION('',(0.,-0.365858921669304,0.930670322635773));
#7485=DIRECTION('',(1.,0.,0.));
#7486=DIRECTION('',(0.,0.365858921668582,-0.930670322636057));
#7487=DIRECTION('',(0.,0.920917203017399,-0.389758265065169));
#7488=DIRECTION('',(0.,0.389758265065169,0.920917203017399));
#7489=DIRECTION('',(0.,0.389758265065169,0.920917203017399));
#7490=DIRECTION('',(1.,0.,0.));
#7491=DIRECTION('',(0.,-0.389758265063606,-0.920917203018061));
#7492=DIRECTION('',(-1.,0.,0.));
#7493=DIRECTION('',(1.,0.,0.));
#7494=DIRECTION('',(0.,1.,1.594411026766E-14));
#7495=DIRECTION('',(0.,-1.594411026766E-14,1.));
#7496=DIRECTION('',(0.,-1.594411026766E-14,1.));
#7497=DIRECTION('',(1.,0.,0.));
#7498=DIRECTION('',(0.,0.,-1.));
#7499=DIRECTION('',(-1.,0.,0.));
#7500=DIRECTION('',(1.,0.,0.));
#7501=DIRECTION('',(0.,-0.930300737781474,0.366797678950187));
#7502=DIRECTION('',(0.,-0.366797678950187,-0.930300737781474));
#7503=DIRECTION('',(0.,-0.366797678950187,-0.930300737781474));
#7504=DIRECTION('',(0.,0.366797678950264,0.930300737781444));
#7505=DIRECTION('',(1.,0.,0.));
#7506=DIRECTION('',(0.,0.,-1.));
#7507=DIRECTION('',(1.,0.,0.));
#7508=DIRECTION('',(0.,0.,-1.));
#7509=DIRECTION('',(0.,0.,1.));
#7510=DIRECTION('',(1.,0.,0.));
#7511=DIRECTION('',(0.,0.,1.));
#7512=DIRECTION('',(1.,0.,0.));
#7513=DIRECTION('',(0.,0.,-1.));
#7514=DIRECTION('',(-1.,0.,0.));
#7515=DIRECTION('',(0.,-1.,0.));
#7516=DIRECTION('',(0.,0.,-1.));
#7517=DIRECTION('',(0.,0.,1.));
#7518=DIRECTION('',(1.,0.,0.));
#7519=DIRECTION('',(0.,0.,-1.));
#7520=DIRECTION('',(-1.,0.,0.));
#7521=DIRECTION('',(0.,0.,-1.));
#7522=DIRECTION('',(-1.,0.,0.));
#7523=DIRECTION('',(0.,0.,-1.));
#7524=DIRECTION('',(0.,0.,-1.));
#7525=DIRECTION('',(-1.,0.,0.));
#7526=DIRECTION('',(0.,0.,-1.));
#7527=DIRECTION('',(0.,0.,-1.));
#7528=DIRECTION('',(-1.,0.,0.));
#7529=DIRECTION('',(0.,0.,-1.));
#7530=DIRECTION('',(0.,0.,-1.));
#7531=DIRECTION('',(-1.,0.,0.));
#7532=DIRECTION('',(0.,0.,-1.));
#7533=DIRECTION('',(0.,0.,-1.));
#7534=DIRECTION('',(-1.,0.,0.));
#7535=DIRECTION('',(0.,0.,1.));
#7536=DIRECTION('',(1.,0.,0.));
#7537=DIRECTION('',(-1.22464679914735E-16,1.,0.));
#7538=DIRECTION('',(-1.,-1.22464679914735E-16,0.));
#7539=DIRECTION('',(0.,0.,-1.));
#7540=DIRECTION('',(-1.,0.,0.));
#7541=DIRECTION('',(0.,-1.,0.));
#7542=DIRECTION('',(0.,0.,-1.));
#7543=DIRECTION('',(0.,0.,1.));
#7544=DIRECTION('',(1.,0.,0.));
#7545=DIRECTION('',(0.,0.,1.));
#7546=DIRECTION('',(0.,0.,1.));
#7547=DIRECTION('',(1.,0.,0.));
#7548=DIRECTION('',(0.,0.,1.));
#7549=DIRECTION('',(0.,1.,0.));
#7550=DIRECTION('',(0.,0.,1.));
#7551=DIRECTION('',(0.,1.,0.));
#7552=DIRECTION('',(0.,0.,1.));
#7553=DIRECTION('',(0.,1.,0.));
#7554=DIRECTION('',(0.,1.,0.));
#7555=DIRECTION('',(0.,0.,1.));
#7556=DIRECTION('',(0.,1.,0.));
#7557=DIRECTION('',(0.,0.,1.));
#7558=DIRECTION('',(1.,0.,0.));
#7559=DIRECTION('',(0.,0.,1.));
#7560=DIRECTION('',(1.,0.,0.));
#7561=DIRECTION('',(0.,0.,1.));
#7562=DIRECTION('',(0.,0.,1.));
#7563=DIRECTION('',(1.,0.,0.));
#7564=DIRECTION('',(0.,0.,1.));
#7565=DIRECTION('',(0.,0.,1.));
#7566=DIRECTION('',(1.,0.,0.));
#7567=DIRECTION('',(0.,0.,-1.));
#7568=DIRECTION('',(-1.,0.,0.));
#7569=DIRECTION('',(0.,-1.,0.));
#7570=DIRECTION('',(0.,0.,-1.));
#7571=DIRECTION('',(0.,0.,1.));
#7572=DIRECTION('',(1.,0.,0.));
#7573=DIRECTION('',(0.,0.,-1.));
#7574=DIRECTION('',(-1.,0.,0.));
#7575=DIRECTION('',(0.,0.,-1.));
#7576=DIRECTION('',(-1.,0.,0.));
#7577=DIRECTION('',(0.,0.,-1.));
#7578=DIRECTION('',(0.,0.,-1.));
#7579=DIRECTION('',(-1.,0.,0.));
#7580=DIRECTION('',(0.,0.,-1.));
#7581=DIRECTION('',(0.,0.,-1.));
#7582=DIRECTION('',(-1.,0.,0.));
#7583=DIRECTION('',(0.,0.,-1.));
#7584=DIRECTION('',(0.,0.,-1.));
#7585=DIRECTION('',(-1.,0.,0.));
#7586=DIRECTION('',(0.,0.,-1.));
#7587=DIRECTION('',(0.,0.,1.));
#7588=DIRECTION('',(1.,0.,0.));
#7589=DIRECTION('',(0.,0.,1.));
#7590=DIRECTION('',(1.,0.,0.));
#7591=DIRECTION('',(0.,0.,1.));
#7592=DIRECTION('',(0.,0.,1.));
#7593=DIRECTION('',(1.,0.,0.));
#7594=DIRECTION('',(0.,0.,1.));
#7595=DIRECTION('',(0.,0.,-1.));
#7596=DIRECTION('',(-1.,0.,0.));
#7597=DIRECTION('',(0.,0.,1.));
#7598=DIRECTION('',(1.,0.,0.));
#7599=DIRECTION('',(-1.22464679914735E-16,1.,0.));
#7600=DIRECTION('',(-1.,-1.22464679914735E-16,0.));
#7601=DIRECTION('',(0.,0.,-1.));
#7602=DIRECTION('',(-1.,0.,0.));
#7603=DIRECTION('',(0.,-1.,0.));
#7604=DIRECTION('',(0.,0.,-1.));
#7605=DIRECTION('',(0.,0.,1.));
#7606=DIRECTION('',(1.,0.,0.));
#7607=DIRECTION('',(0.,0.,1.));
#7608=DIRECTION('',(0.,0.,1.));
#7609=DIRECTION('',(1.,0.,0.));
#7610=DIRECTION('',(0.,0.,1.));
#7611=DIRECTION('',(0.,1.,0.));
#7612=DIRECTION('',(0.,0.,1.));
#7613=DIRECTION('',(0.,1.,0.));
#7614=DIRECTION('',(0.,0.,1.));
#7615=DIRECTION('',(0.,1.,0.));
#7616=DIRECTION('',(0.,1.,0.));
#7617=DIRECTION('',(0.,0.,1.));
#7618=DIRECTION('',(0.,1.,0.));
#7619=DIRECTION('',(0.,0.,-1.));
#7620=DIRECTION('',(-1.,0.,0.));
#7621=DIRECTION('',(0.336390827665024,-0.941722470297295,0.));
#7622=DIRECTION('',(-1.,0.,0.));
#7623=DIRECTION('',(0.339053795486108,0.940766986966733,0.));
#7624=DIRECTION('',(0.21496303540151,0.976622185602482,0.));
#7625=DIRECTION('',(-1.,0.,0.));
#7626=DIRECTION('',(0.222537053161894,-0.97492423293814,0.));
#7627=DIRECTION('',(0.,0.,-1.));
#7628=DIRECTION('',(-1.,0.,0.));
#7629=DIRECTION('',(0.,1.,0.));
#7630=DIRECTION('',(1.,0.,0.));
#7631=DIRECTION('',(0.,1.,0.));
#7632=DIRECTION('',(1.,0.,0.));
#7633=DIRECTION('',(0.,1.,0.));
#7634=DIRECTION('',(1.,0.,0.));
#7635=DIRECTION('',(0.,1.,0.));
#7636=DIRECTION('',(1.,0.,0.));
#7637=DIRECTION('',(0.,1.,0.));
#7638=DIRECTION('',(-0.984807753012361,0.173648177666063,0.));
#7639=DIRECTION('',(0.,1.,0.));
#7640=DIRECTION('',(-0.98480775301195,-0.173648177668396,0.));
#7641=DIRECTION('',(0.,1.,0.));
#7642=DIRECTION('',(1.,0.,0.));
#7643=DIRECTION('',(0.,1.,0.));
#7644=DIRECTION('',(-0.984807753012361,-0.173648177666063,0.));
#7645=DIRECTION('',(0.,1.,0.));
#7646=DIRECTION('',(-0.984807753012286,0.173648177666487,0.));
#7647=DIRECTION('',(0.,1.,0.));
#7648=DIRECTION('',(1.,0.,0.));
#7649=DIRECTION('',(-1.,0.,0.));
#7650=DIRECTION('',(0.,1.,0.));
#7651=DIRECTION('',(-1.,0.,0.));
#7652=DIRECTION('',(0.,1.,0.));
#7653=DIRECTION('',(-1.,0.,0.));
#7654=DIRECTION('',(0.,1.,0.));
#7655=DIRECTION('',(-1.48198875867426E-17,-5.9411870771513E-17,-1.));
#7656=DIRECTION('',(0.0234287185524202,-0.999725509901089,5.90483518259801E-17));
#7657=DIRECTION('',(0.,1.,0.));
#7658=DIRECTION('',(1.38772409198043E-17,5.9639094905174E-17,1.));
#7659=DIRECTION('',(-0.472251350019971,-0.881463931425623,5.91232568207105E-17));
#7660=DIRECTION('',(1.01695901930602E-17,-6.03819417703659E-17,1.));
#7661=DIRECTION('',(0.0304531688898196,0.999536194694604,6.00442400577331E-17));
#7662=DIRECTION('',(0.,1.,0.));
#7663=DIRECTION('',(-1.61478902753325E-17,5.90647534178419E-17,-1.));
#7664=DIRECTION('',(-0.516067851197524,0.85654770617892,5.89251860918403E-17));
#7665=DIRECTION('',(-1.,0.,0.));
#7666=DIRECTION('',(0.,1.,0.));
#7667=DIRECTION('',(-1.,0.,0.));
#7668=DIRECTION('',(0.,1.,0.));
#7669=DIRECTION('',(-1.,0.,0.));
#7670=DIRECTION('',(0.,1.,0.));
#7671=DIRECTION('',(-1.,0.,0.));
#7672=DIRECTION('',(0.,1.,0.));
#7673=DIRECTION('',(-1.,0.,0.));
#7674=DIRECTION('',(0.,1.,0.));
#7675=DIRECTION('',(-1.,0.,0.));
#7676=DIRECTION('',(0.,1.,0.));
#7677=DIRECTION('',(-1.,0.,0.));
#7678=DIRECTION('',(0.,1.,0.));
#7679=DIRECTION('',(-1.,0.,0.));
#7680=DIRECTION('',(-1.,0.,0.));
#7681=DIRECTION('',(-0.363542485651879,-0.931577619485383,0.));
#7682=DIRECTION('',(-1.,0.,0.));
#7683=DIRECTION('',(0.339330377271891,0.940667260544618,0.));
#7684=DIRECTION('',(-1.,0.,0.));
#7685=DIRECTION('',(0.322202485604982,-0.946670776072638,0.));
#7686=DIRECTION('',(-1.,0.,0.));
#7687=DIRECTION('',(-0.353622392329236,0.935388263580075,0.));
#7688=DIRECTION('',(0.,0.,-1.));
#7689=DIRECTION('',(-1.,0.,0.));
#7690=DIRECTION('',(-1.,0.,0.));
#7691=DIRECTION('',(0.,1.,0.));
#7692=DIRECTION('',(-1.,0.,0.));
#7693=DIRECTION('',(0.,0.,-1.));
#7694=DIRECTION('',(-1.,0.,0.));
#7695=DIRECTION('',(0.,0.,-1.));
#7696=DIRECTION('',(-1.,0.,0.));
#7697=DIRECTION('',(0.,0.,-1.));
#7698=DIRECTION('',(-1.,0.,0.));
#7699=DIRECTION('',(0.,0.,-1.));
#7700=DIRECTION('',(-1.,0.,0.));
#7701=DIRECTION('',(0.,0.,1.));
#7702=DIRECTION('',(1.,0.,0.));
#7703=DIRECTION('',(-0.707106781186548,-0.707106781186548,0.));
#7704=DIRECTION('',(0.,0.,1.));
#7705=DIRECTION('',(1.,0.,0.));
#7706=DIRECTION('',(0.,0.,1.));
#7707=DIRECTION('',(1.,0.,0.));
#7708=DIRECTION('',(0.,0.,-1.));
#7709=DIRECTION('',(-1.,0.,0.));
#7710=DIRECTION('',(0.,0.,1.));
#7711=DIRECTION('',(1.,0.,0.));
#7712=DIRECTION('',(0.,1.,0.));
#7713=DIRECTION('',(1.,0.,0.));
#7714=DIRECTION('',(0.,1.,0.));
#7715=DIRECTION('',(1.,0.,0.));
#7716=DIRECTION('',(0.,1.,0.));
#7717=DIRECTION('',(0.984807753012361,-0.173648177666063,0.));
#7718=DIRECTION('',(0.,1.,0.));
#7719=DIRECTION('',(-0.984807753012361,-0.173648177666063,0.));
#7720=DIRECTION('',(0.,1.,0.));
#7721=DIRECTION('',(1.,0.,0.));
#7722=DIRECTION('',(0.,1.,0.));
#7723=DIRECTION('',(1.,0.,0.));
#7724=DIRECTION('',(0.,0.,1.));
#7725=DIRECTION('',(1.,0.,0.));
#7726=DIRECTION('',(-0.707106781186548,-0.707106781186548,0.));
#7727=DIRECTION('',(0.,0.,1.));
#7728=DIRECTION('',(1.,0.,0.));
#7729=DIRECTION('',(0.,0.,1.));
#7730=DIRECTION('',(1.,0.,0.));
#7731=DIRECTION('',(0.,0.,-1.));
#7732=DIRECTION('',(-1.,0.,0.));
#7733=DIRECTION('',(-1.,0.,0.));
#7734=DIRECTION('',(0.,0.,1.));
#7735=DIRECTION('',(0.,1.,0.));
#7736=DIRECTION('',(0.,0.,1.));
#7737=DIRECTION('',(0.,1.,0.));
#7738=DIRECTION('',(0.,0.351123441588063,0.936329177569168));
#7739=DIRECTION('',(0.,0.,1.));
#7740=DIRECTION('',(-1.68554082920793E-17,-9.55917706095953E-17,1.));
#7741=DIRECTION('',(0.,1.,0.));
#7742=DIRECTION('',(1.68554082920793E-17,-9.55917706095953E-17,1.));
#7743=DIRECTION('',(0.,0.,-1.));
#7744=DIRECTION('',(0.,0.351123441588063,-0.936329177569168));
#7745=DIRECTION('',(0.,1.,0.));
#7746=DIRECTION('',(0.,0.,1.));
#7747=DIRECTION('',(1.,0.,0.));
#7748=DIRECTION('',(0.,0.,-1.));
#7749=DIRECTION('',(0.,1.,0.));
#7750=DIRECTION('',(-1.68554082920793E-17,-9.55917706095953E-17,1.));
#7751=DIRECTION('',(0.,0.,1.));
#7752=DIRECTION('',(0.,0.351123441588597,0.936329177568968));
#7753=DIRECTION('',(0.,1.,0.));
#7754=DIRECTION('',(0.,0.,1.));
#7755=DIRECTION('',(0.,1.,0.));
#7756=DIRECTION('',(0.,0.,1.));
#7757=DIRECTION('',(0.,1.,0.));
#7758=DIRECTION('',(0.,0.351123441588391,-0.936329177569045));
#7759=DIRECTION('',(0.,0.,-1.));
#7760=DIRECTION('',(1.68554082920793E-17,-9.55917706095953E-17,1.));
#7761=DIRECTION('',(0.,0.,1.));
#7762=DIRECTION('',(1.,0.,0.));
#7763=DIRECTION('',(1.,0.,0.));
#7764=DIRECTION('',(0.,1.,0.));
#7765=DIRECTION('',(1.,0.,0.));
#7766=DIRECTION('',(0.,1.,0.));
#7767=DIRECTION('',(0.,1.,0.));
#7768=DIRECTION('',(1.,0.,0.));
#7769=DIRECTION('',(0.,1.,0.));
#7770=DIRECTION('',(1.,0.,0.));
#7771=DIRECTION('',(0.,-1.,0.));
#7772=DIRECTION('',(0.,0.,-1.));
#7773=DIRECTION('',(1.,0.,0.));
#7774=DIRECTION('',(0.,1.,0.));
#7775=DIRECTION('',(0.,0.,1.));
#7776=DIRECTION('',(-1.,0.,0.));
#7777=DIRECTION('',(0.,0.,-1.));
#7778=DIRECTION('',(1.,0.,0.));
#7779=DIRECTION('',(0.,0.,1.));
#7780=DIRECTION('',(-1.,0.,0.));
#7781=DIRECTION('',(0.,0.,1.));
#7782=DIRECTION('',(0.,0.,-1.));
#7783=DIRECTION('',(-1.,0.,0.));
#7784=DIRECTION('',(0.,0.,-1.));
#7785=DIRECTION('',(0.,0.,1.));
#7786=DIRECTION('',(-1.,0.,0.));
#7787=DIRECTION('',(0.,0.,1.));
#7788=DIRECTION('',(0.,0.,-1.));
#7789=DIRECTION('',(0.,0.,-1.));
#7790=DIRECTION('',(-1.,0.,0.));
#7791=DIRECTION('',(0.,0.,1.));
#7792=DIRECTION('',(1.,0.,0.));
#7793=DIRECTION('',(0.,0.,1.));
#7794=DIRECTION('',(1.,0.,0.));
#7795=DIRECTION('',(-0.984807753012361,-0.173648177666063,0.));
#7796=DIRECTION('',(0.,1.,0.));
#7797=DIRECTION('',(0.984807753012286,-0.173648177666487,0.));
#7798=DIRECTION('',(1.,0.,0.));
#7799=DIRECTION('',(-0.984807753012361,0.173648177666063,0.));
#7800=DIRECTION('',(0.,1.,0.));
#7801=DIRECTION('',(0.984807753012286,0.173648177666487,0.));
#7802=DIRECTION('',(-1.,0.,0.));
#7803=DIRECTION('',(0.,0.,-1.));
#7804=DIRECTION('',(-1.,0.,0.));
#7805=DIRECTION('',(0.,-0.936329177569168,-0.351123441588063));
#7806=DIRECTION('',(0.,0.351123441588063,-0.936329177569168));
#7807=DIRECTION('',(0.,0.936329177569168,-0.351123441588063));
#7808=DIRECTION('',(0.,0.351123441588063,0.936329177569168));
#7809=DIRECTION('',(1.,0.,0.));
#7810=DIRECTION('',(0.,0.,-1.));
#7811=DIRECTION('',(0.,0.,1.));
#7812=DIRECTION('',(0.,1.,0.));
#7813=DIRECTION('',(0.,0.,-1.));
#7814=DIRECTION('',(-1.,0.,0.));
#7815=DIRECTION('',(1.,0.,0.));
#7816=DIRECTION('',(0.,1.,0.));
#7817=DIRECTION('',(1.,0.,0.));
#7818=DIRECTION('',(0.,0.,-1.));
#7819=DIRECTION('',(0.,0.,1.));
#7820=DIRECTION('',(-1.,0.,0.));
#7821=DIRECTION('',(0.,0.,1.));
#7822=DIRECTION('',(0.,0.,1.));
#7823=DIRECTION('',(0.,1.,0.));
#7824=DIRECTION('',(0.,0.,-1.));
#7825=DIRECTION('',(-1.,0.,0.));
#7826=DIRECTION('',(1.,0.,0.));
#7827=DIRECTION('',(0.,1.,0.));
#7828=DIRECTION('',(-1.,0.,0.));
#7829=DIRECTION('',(0.,0.,1.));
#7830=DIRECTION('',(0.,0.,1.));
#7831=DIRECTION('',(0.,1.,0.));
#7832=DIRECTION('',(0.,0.,1.));
#7833=DIRECTION('',(0.,1.,0.));
#7834=DIRECTION('',(0.,0.,1.));
#7835=DIRECTION('',(0.,0.,1.));
#7836=DIRECTION('',(0.,0.,1.));
#7837=DIRECTION('',(1.,0.,0.));
#7838=DIRECTION('',(0.,1.,0.));
#7839=DIRECTION('',(0.,0.,1.));
#7840=DIRECTION('',(0.,1.,0.));
#7841=DIRECTION('',(0.,0.,1.));
#7842=DIRECTION('',(0.,0.,1.));
#7843=DIRECTION('',(1.,0.,0.));
#7844=DIRECTION('',(0.,0.,-1.));
#7845=DIRECTION('',(0.,1.,0.));
#7846=DIRECTION('',(0.,0.,1.));
#7847=DIRECTION('',(-1.,0.,0.));
#7848=DIRECTION('',(0.,0.,1.));
#7849=DIRECTION('',(0.,1.,0.));
#7850=DIRECTION('',(1.,0.,0.));
#7851=DIRECTION('',(0.,0.,-1.));
#7852=DIRECTION('',(0.,1.,0.));
#7853=DIRECTION('',(0.,0.,1.));
#7854=DIRECTION('',(1.,0.,0.));
#7855=DIRECTION('',(0.,0.,1.));
#7856=DIRECTION('',(1.,0.,0.));
#7857=DIRECTION('',(0.,1.,0.));
#7858=DIRECTION('',(0.,0.,1.));
#7859=DIRECTION('',(0.,0.,1.));
#7860=DIRECTION('',(1.,0.,0.));
#7861=DIRECTION('',(0.,0.,1.));
#7862=DIRECTION('',(1.,0.,0.));
#7863=DIRECTION('',(0.,0.,-1.));
#7864=DIRECTION('',(-1.,0.,0.));
#7865=DIRECTION('',(0.,0.,-1.));
#7866=DIRECTION('',(-1.,0.,0.));
#7867=DIRECTION('',(0.,0.,-1.));
#7868=DIRECTION('',(-1.,0.,0.));
#7869=DIRECTION('',(0.173648177666063,0.984807753012361,0.));
#7870=DIRECTION('',(-0.984807753012361,0.173648177666063,0.));
#7871=DIRECTION('',(0.984807753012286,-0.173648177666487,0.));
#7872=DIRECTION('',(0.,0.,-1.));
#7873=DIRECTION('',(0.,0.,1.));
#7874=DIRECTION('',(1.,0.,0.));
#7875=DIRECTION('',(0.984807753012361,0.173648177666063,0.));
#7876=DIRECTION('',(0.,1.,0.));
#7877=DIRECTION('',(0.173648177666063,-0.984807753012361,0.));
#7878=DIRECTION('',(0.984807753012361,0.173648177666063,0.));
#7879=DIRECTION('',(0.,0.,-1.));
#7880=DIRECTION('',(1.,0.,0.));
#7881=DIRECTION('',(0.,0.,-1.));
#7882=DIRECTION('',(0.,0.,-1.));
#7883=DIRECTION('',(-1.,0.,0.));
#7884=DIRECTION('',(0.984807753012361,-0.173648177666063,0.));
#7885=DIRECTION('',(0.,1.,0.));
#7886=DIRECTION('',(-0.984807753012286,-0.173648177666487,0.));
#7887=DIRECTION('',(-0.173648177666063,-0.984807753012361,-9.70664277542456E-17));
#7888=DIRECTION('',(0.984807753012361,-0.173648177666063,0.));
#7889=DIRECTION('',(0.,0.,-1.));
#7890=DIRECTION('',(-0.173648177666063,0.984807753012361,9.70664277542456E-17));
#7891=DIRECTION('',(-0.984807753012361,-0.173648177666063,0.));
#7892=DIRECTION('',(0.,0.,-1.));
#7893=DIRECTION('',(1.,0.,0.));
#7894=DIRECTION('',(0.,0.,-1.));
#7895=DIRECTION('',(0.,0.,-1.));
#7896=DIRECTION('',(-1.,0.,0.));
#7897=DIRECTION('',(0.984807753012361,-0.173648177666063,0.));
#7898=DIRECTION('',(0.,1.,0.));
#7899=DIRECTION('',(0.984807753012286,0.173648177666488,0.));
#7900=DIRECTION('',(-0.173648177666063,0.984807753012361,0.));
#7901=DIRECTION('',(-0.984807753012361,-0.173648177666063,0.));
#7902=DIRECTION('',(0.,0.,1.));
#7903=DIRECTION('',(0.,0.,1.));
#7904=DIRECTION('',(-0.173648177666063,-0.984807753012361,0.));
#7905=DIRECTION('',(0.984807753012361,-0.173648177666063,0.));
#7906=DIRECTION('',(0.,0.,1.));
#7907=DIRECTION('',(0.,0.,1.));
#7908=DIRECTION('',(-1.,0.,0.));
#7909=DIRECTION('',(0.,0.,1.));
#7910=DIRECTION('',(0.,0.,1.));
#7911=DIRECTION('',(1.,0.,0.));
#7912=DIRECTION('',(0.984807753012361,0.173648177666063,0.));
#7913=DIRECTION('',(0.,1.,0.));
#7914=DIRECTION('',(-0.984807753012286,0.173648177666487,0.));
#7915=DIRECTION('',(0.173648177666063,0.984807753012361,9.70664277542456E-17));
#7916=DIRECTION('',(-0.984807753012361,0.173648177666063,0.));
#7917=DIRECTION('',(0.,0.,-1.));
#7918=DIRECTION('',(0.173648177666063,-0.984807753012361,-9.70664277542456E-17));
#7919=DIRECTION('',(0.984807753012361,0.173648177666063,0.));
#7920=DIRECTION('',(0.,0.,-1.));
#7921=DIRECTION('',(1.,0.,0.));
#7922=DIRECTION('',(0.,0.,-1.));
#7923=DIRECTION('',(0.,0.,1.));
#7924=DIRECTION('',(1.,0.,0.));
#7925=DIRECTION('',(0.,0.,1.));
#7926=DIRECTION('',(1.,0.,0.));
#7927=DIRECTION('',(0.,0.,1.));
#7928=DIRECTION('',(1.,0.,0.));
#7929=DIRECTION('',(0.,0.,-1.));
#7930=DIRECTION('',(-1.,0.,0.));
#7931=DIRECTION('',(0.,0.,-1.));
#7932=DIRECTION('',(-1.,0.,0.));
#7933=DIRECTION('',(0.,0.,-1.));
#7934=DIRECTION('',(0.,0.,-1.));
#7935=DIRECTION('',(-1.,0.,0.));
#7936=DIRECTION('',(0.,0.,-1.));
#7937=DIRECTION('',(0.,0.,1.));
#7938=DIRECTION('',(1.,0.,0.));
#7939=DIRECTION('',(0.707106781186548,0.707106781186548,0.));
#7940=DIRECTION('',(0.,0.,1.));
#7941=DIRECTION('',(1.,0.,0.));
#7942=DIRECTION('',(0.,0.,1.));
#7943=DIRECTION('',(1.,0.,0.));
#7944=DIRECTION('',(0.,0.,1.));
#7945=DIRECTION('',(1.,0.,0.));
#7946=DIRECTION('',(0.707106781186745,0.70710678118635,0.));
#7947=DIRECTION('',(-0.707106781186767,-0.707106781186328,0.));
#7948=DIRECTION('',(-0.707106781186548,0.707106781186548,0.));
#7949=DIRECTION('',(-0.707106781186548,-0.707106781186548,0.));
#7950=DIRECTION('',(0.707106781186548,-0.707106781186548,0.));
#7951=DIRECTION('',(0.707106781186548,0.707106781186548,0.));
#7952=DIRECTION('',(1.,0.,0.));
#7953=DIRECTION('',(0.,0.,-1.));
#7954=DIRECTION('',(0.,0.,1.));
#7955=DIRECTION('',(0.,1.,0.));
#7956=DIRECTION('',(0.,0.,-1.));
#7957=DIRECTION('',(-1.,0.,0.));
#7958=DIRECTION('',(1.,0.,0.));
#7959=DIRECTION('',(0.,1.,0.));
#7960=DIRECTION('',(1.,0.,0.));
#7961=DIRECTION('',(0.,0.,-1.));
#7962=DIRECTION('',(0.,0.,1.));
#7963=DIRECTION('',(-1.,0.,0.));
#7964=DIRECTION('',(0.,0.,1.));
#7965=DIRECTION('',(0.,0.,1.));
#7966=DIRECTION('',(0.,1.,0.));
#7967=DIRECTION('',(0.,0.,-1.));
#7968=DIRECTION('',(-1.,0.,0.));
#7969=DIRECTION('',(1.,0.,0.));
#7970=DIRECTION('',(0.,1.,0.));
#7971=DIRECTION('',(-1.,0.,0.));
#7972=DIRECTION('',(0.,0.,1.));
#7973=DIRECTION('',(0.,0.,1.));
#7974=DIRECTION('',(0.,1.,0.));
#7975=DIRECTION('',(0.,0.,1.));
#7976=DIRECTION('',(0.,0.,1.));
#7977=DIRECTION('',(1.,0.,0.));
#7978=DIRECTION('',(0.,0.,1.));
#7979=DIRECTION('',(1.,0.,0.));
#7980=DIRECTION('',(0.,0.,1.));
#7981=DIRECTION('',(1.,0.,0.));
#7982=DIRECTION('',(0.,0.,-1.));
#7983=DIRECTION('',(-1.,0.,0.));
#7984=DIRECTION('',(0.,1.,0.));
#7985=DIRECTION('',(0.,0.,1.));
#7986=DIRECTION('',(0.,0.,1.));
#7987=DIRECTION('',(0.,0.,1.));
#7988=DIRECTION('',(1.,0.,0.));
#7989=DIRECTION('',(0.,1.,0.));
#7990=DIRECTION('',(0.,0.,1.));
#7991=DIRECTION('',(0.,1.,0.));
#7992=DIRECTION('',(0.,0.,1.));
#7993=DIRECTION('',(0.,0.,1.));
#7994=DIRECTION('',(1.,0.,0.));
#7995=DIRECTION('',(0.,0.,-1.));
#7996=DIRECTION('',(0.,1.,0.));
#7997=DIRECTION('',(0.,0.,1.));
#7998=DIRECTION('',(-1.,0.,0.));
#7999=DIRECTION('',(0.,0.,1.));
#8000=DIRECTION('',(0.,1.,0.));
#8001=DIRECTION('',(1.,0.,0.));
#8002=DIRECTION('',(0.,0.,-1.));
#8003=DIRECTION('',(0.,1.,0.));
#8004=DIRECTION('',(0.,0.,1.));
#8005=DIRECTION('',(1.,0.,0.));
#8006=DIRECTION('',(0.,0.,1.));
#8007=DIRECTION('',(1.,0.,0.));
#8008=DIRECTION('',(0.,1.,0.));
#8009=DIRECTION('',(0.,0.,1.));
#8010=DIRECTION('',(0.,0.,1.));
#8011=DIRECTION('',(1.,0.,0.));
#8012=DIRECTION('',(0.,0.,1.));
#8013=DIRECTION('',(1.,0.,0.));
#8014=DIRECTION('',(0.,0.,-1.));
#8015=DIRECTION('',(-1.,0.,0.));
#8016=DIRECTION('',(0.,0.,-1.));
#8017=DIRECTION('',(-1.,0.,0.));
#8018=DIRECTION('',(0.,0.,-1.));
#8019=DIRECTION('',(-1.,0.,0.));
#8020=DIRECTION('',(0.,0.,-1.));
#8021=DIRECTION('',(-1.,0.,0.));
#8022=DIRECTION('',(0.,0.,-1.));
#8023=DIRECTION('',(0.,0.,-1.));
#8024=DIRECTION('',(-1.,0.,0.));
#8025=DIRECTION('',(0.,0.,-1.));
#8026=DIRECTION('',(0.,0.,1.));
#8027=DIRECTION('',(1.,0.,0.));
#8028=DIRECTION('',(0.707106781186548,0.707106781186548,0.));
#8029=DIRECTION('',(0.,0.,1.));
#8030=DIRECTION('',(1.,0.,0.));
#8031=DIRECTION('',(0.,0.,1.));
#8032=DIRECTION('',(1.,0.,0.));
#8033=DIRECTION('',(0.,0.,1.));
#8034=DIRECTION('',(1.,0.,0.));
#8035=DIRECTION('',(0.707106781186745,0.70710678118635,0.));
#8036=DIRECTION('',(-0.707106781186767,-0.707106781186328,0.));
#8037=DIRECTION('',(-0.707106781186548,0.707106781186548,0.));
#8038=DIRECTION('',(-0.707106781186548,-0.707106781186548,0.));
#8039=DIRECTION('',(0.707106781186548,-0.707106781186548,0.));
#8040=DIRECTION('',(0.707106781186548,0.707106781186548,0.));
#8041=DIRECTION('',(0.,0.,1.));
#8042=DIRECTION('',(1.,0.,0.));
#8043=DIRECTION('',(1.,0.,0.));
#8044=DIRECTION('',(-1.,0.,0.));
#8045=DIRECTION('',(0.,1.,0.));
#8046=DIRECTION('',(0.,0.,1.));
#8047=DIRECTION('',(0.,0.,1.));
#8048=DIRECTION('',(1.,0.,0.));
#8049=DIRECTION('',(0.,0.,1.));
#8050=DIRECTION('',(-1.,0.,0.));
#8051=DIRECTION('',(-1.,0.,0.));
#8052=DIRECTION('',(-1.,0.,0.));
#8053=DIRECTION('',(-1.,0.,0.));
#8054=DIRECTION('',(-1.,0.,0.));
#8055=DIRECTION('',(-1.,0.,0.));
#8056=DIRECTION('',(-1.,0.,0.));
#8057=DIRECTION('',(-1.,0.,0.));
#8058=DIRECTION('',(-1.,0.,0.));
#8059=DIRECTION('',(1.,0.,0.));
#8060=DIRECTION('',(0.,-1.,0.));
#8061=DIRECTION('',(0.,0.,-1.));
#8062=DIRECTION('',(0.,0.,-1.));
#8063=DIRECTION('',(1.,0.,0.));
#8064=DIRECTION('',(0.,0.,1.));
#8065=DIRECTION('',(-1.,0.,0.));
#8066=DIRECTION('',(-1.,0.,0.));
#8067=DIRECTION('',(-1.,0.,0.));
#8068=DIRECTION('',(-1.,0.,0.));
#8069=DIRECTION('',(-1.,0.,0.));
#8070=DIRECTION('',(-1.,0.,0.));
#8071=DIRECTION('',(-1.,0.,0.));
#8072=DIRECTION('',(-1.,0.,0.));
#8073=DIRECTION('',(0.,0.,1.));
#8074=DIRECTION('',(-1.,0.,0.));
#8075=DIRECTION('',(0.,0.,1.));
#8076=DIRECTION('',(0.,0.,1.));
#8077=DIRECTION('',(1.,0.,0.));
#8078=DIRECTION('',(1.,0.,0.));
#8079=DIRECTION('',(0.,0.,-1.));
#8080=DIRECTION('',(0.,1.,0.));
#8081=DIRECTION('',(0.,1.,0.));
#8082=DIRECTION('',(0.,0.,-1.));
#8083=DIRECTION('',(0.,-4.609835594729E-15,1.));
#8084=DIRECTION('',(0.,1.,0.));
#8085=DIRECTION('',(0.,1.,0.));
#8086=DIRECTION('',(1.,0.,0.));
#8087=DIRECTION('',(0.,0.,-1.));
#8088=DIRECTION('',(0.,1.,0.));
#8089=DIRECTION('',(0.,-3.554004129277E-15,1.));
#8090=DIRECTION('',(0.,1.,1.245812200144E-14));
#8091=DIRECTION('',(0.,1.,0.));
#8092=DIRECTION('',(0.,0.,-1.));
#8093=DIRECTION('',(0.,1.,0.));
#8094=DIRECTION('',(0.,0.,1.));
#8095=DIRECTION('',(1.,0.,0.));
#8096=DIRECTION('',(1.,0.,0.));
#8097=DIRECTION('',(1.,0.,0.));
#8098=DIRECTION('',(-1.,0.,0.));
#8099=DIRECTION('',(-1.,0.,0.));
#8100=DIRECTION('',(-1.,0.,0.));
#8101=DIRECTION('',(1.,0.,0.));
#8102=DIRECTION('',(0.,1.245812200144E-14,-1.));
#8103=DIRECTION('',(0.,1.,1.245812200144E-14));
#8104=DIRECTION('',(1.,0.,0.));
#8105=DIRECTION('',(0.,1.,3.554004129277E-15));
#8106=DIRECTION('',(0.,-3.554004129277E-15,1.));
#8107=DIRECTION('',(0.,0.,-1.));
#8108=DIRECTION('',(-1.,0.,0.));
#8109=DIRECTION('',(-1.,0.,0.));
#8110=DIRECTION('',(-1.,0.,0.));
#8111=DIRECTION('',(0.,1.,4.609835594729E-15));
#8112=DIRECTION('',(0.,-4.609835594729E-15,1.));
#8113=DIRECTION('',(1.,0.,0.));
#8114=DIRECTION('',(0.,0.,1.));
#8115=DIRECTION('',(1.,0.,0.));
#8116=DIRECTION('',(1.,0.,0.));
#8117=DIRECTION('',(-1.,0.,0.));
#8118=DIRECTION('',(-1.,0.,0.));
#8119=DIRECTION('',(-1.,0.,0.));
#8120=DIRECTION('',(0.,0.,1.));
#8121=DIRECTION('',(1.,0.,0.));
#8122=DIRECTION('',(-1.,0.,0.));
#8123=DIRECTION('',(0.,0.,1.));
#8124=DIRECTION('',(-1.,0.,0.));
#8125=DIRECTION('',(0.,-0.761223554631577,0.648489552632937));
#8126=DIRECTION('',(1.,3.06512488904331E-11,-1.63078578116132E-11));
#8127=DIRECTION('',(-3.06512488904331E-11,1.,0.));
#8128=DIRECTION('',(-1.,0.,0.));
#8129=DIRECTION('',(0.,0.973862527844477,-0.227138232933969));
#8130=DIRECTION('',(0.,0.,1.));
#8131=DIRECTION('',(0.,0.88409495024745,0.467307306755371));
#8132=DIRECTION('',(0.,-0.504883048641084,0.863187758946386));
#8133=DIRECTION('',(0.,-0.886348842794793,-0.463018065388739));
#8134=DIRECTION('',(0.,1.,0.));
#8135=DIRECTION('',(0.,1.,0.));
#8136=DIRECTION('',(1.,0.,0.));
#8137=DIRECTION('',(0.,0.,-1.));
#8138=DIRECTION('',(0.,1.,0.));
#8139=DIRECTION('',(-1.,0.,0.));
#8140=DIRECTION('',(0.,0.,1.));
#8141=DIRECTION('',(-1.,0.,0.));
#8142=DIRECTION('',(0.,-0.761223554631577,0.648489552632937));
#8143=DIRECTION('',(0.,1.,0.));
#8144=DIRECTION('',(1.,0.,0.));
#8145=DIRECTION('',(0.,0.,-1.));
#8146=DIRECTION('',(0.,1.,0.));
#8147=DIRECTION('',(0.,1.,0.));
#8148=DIRECTION('',(0.,0.886348842795962,0.463018065386502));
#8149=DIRECTION('',(0.,0.50488304864933,-0.863187758941564));
#8150=DIRECTION('',(0.,-0.884094950247918,-0.467307306754485));
#8151=DIRECTION('',(0.,4.686254287381E-15,-1.));
#8152=DIRECTION('',(-1.,0.,0.));
#8153=DIRECTION('',(0.,0.973862527844477,-0.227138232933969));
#8154=DIRECTION('',(1.,3.06512488904331E-11,-1.63078578116132E-11));
#8155=DIRECTION('',(-3.06512488904331E-11,1.,0.));
#8156=DIRECTION('',(0.955532095744296,-0.224475022295992,0.191231217032492));
#8157=DIRECTION('',(0.228695595478884,0.973497983874933,0.));
#8158=DIRECTION('',(1.,3.06512488904331E-11,-1.63078578116132E-11));
#8159=DIRECTION('',(-3.06512488904331E-11,1.,0.));
#8160=DIRECTION('',(-1.,0.,0.));
#8161=DIRECTION('',(-1.,0.,0.));
#8162=DIRECTION('',(-1.,0.,0.));
#8163=DIRECTION('',(-1.,0.,0.));
#8164=DIRECTION('',(-1.,0.,0.));
#8165=DIRECTION('',(-1.,0.,0.));
#8166=DIRECTION('',(-1.,0.,0.));
#8167=DIRECTION('',(0.979161749384595,0.197773877512325,-0.0461276697421329));
#8168=DIRECTION('',(-0.197984621744443,0.980205126263227,0.));
#8169=DIRECTION('',(1.,0.,0.));
#8170=DIRECTION('',(0.,-1.,-4.686254287381E-15));
#8171=DIRECTION('',(0.,4.686254287381E-15,-1.));
#8172=DIRECTION('',(1.,0.,0.));
#8173=DIRECTION('',(0.,-0.467307306754485,0.884094950247918));
#8174=DIRECTION('',(0.,-0.884094950247918,-0.467307306754485));
#8175=DIRECTION('',(1.,0.,0.));
#8176=DIRECTION('',(0.,-0.863187758941564,-0.50488304864933));
#8177=DIRECTION('',(0.,0.50488304864933,-0.863187758941564));
#8178=DIRECTION('',(1.,0.,0.));
#8179=DIRECTION('',(0.,0.463018065386502,-0.886348842795962));
#8180=DIRECTION('',(0.,0.886348842795962,0.463018065386502));
#8181=DIRECTION('',(1.,0.,0.));
#8182=DIRECTION('',(-1.,0.,0.));
#8183=DIRECTION('',(-1.,0.,0.));
#8184=DIRECTION('',(-1.,0.,0.));
#8185=DIRECTION('',(-1.,0.,0.));
#8186=DIRECTION('',(-1.,0.,0.));
#8187=DIRECTION('',(-1.,0.,0.));
#8188=DIRECTION('',(1.,0.,0.));
#8189=DIRECTION('',(0.,0.,1.));
#8190=DIRECTION('',(1.,0.,0.));
#8191=DIRECTION('',(1.,0.,0.));
#8192=DIRECTION('',(-1.,0.,0.));
#8193=DIRECTION('',(-1.,0.,0.));
#8194=DIRECTION('',(0.,0.,-1.));
#8195=DIRECTION('',(-1.,0.,0.));
#8196=DIRECTION('',(1.,0.,0.));
#8197=DIRECTION('',(0.,0.,-1.));
#8198=DIRECTION('',(-1.,0.,0.));
#8199=DIRECTION('',(1.,0.,0.));
#8200=DIRECTION('',(0.,0.,1.));
#8201=DIRECTION('',(1.,0.,0.));
#8202=DIRECTION('',(1.,0.,0.));
#8203=DIRECTION('',(-1.,0.,0.));
#8204=DIRECTION('',(-1.,0.,0.));
#8205=DIRECTION('',(-1.,0.,0.));
#8206=DIRECTION('',(0.,0.,1.));
#8207=DIRECTION('',(1.,0.,0.));
#8208=DIRECTION('',(-1.,0.,0.));
#8209=DIRECTION('',(0.,0.,1.));
#8210=DIRECTION('',(0.,-0.355935724369751,0.934510438741794));
#8211=DIRECTION('',(0.,1.,0.));
#8212=DIRECTION('',(0.,-0.355935724363062,-0.934510438744342));
#8213=DIRECTION('',(0.,1.,0.));
#8214=DIRECTION('',(0.,0.331528418350417,0.943445233082488));
#8215=DIRECTION('',(0.,1.,0.));
#8216=DIRECTION('',(0.,0.349395479462497,-0.936975345956964));
#8217=DIRECTION('',(0.,1.,0.));
#8218=DIRECTION('',(0.,1.,0.));
#8219=DIRECTION('',(0.,0.338535034314036,0.940953787676098));
#8220=DIRECTION('',(0.,1.,0.));
#8221=DIRECTION('',(0.,0.341603830681379,-0.939844041777043));
#8222=DIRECTION('',(-1.,0.,0.));
#8223=DIRECTION('',(0.,0.,1.));
#8224=DIRECTION('',(0.,0.355935724369359,-0.934510438741943));
#8225=DIRECTION('',(0.,1.,0.));
#8226=DIRECTION('',(0.,-0.349395479469176,0.936975345954473));
#8227=DIRECTION('',(0.,1.,0.));
#8228=DIRECTION('',(0.,-0.331528418350198,-0.943445233082565));
#8229=DIRECTION('',(0.,1.,0.));
#8230=DIRECTION('',(0.,0.355935724364328,0.93451043874386));
#8231=DIRECTION('',(0.,1.,0.));
#8232=DIRECTION('',(0.,-0.338535034316666,-0.940953787675151));
#8233=DIRECTION('',(0.,1.,0.));
#8234=DIRECTION('',(0.,-0.341603830688538,0.939844041774441));
#8235=DIRECTION('',(0.,1.,0.));
#8236=DIRECTION('',(0.,-0.934510438741943,-0.355935724369359));
#8237=DIRECTION('',(0.,0.355935724369359,-0.934510438741943));
#8238=DIRECTION('',(-1.,0.,0.));
#8239=DIRECTION('',(1.,0.,0.));
#8240=DIRECTION('',(0.,0.,-1.));
#8241=DIRECTION('',(-1.,0.,0.));
#8242=DIRECTION('',(1.,0.,0.));
#8243=DIRECTION('',(0.,0.93451043874386,-0.355935724364328));
#8244=DIRECTION('',(0.,0.355935724364328,0.93451043874386));
#8245=DIRECTION('',(1.,0.,0.));
#8246=DIRECTION('',(0.,0.,1.));
#8247=DIRECTION('',(1.,0.,0.));
#8248=DIRECTION('',(1.,0.,0.));
#8249=DIRECTION('',(0.,-0.943445233082565,0.331528418350198));
#8250=DIRECTION('',(0.,-0.331528418350198,-0.943445233082565));
#8251=DIRECTION('',(1.,0.,0.));
#8252=DIRECTION('',(0.,0.,1.));
#8253=DIRECTION('',(1.,0.,0.));
#8254=DIRECTION('',(1.,0.,0.));
#8255=DIRECTION('',(0.,0.936975345954473,0.349395479469176));
#8256=DIRECTION('',(0.,-0.349395479469176,0.936975345954473));
#8257=DIRECTION('',(1.,0.,0.));
#8258=DIRECTION('',(0.,0.,1.));
#8259=DIRECTION('',(1.,0.,0.));
#8260=DIRECTION('',(0.,0.,1.));
#8261=DIRECTION('',(1.,0.,0.));
#8262=DIRECTION('',(1.,0.,0.));
#8263=DIRECTION('',(1.,0.,0.));
#8264=DIRECTION('',(0.,-0.939844041777043,-0.341603830681379));
#8265=DIRECTION('',(0.,0.341603830681379,-0.939844041777043));
#8266=DIRECTION('',(1.,0.,0.));
#8267=DIRECTION('',(-1.,0.,0.));
#8268=DIRECTION('',(0.,0.,-1.));
#8269=DIRECTION('',(-1.,0.,0.));
#8270=DIRECTION('',(-1.,0.,0.));
#8271=DIRECTION('',(1.,0.,0.));
#8272=DIRECTION('',(0.,0.940953787676098,-0.338535034314036));
#8273=DIRECTION('',(0.,0.338535034314036,0.940953787676098));
#8274=DIRECTION('',(0.,0.,1.));
#8275=DIRECTION('',(1.,0.,0.));
#8276=DIRECTION('',(1.,0.,0.));
#8277=DIRECTION('',(-1.,0.,0.));
#8278=DIRECTION('',(0.,-1.,-7.181438095803E-15));
#8279=DIRECTION('',(0.,7.181438095803E-15,-1.));
#8280=DIRECTION('',(0.,7.181438095803E-15,-1.));
#8281=DIRECTION('',(1.,0.,0.));
#8282=DIRECTION('',(0.,0.,-1.));
#8283=DIRECTION('',(-1.,0.,0.));
#8284=DIRECTION('',(-1.,0.,0.));
#8285=DIRECTION('',(-1.,0.,0.));
#8286=DIRECTION('',(-1.,0.,0.));
#8287=DIRECTION('',(-1.,0.,0.));
#8288=DIRECTION('',(1.,0.,0.));
#8289=DIRECTION('',(0.,-1.,0.));
#8290=DIRECTION('',(0.,0.,-1.));
#8291=DIRECTION('',(0.,0.,-1.));
#8292=DIRECTION('',(1.,0.,0.));
#8293=DIRECTION('',(0.,0.,-1.));
#8294=DIRECTION('',(-1.,0.,0.));
#8295=DIRECTION('',(-1.,0.,0.));
#8296=DIRECTION('',(-1.,0.,0.));
#8297=DIRECTION('',(-1.,0.,0.));
#8298=DIRECTION('',(1.,0.,0.));
#8299=DIRECTION('',(0.,0.,-1.));
#8300=DIRECTION('',(1.,0.,0.));
#8301=DIRECTION('',(0.,0.,-1.));
#8302=DIRECTION('',(0.,0.,1.));
#8303=DIRECTION('',(1.,0.,0.));
#8304=DIRECTION('',(-1.,0.,0.));
#8305=DIRECTION('',(0.,0.,1.));
#8306=DIRECTION('',(0.,-0.35593572436513,0.934510438743554));
#8307=DIRECTION('',(0.,1.,0.));
#8308=DIRECTION('',(0.,-0.355935724368474,-0.93451043874228));
#8309=DIRECTION('',(0.,1.,0.));
#8310=DIRECTION('',(0.,0.331528418354834,0.943445233080936));
#8311=DIRECTION('',(0.,1.,0.));
#8312=DIRECTION('',(0.,0.349395479491736,-0.93697534594606));
#8313=DIRECTION('',(0.,1.,0.));
#8314=DIRECTION('',(0.,1.,0.));
#8315=DIRECTION('',(0.,0.338535034295302,0.940953787682838));
#8316=DIRECTION('',(0.,1.,0.));
#8317=DIRECTION('',(0.,0.341603830690292,-0.939844041773803));
#8318=DIRECTION('',(-1.,0.,0.));
#8319=DIRECTION('',(0.,0.,1.));
#8320=DIRECTION('',(0.,0.355935724364328,-0.93451043874386));
#8321=DIRECTION('',(0.,1.,0.));
#8322=DIRECTION('',(0.,-0.349395479497359,0.936975345943964));
#8323=DIRECTION('',(0.,-1.,-8.53484601205E-15));
#8324=DIRECTION('',(0.,-0.331528418357368,-0.943445233080046));
#8325=DIRECTION('',(0.,1.,0.));
#8326=DIRECTION('',(0.,0.355935724369359,0.934510438741943));
#8327=DIRECTION('',(0.,1.,0.));
#8328=DIRECTION('',(0.,-0.338535034297283,-0.940953787682125));
#8329=DIRECTION('',(0.,1.,0.));
#8330=DIRECTION('',(0.,-0.341603830693746,0.939844041772548));
#8331=DIRECTION('',(0.,1.,0.));
#8332=DIRECTION('',(0.,-0.93451043874386,-0.355935724364328));
#8333=DIRECTION('',(0.,0.355935724364328,-0.93451043874386));
#8334=DIRECTION('',(-1.,0.,0.));
#8335=DIRECTION('',(1.,0.,0.));
#8336=DIRECTION('',(0.,0.,-1.));
#8337=DIRECTION('',(-1.,0.,0.));
#8338=DIRECTION('',(1.,0.,0.));
#8339=DIRECTION('',(0.,0.934510438741943,-0.355935724369359));
#8340=DIRECTION('',(0.,0.355935724369359,0.934510438741943));
#8341=DIRECTION('',(1.,0.,0.));
#8342=DIRECTION('',(0.,0.,1.));
#8343=DIRECTION('',(1.,0.,0.));
#8344=DIRECTION('',(1.,0.,0.));
#8345=DIRECTION('',(0.,-0.943445233080046,0.331528418357368));
#8346=DIRECTION('',(0.,-0.331528418357368,-0.943445233080046));
#8347=DIRECTION('',(1.,0.,0.));
#8348=DIRECTION('',(0.,-8.53484601205E-15,1.));
#8349=DIRECTION('',(0.,-1.,-8.53484601205E-15));
#8350=DIRECTION('',(1.,0.,0.));
#8351=DIRECTION('',(0.,0.936975345943964,0.349395479497359));
#8352=DIRECTION('',(0.,-0.349395479497359,0.936975345943964));
#8353=DIRECTION('',(1.,0.,0.));
#8354=DIRECTION('',(0.,0.,1.));
#8355=DIRECTION('',(1.,0.,0.));
#8356=DIRECTION('',(0.,0.,1.));
#8357=DIRECTION('',(1.,0.,0.));
#8358=DIRECTION('',(1.,0.,0.));
#8359=DIRECTION('',(1.,0.,0.));
#8360=DIRECTION('',(0.,-0.939844041773803,-0.341603830690292));
#8361=DIRECTION('',(0.,0.341603830690292,-0.939844041773803));
#8362=DIRECTION('',(1.,0.,0.));
#8363=DIRECTION('',(-1.,0.,0.));
#8364=DIRECTION('',(0.,0.,-1.));
#8365=DIRECTION('',(-1.,0.,0.));
#8366=DIRECTION('',(-1.,0.,0.));
#8367=DIRECTION('',(1.,0.,0.));
#8368=DIRECTION('',(0.,0.940953787682838,-0.338535034295302));
#8369=DIRECTION('',(0.,0.338535034295302,0.940953787682838));
#8370=DIRECTION('',(0.,0.,1.));
#8371=DIRECTION('',(1.,0.,0.));
#8372=DIRECTION('',(0.,0.,1.));
#8373=DIRECTION('',(1.,0.,0.));
#8374=CARTESIAN_POINT('',(0.,0.,0.));
#8375=CARTESIAN_POINT('',(0.003500999999999,0.001522293245336,0.007077062269694));
#8376=CARTESIAN_POINT('',(0.003500999999999,0.001522293245336,0.006841073614217));
#8377=CARTESIAN_POINT('',(0.003500999999999,0.00140185808589,0.006841073614217));
#8378=CARTESIAN_POINT('',(0.003500999999999,0.001468984856968,0.006841073614217));
#8379=CARTESIAN_POINT('',(0.003500999999999,0.001468984856968,0.006841073614217));
#8380=CARTESIAN_POINT('',(0.003500999999999,0.001507601465979,0.006841073614217));
#8381=CARTESIAN_POINT('',(0.003500999999999,0.001539230901794,0.006852427770662));
#8382=CARTESIAN_POINT('',(0.003500999999999,0.001563748393459,0.006875260854505));
#8383=CARTESIAN_POINT('',(0.003500999999999,0.001563748393459,0.006875260854505));
#8384=CARTESIAN_POINT('',(0.003500999999999,0.001563748393459,0.006875260854505));
#8385=CARTESIAN_POINT('',(0.003500999999999,0.001588265885126,0.006898093938348));
#8386=CARTESIAN_POINT('',(0.003500999999999,0.001600555823698,0.006928413279187));
#8387=CARTESIAN_POINT('',(0.003500999999999,0.001600555823698,0.006966218877024));
#8388=CARTESIAN_POINT('',(0.003500999999999,0.001600555823698,0.006966218877024));
#8389=CARTESIAN_POINT('',(0.003500999999999,0.001600555823698,0.006966218877024));
#8390=CARTESIAN_POINT('',(0.003500999999999,0.001600555823698,0.007002402452512));
#8391=CARTESIAN_POINT('',(0.003500999999999,0.001588265885126,0.007031224541953));
#8392=CARTESIAN_POINT('',(0.003500999999999,0.001563748393459,0.007052809916296));
#8393=CARTESIAN_POINT('',(0.003500999999999,0.001563748393459,0.007052809916296));
#8394=CARTESIAN_POINT('',(0.003500999999999,0.001563748393459,0.007052809916296));
#8395=CARTESIAN_POINT('',(0.003500999999999,0.001539230901794,0.007074395290638));
#8396=CARTESIAN_POINT('',(0.003500999999999,0.001508474862628,0.007085125592335));
#8397=CARTESIAN_POINT('',(0.003500999999999,0.001471480275966,0.007085125592335));
#8398=CARTESIAN_POINT('',(0.003500999999999,0.00147148022735566,0.007085125592335));
#8399=CARTESIAN_POINT('',(0.003500999999999,0.001522293245336,0.007085125592335));
#8400=CARTESIAN_POINT('',(0.003500999999999,0.00140185808589,0.007085125592335));
#8401=CARTESIAN_POINT('',(0.003500999999999,0.00140185808589,0.007077062269694));
#8402=CARTESIAN_POINT('',(0.003500999999999,0.001433362750754,0.007057052128595));
#8403=CARTESIAN_POINT('',(0.003500999999999,0.001433362750754,0.007057052128595));
#8404=CARTESIAN_POINT('',(0.003500999999999,0.001433362750754,0.006868897536058));
#8405=CARTESIAN_POINT('',(0.003500999999999,0.001470232566466,0.007057052128595));
#8406=CARTESIAN_POINT('',(0.003500999999999,0.001470232566466,0.007057052128595));
#8407=CARTESIAN_POINT('',(0.003500999999999,0.001470232566466,0.007057052128595));
#8408=CARTESIAN_POINT('',(0.003500999999999,0.001499304197806,0.007057052128595));
#8409=CARTESIAN_POINT('',(0.003500999999999,0.001522823521873,0.007049441100646));
#8410=CARTESIAN_POINT('',(0.003500999999999,0.001540665767717,0.007034094273802));
#8411=CARTESIAN_POINT('',(0.003500999999999,0.001540665767717,0.007034094273802));
#8412=CARTESIAN_POINT('',(0.003500999999999,0.001540665767717,0.007034094273802));
#8413=CARTESIAN_POINT('',(0.003500999999999,0.00155850801356,0.007018747446957));
#8414=CARTESIAN_POINT('',(0.003500999999999,0.001567429136482,0.006995789592165));
#8415=CARTESIAN_POINT('',(0.003500999999999,0.001567429136482,0.006965345480375));
#8416=CARTESIAN_POINT('',(0.003500999999999,0.001567429136482,0.006965345480375));
#8417=CARTESIAN_POINT('',(0.003500999999999,0.001567429136482,0.006965345480375));
#8418=CARTESIAN_POINT('',(0.003500999999999,0.001567429136482,0.006934901368585));
#8419=CARTESIAN_POINT('',(0.003500999999999,0.001558757555462,0.006911194888094));
#8420=CARTESIAN_POINT('',(0.003500999999999,0.001541352007942,0.006894350809849));
#8421=CARTESIAN_POINT('',(0.003500999999999,0.001541352007942,0.006894350809849));
#8422=CARTESIAN_POINT('',(0.003500999999999,0.001541352007942,0.006894350809849));
#8423=CARTESIAN_POINT('',(0.003500999999999,0.001524008845898,0.006877381960654));
#8424=CARTESIAN_POINT('',(0.003500999999999,0.001499803281605,0.006868897536058));
#8425=CARTESIAN_POINT('',(0.003500999999999,0.001468797700541,0.006868897536058));
#8426=CARTESIAN_POINT('',(0.003500999999999,0.00146879765193053,0.006868897536058));
#8427=CARTESIAN_POINT('',(0.003500999999999,0.001433362750754,0.006868897536058));
#8428=CARTESIAN_POINT('',(0.003499999999999,0.001522293245336,0.007077062269694));
#8429=CARTESIAN_POINT('',(0.003499999999999,0.001468984856968,0.006841073614217));
#8430=CARTESIAN_POINT('',(0.003499999999999,0.00140185808589,0.006841073614217));
#8431=CARTESIAN_POINT('',(0.003499999999999,0.00146898480835769,0.006841073614217));
#8432=CARTESIAN_POINT('',(0.003499999999999,0.00140185808589,0.006841073614217));
#8433=CARTESIAN_POINT('',(0.003499999999999,0.00140185808589,0.007085125592335));
#8434=CARTESIAN_POINT('',(0.003499999999999,0.00140185808589,0.007085125592335));
#8435=CARTESIAN_POINT('',(0.003499999999999,0.001471480275966,0.007085125592335));
#8436=CARTESIAN_POINT('',(0.003499999999999,0.001471480275966,0.007085125592335));
#8437=CARTESIAN_POINT('',(0.003499999999999,0.001508474862628,0.007085125592335));
#8438=CARTESIAN_POINT('',(0.003499999999999,0.001539230901794,0.007074395290638));
#8439=CARTESIAN_POINT('',(0.003499999999999,0.001563748393459,0.007052809916296));
#8440=CARTESIAN_POINT('',(0.003499999999999,0.001563748393459,0.007052809916296));
#8441=CARTESIAN_POINT('',(0.003499999999999,0.001563748393459,0.007052809916296));
#8442=CARTESIAN_POINT('',(0.003499999999999,0.001588265885126,0.007031224541953));
#8443=CARTESIAN_POINT('',(0.003499999999999,0.001600555823698,0.007002402452512));
#8444=CARTESIAN_POINT('',(0.003499999999999,0.001600555823698,0.006966218877024));
#8445=CARTESIAN_POINT('',(0.003499999999999,0.001600555823698,0.006966218877024));
#8446=CARTESIAN_POINT('',(0.003499999999999,0.001600555823698,0.006966218877024));
#8447=CARTESIAN_POINT('',(0.003499999999999,0.001600555823698,0.006928413279187));
#8448=CARTESIAN_POINT('',(0.003499999999999,0.001588265885126,0.006898093938348));
#8449=CARTESIAN_POINT('',(0.003499999999999,0.001563748393459,0.006875260854505));
#8450=CARTESIAN_POINT('',(0.003499999999999,0.001563748393459,0.006875260854505));
#8451=CARTESIAN_POINT('',(0.003499999999999,0.001563748393459,0.006875260854505));
#8452=CARTESIAN_POINT('',(0.003499999999999,0.001539230901794,0.006852427770662));
#8453=CARTESIAN_POINT('',(0.003499999999999,0.001507601465979,0.006841073614217));
#8454=CARTESIAN_POINT('',(0.003499999999999,0.001468984856968,0.006841073614217));
#8455=CARTESIAN_POINT('',(0.003499999999999,0.001522293245336,0.007057052128595));
#8456=CARTESIAN_POINT('',(0.003499999999999,0.00147023251785549,0.007057052128595));
#8457=CARTESIAN_POINT('',(0.003499999999999,0.001433362750754,0.007057052128595));
#8458=CARTESIAN_POINT('',(0.003499999999999,0.001433362750754,0.007077062269694));
#8459=CARTESIAN_POINT('',(0.003499999999999,0.001433362750754,0.006868897536058));
#8460=CARTESIAN_POINT('',(0.003499999999999,0.001522293245336,0.006868897536058));
#8461=CARTESIAN_POINT('',(0.003499999999999,0.001468797700541,0.006868897536058));
#8462=CARTESIAN_POINT('',(0.003499999999999,0.001468797700541,0.006868897536058));
#8463=CARTESIAN_POINT('',(0.003499999999999,0.001499803281605,0.006868897536058));
#8464=CARTESIAN_POINT('',(0.003499999999999,0.001524008845898,0.006877381960654));
#8465=CARTESIAN_POINT('',(0.003499999999999,0.001541352007942,0.006894350809849));
#8466=CARTESIAN_POINT('',(0.003499999999999,0.001541352007942,0.006894350809849));
#8467=CARTESIAN_POINT('',(0.003499999999999,0.001541352007942,0.006894350809849));
#8468=CARTESIAN_POINT('',(0.003499999999999,0.001558757555462,0.006911194888094));
#8469=CARTESIAN_POINT('',(0.003499999999999,0.001567429136482,0.006934901368585));
#8470=CARTESIAN_POINT('',(0.003499999999999,0.001567429136482,0.006965345480375));
#8471=CARTESIAN_POINT('',(0.003499999999999,0.001567429136482,0.006965345480375));
#8472=CARTESIAN_POINT('',(0.003499999999999,0.001567429136482,0.006965345480375));
#8473=CARTESIAN_POINT('',(0.003499999999999,0.001567429136482,0.006995789592165));
#8474=CARTESIAN_POINT('',(0.003499999999999,0.00155850801356,0.007018747446957));
#8475=CARTESIAN_POINT('',(0.003499999999999,0.001540665767717,0.007034094273802));
#8476=CARTESIAN_POINT('',(0.003499999999999,0.001540665767717,0.007034094273802));
#8477=CARTESIAN_POINT('',(0.003499999999999,0.001540665767717,0.007034094273802));
#8478=CARTESIAN_POINT('',(0.003499999999999,0.001522823521873,0.007049441100646));
#8479=CARTESIAN_POINT('',(0.003499999999999,0.001499304197806,0.007057052128595));
#8480=CARTESIAN_POINT('',(0.003499999999999,0.001470232566466,0.007057052128595));
#8481=CARTESIAN_POINT('',(0.003500999999999,0.001468984856968,0.006841073614217));
#8482=CARTESIAN_POINT('',(0.003500999999999,0.001468984856968,0.006841073614217));
#8483=CARTESIAN_POINT('',(0.003500999999999,0.00140185808589,0.006841073614217));
#8484=CARTESIAN_POINT('',(0.003500999999999,0.001468984856968,0.006841073614217));
#8485=CARTESIAN_POINT('',(0.003499999999999,0.001468984856968,0.006841073614217));
#8486=CARTESIAN_POINT('',(0.003500999999999,0.001507601465979,0.006841073614217));
#8487=CARTESIAN_POINT('',(0.003499999999999,0.001507601465979,0.006841073614217));
#8488=CARTESIAN_POINT('',(0.003500999999999,0.001539230901794,0.006852427770662));
#8489=CARTESIAN_POINT('',(0.003499999999999,0.001539230901794,0.006852427770662));
#8490=CARTESIAN_POINT('',(0.003500999999999,0.001563748393459,0.006875260854505));
#8491=CARTESIAN_POINT('',(0.003499999999999,0.001563748393459,0.006875260854505));
#8492=CARTESIAN_POINT('',(0.003500499999999,0.001563748393459,0.006875260854505));
#8493=CARTESIAN_POINT('',(0.003500999999999,0.001563748393459,0.006875260854505));
#8494=CARTESIAN_POINT('',(0.003499999999999,0.001563748393459,0.006875260854505));
#8495=CARTESIAN_POINT('',(0.003500999999999,0.001588265885126,0.006898093938348));
#8496=CARTESIAN_POINT('',(0.003499999999999,0.001588265885126,0.006898093938348));
#8497=CARTESIAN_POINT('',(0.003500999999999,0.001600555823698,0.006928413279187));
#8498=CARTESIAN_POINT('',(0.003499999999999,0.001600555823698,0.006928413279187));
#8499=CARTESIAN_POINT('',(0.003500999999999,0.001600555823698,0.006966218877024));
#8500=CARTESIAN_POINT('',(0.003499999999999,0.001600555823698,0.006966218877024));
#8501=CARTESIAN_POINT('',(0.003500499999999,0.001600555823698,0.006966218877024));
#8502=CARTESIAN_POINT('',(0.003500999999999,0.001600555823698,0.006966218877024));
#8503=CARTESIAN_POINT('',(0.003499999999999,0.001600555823698,0.006966218877024));
#8504=CARTESIAN_POINT('',(0.003500999999999,0.001600555823698,0.007002402452512));
#8505=CARTESIAN_POINT('',(0.003499999999999,0.001600555823698,0.007002402452512));
#8506=CARTESIAN_POINT('',(0.003500999999999,0.001588265885126,0.007031224541953));
#8507=CARTESIAN_POINT('',(0.003499999999999,0.001588265885126,0.007031224541953));
#8508=CARTESIAN_POINT('',(0.003500999999999,0.001563748393459,0.007052809916296));
#8509=CARTESIAN_POINT('',(0.003499999999999,0.001563748393459,0.007052809916296));
#8510=CARTESIAN_POINT('',(0.003500499999999,0.001563748393459,0.007052809916296));
#8511=CARTESIAN_POINT('',(0.003500999999999,0.001563748393459,0.007052809916296));
#8512=CARTESIAN_POINT('',(0.003499999999999,0.001563748393459,0.007052809916296));
#8513=CARTESIAN_POINT('',(0.003500999999999,0.001539230901794,0.007074395290638));
#8514=CARTESIAN_POINT('',(0.003499999999999,0.001539230901794,0.007074395290638));
#8515=CARTESIAN_POINT('',(0.003500999999999,0.001508474862628,0.007085125592335));
#8516=CARTESIAN_POINT('',(0.003499999999999,0.001508474862628,0.007085125592335));
#8517=CARTESIAN_POINT('',(0.003500999999999,0.001471480275966,0.007085125592335));
#8518=CARTESIAN_POINT('',(0.003499999999999,0.001471480275966,0.007085125592335));
#8519=CARTESIAN_POINT('',(0.003500999999999,0.001471480275966,0.007085125592335));
#8520=CARTESIAN_POINT('',(0.003500999999999,0.00140185808589,0.007085125592335));
#8521=CARTESIAN_POINT('',(0.003500999999999,0.00140185808589,0.007085125592335));
#8522=CARTESIAN_POINT('',(0.003500999999999,0.00140185808589,0.006841073614217));
#8523=CARTESIAN_POINT('',(0.003500999999999,0.001470232566466,0.007057052128595));
#8524=CARTESIAN_POINT('',(0.003500999999999,0.001470232566466,0.007057052128595));
#8525=CARTESIAN_POINT('',(0.003500999999999,0.001433362750754,0.007057052128595));
#8526=CARTESIAN_POINT('',(0.003500999999999,0.001433362750754,0.007057052128595));
#8527=CARTESIAN_POINT('',(0.003500999999999,0.001433362750754,0.006868897536058));
#8528=CARTESIAN_POINT('',(0.003500999999999,0.001433362750754,0.006868897536058));
#8529=CARTESIAN_POINT('',(0.003500999999999,0.001468797700541,0.006868897536058));
#8530=CARTESIAN_POINT('',(0.003500999999999,0.001468797700541,0.006868897536058));
#8531=CARTESIAN_POINT('',(0.003499999999999,0.001468797700541,0.006868897536058));
#8532=CARTESIAN_POINT('',(0.003500999999999,0.001499803281605,0.006868897536058));
#8533=CARTESIAN_POINT('',(0.003499999999999,0.001499803281605,0.006868897536058));
#8534=CARTESIAN_POINT('',(0.003500999999999,0.001524008845898,0.006877381960654));
#8535=CARTESIAN_POINT('',(0.003499999999999,0.001524008845898,0.006877381960654));
#8536=CARTESIAN_POINT('',(0.003500999999999,0.001541352007942,0.006894350809849));
#8537=CARTESIAN_POINT('',(0.003499999999999,0.001541352007942,0.006894350809849));
#8538=CARTESIAN_POINT('',(0.003500499999999,0.001541352007942,0.006894350809849));
#8539=CARTESIAN_POINT('',(0.003500999999999,0.001541352007942,0.006894350809849));
#8540=CARTESIAN_POINT('',(0.003499999999999,0.001541352007942,0.006894350809849));
#8541=CARTESIAN_POINT('',(0.003500999999999,0.001558757555462,0.006911194888094));
#8542=CARTESIAN_POINT('',(0.003499999999999,0.001558757555462,0.006911194888094));
#8543=CARTESIAN_POINT('',(0.003500999999999,0.001567429136482,0.006934901368585));
#8544=CARTESIAN_POINT('',(0.003499999999999,0.001567429136482,0.006934901368585));
#8545=CARTESIAN_POINT('',(0.003500999999999,0.001567429136482,0.006965345480375));
#8546=CARTESIAN_POINT('',(0.003499999999999,0.001567429136482,0.006965345480375));
#8547=CARTESIAN_POINT('',(0.003500499999999,0.001567429136482,0.006965345480375));
#8548=CARTESIAN_POINT('',(0.003500999999999,0.001567429136482,0.006965345480375));
#8549=CARTESIAN_POINT('',(0.003499999999999,0.001567429136482,0.006965345480375));
#8550=CARTESIAN_POINT('',(0.003500999999999,0.001567429136482,0.006995789592165));
#8551=CARTESIAN_POINT('',(0.003499999999999,0.001567429136482,0.006995789592165));
#8552=CARTESIAN_POINT('',(0.003500999999999,0.00155850801356,0.007018747446957));
#8553=CARTESIAN_POINT('',(0.003499999999999,0.00155850801356,0.007018747446957));
#8554=CARTESIAN_POINT('',(0.003500999999999,0.001540665767717,0.007034094273802));
#8555=CARTESIAN_POINT('',(0.003499999999999,0.001540665767717,0.007034094273802));
#8556=CARTESIAN_POINT('',(0.003500499999999,0.001540665767717,0.007034094273802));
#8557=CARTESIAN_POINT('',(0.003500999999999,0.001540665767717,0.007034094273802));
#8558=CARTESIAN_POINT('',(0.003499999999999,0.001540665767717,0.007034094273802));
#8559=CARTESIAN_POINT('',(0.003500999999999,0.001522823521873,0.007049441100646));
#8560=CARTESIAN_POINT('',(0.003499999999999,0.001522823521873,0.007049441100646));
#8561=CARTESIAN_POINT('',(0.003500999999999,0.001499304197806,0.007057052128595));
#8562=CARTESIAN_POINT('',(0.003499999999999,0.001499304197806,0.007057052128595));
#8563=CARTESIAN_POINT('',(0.003500999999999,0.001470232566466,0.007057052128595));
#8564=CARTESIAN_POINT('',(0.003499999999999,0.001470232566466,0.007057052128595));
#8565=CARTESIAN_POINT('',(0.,0.,0.));
#8566=CARTESIAN_POINT('',(0.003500999999999,0.000677313179483,0.007256061793777));
#8567=CARTESIAN_POINT('',(0.003499999999999,0.000677313179483,0.007256061793777));
#8568=CARTESIAN_POINT('',(0.003499999999999,0.000677313179483,0.007228237871937));
#8569=CARTESIAN_POINT('',(0.003499999999999,0.000677313179483,0.007256061793777));
#8570=CARTESIAN_POINT('',(0.003500999999999,0.000677313179483,0.007256061793777));
#8571=CARTESIAN_POINT('',(0.003500999999999,0.000677313179483,0.007256061793777));
#8572=CARTESIAN_POINT('',(0.003500999999999,0.000677313179483,0.));
#8573=CARTESIAN_POINT('',(0.003500999999999,0.000677313179483,0.007228237871937));
#8574=CARTESIAN_POINT('',(0.003500999999999,0.000677313179483,0.007228237871937));
#8575=CARTESIAN_POINT('',(0.003500999999999,0.000580116609465,0.007256061793777));
#8576=CARTESIAN_POINT('',(0.003499999999999,0.000580116609465,0.007256061793777));
#8577=CARTESIAN_POINT('',(0.003499999999999,0.000580116609465001,0.007256061793777));
#8578=CARTESIAN_POINT('',(0.003500999999999,0.000580116609465001,0.007256061793777));
#8579=CARTESIAN_POINT('',(0.003500999999999,0.000580116609465,0.007256061793777));
#8580=CARTESIAN_POINT('',(0.003500999999999,0.,0.007256061793777));
#8581=CARTESIAN_POINT('',(0.003500999999999,0.000580116609465,0.007472289850054));
#8582=CARTESIAN_POINT('',(0.003499999999999,0.000580116609465,0.007472289850054));
#8583=CARTESIAN_POINT('',(0.003499999999999,0.000580116609465,0.007472289850054));
#8584=CARTESIAN_POINT('',(0.003500999999999,0.000580116609465,0.007472289850054));
#8585=CARTESIAN_POINT('',(0.003500999999999,0.000580116609465,0.007472289850054));
#8586=CARTESIAN_POINT('',(0.003500999999999,0.000580116609465,0.));
#8587=CARTESIAN_POINT('',(0.003500999999999,0.000548611944601,0.007472289850054));
#8588=CARTESIAN_POINT('',(0.003499999999999,0.000548611944601,0.007472289850054));
#8589=CARTESIAN_POINT('',(0.003499999999999,0.000548611944600999,0.007472289850054));
#8590=CARTESIAN_POINT('',(0.003500999999999,0.000548611944600999,0.007472289850054));
#8591=CARTESIAN_POINT('',(0.003500999999999,0.000548611944601,0.007472289850054));
#8592=CARTESIAN_POINT('',(0.003500999999999,0.,0.007472289850054));
#8593=CARTESIAN_POINT('',(0.003500999999999,0.000548611944601,0.007228237871937));
#8594=CARTESIAN_POINT('',(0.003499999999999,0.000548611944601,0.007228237871937));
#8595=CARTESIAN_POINT('',(0.003499999999999,0.000548611944601,0.007228237871937));
#8596=CARTESIAN_POINT('',(0.003500999999999,0.000548611944601,0.007228237871937));
#8597=CARTESIAN_POINT('',(0.003500999999999,0.000548611944601,0.007228237871937));
#8598=CARTESIAN_POINT('',(0.003500999999999,0.000548611944601,0.));
#8599=CARTESIAN_POINT('',(0.003500999999999,0.000677313179483,0.007228237871937));
#8600=CARTESIAN_POINT('',(0.003499999999999,0.000677313179483,0.007228237871937));
#8601=CARTESIAN_POINT('',(0.003500999999999,0.,0.007228237871937));
#8602=CARTESIAN_POINT('',(0.003500999999999,0.,0.));
#8603=CARTESIAN_POINT('',(0.003499999999999,0.,0.));
#8604=CARTESIAN_POINT('',(0.,0.,0.));
#8605=CARTESIAN_POINT('',(0.003500999999999,0.00135575521988,0.006868897536058));
#8606=CARTESIAN_POINT('',(0.003499999999999,0.00135575521988,0.006868897536058));
#8607=CARTESIAN_POINT('',(0.003499999999999,0.00135575521988,0.006841073614217));
#8608=CARTESIAN_POINT('',(0.003499999999999,0.00135575521988,0.006868897536058));
#8609=CARTESIAN_POINT('',(0.003500999999999,0.00135575521988,0.006868897536058));
#8610=CARTESIAN_POINT('',(0.003500999999999,0.00135575521988,0.006868897536058));
#8611=CARTESIAN_POINT('',(0.003500999999999,0.00135575521988,0.));
#8612=CARTESIAN_POINT('',(0.003500999999999,0.00135575521988,0.006841073614217));
#8613=CARTESIAN_POINT('',(0.003500999999999,0.00135575521988,0.006841073614217));
#8614=CARTESIAN_POINT('',(0.003500999999999,0.001256000845389,0.006868897536058));
#8615=CARTESIAN_POINT('',(0.003499999999999,0.001256000845389,0.006868897536058));
#8616=CARTESIAN_POINT('',(0.003499999999999,0.001256000845389,0.006868897536058));
#8617=CARTESIAN_POINT('',(0.003500999999999,0.001256000845389,0.006868897536058));
#8618=CARTESIAN_POINT('',(0.003500999999999,0.001256000845389,0.006868897536058));
#8619=CARTESIAN_POINT('',(0.003500999999999,0.,0.006868897536058));
#8620=CARTESIAN_POINT('',(0.003500999999999,0.001256000845389,0.00695099682113));
#8621=CARTESIAN_POINT('',(0.003499999999999,0.001256000845389,0.00695099682113));
#8622=CARTESIAN_POINT('',(0.003499999999999,0.001256000845389,0.00695099682113));
#8623=CARTESIAN_POINT('',(0.003500999999999,0.001256000845389,0.00695099682113));
#8624=CARTESIAN_POINT('',(0.003500999999999,0.001256000845389,0.00695099682113));
#8625=CARTESIAN_POINT('',(0.003500999999999,0.001256000845389,0.));
#8626=CARTESIAN_POINT('',(0.003500999999999,0.001343278124883,0.00695099682113));
#8627=CARTESIAN_POINT('',(0.003499999999999,0.001343278124883,0.00695099682113));
#8628=CARTESIAN_POINT('',(0.003499999999999,0.001343278124883,0.00695099682113));
#8629=CARTESIAN_POINT('',(0.003500999999999,0.001343278124883,0.00695099682113));
#8630=CARTESIAN_POINT('',(0.003500999999999,0.001343278124883,0.00695099682113));
#8631=CARTESIAN_POINT('',(0.003500999999999,0.,0.00695099682113));
#8632=CARTESIAN_POINT('',(0.003500999999999,0.001343278124883,0.00697894551392));
#8633=CARTESIAN_POINT('',(0.003499999999999,0.001343278124883,0.00697894551392));
#8634=CARTESIAN_POINT('',(0.003499999999999,0.001343278124883,0.00697894551392));
#8635=CARTESIAN_POINT('',(0.003500999999999,0.001343278124883,0.00697894551392));
#8636=CARTESIAN_POINT('',(0.003500999999999,0.001343278124883,0.00697894551392));
#8637=CARTESIAN_POINT('',(0.003500999999999,0.001343278124883,0.));
#8638=CARTESIAN_POINT('',(0.003500999999999,0.001256000845389,0.00697894551392));
#8639=CARTESIAN_POINT('',(0.003499999999999,0.001256000845389,0.00697894551392));
#8640=CARTESIAN_POINT('',(0.003499999999999,0.001256000845389,0.00697894551392));
#8641=CARTESIAN_POINT('',(0.003500999999999,0.001256000845389,0.00697894551392));
#8642=CARTESIAN_POINT('',(0.003500999999999,0.001256000845389,0.00697894551392));
#8643=CARTESIAN_POINT('',(0.003500999999999,0.,0.00697894551392));
#8644=CARTESIAN_POINT('',(0.003500999999999,0.001256000845389,0.007057052128595));
#8645=CARTESIAN_POINT('',(0.003499999999999,0.001256000845389,0.007057052128595));
#8646=CARTESIAN_POINT('',(0.003499999999999,0.001256000845389,0.007057052128595));
#8647=CARTESIAN_POINT('',(0.003500999999999,0.001256000845389,0.007057052128595));
#8648=CARTESIAN_POINT('',(0.003500999999999,0.001256000845389,0.007057052128595));
#8649=CARTESIAN_POINT('',(0.003500999999999,0.001256000845389,0.));
#8650=CARTESIAN_POINT('',(0.003500999999999,0.001350202912607,0.007057052128595));
#8651=CARTESIAN_POINT('',(0.003499999999999,0.001350202912607,0.007057052128595));
#8652=CARTESIAN_POINT('',(0.003499999999999,0.001350202912607,0.007057052128595));
#8653=CARTESIAN_POINT('',(0.003500999999999,0.001350202912607,0.007057052128595));
#8654=CARTESIAN_POINT('',(0.003500999999999,0.001350202912607,0.007057052128595));
#8655=CARTESIAN_POINT('',(0.003500999999999,0.,0.007057052128595));
#8656=CARTESIAN_POINT('',(0.003500999999999,0.001350202912607,0.007085125592335));
#8657=CARTESIAN_POINT('',(0.003499999999999,0.001350202912607,0.007085125592335));
#8658=CARTESIAN_POINT('',(0.003499999999999,0.001350202912607,0.007085125592335));
#8659=CARTESIAN_POINT('',(0.003500999999999,0.001350202912607,0.007085125592335));
#8660=CARTESIAN_POINT('',(0.003500999999999,0.001350202912607,0.007085125592335));
#8661=CARTESIAN_POINT('',(0.003500999999999,0.001350202912607,0.));
#8662=CARTESIAN_POINT('',(0.003500999999999,0.001224496180524,0.007085125592335));
#8663=CARTESIAN_POINT('',(0.003499999999999,0.001224496180524,0.007085125592335));
#8664=CARTESIAN_POINT('',(0.003499999999999,0.001224496180524,0.007085125592335));
#8665=CARTESIAN_POINT('',(0.003500999999999,0.001224496180524,0.007085125592335));
#8666=CARTESIAN_POINT('',(0.003500999999999,0.001224496180524,0.007085125592335));
#8667=CARTESIAN_POINT('',(0.003500999999999,0.,0.007085125592335));
#8668=CARTESIAN_POINT('',(0.003500999999999,0.001224496180524,0.006841073614217));
#8669=CARTESIAN_POINT('',(0.003499999999999,0.001224496180524,0.006841073614217));
#8670=CARTESIAN_POINT('',(0.003499999999999,0.001224496180524,0.006841073614217));
#8671=CARTESIAN_POINT('',(0.003500999999999,0.001224496180524,0.006841073614217));
#8672=CARTESIAN_POINT('',(0.003500999999999,0.001224496180524,0.006841073614217));
#8673=CARTESIAN_POINT('',(0.003500999999999,0.001224496180524,0.));
#8674=CARTESIAN_POINT('',(0.003500999999999,0.00135575521988,0.006841073614217));
#8675=CARTESIAN_POINT('',(0.003499999999999,0.00135575521988,0.006841073614217));
#8676=CARTESIAN_POINT('',(0.003500999999999,0.,0.006841073614217));
#8677=CARTESIAN_POINT('',(0.003500999999999,0.,0.));
#8678=CARTESIAN_POINT('',(0.003499999999999,0.,0.));
#8679=CARTESIAN_POINT('',(0.,0.,0.));
#8680=CARTESIAN_POINT('',(0.003500999999999,0.000754133093735,0.007015331842202));
#8681=CARTESIAN_POINT('',(0.003500999999999,0.000786175833321,0.007019371301707));
#8682=CARTESIAN_POINT('',(0.003500999999999,0.000763467520429,0.007019371301707));
#8683=CARTESIAN_POINT('',(0.003500999999999,0.00074344178296,0.007014006150859));
#8684=CARTESIAN_POINT('',(0.003500999999999,0.000726161006391,0.007003151078213));
#8685=CARTESIAN_POINT('',(0.003500999999999,0.000786175833321,0.007019371301707));
#8686=CARTESIAN_POINT('',(0.003500999999999,0.000726161006391,0.00700315101992007));
#8687=CARTESIAN_POINT('',(0.003500999999999,0.000726161006391,0.007015331842202));
#8688=CARTESIAN_POINT('',(0.003500999999999,0.000726161109420839,0.00697345567574022));
#8689=CARTESIAN_POINT('',(0.003500999999999,0.000726161006391,0.006973455592122));
#8690=CARTESIAN_POINT('',(0.003500999999999,0.000743379397485,0.006987429938518));
#8691=CARTESIAN_POINT('',(0.003500999999999,0.000762406967354,0.006994541882666));
#8692=CARTESIAN_POINT('',(0.003500999999999,0.000783306101472,0.006994541882666));
#8693=CARTESIAN_POINT('',(0.003500999999999,0.000783306101472,0.006994541882666));
#8694=CARTESIAN_POINT('',(0.003500999999999,0.000783306101472,0.006994541882666));
#8695=CARTESIAN_POINT('',(0.003500999999999,0.000806825425539,0.006994541882666));
#8696=CARTESIAN_POINT('',(0.003500999999999,0.00081861628031,0.00698031799437));
#8697=CARTESIAN_POINT('',(0.003500999999999,0.00081861628031,0.00695187021778));
#8698=CARTESIAN_POINT('',(0.003500999999999,0.000818616203858026,0.0069518702070695));
#8699=CARTESIAN_POINT('',(0.003500999999999,0.00081861628031,0.00695187021778));
#8700=CARTESIAN_POINT('',(0.003500999999999,0.000766961107027,0.006944633502683));
#8701=CARTESIAN_POINT('',(0.003500999999999,0.000766961107027,0.006944633502683));
#8702=CARTESIAN_POINT('',(0.003500999999999,0.000728406883491,0.006939268351834));
#8703=CARTESIAN_POINT('',(0.003500999999999,0.000709129771722,0.00692030316744));
#8704=CARTESIAN_POINT('',(0.003500999999999,0.000709129771722,0.006887737949502));
#8705=CARTESIAN_POINT('',(0.003500999999999,0.000709129771722,0.006887737949502));
#8706=CARTESIAN_POINT('',(0.003500999999999,0.000709129771722,0.006887737949502));
#8707=CARTESIAN_POINT('',(0.003500999999999,0.000709129771722,0.006872141580757));
#8708=CARTESIAN_POINT('',(0.003500999999999,0.00071412060972,0.00685978925671));
#8709=CARTESIAN_POINT('',(0.003500999999999,0.000724102285717,0.006850680977363));
#8710=CARTESIAN_POINT('',(0.003500999999999,0.000724102285717,0.006850680977363));
#8711=CARTESIAN_POINT('',(0.003500999999999,0.000724102285717,0.006850680977363));
#8712=CARTESIAN_POINT('',(0.003500999999999,0.000734083961713,0.006841572698017));
#8713=CARTESIAN_POINT('',(0.003500999999999,0.000747496838834,0.006836956172869));
#8714=CARTESIAN_POINT('',(0.003500999999999,0.000764403302553,0.006836956172869));
#8715=CARTESIAN_POINT('',(0.003500999999999,0.000764403302553,0.006836956172869));
#8716=CARTESIAN_POINT('',(0.003500999999999,0.000764403302553,0.006836956172869));
#8717=CARTESIAN_POINT('',(0.003500999999999,0.00078792262662,0.006836956172869));
#8718=CARTESIAN_POINT('',(0.003500999999999,0.000805764872465,0.006847312161715));
#8719=CARTESIAN_POINT('',(0.003500999999999,0.000817805269135,0.006868024139408));
#8720=CARTESIAN_POINT('',(0.003500999999999,0.000817805334521416,0.006868024139408));
#8721=CARTESIAN_POINT('',(0.003500999999999,0.000754133093735,0.006868024139408));
#8722=CARTESIAN_POINT('',(0.003500999999999,0.00081861628031,0.006868024139408));
#8723=CARTESIAN_POINT('',(0.003500999999999,0.00081861628031,0.007015331842202));
#8724=CARTESIAN_POINT('',(0.003500999999999,0.00081861628031,0.006841073614217));
#8725=CARTESIAN_POINT('',(0.003500999999999,0.000754133093735,0.006841073614217));
#8726=CARTESIAN_POINT('',(0.003500999999999,0.00084918516305,0.006841073614217));
#8727=CARTESIAN_POINT('',(0.003500999999999,0.00084918516305,0.007015331842202));
#8728=CARTESIAN_POINT('',(0.003500999999999,0.00084918516305,0.006953242698228));
#8729=CARTESIAN_POINT('',(0.003500999999999,0.00084918516305,0.006953242698228));
#8730=CARTESIAN_POINT('',(0.003500999999999,0.00084918516305,0.006997411614515));
#8731=CARTESIAN_POINT('',(0.003500999999999,0.000828161257982,0.007019371301707));
#8732=CARTESIAN_POINT('',(0.003500999999999,0.000786175833321,0.007019371301707));
#8733=CARTESIAN_POINT('',(0.003500999999999,0.000740135352787,0.0068902333685));
#8734=CARTESIAN_POINT('',(0.003500999999999,0.000740135352787,0.006899715960697));
#8735=CARTESIAN_POINT('',(0.003500999999999,0.000742880313685,0.006907077446745));
#8736=CARTESIAN_POINT('',(0.003500999999999,0.000748245464534,0.006912317826642));
#8737=CARTESIAN_POINT('',(0.003500999999999,0.000748245464534009,0.00691231782664201));
#8738=CARTESIAN_POINT('',(0.003500999999999,0.000740135352787,0.0068902333685));
#8739=CARTESIAN_POINT('',(0.003500999999999,0.000748245464534,0.006912317826642));
#8740=CARTESIAN_POINT('',(0.003500999999999,0.000753673000857,0.006917558206541));
#8741=CARTESIAN_POINT('',(0.003500999999999,0.000763529905904,0.006921051793139));
#8742=CARTESIAN_POINT('',(0.003500999999999,0.000777816179673,0.00692304812834));
#8743=CARTESIAN_POINT('',(0.003500999999999,0.000777816227849717,0.00692304813482188));
#8744=CARTESIAN_POINT('',(0.003500999999999,0.00081861628031,0.006928538050138));
#8745=CARTESIAN_POINT('',(0.003500999999999,0.00081861628031,0.006928538050138));
#8746=CARTESIAN_POINT('',(0.003500999999999,0.00081861628031,0.006911818742843));
#8747=CARTESIAN_POINT('',(0.003500999999999,0.00081861628031,0.006911818742843));
#8748=CARTESIAN_POINT('',(0.003500999999999,0.00081861628031,0.006911818742843));
#8749=CARTESIAN_POINT('',(0.003500999999999,0.00081861628031,0.006897470083597));
#8750=CARTESIAN_POINT('',(0.003500999999999,0.000814249297061,0.006885616843352));
#8751=CARTESIAN_POINT('',(0.003500999999999,0.000805515330564,0.006876259022105));
#8752=CARTESIAN_POINT('',(0.003500999999999,0.000805515330564,0.006876259022105));
#8753=CARTESIAN_POINT('',(0.003500999999999,0.000805515330564,0.006876259022105));
#8754=CARTESIAN_POINT('',(0.003500999999999,0.000796843749542,0.006866776429908));
#8755=CARTESIAN_POINT('',(0.003500999999999,0.000785739134996,0.00686203513381));
#8756=CARTESIAN_POINT('',(0.003500999999999,0.000772326257876,0.00686203513381));
#8757=CARTESIAN_POINT('',(0.003500999999999,0.000772326257876,0.00686203513381));
#8758=CARTESIAN_POINT('',(0.003500999999999,0.000772326257876,0.00686203513381));
#8759=CARTESIAN_POINT('',(0.003500999999999,0.000762656509253,0.00686203513381));
#8760=CARTESIAN_POINT('',(0.003500999999999,0.000754858324882,0.006864655323759));
#8761=CARTESIAN_POINT('',(0.003500999999999,0.000748994090234,0.006869895703657));
#8762=CARTESIAN_POINT('',(0.003500999999999,0.000748994090234,0.006869895703657));
#8763=CARTESIAN_POINT('',(0.003500999999999,0.000748994090234,0.006869895703657));
#8764=CARTESIAN_POINT('',(0.003500999999999,0.000743067470111,0.006875136083555));
#8765=CARTESIAN_POINT('',(0.003500999999999,0.000740135352787,0.006881873714854));
#8766=CARTESIAN_POINT('',(0.003500999999999,0.000740135352787,0.0068902333685));
#8767=CARTESIAN_POINT('',(0.003499999999999,0.000754133093735,0.007015331842202));
#8768=CARTESIAN_POINT('',(0.003499999999999,0.000726161006391,0.007003151078213));
#8769=CARTESIAN_POINT('',(0.003499999999999,0.00074344178296,0.007014006150859));
#8770=CARTESIAN_POINT('',(0.003499999999999,0.000763467520429,0.007019371301707));
#8771=CARTESIAN_POINT('',(0.003499999999999,0.000786175833321,0.007019371301707));
#8772=CARTESIAN_POINT('',(0.003499999999999,0.000786175833321,0.007019371301707));
#8773=CARTESIAN_POINT('',(0.003499999999999,0.000726161006391,0.007003151078213));
#8774=CARTESIAN_POINT('',(0.003499999999999,0.000786175833321,0.007019371301707));
#8775=CARTESIAN_POINT('',(0.003499999999999,0.000828161257982,0.007019371301707));
#8776=CARTESIAN_POINT('',(0.003499999999999,0.00084918516305,0.006997411614515));
#8777=CARTESIAN_POINT('',(0.003499999999999,0.00084918516305,0.006953242698228));
#8778=CARTESIAN_POINT('',(0.003499999999999,0.00084918516305,0.00695324264961781));
#8779=CARTESIAN_POINT('',(0.003499999999999,0.00084918516305,0.006953242698228));
#8780=CARTESIAN_POINT('',(0.003499999999999,0.00084918516305,0.006841073614217));
#8781=CARTESIAN_POINT('',(0.003499999999999,0.00084918516305,0.006841073614217));
#8782=CARTESIAN_POINT('',(0.003499999999999,0.00081861628031,0.006841073614217));
#8783=CARTESIAN_POINT('',(0.003499999999999,0.00081861628031,0.006841073614217));
#8784=CARTESIAN_POINT('',(0.003499999999999,0.00081861628031,0.006868024139408));
#8785=CARTESIAN_POINT('',(0.003499999999999,0.00081861628031,0.006868024139408));
#8786=CARTESIAN_POINT('',(0.003499999999999,0.000817805269135,0.006868024139408));
#8787=CARTESIAN_POINT('',(0.003499999999999,0.000817805269135,0.006868024139408));
#8788=CARTESIAN_POINT('',(0.003499999999999,0.000805764872465,0.006847312161715));
#8789=CARTESIAN_POINT('',(0.003499999999999,0.00078792262662,0.006836956172869));
#8790=CARTESIAN_POINT('',(0.003499999999999,0.000764403302553,0.006836956172869));
#8791=CARTESIAN_POINT('',(0.003499999999999,0.000764403302553,0.006836956172869));
#8792=CARTESIAN_POINT('',(0.003499999999999,0.000764403302553,0.006836956172869));
#8793=CARTESIAN_POINT('',(0.003499999999999,0.000747496838834,0.006836956172869));
#8794=CARTESIAN_POINT('',(0.003499999999999,0.000734083961713,0.006841572698017));
#8795=CARTESIAN_POINT('',(0.003499999999999,0.000724102285717,0.006850680977363));
#8796=CARTESIAN_POINT('',(0.003499999999999,0.000724102285717,0.006850680977363));
#8797=CARTESIAN_POINT('',(0.003499999999999,0.000724102285717,0.006850680977363));
#8798=CARTESIAN_POINT('',(0.003499999999999,0.00071412060972,0.00685978925671));
#8799=CARTESIAN_POINT('',(0.003499999999999,0.000709129771722,0.006872141580757));
#8800=CARTESIAN_POINT('',(0.003499999999999,0.000709129771722,0.006887737949502));
#8801=CARTESIAN_POINT('',(0.003499999999999,0.000709129771722,0.006887737949502));
#8802=CARTESIAN_POINT('',(0.003499999999999,0.000709129771722,0.006887737949502));
#8803=CARTESIAN_POINT('',(0.003499999999999,0.000709129771722,0.00692030316744));
#8804=CARTESIAN_POINT('',(0.003499999999999,0.000728406883491,0.006939268351834));
#8805=CARTESIAN_POINT('',(0.003499999999999,0.000766961107027,0.006944633502683));
#8806=CARTESIAN_POINT('',(0.003499999999999,0.000766961155167171,0.00694463350942728));
#8807=CARTESIAN_POINT('',(0.003499999999999,0.000766961107027,0.006944633502683));
#8808=CARTESIAN_POINT('',(0.003499999999999,0.000818616280309955,0.00695187021778032));
#8809=CARTESIAN_POINT('',(0.003499999999999,0.00081861628031,0.00695187021778));
#8810=CARTESIAN_POINT('',(0.003499999999999,0.00081861628031,0.00698031799437));
#8811=CARTESIAN_POINT('',(0.003499999999999,0.000806825425539,0.006994541882666));
#8812=CARTESIAN_POINT('',(0.003499999999999,0.000783306101472,0.006994541882666));
#8813=CARTESIAN_POINT('',(0.003499999999999,0.000783306101472,0.006994541882666));
#8814=CARTESIAN_POINT('',(0.003499999999999,0.000783306101472,0.006994541882666));
#8815=CARTESIAN_POINT('',(0.003499999999999,0.000762406967354,0.006994541882666));
#8816=CARTESIAN_POINT('',(0.003499999999999,0.000743379397485,0.006987429938518));
#8817=CARTESIAN_POINT('',(0.003499999999999,0.000726161006391,0.006973455592122));
#8818=CARTESIAN_POINT('',(0.003499999999999,0.000726161006391,0.00697345573321301));
#8819=CARTESIAN_POINT('',(0.003499999999999,0.000726161006391,0.006973455592122));
#8820=CARTESIAN_POINT('',(0.003499999999999,0.000777816179673,0.00692304812834));
#8821=CARTESIAN_POINT('',(0.003499999999999,0.000763529905904,0.006921051793139));
#8822=CARTESIAN_POINT('',(0.003499999999999,0.000753673000857,0.006917558206541));
#8823=CARTESIAN_POINT('',(0.003499999999999,0.000748245464534,0.006912317826642));
#8824=CARTESIAN_POINT('',(0.003499999999999,0.00077781617967304,0.0069230481283397));
#8825=CARTESIAN_POINT('',(0.003499999999999,0.000748245464534009,0.00691231782664201));
#8826=CARTESIAN_POINT('',(0.003499999999999,0.000748245464534,0.006912317826642));
#8827=CARTESIAN_POINT('',(0.003499999999999,0.000742880313685,0.006907077446745));
#8828=CARTESIAN_POINT('',(0.003499999999999,0.000740135352787,0.006899715960697));
#8829=CARTESIAN_POINT('',(0.003499999999999,0.000740135352787,0.0068902333685));
#8830=CARTESIAN_POINT('',(0.003499999999999,0.000740135352787,0.0068902333685));
#8831=CARTESIAN_POINT('',(0.003499999999999,0.000740135352787,0.0068902333685));
#8832=CARTESIAN_POINT('',(0.003499999999999,0.000740135352787,0.006881873714854));
#8833=CARTESIAN_POINT('',(0.003499999999999,0.000743067470111,0.006875136083555));
#8834=CARTESIAN_POINT('',(0.003499999999999,0.000748994090234,0.006869895703657));
#8835=CARTESIAN_POINT('',(0.003499999999999,0.000748994090234,0.006869895703657));
#8836=CARTESIAN_POINT('',(0.003499999999999,0.000748994090234,0.006869895703657));
#8837=CARTESIAN_POINT('',(0.003499999999999,0.000754858324882,0.006864655323759));
#8838=CARTESIAN_POINT('',(0.003499999999999,0.000762656509253,0.00686203513381));
#8839=CARTESIAN_POINT('',(0.003499999999999,0.000772326257876,0.00686203513381));
#8840=CARTESIAN_POINT('',(0.003499999999999,0.000772326257876,0.00686203513381));
#8841=CARTESIAN_POINT('',(0.003499999999999,0.000772326257876,0.00686203513381));
#8842=CARTESIAN_POINT('',(0.003499999999999,0.000785739134996,0.00686203513381));
#8843=CARTESIAN_POINT('',(0.003499999999999,0.000796843749542,0.006866776429908));
#8844=CARTESIAN_POINT('',(0.003499999999999,0.000805515330564,0.006876259022105));
#8845=CARTESIAN_POINT('',(0.003499999999999,0.000805515330564,0.006876259022105));
#8846=CARTESIAN_POINT('',(0.003499999999999,0.000805515330564,0.006876259022105));
#8847=CARTESIAN_POINT('',(0.003499999999999,0.000814249297061,0.006885616843352));
#8848=CARTESIAN_POINT('',(0.003499999999999,0.00081861628031,0.006897470083597));
#8849=CARTESIAN_POINT('',(0.003499999999999,0.00081861628031,0.006911818742843));
#8850=CARTESIAN_POINT('',(0.003499999999999,0.00081861628031,0.00691181879145381));
#8851=CARTESIAN_POINT('',(0.003499999999999,0.00081861628031,0.007015331842202));
#8852=CARTESIAN_POINT('',(0.003499999999999,0.00081861628031,0.006928538050138));
#8853=CARTESIAN_POINT('',(0.003499999999999,0.00081861628031,0.006928538050138));
#8854=CARTESIAN_POINT('',(0.003500999999999,0.000786175833321,0.007019371301707));
#8855=CARTESIAN_POINT('',(0.003499999999999,0.000786175833321,0.007019371301707));
#8856=CARTESIAN_POINT('',(0.003500999999999,0.000763467520429,0.007019371301707));
#8857=CARTESIAN_POINT('',(0.003499999999999,0.000763467520429,0.007019371301707));
#8858=CARTESIAN_POINT('',(0.003500999999999,0.00074344178296,0.007014006150859));
#8859=CARTESIAN_POINT('',(0.003499999999999,0.00074344178296,0.007014006150859));
#8860=CARTESIAN_POINT('',(0.003500999999999,0.000726161006391,0.007003151078213));
#8861=CARTESIAN_POINT('',(0.003499999999999,0.000726161006391,0.007003151078213));
#8862=CARTESIAN_POINT('',(0.003500999999999,0.000726161006391,0.007003151078213));
#8863=CARTESIAN_POINT('',(0.003500499999999,0.000786175833321,0.007019371301707));
#8864=CARTESIAN_POINT('',(0.003500999999999,0.000726161006391,0.006973455592122));
#8865=CARTESIAN_POINT('',(0.003500999999999,0.000726161006391,0.006973455592122));
#8866=CARTESIAN_POINT('',(0.003500999999999,0.000726161006391,0.006973455592122));
#8867=CARTESIAN_POINT('',(0.003499999999999,0.000726161006391,0.006973455592122));
#8868=CARTESIAN_POINT('',(0.003500999999999,0.000743379397485,0.006987429938518));
#8869=CARTESIAN_POINT('',(0.003499999999999,0.000743379397485,0.006987429938518));
#8870=CARTESIAN_POINT('',(0.003500999999999,0.000762406967354,0.006994541882666));
#8871=CARTESIAN_POINT('',(0.003499999999999,0.000762406967354,0.006994541882666));
#8872=CARTESIAN_POINT('',(0.003500999999999,0.000783306101472,0.006994541882666));
#8873=CARTESIAN_POINT('',(0.003499999999999,0.000783306101472,0.006994541882666));
#8874=CARTESIAN_POINT('',(0.003500499999999,0.000783306101472,0.006994541882666));
#8875=CARTESIAN_POINT('',(0.003500999999999,0.000783306110220203,0.006994541882666));
#8876=CARTESIAN_POINT('',(0.003499999999999,0.000783306110220203,0.006994541882666));
#8877=CARTESIAN_POINT('',(0.003500999999999,0.000806825431230266,0.00699454187913888));
#8878=CARTESIAN_POINT('',(0.003499999999999,0.000806825431230266,0.00699454187913888));
#8879=CARTESIAN_POINT('',(0.003500999999999,0.000818616283084804,0.00698031798749549));
#8880=CARTESIAN_POINT('',(0.003499999999999,0.000818616283084804,0.00698031798749549));
#8881=CARTESIAN_POINT('',(0.003500999999999,0.00081861628031,0.00695187020773785));
#8882=CARTESIAN_POINT('',(0.003499999999999,0.00081861628031,0.00695187020773785));
#8883=CARTESIAN_POINT('',(0.003500999999999,0.000818616280309911,0.00695187021778064));
#8884=CARTESIAN_POINT('',(0.003500999999999,0.000766961107027,0.006944633502683));
#8885=CARTESIAN_POINT('',(0.003500999999999,0.000766961107027,0.006944633502683));
#8886=CARTESIAN_POINT('',(0.003499999999999,0.000709129771722,0.00688773795826188));
#8887=CARTESIAN_POINT('',(0.003500999999999,0.000709129771722,0.00688773795826188));
#8888=CARTESIAN_POINT('',(0.003499999999999,0.000709129775178966,0.00692030317071114));
#8889=CARTESIAN_POINT('',(0.003500999999999,0.000709129775178966,0.00692030317071114));
#8890=CARTESIAN_POINT('',(0.003499999999999,0.000728406886794198,0.00693926835216379));
#8891=CARTESIAN_POINT('',(0.003500999999999,0.000728406886794198,0.00693926835216379));
#8892=CARTESIAN_POINT('',(0.003499999999999,0.000766961106565697,0.00694463350261881));
#8893=CARTESIAN_POINT('',(0.003500999999999,0.000766961106565697,0.00694463350261881));
#8894=CARTESIAN_POINT('',(0.003500499999999,0.000709129771722,0.006887737949502));
#8895=CARTESIAN_POINT('',(0.003500999999999,0.000709129771722,0.006887737949502));
#8896=CARTESIAN_POINT('',(0.003499999999999,0.000709129771722,0.006887737949502));
#8897=CARTESIAN_POINT('',(0.003500999999999,0.000709129771722,0.006872141580757));
#8898=CARTESIAN_POINT('',(0.003499999999999,0.000709129771722,0.006872141580757));
#8899=CARTESIAN_POINT('',(0.003500999999999,0.00071412060972,0.00685978925671));
#8900=CARTESIAN_POINT('',(0.003499999999999,0.00071412060972,0.00685978925671));
#8901=CARTESIAN_POINT('',(0.003500999999999,0.000724102285717,0.006850680977363));
#8902=CARTESIAN_POINT('',(0.003499999999999,0.000724102285717,0.006850680977363));
#8903=CARTESIAN_POINT('',(0.003500499999999,0.000724102285717,0.006850680977363));
#8904=CARTESIAN_POINT('',(0.003500999999999,0.000724102285717,0.006850680977363));
#8905=CARTESIAN_POINT('',(0.003499999999999,0.000724102285717,0.006850680977363));
#8906=CARTESIAN_POINT('',(0.003500999999999,0.000734083961713,0.006841572698017));
#8907=CARTESIAN_POINT('',(0.003499999999999,0.000734083961713,0.006841572698017));
#8908=CARTESIAN_POINT('',(0.003500999999999,0.000747496838834,0.006836956172869));
#8909=CARTESIAN_POINT('',(0.003499999999999,0.000747496838834,0.006836956172869));
#8910=CARTESIAN_POINT('',(0.003500999999999,0.000764403302553,0.006836956172869));
#8911=CARTESIAN_POINT('',(0.003499999999999,0.000764403302553,0.006836956172869));
#8912=CARTESIAN_POINT('',(0.003500499999999,0.000764403302553,0.006836956172869));
#8913=CARTESIAN_POINT('',(0.003500999999999,0.000764403302553,0.006836956172869));
#8914=CARTESIAN_POINT('',(0.003499999999999,0.000764403302553,0.006836956172869));
#8915=CARTESIAN_POINT('',(0.003500999999999,0.00078792262662,0.006836956172869));
#8916=CARTESIAN_POINT('',(0.003499999999999,0.00078792262662,0.006836956172869));
#8917=CARTESIAN_POINT('',(0.003500999999999,0.000805764872465,0.006847312161715));
#8918=CARTESIAN_POINT('',(0.003499999999999,0.000805764872465,0.006847312161715));
#8919=CARTESIAN_POINT('',(0.003500999999999,0.000817805269135,0.006868024139408));
#8920=CARTESIAN_POINT('',(0.003499999999999,0.000817805269135,0.006868024139408));
#8921=CARTESIAN_POINT('',(0.003500999999999,0.000817805269135,0.006868024139408));
#8922=CARTESIAN_POINT('',(0.003500999999999,0.00081861628031,0.006868024139408));
#8923=CARTESIAN_POINT('',(0.003500999999999,0.00081861628031,0.006868024139408));
#8924=CARTESIAN_POINT('',(0.003500999999999,0.00081861628031,0.006841073614217));
#8925=CARTESIAN_POINT('',(0.003500999999999,0.00081861628031,0.006841073614217));
#8926=CARTESIAN_POINT('',(0.003500999999999,0.00084918516305,0.006841073614217));
#8927=CARTESIAN_POINT('',(0.003500999999999,0.00084918516305,0.006841073614217));
#8928=CARTESIAN_POINT('',(0.003500999999999,0.00084918516305,0.006953242698228));
#8929=CARTESIAN_POINT('',(0.003500999999999,0.00084918516305,0.006953242698228));
#8930=CARTESIAN_POINT('',(0.003499999999999,0.000786175834956112,0.007019371301707));
#8931=CARTESIAN_POINT('',(0.003500999999999,0.000786175834956112,0.007019371301707));
#8932=CARTESIAN_POINT('',(0.003499999999999,0.000828161258404176,0.00701937130113687));
#8933=CARTESIAN_POINT('',(0.003500999999999,0.000828161258404176,0.00701937130113687));
#8934=CARTESIAN_POINT('',(0.003499999999999,0.000849185162926147,0.00699741161407098));
#8935=CARTESIAN_POINT('',(0.003500999999999,0.000849185162926147,0.00699741161407098));
#8936=CARTESIAN_POINT('',(0.003499999999999,0.00084918516305,0.0069532426986183));
#8937=CARTESIAN_POINT('',(0.003500999999999,0.00084918516305,0.0069532426986183));
#8938=CARTESIAN_POINT('',(0.003500999999999,0.000777816179673,0.00692304812834));
#8939=CARTESIAN_POINT('',(0.003499999999999,0.000777816179673,0.00692304812834));
#8940=CARTESIAN_POINT('',(0.003500999999999,0.000763529905904,0.006921051793139));
#8941=CARTESIAN_POINT('',(0.003499999999999,0.000763529905904,0.006921051793139));
#8942=CARTESIAN_POINT('',(0.003500999999999,0.000753673000857,0.006917558206541));
#8943=CARTESIAN_POINT('',(0.003499999999999,0.000753673000857,0.006917558206541));
#8944=CARTESIAN_POINT('',(0.003500999999999,0.000748245464534,0.006912317826642));
#8945=CARTESIAN_POINT('',(0.003499999999999,0.000748245464534,0.006912317826642));
#8946=CARTESIAN_POINT('',(0.003500999999999,0.000777816179673081,0.0069230481283394));
#8947=CARTESIAN_POINT('',(0.003500499999999,0.000748245464534017,0.00691231782664202));
#8948=CARTESIAN_POINT('',(0.003500999999999,0.000748245464534,0.006912317826642));
#8949=CARTESIAN_POINT('',(0.003499999999999,0.000748245464534,0.006912317826642));
#8950=CARTESIAN_POINT('',(0.003500999999999,0.000742880313685,0.006907077446745));
#8951=CARTESIAN_POINT('',(0.003499999999999,0.000742880313685,0.006907077446745));
#8952=CARTESIAN_POINT('',(0.003500999999999,0.000740135352787,0.006899715960697));
#8953=CARTESIAN_POINT('',(0.003499999999999,0.000740135352787,0.006899715960697));
#8954=CARTESIAN_POINT('',(0.003500999999999,0.000740135352787,0.0068902333685));
#8955=CARTESIAN_POINT('',(0.003499999999999,0.000740135352787,0.0068902333685));
#8956=CARTESIAN_POINT('',(0.003500499999999,0.000740135352787,0.0068902333685));
#8957=CARTESIAN_POINT('',(0.003500999999999,0.000740135352787,0.0068902333685));
#8958=CARTESIAN_POINT('',(0.003499999999999,0.000740135352787,0.0068902333685));
#8959=CARTESIAN_POINT('',(0.003500999999999,0.000740135352787,0.006881873714854));
#8960=CARTESIAN_POINT('',(0.003499999999999,0.000740135352787,0.006881873714854));
#8961=CARTESIAN_POINT('',(0.003500999999999,0.000743067470111,0.006875136083555));
#8962=CARTESIAN_POINT('',(0.003499999999999,0.000743067470111,0.006875136083555));
#8963=CARTESIAN_POINT('',(0.003500999999999,0.000748994090234,0.006869895703657));
#8964=CARTESIAN_POINT('',(0.003499999999999,0.000748994090234,0.006869895703657));
#8965=CARTESIAN_POINT('',(0.003500499999999,0.000748994090234,0.006869895703657));
#8966=CARTESIAN_POINT('',(0.003500999999999,0.000748994090234,0.006869895703657));
#8967=CARTESIAN_POINT('',(0.003499999999999,0.000748994090234,0.006869895703657));
#8968=CARTESIAN_POINT('',(0.003500999999999,0.000754858324882,0.006864655323759));
#8969=CARTESIAN_POINT('',(0.003499999999999,0.000754858324882,0.006864655323759));
#8970=CARTESIAN_POINT('',(0.003500999999999,0.000762656509253,0.00686203513381));
#8971=CARTESIAN_POINT('',(0.003499999999999,0.000762656509253,0.00686203513381));
#8972=CARTESIAN_POINT('',(0.003500999999999,0.000772326257876,0.00686203513381));
#8973=CARTESIAN_POINT('',(0.003499999999999,0.000772326257876,0.00686203513381));
#8974=CARTESIAN_POINT('',(0.003500499999999,0.000772326257876,0.00686203513381));
#8975=CARTESIAN_POINT('',(0.003500999999999,0.000772326257876,0.00686203513381));
#8976=CARTESIAN_POINT('',(0.003499999999999,0.000772326257876,0.00686203513381));
#8977=CARTESIAN_POINT('',(0.003500999999999,0.000785739134996,0.00686203513381));
#8978=CARTESIAN_POINT('',(0.003499999999999,0.000785739134996,0.00686203513381));
#8979=CARTESIAN_POINT('',(0.003500999999999,0.000796843749542,0.006866776429908));
#8980=CARTESIAN_POINT('',(0.003499999999999,0.000796843749542,0.006866776429908));
#8981=CARTESIAN_POINT('',(0.003500999999999,0.000805515330564,0.006876259022105));
#8982=CARTESIAN_POINT('',(0.003499999999999,0.000805515330564,0.006876259022105));
#8983=CARTESIAN_POINT('',(0.003500499999999,0.000805515330564,0.006876259022105));
#8984=CARTESIAN_POINT('',(0.003500999999999,0.000805515330564,0.006876259022105));
#8985=CARTESIAN_POINT('',(0.003499999999999,0.000805515330564,0.006876259022105));
#8986=CARTESIAN_POINT('',(0.003500999999999,0.000814249297061,0.006885616843352));
#8987=CARTESIAN_POINT('',(0.003499999999999,0.000814249297061,0.006885616843352));
#8988=CARTESIAN_POINT('',(0.003500999999999,0.00081861628031,0.006897470083597));
#8989=CARTESIAN_POINT('',(0.003499999999999,0.00081861628031,0.006897470083597));
#8990=CARTESIAN_POINT('',(0.003500999999999,0.00081861628031,0.006911818742843));
#8991=CARTESIAN_POINT('',(0.003499999999999,0.00081861628031,0.006911818742843));
#8992=CARTESIAN_POINT('',(0.003500999999999,0.00081861628031,0.006911818742843));
#8993=CARTESIAN_POINT('',(0.003500999999999,0.00081861628031,0.006911818742843));
#8994=CARTESIAN_POINT('',(0.003500999999999,0.00081861628031,0.006928538050138));
#8995=CARTESIAN_POINT('',(0.003500999999999,0.00081861628031,0.006928538050138));
#8996=CARTESIAN_POINT('',(0.,0.,0.));
#8997=CARTESIAN_POINT('',(0.003500999999999,0.001050128777957,0.007256061793777));
#8998=CARTESIAN_POINT('',(0.003499999999999,0.001050128777957,0.007256061793777));
#8999=CARTESIAN_POINT('',(0.003499999999999,0.001050128777957,0.007228237871937));
#9000=CARTESIAN_POINT('',(0.003499999999999,0.001050128777957,0.007256061793777));
#9001=CARTESIAN_POINT('',(0.003500999999999,0.001050128777957,0.007256061793777));
#9002=CARTESIAN_POINT('',(0.003500999999999,0.001050128777957,0.007256061793777));
#9003=CARTESIAN_POINT('',(0.003500999999999,0.001050128777957,0.));
#9004=CARTESIAN_POINT('',(0.003500999999999,0.001050128777957,0.007228237871937));
#9005=CARTESIAN_POINT('',(0.003500999999999,0.001050128777957,0.007228237871937));
#9006=CARTESIAN_POINT('',(0.003500999999999,0.000950374403466,0.007256061793777));
#9007=CARTESIAN_POINT('',(0.003499999999999,0.000950374403466,0.007256061793777));
#9008=CARTESIAN_POINT('',(0.003499999999999,0.000950374403466,0.007256061793777));
#9009=CARTESIAN_POINT('',(0.003500999999999,0.000950374403466,0.007256061793777));
#9010=CARTESIAN_POINT('',(0.003500999999999,0.000950374403466,0.007256061793777));
#9011=CARTESIAN_POINT('',(0.003500999999999,0.,0.007256061793777));
#9012=CARTESIAN_POINT('',(0.003500999999999,0.000950374403466,0.007338161078849));
#9013=CARTESIAN_POINT('',(0.003499999999999,0.000950374403466,0.007338161078849));
#9014=CARTESIAN_POINT('',(0.003499999999999,0.000950374403466,0.007338161078849));
#9015=CARTESIAN_POINT('',(0.003500999999999,0.000950374403466,0.007338161078849));
#9016=CARTESIAN_POINT('',(0.003500999999999,0.000950374403466,0.007338161078849));
#9017=CARTESIAN_POINT('',(0.003500999999999,0.000950374403466,0.));
#9018=CARTESIAN_POINT('',(0.003500999999999,0.001037651682961,0.007338161078849));
#9019=CARTESIAN_POINT('',(0.003499999999999,0.001037651682961,0.007338161078849));
#9020=CARTESIAN_POINT('',(0.003499999999999,0.001037651682961,0.007338161078849));
#9021=CARTESIAN_POINT('',(0.003500999999999,0.001037651682961,0.007338161078849));
#9022=CARTESIAN_POINT('',(0.003500999999999,0.001037651682961,0.007338161078849));
#9023=CARTESIAN_POINT('',(0.003500999999999,0.,0.007338161078849));
#9024=CARTESIAN_POINT('',(0.003500999999999,0.001037651682961,0.00736610977164));
#9025=CARTESIAN_POINT('',(0.003499999999999,0.001037651682961,0.00736610977164));
#9026=CARTESIAN_POINT('',(0.003499999999999,0.001037651682961,0.00736610977164));
#9027=CARTESIAN_POINT('',(0.003500999999999,0.001037651682961,0.00736610977164));
#9028=CARTESIAN_POINT('',(0.003500999999999,0.001037651682961,0.00736610977164));
#9029=CARTESIAN_POINT('',(0.003500999999999,0.001037651682961,0.));
#9030=CARTESIAN_POINT('',(0.003500999999999,0.000950374403466,0.00736610977164));
#9031=CARTESIAN_POINT('',(0.003499999999999,0.000950374403466,0.00736610977164));
#9032=CARTESIAN_POINT('',(0.003499999999999,0.000950374403466,0.00736610977164));
#9033=CARTESIAN_POINT('',(0.003500999999999,0.000950374403466,0.00736610977164));
#9034=CARTESIAN_POINT('',(0.003500999999999,0.000950374403466,0.00736610977164));
#9035=CARTESIAN_POINT('',(0.003500999999999,0.,0.00736610977164));
#9036=CARTESIAN_POINT('',(0.003500999999999,0.000950374403466,0.007444216386314));
#9037=CARTESIAN_POINT('',(0.003499999999999,0.000950374403466,0.007444216386314));
#9038=CARTESIAN_POINT('',(0.003499999999999,0.000950374403466,0.007444216386314));
#9039=CARTESIAN_POINT('',(0.003500999999999,0.000950374403466,0.007444216386314));
#9040=CARTESIAN_POINT('',(0.003500999999999,0.000950374403466,0.007444216386314));
#9041=CARTESIAN_POINT('',(0.003500999999999,0.000950374403466,0.));
#9042=CARTESIAN_POINT('',(0.003500999999999,0.001044576470684,0.007444216386314));
#9043=CARTESIAN_POINT('',(0.003499999999999,0.001044576470684,0.007444216386314));
#9044=CARTESIAN_POINT('',(0.003499999999999,0.001044576470684,0.007444216386314));
#9045=CARTESIAN_POINT('',(0.003500999999999,0.001044576470684,0.007444216386314));
#9046=CARTESIAN_POINT('',(0.003500999999999,0.001044576470684,0.007444216386314));
#9047=CARTESIAN_POINT('',(0.003500999999999,0.,0.007444216386314));
#9048=CARTESIAN_POINT('',(0.003500999999999,0.001044576470684,0.007472289850054));
#9049=CARTESIAN_POINT('',(0.003499999999999,0.001044576470684,0.007472289850054));
#9050=CARTESIAN_POINT('',(0.003499999999999,0.001044576470684,0.007472289850054));
#9051=CARTESIAN_POINT('',(0.003500999999999,0.001044576470684,0.007472289850054));
#9052=CARTESIAN_POINT('',(0.003500999999999,0.001044576470684,0.007472289850054));
#9053=CARTESIAN_POINT('',(0.003500999999999,0.001044576470684,0.));
#9054=CARTESIAN_POINT('',(0.003500999999999,0.000918869738602,0.007472289850054));
#9055=CARTESIAN_POINT('',(0.003499999999999,0.000918869738602,0.007472289850054));
#9056=CARTESIAN_POINT('',(0.003499999999999,0.000918869738601999,0.007472289850054));
#9057=CARTESIAN_POINT('',(0.003500999999999,0.000918869738601999,0.007472289850054));
#9058=CARTESIAN_POINT('',(0.003500999999999,0.000918869738602,0.007472289850054));
#9059=CARTESIAN_POINT('',(0.003500999999999,0.,0.007472289850054));
#9060=CARTESIAN_POINT('',(0.003500999999999,0.000918869738602,0.007228237871937));
#9061=CARTESIAN_POINT('',(0.003499999999999,0.000918869738602,0.007228237871937));
#9062=CARTESIAN_POINT('',(0.003499999999999,0.000918869738602,0.007228237871937));
#9063=CARTESIAN_POINT('',(0.003500999999999,0.000918869738602,0.007228237871937));
#9064=CARTESIAN_POINT('',(0.003500999999999,0.000918869738602,0.007228237871937));
#9065=CARTESIAN_POINT('',(0.003500999999999,0.000918869738602,0.));
#9066=CARTESIAN_POINT('',(0.003500999999999,0.001050128777957,0.007228237871937));
#9067=CARTESIAN_POINT('',(0.003499999999999,0.001050128777957,0.007228237871937));
#9068=CARTESIAN_POINT('',(0.003500999999999,0.,0.007228237871937));
#9069=CARTESIAN_POINT('',(0.003500999999999,0.,0.));
#9070=CARTESIAN_POINT('',(0.003499999999999,0.,0.));
#9071=CARTESIAN_POINT('',(0.,0.,0.));
#9072=CARTESIAN_POINT('',(0.003500999999999,0.000679870983957,0.006868897536058));
#9073=CARTESIAN_POINT('',(0.003499999999999,0.000679870983957,0.006868897536058));
#9074=CARTESIAN_POINT('',(0.003499999999999,0.000679870983957,0.006841073614217));
#9075=CARTESIAN_POINT('',(0.003499999999999,0.000679870983957,0.006868897536058));
#9076=CARTESIAN_POINT('',(0.003500999999999,0.000679870983957,0.006868897536058));
#9077=CARTESIAN_POINT('',(0.003500999999999,0.000679870983957,0.006868897536058));
#9078=CARTESIAN_POINT('',(0.003500999999999,0.000679870983957,0.));
#9079=CARTESIAN_POINT('',(0.003500999999999,0.000679870983957,0.006841073614217));
#9080=CARTESIAN_POINT('',(0.003500999999999,0.000679870983957,0.006841073614217));
#9081=CARTESIAN_POINT('',(0.003500999999999,0.000580116609465,0.006868897536058));
#9082=CARTESIAN_POINT('',(0.003499999999999,0.000580116609465,0.006868897536058));
#9083=CARTESIAN_POINT('',(0.003499999999999,0.000580116609465,0.006868897536058));
#9084=CARTESIAN_POINT('',(0.003500999999999,0.000580116609465,0.006868897536058));
#9085=CARTESIAN_POINT('',(0.003500999999999,0.000580116609465,0.006868897536058));
#9086=CARTESIAN_POINT('',(0.003500999999999,0.,0.006868897536058));
#9087=CARTESIAN_POINT('',(0.003500999999999,0.000580116609465,0.00695099682113));
#9088=CARTESIAN_POINT('',(0.003499999999999,0.000580116609465,0.00695099682113));
#9089=CARTESIAN_POINT('',(0.003499999999999,0.000580116609465,0.00695099682113));
#9090=CARTESIAN_POINT('',(0.003500999999999,0.000580116609465,0.00695099682113));
#9091=CARTESIAN_POINT('',(0.003500999999999,0.000580116609465,0.00695099682113));
#9092=CARTESIAN_POINT('',(0.003500999999999,0.000580116609465,0.));
#9093=CARTESIAN_POINT('',(0.003500999999999,0.000667393888961,0.00695099682113));
#9094=CARTESIAN_POINT('',(0.003499999999999,0.000667393888961,0.00695099682113));
#9095=CARTESIAN_POINT('',(0.003499999999999,0.000667393888961,0.00695099682113));
#9096=CARTESIAN_POINT('',(0.003500999999999,0.000667393888961,0.00695099682113));
#9097=CARTESIAN_POINT('',(0.003500999999999,0.000667393888961,0.00695099682113));
#9098=CARTESIAN_POINT('',(0.003500999999999,0.,0.00695099682113));
#9099=CARTESIAN_POINT('',(0.003500999999999,0.000667393888961,0.00697894551392));
#9100=CARTESIAN_POINT('',(0.003499999999999,0.000667393888961,0.00697894551392));
#9101=CARTESIAN_POINT('',(0.003499999999999,0.000667393888961,0.00697894551392));
#9102=CARTESIAN_POINT('',(0.003500999999999,0.000667393888961,0.00697894551392));
#9103=CARTESIAN_POINT('',(0.003500999999999,0.000667393888961,0.00697894551392));
#9104=CARTESIAN_POINT('',(0.003500999999999,0.000667393888961,0.));
#9105=CARTESIAN_POINT('',(0.003500999999999,0.000580116609465,0.00697894551392));
#9106=CARTESIAN_POINT('',(0.003499999999999,0.000580116609465,0.00697894551392));
#9107=CARTESIAN_POINT('',(0.003499999999999,0.000580116609465,0.00697894551392));
#9108=CARTESIAN_POINT('',(0.003500999999999,0.000580116609465,0.00697894551392));
#9109=CARTESIAN_POINT('',(0.003500999999999,0.000580116609465,0.00697894551392));
#9110=CARTESIAN_POINT('',(0.003500999999999,0.,0.00697894551392));
#9111=CARTESIAN_POINT('',(0.003500999999999,0.000580116609465,0.007057052128595));
#9112=CARTESIAN_POINT('',(0.003499999999999,0.000580116609465,0.007057052128595));
#9113=CARTESIAN_POINT('',(0.003499999999999,0.000580116609465,0.007057052128595));
#9114=CARTESIAN_POINT('',(0.003500999999999,0.000580116609465,0.007057052128595));
#9115=CARTESIAN_POINT('',(0.003500999999999,0.000580116609465,0.007057052128595));
#9116=CARTESIAN_POINT('',(0.003500999999999,0.000580116609465,0.));
#9117=CARTESIAN_POINT('',(0.003500999999999,0.000674318676683,0.007057052128595));
#9118=CARTESIAN_POINT('',(0.003499999999999,0.000674318676683,0.007057052128595));
#9119=CARTESIAN_POINT('',(0.003499999999999,0.000674318676683,0.007057052128595));
#9120=CARTESIAN_POINT('',(0.003500999999999,0.000674318676683,0.007057052128595));
#9121=CARTESIAN_POINT('',(0.003500999999999,0.000674318676683,0.007057052128595));
#9122=CARTESIAN_POINT('',(0.003500999999999,0.,0.007057052128595));
#9123=CARTESIAN_POINT('',(0.003500999999999,0.000674318676683,0.007085125592335));
#9124=CARTESIAN_POINT('',(0.003499999999999,0.000674318676683,0.007085125592335));
#9125=CARTESIAN_POINT('',(0.003499999999999,0.000674318676683,0.007085125592335));
#9126=CARTESIAN_POINT('',(0.003500999999999,0.000674318676683,0.007085125592335));
#9127=CARTESIAN_POINT('',(0.003500999999999,0.000674318676683,0.007085125592335));
#9128=CARTESIAN_POINT('',(0.003500999999999,0.000674318676683,0.));
#9129=CARTESIAN_POINT('',(0.003500999999999,0.000548611944601,0.007085125592335));
#9130=CARTESIAN_POINT('',(0.003499999999999,0.000548611944601,0.007085125592335));
#9131=CARTESIAN_POINT('',(0.003499999999999,0.000548611944600999,0.007085125592335));
#9132=CARTESIAN_POINT('',(0.003500999999999,0.000548611944600999,0.007085125592335));
#9133=CARTESIAN_POINT('',(0.003500999999999,0.000548611944601,0.007085125592335));
#9134=CARTESIAN_POINT('',(0.003500999999999,0.,0.007085125592335));
#9135=CARTESIAN_POINT('',(0.003500999999999,0.000548611944601,0.006841073614217));
#9136=CARTESIAN_POINT('',(0.003499999999999,0.000548611944601,0.006841073614217));
#9137=CARTESIAN_POINT('',(0.003499999999999,0.000548611944601,0.006841073614217));
#9138=CARTESIAN_POINT('',(0.003500999999999,0.000548611944601,0.006841073614217));
#9139=CARTESIAN_POINT('',(0.003500999999999,0.000548611944601,0.006841073614217));
#9140=CARTESIAN_POINT('',(0.003500999999999,0.000548611944601,0.));
#9141=CARTESIAN_POINT('',(0.003500999999999,0.000679870983957,0.006841073614217));
#9142=CARTESIAN_POINT('',(0.003499999999999,0.000679870983957,0.006841073614217));
#9143=CARTESIAN_POINT('',(0.003500999999999,0.,0.006841073614217));
#9144=CARTESIAN_POINT('',(0.003500999999999,0.,0.));
#9145=CARTESIAN_POINT('',(0.003499999999999,0.,0.));
#9146=CARTESIAN_POINT('',(0.,0.,0.));
#9147=CARTESIAN_POINT('',(0.003500999999999,0.001159864828446,0.007015378631308));
#9148=CARTESIAN_POINT('',(0.003499999999999,0.001159864828446,0.007015378631308));
#9149=CARTESIAN_POINT('',(0.003499999999999,0.001191556649734,0.007015378631308));
#9150=CARTESIAN_POINT('',(0.003499999999999,0.00115986482844656,0.00701537863130791));
#9151=CARTESIAN_POINT('',(0.003500999999999,0.00115986482844652,0.00701537863130781));
#9152=CARTESIAN_POINT('',(0.003500999999999,0.00115986482844626,0.00701537863130795));
#9153=CARTESIAN_POINT('',(0.003500999999999,0.001085867856936,0.007015378631308));
#9154=CARTESIAN_POINT('',(0.003500999999999,0.001191556649734,0.007015378631308));
#9155=CARTESIAN_POINT('',(0.003500999999999,0.001191556649734,0.007015378631308));
#9156=CARTESIAN_POINT('',(0.003500999999999,0.001112264711037,0.006884119591952));
#9157=CARTESIAN_POINT('',(0.003499999999999,0.001112264711037,0.006884119591952));
#9158=CARTESIAN_POINT('',(0.003499999999999,0.00111217703118661,0.00688414160419967));
#9159=CARTESIAN_POINT('',(0.003499999999999,0.001112264711037,0.006884119591952));
#9160=CARTESIAN_POINT('',(0.00350033333333233,0.001112264711037,0.006884119591952));
#9161=CARTESIAN_POINT('',(0.00350066666666567,0.001112264711037,0.006884119591952));
#9162=CARTESIAN_POINT('',(0.003500999999999,0.001112264711037,0.006884119591952));
#9163=CARTESIAN_POINT('',(0.003500999999999,0.00111217737166955,0.00688414275001173));
#9164=CARTESIAN_POINT('',(0.003500999999999,0.001159864828446,0.007015378631308));
#9165=CARTESIAN_POINT('',(0.003500499999999,0.0011099252557245,0.00687599388383675));
#9166=CARTESIAN_POINT('',(0.003499999999999,0.0011099252557245,0.00687599388383675));
#9167=CARTESIAN_POINT('',(0.003499999999999,0.00110834289566224,0.006870020474606));
#9168=CARTESIAN_POINT('',(0.003500499999999,0.00110834289566224,0.006870020474606));
#9169=CARTESIAN_POINT('',(0.003500999999999,0.00110834289566224,0.006870020474606));
#9170=CARTESIAN_POINT('',(0.003500999999999,0.0011099252557245,0.00687599388383675));
#9171=CARTESIAN_POINT('',(0.003500999999999,0.001107710571363,0.006870020474606));
#9172=CARTESIAN_POINT('',(0.003499999999999,0.001107710571363,0.006870020474606));
#9173=CARTESIAN_POINT('',(0.003499999999999,0.00110771057136357,0.00687002047460607));
#9174=CARTESIAN_POINT('',(0.003500999999999,0.00110771057136355,0.00687002047460614));
#9175=CARTESIAN_POINT('',(0.003500999999999,0.00110771057136328,0.00687002047460604));
#9176=CARTESIAN_POINT('',(0.003500999999999,0.001085867856936,0.006870020474606));
#9177=CARTESIAN_POINT('',(0.003500999999999,0.001103967442864,0.006884369133852));
#9178=CARTESIAN_POINT('',(0.003499999999999,0.001103967442864,0.006884369133852));
#9179=CARTESIAN_POINT('',(0.003499999999999,0.00110396744286381,0.00688436913385306));
#9180=CARTESIAN_POINT('',(0.003500999999999,0.00110396744286416,0.00688436913385206));
#9181=CARTESIAN_POINT('',(0.003500999999999,0.00110396744286404,0.00688436913385202));
#9182=CARTESIAN_POINT('',(0.003500999999999,0.001107710571363,0.006870020474606));
#9183=CARTESIAN_POINT('',(0.003500999999999,0.00105842604613,0.007015378631308));
#9184=CARTESIAN_POINT('',(0.003499999999999,0.00105842604613,0.007015378631308));
#9185=CARTESIAN_POINT('',(0.003499999999999,0.00105842604613,0.007015378631308));
#9186=CARTESIAN_POINT('',(0.003500999999999,0.00105842604613,0.007015378631308));
#9187=CARTESIAN_POINT('',(0.003500999999999,0.00105842604613,0.007015378631308));
#9188=CARTESIAN_POINT('',(0.003500999999999,0.001103967442864,0.006884369133852));
#9189=CARTESIAN_POINT('',(0.003500999999999,0.001024238805841,0.007015378631308));
#9190=CARTESIAN_POINT('',(0.003499999999999,0.001024238805841,0.007015378631308));
#9191=CARTESIAN_POINT('',(0.003499999999999,0.00102423880584085,0.00701537863130797));
#9192=CARTESIAN_POINT('',(0.003500999999999,0.00102423880584086,0.00701537863130795));
#9193=CARTESIAN_POINT('',(0.003500999999999,0.00102423880584093,0.00701537863130799));
#9194=CARTESIAN_POINT('',(0.003500999999999,0.001085867856936,0.007015378631308));
#9195=CARTESIAN_POINT('',(0.003500999999999,0.001092613286418,0.006841447927067));
#9196=CARTESIAN_POINT('',(0.003499999999999,0.001092613286418,0.006841447927067));
#9197=CARTESIAN_POINT('',(0.003499999999999,0.00109261328641804,0.00684144792706695));
#9198=CARTESIAN_POINT('',(0.003500999999999,0.00109261328641805,0.00684144792706698));
#9199=CARTESIAN_POINT('',(0.003500999999999,0.00109261328641802,0.00684144792706698));
#9200=CARTESIAN_POINT('',(0.003500999999999,0.001024238805841,0.007015378631308));
#9201=CARTESIAN_POINT('',(0.003500999999999,0.001079200409297,0.006809756105777));
#9202=CARTESIAN_POINT('',(0.003499999999999,0.001079200409297,0.006809756105777));
#9203=CARTESIAN_POINT('',(0.003499999999999,0.001079200409297,0.006809756105777));
#9204=CARTESIAN_POINT('',(0.003500999999999,0.001079200409297,0.006809756105777));
#9205=CARTESIAN_POINT('',(0.003500999999999,0.00107920054674282,0.00680975643053271));
#9206=CARTESIAN_POINT('',(0.003500999999999,0.001092613286418,0.006841447927067));
#9207=CARTESIAN_POINT('',(0.003500999999999,0.001079200409297,0.006809756105777));
#9208=CARTESIAN_POINT('',(0.003499999999999,0.001079200409297,0.006809756105777));
#9209=CARTESIAN_POINT('',(0.003500999999999,0.001072275621575,0.006793286340383));
#9210=CARTESIAN_POINT('',(0.003499999999999,0.001072275621575,0.006793286340383));
#9211=CARTESIAN_POINT('',(0.003500999999999,0.001061857247254,0.006785176228635));
#9212=CARTESIAN_POINT('',(0.003499999999999,0.001061857247254,0.006785176228635));
#9213=CARTESIAN_POINT('',(0.003500999999999,0.001047882900858,0.006785176228635));
#9214=CARTESIAN_POINT('',(0.003499999999999,0.001047882900858,0.006785176228635));
#9215=CARTESIAN_POINT('',(0.003499999999999,0.001047882900858,0.006785176228635));
#9216=CARTESIAN_POINT('',(0.003499999999999,0.001061857247254,0.006785176228635));
#9217=CARTESIAN_POINT('',(0.003499999999999,0.001072275621575,0.006793286340383));
#9218=CARTESIAN_POINT('',(0.003499999999999,0.001079200409297,0.006809756105777));
#9219=CARTESIAN_POINT('',(0.003499999999999,0.001047882900858,0.006785176228635));
#9220=CARTESIAN_POINT('',(0.003500499999999,0.001047882900858,0.006785176228635));
#9221=CARTESIAN_POINT('',(0.003500999999999,0.001047882900858,0.006785176228635));
#9222=CARTESIAN_POINT('',(0.003500999999999,0.001079200409297,0.006809756105777));
#9223=CARTESIAN_POINT('',(0.003500999999999,0.001072275621575,0.006793286340383));
#9224=CARTESIAN_POINT('',(0.003500999999999,0.001061857247254,0.006785176228635));
#9225=CARTESIAN_POINT('',(0.003500999999999,0.001047882900858,0.006785176228635));
#9226=CARTESIAN_POINT('',(0.003500999999999,0.001047882900858,0.006785176228635));
#9227=CARTESIAN_POINT('',(0.003499999999999,0.001047882900858,0.006785176228635));
#9228=CARTESIAN_POINT('',(0.003500999999999,0.00104226820811,0.006785176228635));
#9229=CARTESIAN_POINT('',(0.003499999999999,0.00104226820811,0.006785176228635));
#9230=CARTESIAN_POINT('',(0.003500999999999,0.001036528744412,0.006786299167185));
#9231=CARTESIAN_POINT('',(0.003499999999999,0.001036528744412,0.006786299167185));
#9232=CARTESIAN_POINT('',(0.003500999999999,0.001030539738814,0.006788669815235));
#9233=CARTESIAN_POINT('',(0.003499999999999,0.001030539738814,0.006788669815235));
#9234=CARTESIAN_POINT('',(0.003499999999999,0.00103053988133674,0.00678866975881997));
#9235=CARTESIAN_POINT('',(0.003499999999999,0.00103652883546822,0.00678629914936972));
#9236=CARTESIAN_POINT('',(0.003499999999999,0.00104226825264837,0.006785176228635));
#9237=CARTESIAN_POINT('',(0.003499999999999,0.001047882900858,0.006785176228635));
#9238=CARTESIAN_POINT('',(0.003499999999999,0.001030539738814,0.00678866970286089));
#9239=CARTESIAN_POINT('',(0.003500999999999,0.001030539738814,0.006788669815235));
#9240=CARTESIAN_POINT('',(0.003500999999999,0.00103053983382845,0.00678866977762531));
#9241=CARTESIAN_POINT('',(0.003500999999999,0.001047882900858,0.006785176228635));
#9242=CARTESIAN_POINT('',(0.003500999999999,0.00104226825264837,0.006785176228635));
#9243=CARTESIAN_POINT('',(0.003500999999999,0.00103652883546822,0.00678629914936972));
#9244=CARTESIAN_POINT('',(0.003500999999999,0.00103053988133674,0.00678866975881997));
#9245=CARTESIAN_POINT('',(0.003500999999999,0.001030539738814,0.006761469748143));
#9246=CARTESIAN_POINT('',(0.003499999999999,0.001030539738814,0.006761469748143));
#9247=CARTESIAN_POINT('',(0.003499999999999,0.00103053976064643,0.00676146974161838));
#9248=CARTESIAN_POINT('',(0.003500999999999,0.001030539738814,0.006761469748143));
#9249=CARTESIAN_POINT('',(0.003500999999999,0.00103053976017008,0.00676146981355108));
#9250=CARTESIAN_POINT('',(0.003500999999999,0.001030539738814,0.006772917482802));
#9251=CARTESIAN_POINT('',(0.003500999999999,0.001030539738814,0.006761469748143));
#9252=CARTESIAN_POINT('',(0.003499999999999,0.001030539738814,0.006761469748143));
#9253=CARTESIAN_POINT('',(0.003500999999999,0.001035967275137,0.006759847725794));
#9254=CARTESIAN_POINT('',(0.003499999999999,0.001035967275137,0.006759847725794));
#9255=CARTESIAN_POINT('',(0.003500999999999,0.001042580135485,0.006758974329144));
#9256=CARTESIAN_POINT('',(0.003499999999999,0.001042580135485,0.006758974329144));
#9257=CARTESIAN_POINT('',(0.003500999999999,0.001050253548907,0.006758974329144));
#9258=CARTESIAN_POINT('',(0.003499999999999,0.001050253548907,0.006758974329144));
#9259=CARTESIAN_POINT('',(0.003499999999999,0.001050253548907,0.006758974329144));
#9260=CARTESIAN_POINT('',(0.003499999999999,0.001042580135485,0.006758974329144));
#9261=CARTESIAN_POINT('',(0.003499999999999,0.001035967275137,0.006759847725794));
#9262=CARTESIAN_POINT('',(0.003499999999999,0.001030539738814,0.006761469748143));
#9263=CARTESIAN_POINT('',(0.003499999999999,0.001050253548907,0.006758974329144));
#9264=CARTESIAN_POINT('',(0.003500499999999,0.001050253548907,0.006758974329144));
#9265=CARTESIAN_POINT('',(0.003500999999999,0.001050253548907,0.006758974329144));
#9266=CARTESIAN_POINT('',(0.003500999999999,0.001030539738814,0.006761469748143));
#9267=CARTESIAN_POINT('',(0.003500999999999,0.001035967275137,0.006759847725794));
#9268=CARTESIAN_POINT('',(0.003500999999999,0.001042580135485,0.006758974329144));
#9269=CARTESIAN_POINT('',(0.003500999999999,0.001050253548907,0.006758974329144));
#9270=CARTESIAN_POINT('',(0.003499999999999,0.00111245186694557,0.00681474694247433));
#9271=CARTESIAN_POINT('',(0.003500999999999,0.00111245186694557,0.00681474694247433));
#9272=CARTESIAN_POINT('',(0.003499999999999,0.00109772889593466,0.00677756520291099));
#9273=CARTESIAN_POINT('',(0.003500999999999,0.00109772889593466,0.00677756520291099));
#9274=CARTESIAN_POINT('',(0.00349999999999901,0.0010770169203207,0.00675897433180089));
#9275=CARTESIAN_POINT('',(0.00350099999999901,0.0010770169203207,0.00675897433180089));
#9276=CARTESIAN_POINT('',(0.003499999999999,0.00105025355464427,0.006758974329144));
#9277=CARTESIAN_POINT('',(0.003500999999999,0.00105025355464427,0.006758974329144));
#9278=CARTESIAN_POINT('',(0.003499999999999,0.001112451867461,0.006814746943776));
#9279=CARTESIAN_POINT('',(0.003499999999999,0.001097728895366,0.006777565200688));
#9280=CARTESIAN_POINT('',(0.003499999999999,0.001077016917673,0.006758974329144));
#9281=CARTESIAN_POINT('',(0.003499999999999,0.001050253548907,0.006758974329144));
#9282=CARTESIAN_POINT('',(0.003499999999999,0.00111245188529115,0.00681474698899817));
#9283=CARTESIAN_POINT('',(0.003500999999999,0.00111245186746102,0.00681474694377599));
#9284=CARTESIAN_POINT('',(0.003500999999999,0.001112451867461,0.006814746943776));
#9285=CARTESIAN_POINT('',(0.003500999999999,0.001050253548907,0.006758974329144));
#9286=CARTESIAN_POINT('',(0.003500999999999,0.001077016917673,0.006758974329144));
#9287=CARTESIAN_POINT('',(0.003500999999999,0.001097728895366,0.006777565200688));
#9288=CARTESIAN_POINT('',(0.003500999999999,0.001112451867461,0.006814746943776));
#9289=CARTESIAN_POINT('',(0.003500999999999,0.001191556649734,0.007015378631308));
#9290=CARTESIAN_POINT('',(0.003499999999999,0.001191556649734,0.007015378631308));
#9291=CARTESIAN_POINT('',(0.003500999999999,0.001112451867461,0.006814746943776));
#9292=CARTESIAN_POINT('',(0.003500999999999,0.001085867856936,0.006772917482802));
#9293=CARTESIAN_POINT('',(0.003499999999999,0.001085867856936,0.006772917482802));
#9294=CARTESIAN_POINT('',(0.,0.,0.));
#9295=CARTESIAN_POINT('',(0.001749999999999,0.,0.0075));
#9296=CARTESIAN_POINT('',(0.001749999999999,0.,0.0075));
#9297=CARTESIAN_POINT('',(0.002949999999998,-1.79169587341993E-18,0.0075));
#9298=CARTESIAN_POINT('',(0.000994476326167299,-0.000932300369128667,0.0075));
#9299=CARTESIAN_POINT('',(0.002849999999998,0.,0.0075));
#9300=CARTESIAN_POINT('',(0.00284999999999809,0.,0.0076));
#9301=CARTESIAN_POINT('',(0.001749999999999,0.,0.0076));
#9302=CARTESIAN_POINT('',(0.00106560927184429,-0.000861167423451711,0.00760000000000031));
#9303=CARTESIAN_POINT('',(0.000994476326167318,-0.000932300369128683,0.0075));
#9304=CARTESIAN_POINT('',(0.000994476326167318,-0.000932300369128683,0.007552983149283));
#9305=CARTESIAN_POINT('',(0.00102815081030308,-0.000898625884992926,0.00760000000000024));
#9306=CARTESIAN_POINT('',(0.00106560927184403,-0.000861167423451967,0.00760000000000062));
#9307=CARTESIAN_POINT('',(0.001749999999999,0.,0.0076));
#9308=CARTESIAN_POINT('',(0.001749999999999,0.,0.0075));
#9309=CARTESIAN_POINT('',(0.002682300369128,0.000755523673831589,0.0075));
#9310=CARTESIAN_POINT('',(0.002949999999998,-3.58339174683985E-18,0.0076));
#9311=CARTESIAN_POINT('',(0.002949999999998,-1.71821706547115E-18,0.0064));
#9312=CARTESIAN_POINT('',(0.001749999999999,0.,0.0064));
#9313=CARTESIAN_POINT('',(0.00055,-1.4695761589756E-19,0.0064));
#9314=CARTESIAN_POINT('',(0.00055,0.,0.0076));
#9315=CARTESIAN_POINT('',(0.00055,-1.4695761589756E-19,0.0075));
#9316=CARTESIAN_POINT('',(0.001749999999999,0.,0.0075));
#9317=CARTESIAN_POINT('',(0.002505523673831,0.000932300369128423,0.0075));
#9318=CARTESIAN_POINT('',(0.00250552367383132,0.000932300369128164,0.0076));
#9319=CARTESIAN_POINT('',(0.0025055236738313,0.000932300369128182,0.0068));
#9320=CARTESIAN_POINT('',(0.001749999999999,0.,0.0068));
#9321=CARTESIAN_POINT('',(0.00268230036912807,0.000755523673831205,0.0068));
#9322=CARTESIAN_POINT('',(0.00268230036912805,0.000755523673831229,0.0076));
#9323=CARTESIAN_POINT('',(0.001749999999999,-0.00015,-0.0034));
#9324=CARTESIAN_POINT('',(0.001749999999999,-0.00015,-0.0034));
#9325=CARTESIAN_POINT('',(0.00214999999999825,-0.000149999999999214,-0.0034));
#9326=CARTESIAN_POINT('',(0.00134999999999975,-0.000150000000000785,-0.0034));
#9327=CARTESIAN_POINT('',(0.002049999999999,-0.00015,-0.0034));
#9328=CARTESIAN_POINT('',(0.0020499999999992,-0.00015,-0.0035));
#9329=CARTESIAN_POINT('',(0.001749999999999,-0.00015,-0.0035));
#9330=CARTESIAN_POINT('',(0.00144999999999861,-0.00015,-0.0035));
#9331=CARTESIAN_POINT('',(0.001449999999999,-0.00015,-0.0034));
#9332=CARTESIAN_POINT('',(0.001749999999999,-0.00015,-0.008131370849898));
#9333=CARTESIAN_POINT('',(0.00135,-0.000150000000001571,-0.008131370849898));
#9334=CARTESIAN_POINT('',(0.00135,-0.000150000000000785,0.0008));
#9335=CARTESIAN_POINT('',(0.001749999999999,-0.00015,0.0008));
#9336=CARTESIAN_POINT('',(0.002149999999998,-0.000149999999999214,0.0008));
#9337=CARTESIAN_POINT('',(0.002149999999998,-0.000149999999998429,-0.008131370849898));
#9338=CARTESIAN_POINT('',(0.001749999999999,-0.0009,0.00195));
#9339=CARTESIAN_POINT('',(0.001749999999999,-0.0009,0.00195));
#9340=CARTESIAN_POINT('',(0.001749999999999,-0.0009,0.00285));
#9341=CARTESIAN_POINT('',(0.001749999999999,-0.0009,0.00105));
#9342=CARTESIAN_POINT('',(0.001749999999999,-0.0009,0.00105));
#9343=CARTESIAN_POINT('',(0.001749999999999,0.000599999999999,0.00105));
#9344=CARTESIAN_POINT('',(0.001749999999999,0.000599999999999,0.00195));
#9345=CARTESIAN_POINT('',(0.001749999999999,0.000599999999999,0.00285));
#9346=CARTESIAN_POINT('',(0.001749999999999,-0.0009,0.00285));
#9347=CARTESIAN_POINT('',(0.001749999999999,0.,0.0064));
#9348=CARTESIAN_POINT('',(0.001749999999999,0.,0.0064));
#9349=CARTESIAN_POINT('',(0.000499999999999,1.53080849893419E-19,0.0064));
#9350=CARTESIAN_POINT('',(0.002999999999999,-1.53080849893419E-19,0.0064));
#9351=CARTESIAN_POINT('',(0.000499999999999,1.53080849893419E-19,0.0064));
#9352=CARTESIAN_POINT('',(0.000499999999999,1.53080849893419E-19,0.0084));
#9353=CARTESIAN_POINT('',(0.001749999999999,0.,0.0084));
#9354=CARTESIAN_POINT('',(0.002999999999999,0.,0.0084));
#9355=CARTESIAN_POINT('',(0.002999999999999,0.,0.0064));
#9356=CARTESIAN_POINT('',(-0.00175,0.,0.0075));
#9357=CARTESIAN_POINT('',(-0.00175,0.,0.0075));
#9358=CARTESIAN_POINT('',(-0.0005500000000005,-1.52524234751012E-18,0.0075));
#9359=CARTESIAN_POINT('',(-0.0025055236738317,-0.000932300369128667,0.0075));
#9360=CARTESIAN_POINT('',(-0.000650000000001,0.,0.0075));
#9361=CARTESIAN_POINT('',(-0.0006500000000005,0.,0.0076));
#9362=CARTESIAN_POINT('',(-0.00175,0.,0.0076));
#9363=CARTESIAN_POINT('',(-0.00243439072815471,-0.000861167423451711,0.00760000000000031));
#9364=CARTESIAN_POINT('',(-0.00250552367383168,-0.000932300369128683,0.0075));
#9365=CARTESIAN_POINT('',(-0.00250552367383168,-0.000932300369128683,0.007552983149283));
#9366=CARTESIAN_POINT('',(-0.00247184918969592,-0.000898625884992925,0.00760000000000024));
#9367=CARTESIAN_POINT('',(-0.00243439072815496,-0.000861167423451967,0.00760000000000062));
#9368=CARTESIAN_POINT('',(-0.00175,0.,0.0076));
#9369=CARTESIAN_POINT('',(-0.00175,0.,0.0075));
#9370=CARTESIAN_POINT('',(-0.000817699630871002,0.000755523673831588,0.0075));
#9371=CARTESIAN_POINT('',(-0.000550000000001,-3.58339174683985E-18,0.0076));
#9372=CARTESIAN_POINT('',(-0.0005500000000005,-1.71821706547115E-18,0.0064));
#9373=CARTESIAN_POINT('',(-0.00175,0.,0.0064));
#9374=CARTESIAN_POINT('',(-0.002949999999999,-1.4695761589756E-19,0.0064));
#9375=CARTESIAN_POINT('',(-0.002949999999999,0.,0.0076));
#9376=CARTESIAN_POINT('',(-0.002949999999999,-1.4695761589756E-19,0.0075));
#9377=CARTESIAN_POINT('',(-0.00175,0.,0.0075));
#9378=CARTESIAN_POINT('',(-0.000994476326167998,0.000932300369128423,0.0075));
#9379=CARTESIAN_POINT('',(-0.000994476326167678,0.000932300369128164,0.0076));
#9380=CARTESIAN_POINT('',(-0.0009944763261677,0.000932300369128182,0.0068));
#9381=CARTESIAN_POINT('',(-0.00175,0.,0.0068));
#9382=CARTESIAN_POINT('',(-0.000817699630870931,0.000755523673831205,0.0068));
#9383=CARTESIAN_POINT('',(-0.000817699630870951,0.000755523673831229,0.0076));
#9384=CARTESIAN_POINT('',(-0.00175,0.,0.0064));
#9385=CARTESIAN_POINT('',(-0.00175,0.,0.0064));
#9386=CARTESIAN_POINT('',(-0.003,1.53080849893419E-19,0.0064));
#9387=CARTESIAN_POINT('',(-0.0005,-1.53080849893419E-19,0.0064));
#9388=CARTESIAN_POINT('',(-0.003,1.53080849893419E-19,0.0064));
#9389=CARTESIAN_POINT('',(-0.003,1.53080849893419E-19,0.0084));
#9390=CARTESIAN_POINT('',(-0.00175,0.,0.0084));
#9391=CARTESIAN_POINT('',(-0.0005,0.,0.0084));
#9392=CARTESIAN_POINT('',(-0.0005,0.,0.0064));
#9393=CARTESIAN_POINT('',(-0.00175,-0.00015,-0.0034));
#9394=CARTESIAN_POINT('',(-0.00175,-0.00015,-0.0034));
#9395=CARTESIAN_POINT('',(-0.00135,-0.000150000000000785,-0.0034));
#9396=CARTESIAN_POINT('',(-0.00215,-0.000149999999999215,-0.0034));
#9397=CARTESIAN_POINT('',(-0.00145,-0.00015,-0.0034));
#9398=CARTESIAN_POINT('',(-0.0014499999999998,-0.00015,-0.0035));
#9399=CARTESIAN_POINT('',(-0.00175,-0.00015,-0.0035));
#9400=CARTESIAN_POINT('',(-0.0020500000000004,-0.00015,-0.0035));
#9401=CARTESIAN_POINT('',(-0.00205,-0.00015,-0.0034));
#9402=CARTESIAN_POINT('',(-0.00175,-0.00015,-0.008131370849898));
#9403=CARTESIAN_POINT('',(-0.00215,-0.000149999999998429,-0.008131370849898));
#9404=CARTESIAN_POINT('',(-0.00215,-0.000149999999999214,0.0008));
#9405=CARTESIAN_POINT('',(-0.00175,-0.00015,0.0008));
#9406=CARTESIAN_POINT('',(-0.00135,-0.000150000000000785,0.0008));
#9407=CARTESIAN_POINT('',(-0.00135,-0.00015000000000157,-0.008131370849898));
#9408=CARTESIAN_POINT('',(-0.00175,-0.0009,0.00195));
#9409=CARTESIAN_POINT('',(-0.00175,-0.0009,0.00195));
#9410=CARTESIAN_POINT('',(-0.00175,-0.0009,0.00285));
#9411=CARTESIAN_POINT('',(-0.00175,-0.0009,0.00105));
#9412=CARTESIAN_POINT('',(-0.00175,-0.0009,0.00105));
#9413=CARTESIAN_POINT('',(-0.00175,0.000599999999999,0.00105));
#9414=CARTESIAN_POINT('',(-0.00175,0.000599999999999,0.00195));
#9415=CARTESIAN_POINT('',(-0.00175,0.000599999999999,0.00285));
#9416=CARTESIAN_POINT('',(-0.00175,-0.0009,0.00285));
#9417=CARTESIAN_POINT('',(0.,0.,0.));
#9418=CARTESIAN_POINT('',(-0.000716141809008,0.002114130270432,0.));
#9419=CARTESIAN_POINT('',(-0.000716141809008,0.002114130270432,0.));
#9420=CARTESIAN_POINT('',(-0.000641541961447,0.001905288807017,0.));
#9421=CARTESIAN_POINT('',(0.,0.001905288807017,0.));
#9422=CARTESIAN_POINT('',(-0.000808748516325,0.001905288807017,0.));
#9423=CARTESIAN_POINT('',(-0.000808748516325,0.001905288807017,0.));
#9424=CARTESIAN_POINT('',(-0.000733481748032,0.002114130270432,0.));
#9425=CARTESIAN_POINT('',(-0.0007296231352275,0.0021316607582365,0.));
#9426=CARTESIAN_POINT('',(-0.000725764522423,0.002149191246041,0.));
#9427=CARTESIAN_POINT('',(0.,0.002149191246041,0.));
#9428=CARTESIAN_POINT('',(-0.000724144857788,0.002149191246041,0.));
#9429=CARTESIAN_POINT('',(-0.000720143333398,0.0021316607582365,0.));
#9430=CARTESIAN_POINT('',(0.,0.,0.));
#9431=CARTESIAN_POINT('',(0.002249999999999,0.00075,0.));
#9432=CARTESIAN_POINT('',(0.0022499999999995,0.00075,0.));
#9433=CARTESIAN_POINT('',(0.002249999999999,-0.00325,0.));
#9434=CARTESIAN_POINT('',(0.0035,0.00075,0.));
#9435=CARTESIAN_POINT('',(0.0012499999999995,0.00075,0.));
#9436=CARTESIAN_POINT('',(0.001249999999999,0.,0.));
#9437=CARTESIAN_POINT('',(0.001249999999999,-0.00325,0.));
#9438=CARTESIAN_POINT('',(-0.0035,-0.00325,0.));
#9439=CARTESIAN_POINT('',(-0.00125,-0.00325,0.));
#9440=CARTESIAN_POINT('',(-0.00125,0.00075,0.));
#9441=CARTESIAN_POINT('',(-0.00125,0.00075,0.));
#9442=CARTESIAN_POINT('',(0.,0.00075,0.));
#9443=CARTESIAN_POINT('',(-0.00225,0.00075,0.));
#9444=CARTESIAN_POINT('',(-0.00225,0.,0.));
#9445=CARTESIAN_POINT('',(-0.00225,-0.00325,0.));
#9446=CARTESIAN_POINT('',(-0.0035,-0.00325,0.));
#9447=CARTESIAN_POINT('',(-0.0035,-0.00325,0.));
#9448=CARTESIAN_POINT('',(-0.0035,-0.00325,0.));
#9449=CARTESIAN_POINT('',(-0.0035,0.00178816349035378,0.));
#9450=CARTESIAN_POINT('',(-0.003,0.0017,0.));
#9451=CARTESIAN_POINT('',(-0.003,0.0017,0.));
#9452=CARTESIAN_POINT('',(-0.003,0.,0.));
#9453=CARTESIAN_POINT('',(-0.003,0.0022999999999995,0.));
#9454=CARTESIAN_POINT('',(-0.003,0.0023,0.));
#9455=CARTESIAN_POINT('',(-0.00350000000000006,0.00221183650964559,8.90742599279097E-34));
#9456=CARTESIAN_POINT('',(-0.0035,-0.00325,0.));
#9457=CARTESIAN_POINT('',(-0.0035,0.003249999999999,0.));
#9458=CARTESIAN_POINT('',(-0.0035,0.003249999999999,0.));
#9459=CARTESIAN_POINT('',(0.003499999999999,0.003249999999999,0.));
#9460=CARTESIAN_POINT('',(0.003499999999999,-0.00325,0.));
#9461=CARTESIAN_POINT('',(0.0034999999999989,0.00221183650964621,4.80601560109575E-19));
#9462=CARTESIAN_POINT('',(0.003999999999999,0.0023,6.408020801461E-19));
#9463=CARTESIAN_POINT('',(0.003999999999999,0.0023,3.9694146501975E-19));
#9464=CARTESIAN_POINT('',(0.003999999999999,0.,1.530808498934E-19));
#9465=CARTESIAN_POINT('',(0.003999999999999,0.0017,7.65404249467E-20));
#9466=CARTESIAN_POINT('',(0.003999999999999,0.0017,0.));
#9467=CARTESIAN_POINT('',(0.00349999999999899,0.0017881634903539,-1.68518870133883E-34));
#9468=CARTESIAN_POINT('',(0.003499999999999,-0.00325,0.));
#9469=CARTESIAN_POINT('',(0.003499999999999,-0.00325,0.));
#9470=CARTESIAN_POINT('',(-0.0035,-0.00325,0.));
#9471=CARTESIAN_POINT('',(0.,0.001765044904578,0.));
#9472=CARTESIAN_POINT('',(0.00100232236782,0.001765044904578,0.));
#9473=CARTESIAN_POINT('',(0.000813297977576,0.001765044904578,0.));
#9474=CARTESIAN_POINT('',(0.000813297977576,0.,0.));
#9475=CARTESIAN_POINT('',(0.000813297977576,0.001710166855797,0.));
#9476=CARTESIAN_POINT('',(0.,0.001710166855797,0.));
#9477=CARTESIAN_POINT('',(0.001069395538552,0.001710166855797,0.));
#9478=CARTESIAN_POINT('',(0.001069395538552,0.,0.));
#9479=CARTESIAN_POINT('',(0.001069395538552,0.002210166855797,0.));
#9480=CARTESIAN_POINT('',(0.,0.002210166855797,0.));
#9481=CARTESIAN_POINT('',(0.00100232236782,0.002210166855797,0.));
#9482=CARTESIAN_POINT('',(0.00100232236782,0.,0.));
#9483=CARTESIAN_POINT('',(0.000521144772082515,0.00200872865472696,-1.47532243528732E-20));
#9484=CARTESIAN_POINT('',(0.000526998434893,0.001758947343602,0.));
#9485=CARTESIAN_POINT('',(0.000398663831235,0.001790959538724,0.));
#9486=CARTESIAN_POINT('',(0.000398663831235,0.,0.));
#9487=CARTESIAN_POINT('',(0.000398663831235,0.001736081489944,0.));
#9488=CARTESIAN_POINT('',(0.00052684884575365,0.00197534066165983,-1.60480547776775E-20));
#9489=CARTESIAN_POINT('',(0.000536240050747,0.001704069294822,0.));
#9490=CARTESIAN_POINT('',(0.000536240050747,0.001704069294822,0.));
#9491=CARTESIAN_POINT('',(0.000544919581523,0.001704262873364,0.));
#9492=CARTESIAN_POINT('',(0.000561893378855,0.001704641437947,0.));
#9493=CARTESIAN_POINT('',(0.000586689609788,0.001707825714077,0.));
#9494=CARTESIAN_POINT('',(0.000610147748178,0.001713141971525,0.));
#9495=CARTESIAN_POINT('',(0.000632259646297,0.001720611508681,0.));
#9496=CARTESIAN_POINT('',(0.000653102661926,0.001730050047531,0.));
#9497=CARTESIAN_POINT('',(0.000672568826167,0.001741717012728,0.));
#9498=CARTESIAN_POINT('',(0.000690529320503,0.001755704285418,0.));
#9499=CARTESIAN_POINT('',(0.000707221809499,0.001771448030934,0.));
#9500=CARTESIAN_POINT('',(0.000722115985316,0.001789063084465,0.));
#9501=CARTESIAN_POINT('',(0.000735153025478,0.001808116426874,0.));
#9502=CARTESIAN_POINT('',(0.000746182299766,0.001828548795687,0.));
#9503=CARTESIAN_POINT('',(0.000755131810516,0.001850371408031,0.));
#9504=CARTESIAN_POINT('',(0.000762106127225,0.001873539965827,0.));
#9505=CARTESIAN_POINT('',(0.000766983395638,0.001898075324044,0.));
#9506=CARTESIAN_POINT('',(0.000770152964288,0.001923943059986,0.));
#9507=CARTESIAN_POINT('',(0.0007704587765,0.001941673958315,0.));
#9508=CARTESIAN_POINT('',(0.000770615050747,0.001950734691163,0.));
#9509=CARTESIAN_POINT('',(0.000770615050747,0.001950734691163,0.));
#9510=CARTESIAN_POINT('',(0.000770615050747,0.001950734691163,0.));
#9511=CARTESIAN_POINT('',(0.00077039728902,0.001960462446718,0.));
#9512=CARTESIAN_POINT('',(0.00076997110787,0.001979500622502,0.));
#9513=CARTESIAN_POINT('',(0.000766583550027,0.002007339101691,0.));
#9514=CARTESIAN_POINT('',(0.000761025120825,0.002033736099419,0.));
#9515=CARTESIAN_POINT('',(0.000753070278655,0.002058651545758,0.));
#9516=CARTESIAN_POINT('',(0.000742940433546,0.00208211911555,0.));
#9517=CARTESIAN_POINT('',(0.000730626976139,0.002104170034497,0.));
#9518=CARTESIAN_POINT('',(0.000715929825552,0.002124690689391,0.));
#9519=CARTESIAN_POINT('',(0.000699083038307,0.002143541602401,0.));
#9520=CARTESIAN_POINT('',(0.000680644060945,0.002160628355652,0.));
#9521=CARTESIAN_POINT('',(0.000660748482357,0.002175538567055,0.));
#9522=CARTESIAN_POINT('',(0.000639636292403,0.0021881389415,0.));
#9523=CARTESIAN_POINT('',(0.000617337374354,0.002198512569705,0.));
#9524=CARTESIAN_POINT('',(0.000593769753686,0.002206431201138,0.));
#9525=CARTESIAN_POINT('',(0.000569043696796,0.002212118151881,0.));
#9526=CARTESIAN_POINT('',(0.000543074047733,0.002215642116077,0.));
#9527=CARTESIAN_POINT('',(0.000525358291671,0.002216054304266,0.));
#9528=CARTESIAN_POINT('',(0.000516327703186,0.002216264416773,0.));
#9529=CARTESIAN_POINT('',(0.000516327703186,0.002216264416773,0.));
#9530=CARTESIAN_POINT('',(0.000507059718281423,0.00191206992070843,-1.8273602739842E-20));
#9531=CARTESIAN_POINT('',(0.000398663831235,0.002196447343602,0.));
#9532=CARTESIAN_POINT('',(0.000398663831235,0.,0.));
#9533=CARTESIAN_POINT('',(0.000398663831235,0.002129374172871,0.));
#9534=CARTESIAN_POINT('',(0.000513856388295749,0.00193818241331784,-1.31528109054822E-20));
#9535=CARTESIAN_POINT('',(0.000515756056845,0.002161386367993,0.));
#9536=CARTESIAN_POINT('',(0.000515756056845,0.002161386367993,0.));
#9537=CARTESIAN_POINT('',(0.000522530737777,0.00216124069995,0.));
#9538=CARTESIAN_POINT('',(0.000535817358152,0.002160955013287,0.));
#9539=CARTESIAN_POINT('',(0.000555228097008,0.002158150098444,0.));
#9540=CARTESIAN_POINT('',(0.000573741793599,0.002153953628828,0.));
#9541=CARTESIAN_POINT('',(0.000591284209258,0.002147811770188,0.));
#9542=CARTESIAN_POINT('',(0.000607835424491,0.002139884755016,0.));
#9543=CARTESIAN_POINT('',(0.000623381086491,0.00213014285136,0.));
#9544=CARTESIAN_POINT('',(0.000638016667019,0.002118794925172,0.));
#9545=CARTESIAN_POINT('',(0.000651518905269,0.002105699406545,0.));
#9546=CARTESIAN_POINT('',(0.000663823200157,0.002091217854657,0.));
#9547=CARTESIAN_POINT('',(0.000674384615325,0.002075254499322,0.));
#9548=CARTESIAN_POINT('',(0.000683542965435,0.002058241409278,0.));
#9549=CARTESIAN_POINT('',(0.000690876954397,0.002039880094161,0.));
#9550=CARTESIAN_POINT('',(0.000696556704019,0.002020311432227,0.));
#9551=CARTESIAN_POINT('',(0.000700656286034,0.001999562124894,0.));
#9552=CARTESIAN_POINT('',(0.000703031527375,0.001977593903184,0.));
#9553=CARTESIAN_POINT('',(0.000703368722776,0.001962554535415,0.));
#9554=CARTESIAN_POINT('',(0.000703541880015,0.001954831489944,0.));
#9555=CARTESIAN_POINT('',(0.000703541880015,0.001954831489944,0.));
#9556=CARTESIAN_POINT('',(0.000703541880015,0.001954831489944,0.));
#9557=CARTESIAN_POINT('',(0.00070340297009,0.001947520887096,0.));
#9558=CARTESIAN_POINT('',(0.000703131682284,0.001933243452199,0.));
#9559=CARTESIAN_POINT('',(0.000700800888972,0.001912404613238,0.));
#9560=CARTESIAN_POINT('',(0.00069702526685,0.001892701252315,0.));
#9561=CARTESIAN_POINT('',(0.000691719096002,0.001874150736725,0.));
#9562=CARTESIAN_POINT('',(0.000684800043407,0.001856770233687,0.));
#9563=CARTESIAN_POINT('',(0.000676442070364,0.00184051356326,0.));
#9564=CARTESIAN_POINT('',(0.000666449061488,0.001825454137443,0.));
#9565=CARTESIAN_POINT('',(0.000655041611589,0.00181166245782,0.));
#9566=CARTESIAN_POINT('',(0.000642376337412,0.001799294631765,0.));
#9567=CARTESIAN_POINT('',(0.000628718458442,0.001788432901603,0.));
#9568=CARTESIAN_POINT('',(0.000614038218373,0.001779366738188,0.));
#9569=CARTESIAN_POINT('',(0.000598472508035,0.001771848787747,0.));
#9570=CARTESIAN_POINT('',(0.000581950998509,0.001766036375151,0.));
#9571=CARTESIAN_POINT('',(0.000564442763353,0.001761961670077,0.));
#9572=CARTESIAN_POINT('',(0.000546031560311,0.001759437885423,0.));
#9573=CARTESIAN_POINT('',(0.000533421772399,0.001759112892644,0.));
#9574=CARTESIAN_POINT('',(0.000526998434893,0.001758947343602,0.));
#9575=CARTESIAN_POINT('',(0.,0.001765044904578,0.));
#9576=CARTESIAN_POINT('',(0.000234029684893,0.001765044904578,0.));
#9577=CARTESIAN_POINT('',(3.2810172698E-5,0.001765044904578,0.));
#9578=CARTESIAN_POINT('',(3.2810172698E-5,0.,0.));
#9579=CARTESIAN_POINT('',(3.2810172698E-5,0.001710166855797,0.));
#9580=CARTESIAN_POINT('',(0.,0.001710166855797,0.));
#9581=CARTESIAN_POINT('',(0.000301102855625,0.001710166855797,0.));
#9582=CARTESIAN_POINT('',(0.000301102855625,0.,0.));
#9583=CARTESIAN_POINT('',(0.000301102855625,0.002210166855797,0.));
#9584=CARTESIAN_POINT('',(0.,0.002210166855797,0.));
#9585=CARTESIAN_POINT('',(4.500529465E-5,0.002210166855797,0.));
#9586=CARTESIAN_POINT('',(4.500529465E-5,0.,0.));
#9587=CARTESIAN_POINT('',(4.500529465E-5,0.002155288807017,0.));
#9588=CARTESIAN_POINT('',(0.,0.002155288807017,0.));
#9589=CARTESIAN_POINT('',(0.000234029684893,0.002155288807017,0.));
#9590=CARTESIAN_POINT('',(0.000234029684893,0.,0.));
#9591=CARTESIAN_POINT('',(0.000234029684893,0.001990654660675,0.));
#9592=CARTESIAN_POINT('',(0.,0.001990654660675,0.));
#9593=CARTESIAN_POINT('',(5.7200416601E-5,0.001990654660675,0.));
#9594=CARTESIAN_POINT('',(5.7200416601E-5,0.,0.));
#9595=CARTESIAN_POINT('',(5.7200416601E-5,0.001935776611895,0.));
#9596=CARTESIAN_POINT('',(0.,0.001935776611895,0.));
#9597=CARTESIAN_POINT('',(0.000234029684893,0.001935776611895,0.));
#9598=CARTESIAN_POINT('',(0.000234029684893,0.,0.));
#9599=CARTESIAN_POINT('',(-0.000467189827301,0.001966454965554,0.));
#9600=CARTESIAN_POINT('',(-0.000466987893699,0.0019570111733,0.));
#9601=CARTESIAN_POINT('',(-0.000466592065901,0.001938499566154,0.));
#9602=CARTESIAN_POINT('',(-0.000462974176585,0.001911483468615,0.));
#9603=CARTESIAN_POINT('',(-0.000457198828543,0.001885884952144,0.));
#9604=CARTESIAN_POINT('',(-0.000449091947613,0.001861718559725,0.));
#9605=CARTESIAN_POINT('',(-0.000438595904558,0.00183900172205,0.));
#9606=CARTESIAN_POINT('',(-0.000425582374726,0.001817817433538,0.));
#9607=CARTESIAN_POINT('',(-0.000410402099506,0.001798004170989,0.));
#9608=CARTESIAN_POINT('',(-0.000392951074722,0.001779833392355,0.));
#9609=CARTESIAN_POINT('',(-0.000373651498938,0.001763570610281,0.));
#9610=CARTESIAN_POINT('',(-0.000353014080798,0.001749107204151,0.));
#9611=CARTESIAN_POINT('',(-0.000330861492168,0.00173709004132,0.));
#9612=CARTESIAN_POINT('',(-0.000307382937937,0.001727271447513,0.));
#9613=CARTESIAN_POINT('',(-0.00028261948215,0.001719476070982,0.));
#9614=CARTESIAN_POINT('',(-0.000256463803284,0.001714168581754,0.));
#9615=CARTESIAN_POINT('',(-0.000229034773016,0.00171067937245,0.));
#9616=CARTESIAN_POINT('',(-0.000210277716278,0.001710340008486,0.));
#9617=CARTESIAN_POINT('',(-0.000200707357788,0.001710166855797,0.));
#9618=CARTESIAN_POINT('',(-0.000467189827301,0.001966454965554,0.));
#9619=CARTESIAN_POINT('',(-0.000200707357788,0.001710166855797,0.));
#9620=CARTESIAN_POINT('',(0.,0.001710166855797,0.));
#9621=CARTESIAN_POINT('',(-6.475080291E-5,0.001710166855797,0.));
#9622=CARTESIAN_POINT('',(-6.475080291E-5,0.,0.));
#9623=CARTESIAN_POINT('',(-6.475080291E-5,0.002210166855797,0.));
#9624=CARTESIAN_POINT('',(0.,0.002210166855797,0.));
#9625=CARTESIAN_POINT('',(-0.000205852174862,0.002210166855797,0.));
#9626=CARTESIAN_POINT('',(-0.000205852174862,0.002210166855797,0.));
#9627=CARTESIAN_POINT('',(-0.000215038106895,0.002209962109821,0.));
#9628=CARTESIAN_POINT('',(-0.000233049139705,0.002209560660465,0.));
#9629=CARTESIAN_POINT('',(-0.000259461211798,0.002206511182844,0.));
#9630=CARTESIAN_POINT('',(-0.000284659133303,0.00220121934794,0.));
#9631=CARTESIAN_POINT('',(-0.000308712196819,0.002194000098575,0.));
#9632=CARTESIAN_POINT('',(-0.000331648263843,0.002184777586302,0.));
#9633=CARTESIAN_POINT('',(-0.000353251257745,0.002173224240439,0.));
#9634=CARTESIAN_POINT('',(-0.000373758209773,0.00215974159614,0.));
#9635=CARTESIAN_POINT('',(-0.000392902266007,0.002144300411998,0.));
#9636=CARTESIAN_POINT('',(-0.000410351403786,0.002127131334754,0.));
#9637=CARTESIAN_POINT('',(-0.00042556246424,0.002108353997923,0.));
#9638=CARTESIAN_POINT('',(-0.00043858549441,0.002088219545621,0.));
#9639=CARTESIAN_POINT('',(-0.000449065606555,0.002066568776695,0.));
#9640=CARTESIAN_POINT('',(-0.00045720310078,0.002043518345484,0.));
#9641=CARTESIAN_POINT('',(-0.000462965507856,0.00201908496651,0.));
#9642=CARTESIAN_POINT('',(-0.000466599981706,0.001993240965967,0.));
#9643=CARTESIAN_POINT('',(-0.000466990243354,0.001975518448839,0.));
#9644=CARTESIAN_POINT('',(-0.000467189827301,0.001966454965554,0.));
#9645=CARTESIAN_POINT('',(0.,0.002210166855797,0.));
#9646=CARTESIAN_POINT('',(-0.000692799583398,0.002210166855797,0.));
#9647=CARTESIAN_POINT('',(-0.00075987275413,0.002210166855797,0.));
#9648=CARTESIAN_POINT('',(-0.00075987275413,0.002210166855797,0.));
#9649=CARTESIAN_POINT('',(-0.000954994705349,0.001710166855797,0.));
#9650=CARTESIAN_POINT('',(0.,0.001710166855797,0.));
#9651=CARTESIAN_POINT('',(-0.000881823973642,0.001710166855797,0.));
#9652=CARTESIAN_POINT('',(-0.000881823973642,0.001710166855797,0.));
#9653=CARTESIAN_POINT('',(-0.000831233272423,0.001850410758236,0.));
#9654=CARTESIAN_POINT('',(0.,0.001850410758236,0.));
#9655=CARTESIAN_POINT('',(-0.000624678394374,0.001850410758236,0.));
#9656=CARTESIAN_POINT('',(-0.000624678394374,0.001850410758236,0.));
#9657=CARTESIAN_POINT('',(-0.000576945924862,0.001710166855797,0.));
#9658=CARTESIAN_POINT('',(0.,0.001710166855797,0.));
#9659=CARTESIAN_POINT('',(-0.000503775193154,0.001710166855797,0.));
#9660=CARTESIAN_POINT('',(-0.000503775193154,0.001710166855797,0.));
#9661=CARTESIAN_POINT('',(0.,0.,0.));
#9662=CARTESIAN_POINT('',(-0.000400116656569,0.0019650258497,0.));
#9663=CARTESIAN_POINT('',(-0.000399952766278,0.001972686292269,0.));
#9664=CARTESIAN_POINT('',(-0.000399634280386,0.001987572731622,0.));
#9665=CARTESIAN_POINT('',(-0.000397156173286,0.002009163235556,0.));
#9666=CARTESIAN_POINT('',(-0.000393003180762,0.002029306723124,0.));
#9667=CARTESIAN_POINT('',(-0.000387098775426,0.002047956096528,0.));
#9668=CARTESIAN_POINT('',(-0.000379562510246,0.002065183266502,0.));
#9669=CARTESIAN_POINT('',(-0.000370282594495,0.002080889530717,0.));
#9670=CARTESIAN_POINT('',(-0.000359330960968,0.002095151889099,0.));
#9671=CARTESIAN_POINT('',(-0.000346709186755,0.002107806675298,0.));
#9672=CARTESIAN_POINT('',(-0.000332727174334,0.002118932058693,0.));
#9673=CARTESIAN_POINT('',(-0.000317728677108,0.002128722943769,0.));
#9674=CARTESIAN_POINT('',(-0.000301583587345,0.002136943763944,0.));
#9675=CARTESIAN_POINT('',(-0.000284418371403,0.002143699226962,0.));
#9676=CARTESIAN_POINT('',(-0.000266174935013,0.002148970503745,0.));
#9677=CARTESIAN_POINT('',(-0.000246909247964,0.002152629304214,0.));
#9678=CARTESIAN_POINT('',(-0.000226579077546,0.002154856439103,0.));
#9679=CARTESIAN_POINT('',(-0.000212685989794,0.002155142309932,0.));
#9680=CARTESIAN_POINT('',(-0.000205566351691,0.002155288807017,0.));
#9681=CARTESIAN_POINT('',(-0.000400116656569,0.0019650258497,0.));
#9682=CARTESIAN_POINT('',(-0.000205566351691,0.002155288807017,0.));
#9683=CARTESIAN_POINT('',(0.,0.002155288807017,0.));
#9684=CARTESIAN_POINT('',(-0.000131823973642,0.002155288807017,0.));
#9685=CARTESIAN_POINT('',(-0.000131823973642,0.,0.));
#9686=CARTESIAN_POINT('',(-0.000131823973642,0.001765044904578,0.));
#9687=CARTESIAN_POINT('',(0.,0.001765044904578,0.));
#9688=CARTESIAN_POINT('',(-0.000202803394374,0.001765044904578,0.));
#9689=CARTESIAN_POINT('',(-0.000202803394374,0.001765044904578,0.));
#9690=CARTESIAN_POINT('',(-0.00021033717876,0.001765207759036,0.));
#9691=CARTESIAN_POINT('',(-0.000225034144432,0.001765525456791,0.));
#9692=CARTESIAN_POINT('',(-0.000246452422704,0.001768048357598,0.));
#9693=CARTESIAN_POINT('',(-0.000266610855275,0.001772099654856,0.));
#9694=CARTESIAN_POINT('',(-0.00028551211159,0.001777774902269,0.));
#9695=CARTESIAN_POINT('',(-0.000303074305081,0.001785297712623,0.));
#9696=CARTESIAN_POINT('',(-0.000319439111545,0.001794325511861,0.));
#9697=CARTESIAN_POINT('',(-0.000334494127504,0.001805068421468,0.));
#9698=CARTESIAN_POINT('',(-0.00034817832493,0.001817405951824,0.));
#9699=CARTESIAN_POINT('',(-0.000360375696877,0.001831276667183,0.));
#9700=CARTESIAN_POINT('',(-0.000371136879809,0.001846463588862,0.));
#9701=CARTESIAN_POINT('',(-0.000380077634888,0.001863073236608,0.));
#9702=CARTESIAN_POINT('',(-0.000387481379996,0.00188094088128,0.));
#9703=CARTESIAN_POINT('',(-0.000393138889409,0.001900145261331,0.));
#9704=CARTESIAN_POINT('',(-0.000397240028088,0.001920609442942,0.));
#9705=CARTESIAN_POINT('',(-0.000399608812116,0.001942390162257,0.));
#9706=CARTESIAN_POINT('',(-0.000399944098559,0.001957334578948,0.));
#9707=CARTESIAN_POINT('',(-0.000400116656569,0.0019650258497,0.));
#9708=CARTESIAN_POINT('',(0.,0.,0.));
#9709=CARTESIAN_POINT('',(0.,0.,0.));
#9710=CARTESIAN_POINT('',(0.,0.,0.));
#9711=CARTESIAN_POINT('',(0.,0.,0.));
#9712=CARTESIAN_POINT('',(0.001749999999999,0.,0.0076));
#9713=CARTESIAN_POINT('',(0.000813083514927,-0.000760139789775,0.0076));
#9714=CARTESIAN_POINT('',(0.00243439072815404,0.000861167423452042,0.00760000000000031));
#9715=CARTESIAN_POINT('',(0.000888832576547137,-0.000684390728154864,0.0076));
#9716=CARTESIAN_POINT('',(0.001749999999999,0.,0.0076));
#9717=CARTESIAN_POINT('',(0.001749999999999,0.,0.0075));
#9718=CARTESIAN_POINT('',(0.00250552367383068,0.000932300369128682,0.0075));
#9719=CARTESIAN_POINT('',(0.00250552367383068,0.000932300369128682,0.00755298314928284));
#9720=CARTESIAN_POINT('',(0.00247184918969521,0.000898625884993202,0.00759999999999995));
#9721=CARTESIAN_POINT('',(0.00243439072815436,0.000861167423452357,0.00760000000000062));
#9722=CARTESIAN_POINT('',(0.001749999999999,0.,0.0075));
#9723=CARTESIAN_POINT('',(0.0008176996308702,-0.000755523673831833,0.0075));
#9724=CARTESIAN_POINT('',(0.000888832576547135,-0.000684390728154865,0.0076));
#9725=CARTESIAN_POINT('',(0.000851370491609255,-0.000721852813092745,0.0075999999999997));
#9726=CARTESIAN_POINT('',(0.000817699630870095,-0.000755523673831907,0.00755298869494719));
#9727=CARTESIAN_POINT('',(0.000817699630870053,-0.000755523673831948,0.00750000000000011));
#9728=CARTESIAN_POINT('',(0.000249999999999,0.00075,0.004299999999999));
#9729=CARTESIAN_POINT('',(0.003249999999999,0.00075,0.004299999999999));
#9730=CARTESIAN_POINT('',(0.00324999999999901,-0.00155591825482211,0.004299999999999));
#9731=CARTESIAN_POINT('',(0.003249999999999,-0.00325,0.004299999999999));
#9732=CARTESIAN_POINT('',(0.000249999999999,-0.00325,0.004299999999999));
#9733=CARTESIAN_POINT('',(0.000249999999999,-0.00325,0.004299999999999));
#9734=CARTESIAN_POINT('',(0.000249999999999,0.00075,0.004299999999999));
#9735=CARTESIAN_POINT('',(0.0002499999999995,0.00075,0.004299999999999));
#9736=CARTESIAN_POINT('',(0.0035,0.00075,0.004299999999999));
#9737=CARTESIAN_POINT('',(0.003249999999999,0.00075,0.004299999999999));
#9738=CARTESIAN_POINT('',(0.003249999999999,0.00075,0.004299999999999));
#9739=CARTESIAN_POINT('',(0.00324999999999901,-0.00104408174517689,0.0042999999999995));
#9740=CARTESIAN_POINT('',(0.002999999999999,-0.001,0.0043));
#9741=CARTESIAN_POINT('',(0.002999999999999,-0.001,0.0042999999999995));
#9742=CARTESIAN_POINT('',(0.002999999999999,0.,0.004299999999999));
#9743=CARTESIAN_POINT('',(0.002999999999999,-0.001599999999999,0.004299999999999));
#9744=CARTESIAN_POINT('',(0.002999999999999,-0.001599999999999,0.004299999999999));
#9745=CARTESIAN_POINT('',(0.002849999999999,0.00075,0.004299999999999));
#9746=CARTESIAN_POINT('',(0.002849999999999,-0.0009,0.004299999999999));
#9747=CARTESIAN_POINT('',(0.002849999999999,0.000599999999999,0.004299999999999));
#9748=CARTESIAN_POINT('',(0.000249999999999,0.000599999999999,0.004299999999999));
#9749=CARTESIAN_POINT('',(0.000649999999999,0.000599999999999,0.004299999999999));
#9750=CARTESIAN_POINT('',(0.000649999999999,-0.0009,0.004299999999999));
#9751=CARTESIAN_POINT('',(0.0006499999999995,-0.0009,0.004299999999999));
#9752=CARTESIAN_POINT('',(0.0035,-0.0009,0.004299999999999));
#9753=CARTESIAN_POINT('',(-0.00175,0.,0.0076));
#9754=CARTESIAN_POINT('',(-0.002686916485072,-0.000760139789775,0.0076));
#9755=CARTESIAN_POINT('',(-0.00106560927184496,0.000861167423452042,0.00760000000000031));
#9756=CARTESIAN_POINT('',(-0.00261116742345186,-0.000684390728154864,0.0076));
#9757=CARTESIAN_POINT('',(-0.00175,0.,0.0076));
#9758=CARTESIAN_POINT('',(-0.00175,0.,0.0075));
#9759=CARTESIAN_POINT('',(-0.000994476326168317,0.000932300369128682,0.0075));
#9760=CARTESIAN_POINT('',(-0.000994476326168317,0.000932300369128682,0.00755298314928284));
#9761=CARTESIAN_POINT('',(-0.0010281508103038,0.000898625884993203,0.00759999999999995));
#9762=CARTESIAN_POINT('',(-0.00106560927184464,0.000861167423452358,0.00760000000000062));
#9763=CARTESIAN_POINT('',(-0.00175,0.,0.0075));
#9764=CARTESIAN_POINT('',(-0.0026823003691288,-0.000755523673831833,0.0075));
#9765=CARTESIAN_POINT('',(-0.00261116742345186,-0.000684390728154865,0.0076));
#9766=CARTESIAN_POINT('',(-0.00264862950838974,-0.000721852813092745,0.0075999999999997));
#9767=CARTESIAN_POINT('',(-0.00268230036912891,-0.000755523673831907,0.00755298869494719));
#9768=CARTESIAN_POINT('',(-0.00268230036912895,-0.000755523673831948,0.00750000000000011));
#9769=CARTESIAN_POINT('',(0.003499999999999,-0.00325,0.0084));
#9770=CARTESIAN_POINT('',(0.003499999999999,-0.001,0.0042));
#9771=CARTESIAN_POINT('',(0.00349999999999901,-0.00151183650964511,0.0042));
#9772=CARTESIAN_POINT('',(0.00349999999999902,-0.00108816349035378,0.0042));
#9773=CARTESIAN_POINT('',(0.00349999999999904,-0.00151183650964522,0.0042));
#9774=CARTESIAN_POINT('',(0.00349999999999902,-0.00151183650964522,0.0084));
#9775=CARTESIAN_POINT('',(0.003499999999999,0.,0.0084));
#9776=CARTESIAN_POINT('',(0.003499999999999,-0.001749999999999,0.0084));
#9777=CARTESIAN_POINT('',(0.003499999999999,-0.001749999999999,0.0084));
#9778=CARTESIAN_POINT('',(0.003499999999999,-0.00324999999999886,0.0043999999999961));
#9779=CARTESIAN_POINT('',(0.003499999999999,-0.00325,0.0084));
#9780=CARTESIAN_POINT('',(0.00349999999999897,0.00178816349035378,3.061616997868E-19));
#9781=CARTESIAN_POINT('',(0.00349999999999898,0.00178816349035378,0.0044));
#9782=CARTESIAN_POINT('',(0.003499999999999,0.0017,0.0044));
#9783=CARTESIAN_POINT('',(0.00349999999999895,0.00221183650964559,0.0044));
#9784=CARTESIAN_POINT('',(0.00349999999999879,0.00221183650964619,6.408020801461E-19));
#9785=CARTESIAN_POINT('',(0.003499999999999,0.003249999999999,0.0084));
#9786=CARTESIAN_POINT('',(0.003499999999999,0.003249999999999,0.0044));
#9787=CARTESIAN_POINT('',(0.003499999999999,0.003249999999999,0.0044));
#9788=CARTESIAN_POINT('',(0.003499999999999,0.00175000000000051,0.00840000000000026));
#9789=CARTESIAN_POINT('',(0.003499999999999,0.,0.0084));
#9790=CARTESIAN_POINT('',(0.00349999999999901,-0.00108816349035389,0.0084));
#9791=CARTESIAN_POINT('',(0.00349999999999904,-0.00108816349035378,0.0084));
#9792=CARTESIAN_POINT('',(-0.0035,-0.00325,0.0084));
#9793=CARTESIAN_POINT('',(-0.0035,0.002299999999999,0.0044));
#9794=CARTESIAN_POINT('',(-0.0035,0.0017881634903539,0.0044));
#9795=CARTESIAN_POINT('',(-0.00350000000000011,0.0022118365096462,0.0044));
#9796=CARTESIAN_POINT('',(-0.0035,0.00178816349035378,0.0044));
#9797=CARTESIAN_POINT('',(-0.0035,-0.00325,0.0084));
#9798=CARTESIAN_POINT('',(-0.0035,-0.00324999999999943,0.00439999999999957));
#9799=CARTESIAN_POINT('',(-0.0035,-0.00325,0.0044));
#9800=CARTESIAN_POINT('',(-0.0035,-0.001749999999999,0.0084));
#9801=CARTESIAN_POINT('',(-0.0035,0.,0.0084));
#9802=CARTESIAN_POINT('',(-0.0035,-0.00151183650964511,0.0084));
#9803=CARTESIAN_POINT('',(-0.00349999999999996,-0.00151183650964522,0.0042));
#9804=CARTESIAN_POINT('',(-0.0035,-0.00151183650964522,0.0042));
#9805=CARTESIAN_POINT('',(-0.0035,-0.001599999999999,0.0042));
#9806=CARTESIAN_POINT('',(-0.0035,-0.00108816349035389,0.0042));
#9807=CARTESIAN_POINT('',(-0.00349999999999996,-0.00108816349035378,0.0042));
#9808=CARTESIAN_POINT('',(-0.0035,-0.00108816349035378,0.0084));
#9809=CARTESIAN_POINT('',(-0.0035,0.,0.0084));
#9810=CARTESIAN_POINT('',(-0.0035,0.0017499999999997,0.00840000000000013));
#9811=CARTESIAN_POINT('',(-0.0035,0.001749999999999,0.0084));
#9812=CARTESIAN_POINT('',(-0.0035,0.003249999999999,0.0044));
#9813=CARTESIAN_POINT('',(-0.0035,0.003249999999999,0.0084));
#9814=CARTESIAN_POINT('',(-0.00350000000000021,0.00221183650964619,6.408020801461E-19));
#9815=CARTESIAN_POINT('',(-0.00325,0.00075,0.004299999999999));
#9816=CARTESIAN_POINT('',(-0.00325,-0.00325,0.004299999999999));
#9817=CARTESIAN_POINT('',(-0.00025,-0.00325,0.004299999999999));
#9818=CARTESIAN_POINT('',(-0.00325,-0.00325,0.004299999999999));
#9819=CARTESIAN_POINT('',(-0.00325,0.00075,0.004299999999999));
#9820=CARTESIAN_POINT('',(-0.00325,0.00075,0.004299999999999));
#9821=CARTESIAN_POINT('',(0.,0.00075,0.004299999999999));
#9822=CARTESIAN_POINT('',(-0.00025,0.00075,0.004299999999999));
#9823=CARTESIAN_POINT('',(-0.00025,0.00075,0.004299999999999));
#9824=CARTESIAN_POINT('',(-0.00065,0.00075,0.004299999999999));
#9825=CARTESIAN_POINT('',(-0.00065,-0.0009,0.004299999999999));
#9826=CARTESIAN_POINT('',(-0.00065,0.000599999999999,0.004299999999999));
#9827=CARTESIAN_POINT('',(-0.00325,0.000599999999999,0.004299999999999));
#9828=CARTESIAN_POINT('',(-0.00285,0.000599999999999,0.004299999999999));
#9829=CARTESIAN_POINT('',(-0.00285,-0.0009,0.004299999999999));
#9830=CARTESIAN_POINT('',(-0.00285,-0.0009,0.004299999999999));
#9831=CARTESIAN_POINT('',(0.,-0.0009,0.004299999999999));
#9832=CARTESIAN_POINT('',(-0.0035,0.003249999999999,0.0084));
#9833=CARTESIAN_POINT('',(-0.0035,0.003249999999999,0.0044));
#9834=CARTESIAN_POINT('',(-0.0035,-0.00325,0.0084));
#9835=CARTESIAN_POINT('',(0.002249999999999,-0.00325,0.0005));
#9836=CARTESIAN_POINT('',(0.002249999999999,-0.00325,0.0005));
#9837=CARTESIAN_POINT('',(0.003249999999999,-0.00325,0.0005));
#9838=CARTESIAN_POINT('',(0.002249999999999,-0.00325,0.0005));
#9839=CARTESIAN_POINT('',(-0.0035,-0.00324999999999772,0.00439999999999915));
#9840=CARTESIAN_POINT('',(-0.00225,-0.00325,0.0005));
#9841=CARTESIAN_POINT('',(-0.00225,-0.00325,0.0005));
#9842=CARTESIAN_POINT('',(-0.00325,-0.00325,0.0005));
#9843=CARTESIAN_POINT('',(-0.00325,-0.00325,0.0005));
#9844=CARTESIAN_POINT('',(-0.00325,-0.00325,0.0005));
#9845=CARTESIAN_POINT('',(-0.00025,-0.00325,0.0005));
#9846=CARTESIAN_POINT('',(-0.00025,-0.00325,0.0005));
#9847=CARTESIAN_POINT('',(-0.00125,-0.00325,0.0005));
#9848=CARTESIAN_POINT('',(-0.00125,-0.00325,0.0005));
#9849=CARTESIAN_POINT('',(-0.00125,-0.00325,0.0005));
#9850=CARTESIAN_POINT('',(0.001249999999999,-0.00325,0.0005));
#9851=CARTESIAN_POINT('',(0.001249999999999,-0.00325,0.0005));
#9852=CARTESIAN_POINT('',(0.000249999999999,-0.00325,0.0005));
#9853=CARTESIAN_POINT('',(0.000249999999999,-0.00325,0.0005));
#9854=CARTESIAN_POINT('',(0.000249999999999,-0.00325,0.0005));
#9855=CARTESIAN_POINT('',(0.003249999999999,-0.00325,0.0005));
#9856=CARTESIAN_POINT('',(0.,0.,0.0084));
#9857=CARTESIAN_POINT('',(0.001749999999999,0.,0.0084));
#9858=CARTESIAN_POINT('',(-0.00175,0.,0.0084));
#9859=CARTESIAN_POINT('',(0.002999999999999,-0.001599999999999,0.0084));
#9860=CARTESIAN_POINT('',(0.002999999999999,-0.001599999999999,0.0084));
#9861=CARTESIAN_POINT('',(0.002999999999999,0.,0.0084));
#9862=CARTESIAN_POINT('',(0.002999999999999,-0.001,0.0084));
#9863=CARTESIAN_POINT('',(0.002999999999999,-0.001,0.0084));
#9864=CARTESIAN_POINT('',(-0.0035,0.00175000000000041,0.00840000000000053));
#9865=CARTESIAN_POINT('',(-0.004,-0.001,0.0084));
#9866=CARTESIAN_POINT('',(-0.004,-0.001,0.0084));
#9867=CARTESIAN_POINT('',(-0.004,0.,0.0084));
#9868=CARTESIAN_POINT('',(-0.004,-0.001599999999999,0.0084));
#9869=CARTESIAN_POINT('',(-0.004,-0.001599999999999,0.0084));
#9870=CARTESIAN_POINT('',(0.,-0.001749999999999,0.0084));
#9871=CARTESIAN_POINT('',(0.,0.,0.));
#9872=CARTESIAN_POINT('',(-0.0035,0.003249999999999,0.0044));
#9873=CARTESIAN_POINT('',(-0.0035,-0.001749999999999,0.0084));
#9874=CARTESIAN_POINT('',(-0.00025,0.00075,0.0005));
#9875=CARTESIAN_POINT('',(-0.00025,0.00075,0.));
#9876=CARTESIAN_POINT('',(-0.00025,0.00075,0.0005));
#9877=CARTESIAN_POINT('',(-0.00025,0.00075,0.0005));
#9878=CARTESIAN_POINT('',(-0.00125,0.00075,0.0005));
#9879=CARTESIAN_POINT('',(0.,0.00075,0.0005));
#9880=CARTESIAN_POINT('',(-0.00125,0.00075,0.0005));
#9881=CARTESIAN_POINT('',(-0.00125,0.00075,0.0005));
#9882=CARTESIAN_POINT('',(-0.00125,0.00075,0.0005));
#9883=CARTESIAN_POINT('',(-0.00125,0.00075,0.));
#9884=CARTESIAN_POINT('',(-0.00225,0.00075,0.0005));
#9885=CARTESIAN_POINT('',(-0.00225,0.00075,0.));
#9886=CARTESIAN_POINT('',(-0.00225,0.00075,0.0005));
#9887=CARTESIAN_POINT('',(-0.00225,0.00075,0.0005));
#9888=CARTESIAN_POINT('',(-0.00325,0.00075,0.0005));
#9889=CARTESIAN_POINT('',(0.,0.00075,0.0005));
#9890=CARTESIAN_POINT('',(-0.00325,0.00075,0.0005));
#9891=CARTESIAN_POINT('',(-0.00325,0.00075,0.0005));
#9892=CARTESIAN_POINT('',(-0.00325,0.00075,0.0005));
#9893=CARTESIAN_POINT('',(-0.00325,0.00075,0.));
#9894=CARTESIAN_POINT('',(0.,0.00075,0.));
#9895=CARTESIAN_POINT('',(0.,-0.0009,0.));
#9896=CARTESIAN_POINT('',(-0.00065,-0.0009,0.));
#9897=CARTESIAN_POINT('',(-0.00065,-0.0009,0.000799999999999));
#9898=CARTESIAN_POINT('',(-0.00285,-0.0009,0.));
#9899=CARTESIAN_POINT('',(-0.00285,-0.0009,0.000799999999999));
#9900=CARTESIAN_POINT('',(0.,-0.0009,0.000799999999999));
#9901=CARTESIAN_POINT('',(-0.00175,-0.0009,0.00195));
#9902=CARTESIAN_POINT('',(0.,0.000599999999999,0.));
#9903=CARTESIAN_POINT('',(-0.00065,0.000599999999999,0.000799999999999));
#9904=CARTESIAN_POINT('',(-0.00065,0.000599999999999,0.000799999999999));
#9905=CARTESIAN_POINT('',(-0.00285,0.000599999999999,0.000799999999999));
#9906=CARTESIAN_POINT('',(-0.00285,0.000599999999999,0.000799999999999));
#9907=CARTESIAN_POINT('',(-0.00285,0.000599999999999,0.000799999999999));
#9908=CARTESIAN_POINT('',(-0.00175,0.000599999999999,0.00195));
#9909=CARTESIAN_POINT('',(-0.00065,-0.0009,0.000799999999999));
#9910=CARTESIAN_POINT('',(-0.00065,-0.0009,0.000799999999999));
#9911=CARTESIAN_POINT('',(-0.00285,-0.0009,0.000799999999999));
#9912=CARTESIAN_POINT('',(-0.00285,-0.0009,0.000799999999999));
#9913=CARTESIAN_POINT('',(-0.00285,-0.0009,0.000799999999999));
#9914=CARTESIAN_POINT('',(-0.00175,-0.00015,0.0008));
#9915=CARTESIAN_POINT('',(-0.00175,-0.0009,0.00195));
#9916=CARTESIAN_POINT('',(-0.00175,-0.00015,-0.008131370849898));
#9917=CARTESIAN_POINT('',(-0.00175,-0.00015,-0.0034));
#9918=CARTESIAN_POINT('',(0.,0.,-0.0035));
#9919=CARTESIAN_POINT('',(-0.00175,-0.00015,-0.0035));
#9920=CARTESIAN_POINT('',(-0.00175,-0.00015,-0.0034));
#9921=CARTESIAN_POINT('',(-0.004,-0.001,0.0042));
#9922=CARTESIAN_POINT('',(-0.004,-0.001,0.0042));
#9923=CARTESIAN_POINT('',(-0.004,-0.001,0.0042));
#9924=CARTESIAN_POINT('',(-0.004,-0.001,0.));
#9925=CARTESIAN_POINT('',(-0.004,-0.001599999999999,0.0042));
#9926=CARTESIAN_POINT('',(-0.004,-0.001599999999999,0.0042));
#9927=CARTESIAN_POINT('',(-0.004,-0.001599999999999,0.0042));
#9928=CARTESIAN_POINT('',(-0.004,0.,0.0042));
#9929=CARTESIAN_POINT('',(-0.004,-0.001599999999999,0.0042));
#9930=CARTESIAN_POINT('',(-0.004,-0.001599999999999,0.));
#9931=CARTESIAN_POINT('',(-0.004,0.,0.));
#9932=CARTESIAN_POINT('',(0.003999999999999,0.0017,0.0044));
#9933=CARTESIAN_POINT('',(0.003999999999999,0.0017,0.0044));
#9934=CARTESIAN_POINT('',(0.003999999999999,0.0017,0.0044));
#9935=CARTESIAN_POINT('',(0.003999999999999,0.,0.0044));
#9936=CARTESIAN_POINT('',(0.003999999999999,0.0022999999999995,0.0044));
#9937=CARTESIAN_POINT('',(0.003999999999999,0.002299999999999,0.0044));
#9938=CARTESIAN_POINT('',(0.003999999999999,0.0017,3.061616997868E-19));
#9939=CARTESIAN_POINT('',(0.003999999999999,0.0017,0.));
#9940=CARTESIAN_POINT('',(0.003999999999999,0.0023,6.408020801461E-19));
#9941=CARTESIAN_POINT('',(0.003999999999999,0.0023,0.));
#9942=CARTESIAN_POINT('',(0.003999999999999,0.,0.));
#9943=CARTESIAN_POINT('',(0.002999999999999,-0.001,0.0042));
#9944=CARTESIAN_POINT('',(0.002999999999999,-0.001,0.0042));
#9945=CARTESIAN_POINT('',(0.00324999999999901,-0.00104408174517689,0.0042));
#9946=CARTESIAN_POINT('',(0.003249999999999,-0.001,0.0042));
#9947=CARTESIAN_POINT('',(0.003249999999999,-0.00155591825482206,0.0042));
#9948=CARTESIAN_POINT('',(0.003249999999999,-0.001555918254822,0.0042));
#9949=CARTESIAN_POINT('',(0.002999999999999,-0.001599999999999,0.0042));
#9950=CARTESIAN_POINT('',(0.00324999999999902,-0.0015559182548221,0.0042));
#9951=CARTESIAN_POINT('',(0.002999999999999,-0.001599999999999,0.));
#9952=CARTESIAN_POINT('',(0.002999999999999,-0.001,0.0084));
#9953=CARTESIAN_POINT('',(0.00324999999999902,-0.00104408174517689,0.0084));
#9954=CARTESIAN_POINT('',(0.002999999999999,-0.001,0.));
#9955=CARTESIAN_POINT('',(0.002999999999999,0.,0.));
#9956=CARTESIAN_POINT('',(-0.003,0.002299999999999,0.0044));
#9957=CARTESIAN_POINT('',(-0.003,0.0023,0.0044));
#9958=CARTESIAN_POINT('',(-0.003,0.0022999999999995,0.0044));
#9959=CARTESIAN_POINT('',(-0.003,0.,0.0044));
#9960=CARTESIAN_POINT('',(-0.003,0.0017,0.0044));
#9961=CARTESIAN_POINT('',(-0.003,0.0017,0.0044));
#9962=CARTESIAN_POINT('',(-0.003,0.0017,0.0044));
#9963=CARTESIAN_POINT('',(-0.003,0.0017,0.));
#9964=CARTESIAN_POINT('',(-0.003,0.0023,6.408020801461E-19));
#9965=CARTESIAN_POINT('',(-0.003,0.002299999999999,0.));
#9966=CARTESIAN_POINT('',(-0.003,0.,0.));
#9967=CARTESIAN_POINT('',(-0.00175,0.,0.0064));
#9968=CARTESIAN_POINT('',(-0.00175,0.,0.0064));
#9969=CARTESIAN_POINT('',(-0.00175,0.,0.0064));
#9970=CARTESIAN_POINT('',(-0.00175,0.,0.0064));
#9971=CARTESIAN_POINT('',(-0.00175,0.,0.0076));
#9972=CARTESIAN_POINT('',(-0.00250552367383172,-0.000932300369128652,0.0076));
#9973=CARTESIAN_POINT('',(-0.00250552367383171,-0.00093230036912866,0.0068));
#9974=CARTESIAN_POINT('',(-0.00175,0.,0.0068));
#9975=CARTESIAN_POINT('',(-0.00268230036912866,-0.00075552367383171,0.0068));
#9976=CARTESIAN_POINT('',(-0.00268230036912866,-0.000755523673831719,0.0076));
#9977=CARTESIAN_POINT('',(-0.00175,0.,0.0076));
#9978=CARTESIAN_POINT('',(-0.002510139789775,-0.000936916485072,0.0076));
#9979=CARTESIAN_POINT('',(-0.000888832576548136,0.000684390728154864,0.0076));
#9980=CARTESIAN_POINT('',(-0.00175,0.,0.0076));
#9981=CARTESIAN_POINT('',(-0.00175,0.,0.0075));
#9982=CARTESIAN_POINT('',(-0.000888832576548134,0.000684390728154866,0.0076));
#9983=CARTESIAN_POINT('',(-0.000851370491610256,0.000721852813092744,0.0075999999999997));
#9984=CARTESIAN_POINT('',(-0.000817699630871095,0.000755523673831906,0.00755298869494719));
#9985=CARTESIAN_POINT('',(-0.000817699630871053,0.000755523673831947,0.00750000000000011));
#9986=CARTESIAN_POINT('',(0.,0.,0.0068));
#9987=CARTESIAN_POINT('',(-0.00250552367383186,-0.000932300369128827,0.0068));
#9988=CARTESIAN_POINT('',(-0.000994476326167339,0.000932300369128582,0.0068));
#9989=CARTESIAN_POINT('',(-0.002686916485072,-0.000760139789775,0.0068));
#9990=CARTESIAN_POINT('',(-0.002510139789775,-0.000936916485072,0.0068));
#9991=CARTESIAN_POINT('',(0.003249999999999,0.00075,0.0005));
#9992=CARTESIAN_POINT('',(0.003249999999999,0.00075,0.));
#9993=CARTESIAN_POINT('',(0.003249999999999,0.00075,0.0005));
#9994=CARTESIAN_POINT('',(0.003249999999999,0.00075,0.0005));
#9995=CARTESIAN_POINT('',(0.002249999999999,0.00075,0.0005));
#9996=CARTESIAN_POINT('',(0.0035,0.00075,0.0005));
#9997=CARTESIAN_POINT('',(0.0022499999999995,0.00075,0.0005));
#9998=CARTESIAN_POINT('',(0.002249999999999,0.00075,0.0005));
#9999=CARTESIAN_POINT('',(0.002249999999999,0.00075,0.0005));
#10000=CARTESIAN_POINT('',(0.00225,0.00075,0.));
#10001=CARTESIAN_POINT('',(0.001249999999999,0.00075,0.0005));
#10002=CARTESIAN_POINT('',(0.00125,0.00075,0.));
#10003=CARTESIAN_POINT('',(0.0012499999999995,0.00075,0.0005));
#10004=CARTESIAN_POINT('',(0.001249999999999,0.00075,0.0005));
#10005=CARTESIAN_POINT('',(0.000249999999999,0.00075,0.0005));
#10006=CARTESIAN_POINT('',(0.0035,0.00075,0.0005));
#10007=CARTESIAN_POINT('',(0.0002499999999995,0.00075,0.0005));
#10008=CARTESIAN_POINT('',(0.000249999999999,0.00075,0.0005));
#10009=CARTESIAN_POINT('',(0.000249999999999,0.00075,0.0005));
#10010=CARTESIAN_POINT('',(0.00025,0.00075,0.));
#10011=CARTESIAN_POINT('',(0.0035,0.00075,0.));
#10012=CARTESIAN_POINT('',(0.001749999999999,0.,0.0064));
#10013=CARTESIAN_POINT('',(0.001749999999999,0.,0.0064));
#10014=CARTESIAN_POINT('',(0.001749999999999,0.,0.0064));
#10015=CARTESIAN_POINT('',(0.001749999999999,0.,0.0064));
#10016=CARTESIAN_POINT('',(0.0035,-0.0009,0.));
#10017=CARTESIAN_POINT('',(0.002849999999999,-0.0009,0.));
#10018=CARTESIAN_POINT('',(0.002849999999999,-0.0009,0.000799999999999));
#10019=CARTESIAN_POINT('',(0.00065,-0.0009,0.));
#10020=CARTESIAN_POINT('',(0.0006499999999995,-0.0009,0.000799999999999));
#10021=CARTESIAN_POINT('',(0.0035,-0.0009,0.000799999999999));
#10022=CARTESIAN_POINT('',(0.001749999999999,-0.0009,0.00195));
#10023=CARTESIAN_POINT('',(0.0035,0.000599999999999,0.));
#10024=CARTESIAN_POINT('',(0.002849999999999,0.000599999999999,0.000799999999999));
#10025=CARTESIAN_POINT('',(0.002849999999999,0.000599999999999,0.000799999999999));
#10026=CARTESIAN_POINT('',(0.000649999999999,0.000599999999999,0.000799999999999));
#10027=CARTESIAN_POINT('',(0.000649999999999,0.000599999999999,0.000799999999999));
#10028=CARTESIAN_POINT('',(0.000649999999999,0.000599999999999,0.000799999999999));
#10029=CARTESIAN_POINT('',(0.001749999999999,0.000599999999999,0.00195));
#10030=CARTESIAN_POINT('',(0.002849999999999,-0.0009,0.000799999999999));
#10031=CARTESIAN_POINT('',(0.002849999999999,-0.0009,0.000799999999999));
#10032=CARTESIAN_POINT('',(0.000649999999999,-0.0009,0.000799999999999));
#10033=CARTESIAN_POINT('',(0.000649999999999,-0.0009,0.000799999999999));
#10034=CARTESIAN_POINT('',(0.000649999999999,-0.0009,0.000799999999999));
#10035=CARTESIAN_POINT('',(0.001749999999999,-0.00015,0.0008));
#10036=CARTESIAN_POINT('',(0.001749999999999,-0.0009,0.00195));
#10037=CARTESIAN_POINT('',(0.001749999999999,-0.00015,-0.008131370849898));
#10038=CARTESIAN_POINT('',(0.001749999999999,-0.00015,-0.0034));
#10039=CARTESIAN_POINT('',(0.,0.,-0.0035));
#10040=CARTESIAN_POINT('',(0.001749999999999,-0.00015,-0.0035));
#10041=CARTESIAN_POINT('',(0.001749999999999,-0.00015,-0.0034));
#10042=CARTESIAN_POINT('',(0.001749999999999,0.,0.0076));
#10043=CARTESIAN_POINT('',(0.00099447632616728,-0.000932300369128652,0.0076));
#10044=CARTESIAN_POINT('',(0.00099447632616729,-0.00093230036912866,0.0068));
#10045=CARTESIAN_POINT('',(0.001749999999999,0.,0.0068));
#10046=CARTESIAN_POINT('',(0.00081769963087034,-0.00075552367383171,0.0068));
#10047=CARTESIAN_POINT('',(0.000817699630870348,-0.000755523673831719,0.0076));
#10048=CARTESIAN_POINT('',(0.001749999999999,0.,0.0076));
#10049=CARTESIAN_POINT('',(0.000989860210224,-0.000936916485072,0.0076));
#10050=CARTESIAN_POINT('',(0.00261116742345086,0.000684390728154864,0.0076));
#10051=CARTESIAN_POINT('',(0.001749999999999,0.,0.0076));
#10052=CARTESIAN_POINT('',(0.001749999999999,0.,0.0075));
#10053=CARTESIAN_POINT('',(0.00261116742345086,0.000684390728154865,0.0076));
#10054=CARTESIAN_POINT('',(0.00264862950838874,0.000721852813092744,0.0075999999999997));
#10055=CARTESIAN_POINT('',(0.00268230036912791,0.000755523673831907,0.00755298869494719));
#10056=CARTESIAN_POINT('',(0.00268230036912795,0.000755523673831948,0.00750000000000011));
#10057=CARTESIAN_POINT('',(0.0035,0.,0.0068));
#10058=CARTESIAN_POINT('',(0.00099447632616714,-0.000932300369128827,0.0068));
#10059=CARTESIAN_POINT('',(0.00250552367383166,0.000932300369128582,0.0068));
#10060=CARTESIAN_POINT('',(0.000813083514927,-0.000760139789775,0.0068));
#10061=CARTESIAN_POINT('',(0.000989860210224,-0.000936916485072,0.0068));
#10062=CARTESIAN_POINT('',(0.,0.,0.));
#10063=CARTESIAN_POINT('',(0.003500999999999,0.000940891811269,0.00686191036286));
#10064=CARTESIAN_POINT('',(0.003499999999999,0.000940891811269,0.00686191036286));
#10065=CARTESIAN_POINT('',(0.003500999999999,0.000922924794475,0.00686191036286));
#10066=CARTESIAN_POINT('',(0.003499999999999,0.000922924794475,0.00686191036286));
#10067=CARTESIAN_POINT('',(0.003500999999999,0.00090620548718,0.006867525055608));
#10068=CARTESIAN_POINT('',(0.003499999999999,0.00090620548718,0.006867525055608));
#10069=CARTESIAN_POINT('',(0.003500999999999,0.000890609118436,0.006878754441103));
#10070=CARTESIAN_POINT('',(0.003499999999999,0.000890609118436,0.006878754441103));
#10071=CARTESIAN_POINT('',(0.003499999999999,0.000890609118436,0.006878754441103));
#10072=CARTESIAN_POINT('',(0.003499999999999,0.00090620548718,0.006867525055608));
#10073=CARTESIAN_POINT('',(0.003499999999999,0.000922924794475,0.00686191036286));
#10074=CARTESIAN_POINT('',(0.003499999999999,0.000940891811269,0.00686191036286));
#10075=CARTESIAN_POINT('',(0.003499999999999,0.000940891811269,0.00686191036286));
#10076=CARTESIAN_POINT('',(0.003499999999999,0.000890609118436,0.00687875430780089));
#10077=CARTESIAN_POINT('',(0.003500999999999,0.000890609118436,0.006878754441103));
#10078=CARTESIAN_POINT('',(0.003500999999999,0.000890609218501464,0.00687875436905604));
#10079=CARTESIAN_POINT('',(0.003500999999999,0.000940891811269,0.00686191036286));
#10080=CARTESIAN_POINT('',(0.003500999999999,0.000922924794475,0.00686191036286));
#10081=CARTESIAN_POINT('',(0.003500999999999,0.00090620548718,0.006867525055608));
#10082=CARTESIAN_POINT('',(0.003500999999999,0.000890609118436,0.006878754441103));
#10083=CARTESIAN_POINT('',(0.003500999999999,0.000940891811269,0.00686191036286));
#10084=CARTESIAN_POINT('',(0.003500499999999,0.000940891811269,0.00686191036286));
#10085=CARTESIAN_POINT('',(0.003500999999999,0.000890609118436,0.006847187390765));
#10086=CARTESIAN_POINT('',(0.003499999999999,0.000890609118436,0.006847187390765));
#10087=CARTESIAN_POINT('',(0.003499999999999,0.000890609127708641,0.00684718738612868));
#10088=CARTESIAN_POINT('',(0.003500999999999,0.000890609118436,0.006847187390765));
#10089=CARTESIAN_POINT('',(0.003500999999999,0.000890609125863506,0.00684718745393865));
#10090=CARTESIAN_POINT('',(0.003500999999999,0.000890609118436,0.006866121382421));
#10091=CARTESIAN_POINT('',(0.003500999999999,0.000890609118436,0.006847187390765));
#10092=CARTESIAN_POINT('',(0.003499999999999,0.000890609118436,0.006847187390765));
#10093=CARTESIAN_POINT('',(0.003500999999999,0.000904084381031,0.006840449759467));
#10094=CARTESIAN_POINT('',(0.003499999999999,0.000904084381031,0.006840449759467));
#10095=CARTESIAN_POINT('',(0.003500999999999,0.000919805520726,0.006836956172869));
#10096=CARTESIAN_POINT('',(0.003499999999999,0.000919805520726,0.006836956172869));
#10097=CARTESIAN_POINT('',(0.003500999999999,0.00093789730847,0.006836956172869));
#10098=CARTESIAN_POINT('',(0.003499999999999,0.00093789730847,0.006836956172869));
#10099=CARTESIAN_POINT('',(0.003499999999999,0.00093789730847,0.006836956172869));
#10100=CARTESIAN_POINT('',(0.003499999999999,0.000919805520726,0.006836956172869));
#10101=CARTESIAN_POINT('',(0.003499999999999,0.000904084381031,0.006840449759467));
#10102=CARTESIAN_POINT('',(0.003499999999999,0.000890609118436,0.006847187390765));
#10103=CARTESIAN_POINT('',(0.003499999999999,0.00093789730847,0.006836956172869));
#10104=CARTESIAN_POINT('',(0.003500499999999,0.00093789730847,0.006836956172869));
#10105=CARTESIAN_POINT('',(0.003500999999999,0.00093789730847,0.006836956172869));
#10106=CARTESIAN_POINT('',(0.003500999999999,0.000890609118436,0.006847187390765));
#10107=CARTESIAN_POINT('',(0.003500999999999,0.000904084381031,0.006840449759467));
#10108=CARTESIAN_POINT('',(0.003500999999999,0.000919805520726,0.006836956172869));
#10109=CARTESIAN_POINT('',(0.003500999999999,0.00093789730847,0.006836956172869));
#10110=CARTESIAN_POINT('',(0.003500999999999,0.00093789730847,0.006836956172869));
#10111=CARTESIAN_POINT('',(0.003499999999999,0.00093789730847,0.006836956172869));
#10112=CARTESIAN_POINT('',(0.003500999999999,0.000958671671638,0.006836956172869));
#10113=CARTESIAN_POINT('',(0.003499999999999,0.000958671671638,0.006836956172869));
#10114=CARTESIAN_POINT('',(0.003500999999999,0.000975640520832,0.006841572698017));
#10115=CARTESIAN_POINT('',(0.003499999999999,0.000975640520832,0.006841572698017));
#10116=CARTESIAN_POINT('',(0.003500999999999,0.000988679085103,0.006850805748313));
#10117=CARTESIAN_POINT('',(0.003499999999999,0.000988679085103,0.006850805748313));
#10118=CARTESIAN_POINT('',(0.003499999999999,0.000988679085103,0.006850805748313));
#10119=CARTESIAN_POINT('',(0.003499999999999,0.000975640520832,0.006841572698017));
#10120=CARTESIAN_POINT('',(0.003499999999999,0.000958671671638,0.006836956172869));
#10121=CARTESIAN_POINT('',(0.003499999999999,0.00093789730847,0.006836956172869));
#10122=CARTESIAN_POINT('',(0.003499999999999,0.000988679085103,0.006850805748313));
#10123=CARTESIAN_POINT('',(0.003500499999999,0.000988679085103,0.006850805748313));
#10124=CARTESIAN_POINT('',(0.003500999999999,0.000988679085103,0.006850805748313));
#10125=CARTESIAN_POINT('',(0.003500999999999,0.00093789730847,0.006836956172869));
#10126=CARTESIAN_POINT('',(0.003500999999999,0.000958671671638,0.006836956172869));
#10127=CARTESIAN_POINT('',(0.003500999999999,0.000975640520832,0.006841572698017));
#10128=CARTESIAN_POINT('',(0.003500999999999,0.000988679085103,0.006850805748313));
#10129=CARTESIAN_POINT('',(0.003500999999999,0.000988679085103,0.006850805748313));
#10130=CARTESIAN_POINT('',(0.003499999999999,0.000988679085103,0.006850805748313));
#10131=CARTESIAN_POINT('',(0.003500999999999,0.001001780034848,0.006859914027661));
#10132=CARTESIAN_POINT('',(0.003499999999999,0.001001780034848,0.006859914027661));
#10133=CARTESIAN_POINT('',(0.003500999999999,0.001008330509721,0.006872515893606));
#10134=CARTESIAN_POINT('',(0.003499999999999,0.001008330509721,0.006872515893606));
#10135=CARTESIAN_POINT('',(0.003500999999999,0.001008330509721,0.006888486575201));
#10136=CARTESIAN_POINT('',(0.003499999999999,0.001008330509721,0.006888486575201));
#10137=CARTESIAN_POINT('',(0.003499999999999,0.001008330509721,0.006888486575201));
#10138=CARTESIAN_POINT('',(0.003499999999999,0.001008330509721,0.006872515893606));
#10139=CARTESIAN_POINT('',(0.003499999999999,0.001001780034848,0.006859914027661));
#10140=CARTESIAN_POINT('',(0.003499999999999,0.000988679085103,0.006850805748313));
#10141=CARTESIAN_POINT('',(0.003499999999999,0.001008330509721,0.006888486575201));
#10142=CARTESIAN_POINT('',(0.003500499999999,0.001008330509721,0.006888486575201));
#10143=CARTESIAN_POINT('',(0.003500999999999,0.001008330509721,0.006888486575201));
#10144=CARTESIAN_POINT('',(0.003500999999999,0.000988679085103,0.006850805748313));
#10145=CARTESIAN_POINT('',(0.003500999999999,0.001001780034848,0.006859914027661));
#10146=CARTESIAN_POINT('',(0.003500999999999,0.001008330509721,0.006872515893606));
#10147=CARTESIAN_POINT('',(0.003500999999999,0.001008330509721,0.006888486575201));
#10148=CARTESIAN_POINT('',(0.003500999999999,0.001008330509721,0.006888486575201));
#10149=CARTESIAN_POINT('',(0.003499999999999,0.001008330509721,0.006888486575201));
#10150=CARTESIAN_POINT('',(0.003500999999999,0.001008330509721,0.006899965502597));
#10151=CARTESIAN_POINT('',(0.003499999999999,0.001008330509721,0.006899965502597));
#10152=CARTESIAN_POINT('',(0.003500999999999,0.001004899308597,0.006909572865745));
#10153=CARTESIAN_POINT('',(0.003499999999999,0.001004899308597,0.006909572865745));
#10154=CARTESIAN_POINT('',(0.003500999999999,0.000998099291825,0.006917308664641));
#10155=CARTESIAN_POINT('',(0.003499999999999,0.000998099291825,0.006917308664641));
#10156=CARTESIAN_POINT('',(0.003499999999999,0.000998099291825,0.006917308664641));
#10157=CARTESIAN_POINT('',(0.003499999999999,0.001004899308597,0.006909572865745));
#10158=CARTESIAN_POINT('',(0.003499999999999,0.001008330509721,0.006899965502597));
#10159=CARTESIAN_POINT('',(0.003499999999999,0.001008330509721,0.006888486575201));
#10160=CARTESIAN_POINT('',(0.003499999999999,0.00099809929182384,0.00691730866464231));
#10161=CARTESIAN_POINT('',(0.003500499999999,0.00099809929182268,0.00691730866464362));
#10162=CARTESIAN_POINT('',(0.003500999999999,0.000998099291825,0.006917308664641));
#10163=CARTESIAN_POINT('',(0.003500999999999,0.001008330509721,0.006888486575201));
#10164=CARTESIAN_POINT('',(0.003500999999999,0.001008330509721,0.006899965502597));
#10165=CARTESIAN_POINT('',(0.003500999999999,0.001004899308597,0.006909572865745));
#10166=CARTESIAN_POINT('',(0.003500999999999,0.000998099291825,0.006917308664641));
#10167=CARTESIAN_POINT('',(0.003500999999999,0.000998099291825,0.006917308664641));
#10168=CARTESIAN_POINT('',(0.003499999999999,0.000998099291825,0.006917308664641));
#10169=CARTESIAN_POINT('',(0.003500999999999,0.000991236889577,0.006925044463538));
#10170=CARTESIAN_POINT('',(0.003499999999999,0.000991236889577,0.006925044463538));
#10171=CARTESIAN_POINT('',(0.003500999999999,0.000978135939832,0.006932655491485));
#10172=CARTESIAN_POINT('',(0.003499999999999,0.000978135939832,0.006932655491485));
#10173=CARTESIAN_POINT('',(0.003500999999999,0.000958671671638,0.006939892206583));
#10174=CARTESIAN_POINT('',(0.003499999999999,0.000958671671638,0.006939892206583));
#10175=CARTESIAN_POINT('',(0.003499999999999,0.000958671671638,0.006939892206583));
#10176=CARTESIAN_POINT('',(0.003499999999999,0.000978135939832,0.006932655491485));
#10177=CARTESIAN_POINT('',(0.003499999999999,0.000991236889577,0.006925044463538));
#10178=CARTESIAN_POINT('',(0.003499999999999,0.000998099291825,0.006917308664641));
#10179=CARTESIAN_POINT('',(0.003499999999999,0.000958670469269426,0.00693989267580469));
#10180=CARTESIAN_POINT('',(0.003500499999999,0.000958671671638,0.006939892206583));
#10181=CARTESIAN_POINT('',(0.003500999999999,0.000958671671638,0.006939892206583));
#10182=CARTESIAN_POINT('',(0.003500999999999,0.000998099291825,0.006917308664641));
#10183=CARTESIAN_POINT('',(0.003500999999999,0.000991236889577,0.006925044463538));
#10184=CARTESIAN_POINT('',(0.003500999999999,0.000978135939832,0.006932655491485));
#10185=CARTESIAN_POINT('',(0.003500999999999,0.000958671671638,0.006939892206583));
#10186=CARTESIAN_POINT('',(0.003500999999999,0.000958671671638,0.006939892206583));
#10187=CARTESIAN_POINT('',(0.003499999999999,0.000958671671638,0.006939892206583));
#10188=CARTESIAN_POINT('',(0.003500999999999,0.000943324844793,0.006945881212181));
#10189=CARTESIAN_POINT('',(0.003499999999999,0.000943324844793,0.006945881212181));
#10190=CARTESIAN_POINT('',(0.003500999999999,0.000933467939747,0.00695087205018));
#10191=CARTESIAN_POINT('',(0.003499999999999,0.000933467939747,0.00695087205018));
#10192=CARTESIAN_POINT('',(0.003500999999999,0.000928976185548,0.006954864720579));
#10193=CARTESIAN_POINT('',(0.003499999999999,0.000928976185548,0.006954864720579));
#10194=CARTESIAN_POINT('',(0.003499999999999,0.000958669266942612,0.00693989314501008));
#10195=CARTESIAN_POINT('',(0.003499999999999,0.000948300478239321,0.00694393958233805));
#10196=CARTESIAN_POINT('',(0.003499999999999,0.000937336454874572,0.00694743337006758));
#10197=CARTESIAN_POINT('',(0.003499999999999,0.000928976185548848,0.00695486472057825));
#10198=CARTESIAN_POINT('',(0.003499999999999,0.000928976185548,0.006954864720579));
#10199=CARTESIAN_POINT('',(0.003500499999999,0.000928976185548,0.006954864720579));
#10200=CARTESIAN_POINT('',(0.003500999999999,0.000928976185548,0.006954864720579));
#10201=CARTESIAN_POINT('',(0.003500999999999,0.000958671671638,0.006939892206583));
#10202=CARTESIAN_POINT('',(0.003500999999999,0.000943324844793,0.006945881212181));
#10203=CARTESIAN_POINT('',(0.003500999999999,0.000933467939747,0.00695087205018));
#10204=CARTESIAN_POINT('',(0.003500999999999,0.000928976185548,0.006954864720579));
#10205=CARTESIAN_POINT('',(0.003500999999999,0.000928976185548,0.006954864720579));
#10206=CARTESIAN_POINT('',(0.003499999999999,0.000928976185548,0.006954864720579));
#10207=CARTESIAN_POINT('',(0.003500999999999,0.000924546816824,0.006958732620027));
#10208=CARTESIAN_POINT('',(0.003499999999999,0.000924546816824,0.006958732620027));
#10209=CARTESIAN_POINT('',(0.003500999999999,0.000922300939725,0.006964097770876));
#10210=CARTESIAN_POINT('',(0.003499999999999,0.000922300939725,0.006964097770876));
#10211=CARTESIAN_POINT('',(0.003500999999999,0.000922300939725,0.006971084944074));
#10212=CARTESIAN_POINT('',(0.003499999999999,0.000922300939725,0.006971084944074));
#10213=CARTESIAN_POINT('',(0.003499999999999,0.000922300939725,0.006971084944074));
#10214=CARTESIAN_POINT('',(0.003499999999999,0.000922300939725,0.006964097770876));
#10215=CARTESIAN_POINT('',(0.003499999999999,0.000924546816824,0.006958732620027));
#10216=CARTESIAN_POINT('',(0.003499999999999,0.000928976185548,0.006954864720579));
#10217=CARTESIAN_POINT('',(0.003499999999999,0.000922300939725,0.006971084944074));
#10218=CARTESIAN_POINT('',(0.003500499999999,0.000922300939725,0.006971084944074));
#10219=CARTESIAN_POINT('',(0.003500999999999,0.000922300939725,0.006971084944074));
#10220=CARTESIAN_POINT('',(0.003500999999999,0.000928976185548,0.006954864720579));
#10221=CARTESIAN_POINT('',(0.003500999999999,0.000924546816824,0.006958732620027));
#10222=CARTESIAN_POINT('',(0.003500999999999,0.000922300939725,0.006964097770876));
#10223=CARTESIAN_POINT('',(0.003500999999999,0.000922300939725,0.006971084944074));
#10224=CARTESIAN_POINT('',(0.003500999999999,0.000922300939725,0.006971084944074));
#10225=CARTESIAN_POINT('',(0.003499999999999,0.000922300939725,0.006971084944074));
#10226=CARTESIAN_POINT('',(0.003500999999999,0.000922300939725,0.00697807211727));
#10227=CARTESIAN_POINT('',(0.003499999999999,0.000922300939725,0.00697807211727));
#10228=CARTESIAN_POINT('',(0.003500999999999,0.000925420213474,0.006983811580968));
#10229=CARTESIAN_POINT('',(0.003499999999999,0.000925420213474,0.006983811580968));
#10230=CARTESIAN_POINT('',(0.003500999999999,0.000931596375497,0.006988053793267));
#10231=CARTESIAN_POINT('',(0.003499999999999,0.000931596375497,0.006988053793267));
#10232=CARTESIAN_POINT('',(0.003499999999999,0.000931596375497,0.006988053793267));
#10233=CARTESIAN_POINT('',(0.003499999999999,0.000925420213474,0.006983811580968));
#10234=CARTESIAN_POINT('',(0.003499999999999,0.000922300939725,0.00697807211727));
#10235=CARTESIAN_POINT('',(0.003499999999999,0.000922300939725,0.006971084944074));
#10236=CARTESIAN_POINT('',(0.003499999999999,0.000931596375497,0.006988053793267));
#10237=CARTESIAN_POINT('',(0.003500499999999,0.000931596375497,0.006988053793267));
#10238=CARTESIAN_POINT('',(0.003500999999999,0.000931596375497,0.006988053793267));
#10239=CARTESIAN_POINT('',(0.003500999999999,0.000922300939725,0.006971084944074));
#10240=CARTESIAN_POINT('',(0.003500999999999,0.000922300939725,0.00697807211727));
#10241=CARTESIAN_POINT('',(0.003500999999999,0.000925420213474,0.006983811580968));
#10242=CARTESIAN_POINT('',(0.003500999999999,0.000931596375497,0.006988053793267));
#10243=CARTESIAN_POINT('',(0.003500999999999,0.000931596375497,0.006988053793267));
#10244=CARTESIAN_POINT('',(0.003499999999999,0.000931596375497,0.006988053793267));
#10245=CARTESIAN_POINT('',(0.003500999999999,0.00093777253752,0.006992420776515));
#10246=CARTESIAN_POINT('',(0.003499999999999,0.00093777253752,0.006992420776515));
#10247=CARTESIAN_POINT('',(0.003500999999999,0.000945820263793,0.006994541882666));
#10248=CARTESIAN_POINT('',(0.003499999999999,0.000945820263793,0.006994541882666));
#10249=CARTESIAN_POINT('',(0.003500999999999,0.000955677168839,0.006994541882666));
#10250=CARTESIAN_POINT('',(0.003499999999999,0.000955677168839,0.006994541882666));
#10251=CARTESIAN_POINT('',(0.003499999999999,0.000955677168839,0.006994541882666));
#10252=CARTESIAN_POINT('',(0.003499999999999,0.000945820263793,0.006994541882666));
#10253=CARTESIAN_POINT('',(0.003499999999999,0.00093777253752,0.006992420776515));
#10254=CARTESIAN_POINT('',(0.003499999999999,0.000931596375497,0.006988053793267));
#10255=CARTESIAN_POINT('',(0.003499999999999,0.000955677168839,0.006994541882666));
#10256=CARTESIAN_POINT('',(0.003500499999999,0.000955677168839,0.006994541882666));
#10257=CARTESIAN_POINT('',(0.003500999999999,0.000955677168839,0.006994541882666));
#10258=CARTESIAN_POINT('',(0.003500999999999,0.000931596375497,0.006988053793267));
#10259=CARTESIAN_POINT('',(0.003500999999999,0.00093777253752,0.006992420776515));
#10260=CARTESIAN_POINT('',(0.003500999999999,0.000945820263793,0.006994541882666));
#10261=CARTESIAN_POINT('',(0.003500999999999,0.000955677168839,0.006994541882666));
#10262=CARTESIAN_POINT('',(0.003500999999999,0.000955677168839,0.006994541882666));
#10263=CARTESIAN_POINT('',(0.003499999999999,0.000955677168839,0.006994541882666));
#10264=CARTESIAN_POINT('',(0.003500999999999,0.000972209319709,0.006994541882666));
#10265=CARTESIAN_POINT('',(0.003499999999999,0.000972209319709,0.006994541882666));
#10266=CARTESIAN_POINT('',(0.003500999999999,0.000986932291804,0.006990299670367));
#10267=CARTESIAN_POINT('',(0.003499999999999,0.000986932291804,0.006990299670367));
#10268=CARTESIAN_POINT('',(0.003500999999999,0.000999970856074,0.006981940016719));
#10269=CARTESIAN_POINT('',(0.003499999999999,0.000999970856074,0.006981940016719));
#10270=CARTESIAN_POINT('',(0.003499999999999,0.000999970856074,0.006981940016719));
#10271=CARTESIAN_POINT('',(0.003499999999999,0.000986932291804,0.006990299670367));
#10272=CARTESIAN_POINT('',(0.003499999999999,0.000972209319709,0.006994541882666));
#10273=CARTESIAN_POINT('',(0.003499999999999,0.000955677168839,0.006994541882666));
#10274=CARTESIAN_POINT('',(0.003499999999999,0.000999970856074,0.00698194014347388));
#10275=CARTESIAN_POINT('',(0.003500999999999,0.000999970856074,0.006981940016719));
#10276=CARTESIAN_POINT('',(0.003500999999999,0.000999970759138088,0.00698194007886911));
#10277=CARTESIAN_POINT('',(0.003500999999999,0.000955677168839,0.006994541882666));
#10278=CARTESIAN_POINT('',(0.003500999999999,0.000972209319709,0.006994541882666));
#10279=CARTESIAN_POINT('',(0.003500999999999,0.000986932291804,0.006990299670367));
#10280=CARTESIAN_POINT('',(0.003500999999999,0.000999970856074,0.006981940016719));
#10281=CARTESIAN_POINT('',(0.003500999999999,0.000999970856074,0.007011635502809));
#10282=CARTESIAN_POINT('',(0.003499999999999,0.000999970856074,0.007011635502809));
#10283=CARTESIAN_POINT('',(0.003499999999999,0.000999970841989376,0.00701163550860855));
#10284=CARTESIAN_POINT('',(0.003500999999999,0.000999970856074,0.007011635502809));
#10285=CARTESIAN_POINT('',(0.003500999999999,0.000999970843085796,0.00701163543935064));
#10286=CARTESIAN_POINT('',(0.003500999999999,0.000999970856074,0.006866121382421));
#10287=CARTESIAN_POINT('',(0.003500999999999,0.000999970856074,0.007011635502809));
#10288=CARTESIAN_POINT('',(0.003499999999999,0.000999970856074,0.007011635502809));
#10289=CARTESIAN_POINT('',(0.003500999999999,0.000987244219178,0.007016875882708));
#10290=CARTESIAN_POINT('',(0.003499999999999,0.000987244219178,0.007016875882708));
#10291=CARTESIAN_POINT('',(0.003500999999999,0.000973519414683,0.007019371301707));
#10292=CARTESIAN_POINT('',(0.003499999999999,0.000973519414683,0.007019371301707));
#10293=CARTESIAN_POINT('',(0.003500999999999,0.000958671671638,0.007019371301707));
#10294=CARTESIAN_POINT('',(0.003499999999999,0.000958671671638,0.007019371301707));
#10295=CARTESIAN_POINT('',(0.003499999999999,0.000958671671638,0.007019371301707));
#10296=CARTESIAN_POINT('',(0.003499999999999,0.000973519414683,0.007019371301707));
#10297=CARTESIAN_POINT('',(0.003499999999999,0.000987244219178,0.007016875882708));
#10298=CARTESIAN_POINT('',(0.003499999999999,0.000999970856074,0.007011635502809));
#10299=CARTESIAN_POINT('',(0.003499999999999,0.000958671671638,0.007019371301707));
#10300=CARTESIAN_POINT('',(0.003500499999999,0.000958671671638,0.007019371301707));
#10301=CARTESIAN_POINT('',(0.003500999999999,0.000958671671638,0.007019371301707));
#10302=CARTESIAN_POINT('',(0.003500999999999,0.000999970856074,0.007011635502809));
#10303=CARTESIAN_POINT('',(0.003500999999999,0.000987244219178,0.007016875882708));
#10304=CARTESIAN_POINT('',(0.003500999999999,0.000973519414683,0.007019371301707));
#10305=CARTESIAN_POINT('',(0.003500999999999,0.000958671671638,0.007019371301707));
#10306=CARTESIAN_POINT('',(0.003500999999999,0.000958671671638,0.007019371301707));
#10307=CARTESIAN_POINT('',(0.003499999999999,0.000958671671638,0.007019371301707));
#10308=CARTESIAN_POINT('',(0.003500999999999,0.000939581716294,0.007019371301707));
#10309=CARTESIAN_POINT('',(0.003499999999999,0.000939581716294,0.007019371301707));
#10310=CARTESIAN_POINT('',(0.003500999999999,0.00092348626375,0.007014754776559));
#10311=CARTESIAN_POINT('',(0.003499999999999,0.00092348626375,0.007014754776559));
#10312=CARTESIAN_POINT('',(0.003500999999999,0.000910385314004,0.007005521726261));
#10313=CARTESIAN_POINT('',(0.003499999999999,0.000910385314004,0.007005521726261));
#10314=CARTESIAN_POINT('',(0.003499999999999,0.000910385314004,0.007005521726261));
#10315=CARTESIAN_POINT('',(0.003499999999999,0.00092348626375,0.007014754776559));
#10316=CARTESIAN_POINT('',(0.003499999999999,0.000939581716294,0.007019371301707));
#10317=CARTESIAN_POINT('',(0.003499999999999,0.000958671671638,0.007019371301707));
#10318=CARTESIAN_POINT('',(0.003499999999999,0.000910385314004,0.007005521726261));
#10319=CARTESIAN_POINT('',(0.003500499999999,0.000910385314004,0.007005521726261));
#10320=CARTESIAN_POINT('',(0.003500999999999,0.000910385314004,0.007005521726261));
#10321=CARTESIAN_POINT('',(0.003500999999999,0.000958671671638,0.007019371301707));
#10322=CARTESIAN_POINT('',(0.003500999999999,0.000939581716294,0.007019371301707));
#10323=CARTESIAN_POINT('',(0.003500999999999,0.00092348626375,0.007014754776559));
#10324=CARTESIAN_POINT('',(0.003500999999999,0.000910385314004,0.007005521726261));
#10325=CARTESIAN_POINT('',(0.003500999999999,0.000910385314004,0.007005521726261));
#10326=CARTESIAN_POINT('',(0.003499999999999,0.000910385314004,0.007005521726261));
#10327=CARTESIAN_POINT('',(0.003500999999999,0.000897346749733,0.006996163905015));
#10328=CARTESIAN_POINT('',(0.003499999999999,0.000897346749733,0.006996163905015));
#10329=CARTESIAN_POINT('',(0.003500999999999,0.000890796274861,0.006983811580968));
#10330=CARTESIAN_POINT('',(0.003499999999999,0.000890796274861,0.006983811580968));
#10331=CARTESIAN_POINT('',(0.003500999999999,0.000890796274861,0.006968339983174));
#10332=CARTESIAN_POINT('',(0.003499999999999,0.000890796274861,0.006968339983174));
#10333=CARTESIAN_POINT('',(0.003499999999999,0.000890796274861,0.006968339983174));
#10334=CARTESIAN_POINT('',(0.003499999999999,0.000890796274861,0.006983811580968));
#10335=CARTESIAN_POINT('',(0.003499999999999,0.000897346749733,0.006996163905015));
#10336=CARTESIAN_POINT('',(0.003499999999999,0.000910385314004,0.007005521726261));
#10337=CARTESIAN_POINT('',(0.003499999999999,0.000890796274861,0.006968339983174));
#10338=CARTESIAN_POINT('',(0.003500499999999,0.000890796274861,0.006968339983174));
#10339=CARTESIAN_POINT('',(0.003500999999999,0.000890796274861,0.006968339983174));
#10340=CARTESIAN_POINT('',(0.003500999999999,0.000910385314004,0.007005521726261));
#10341=CARTESIAN_POINT('',(0.003500999999999,0.000897346749733,0.006996163905015));
#10342=CARTESIAN_POINT('',(0.003500999999999,0.000890796274861,0.006983811580968));
#10343=CARTESIAN_POINT('',(0.003500999999999,0.000890796274861,0.006968339983174));
#10344=CARTESIAN_POINT('',(0.003500999999999,0.000890796274861,0.006968339983174));
#10345=CARTESIAN_POINT('',(0.003499999999999,0.000890796274861,0.006968339983174));
#10346=CARTESIAN_POINT('',(0.003500999999999,0.000890796274861,0.006957609681477));
#10347=CARTESIAN_POINT('',(0.003499999999999,0.000890796274861,0.006957609681477));
#10348=CARTESIAN_POINT('',(0.003500999999999,0.00089366600671,0.006948376631181));
#10349=CARTESIAN_POINT('',(0.003499999999999,0.00089366600671,0.006948376631181));
#10350=CARTESIAN_POINT('',(0.003500999999999,0.000899467855883,0.006940765603233));
#10351=CARTESIAN_POINT('',(0.003499999999999,0.000899467855883,0.006940765603233));
#10352=CARTESIAN_POINT('',(0.003499999999999,0.000899467855883,0.006940765603233));
#10353=CARTESIAN_POINT('',(0.003499999999999,0.00089366600671,0.006948376631181));
#10354=CARTESIAN_POINT('',(0.003499999999999,0.000890796274861,0.006957609681477));
#10355=CARTESIAN_POINT('',(0.003499999999999,0.000890796274861,0.006968339983174));
#10356=CARTESIAN_POINT('',(0.003499999999999,0.000899467855883089,0.00694076560323288));
#10357=CARTESIAN_POINT('',(0.003500499999999,0.000899467855883177,0.00694076560323276));
#10358=CARTESIAN_POINT('',(0.003500999999999,0.000899467855883027,0.00694076560323296));
#10359=CARTESIAN_POINT('',(0.003500999999999,0.000890796274861,0.006968339983174));
#10360=CARTESIAN_POINT('',(0.003500999999999,0.000890796274861,0.006957609681477));
#10361=CARTESIAN_POINT('',(0.003500999999999,0.00089366600671,0.006948376631181));
#10362=CARTESIAN_POINT('',(0.003500999999999,0.000899467855883,0.006940765603233));
#10363=CARTESIAN_POINT('',(0.003500999999999,0.000899467855883,0.006940765603233));
#10364=CARTESIAN_POINT('',(0.003499999999999,0.000899467855883,0.006940765603233));
#10365=CARTESIAN_POINT('',(0.003500999999999,0.000905207319581,0.006933154575286));
#10366=CARTESIAN_POINT('',(0.003499999999999,0.000905207319581,0.006933154575286));
#10367=CARTESIAN_POINT('',(0.003500999999999,0.000917809185527,0.006925418776388));
#10368=CARTESIAN_POINT('',(0.003499999999999,0.000917809185527,0.006925418776388));
#10369=CARTESIAN_POINT('',(0.003500999999999,0.000937086297296,0.006917682977491));
#10370=CARTESIAN_POINT('',(0.003499999999999,0.000937086297296,0.006917682977491));
#10371=CARTESIAN_POINT('',(0.003499999999999,0.000937086297296,0.006917682977491));
#10372=CARTESIAN_POINT('',(0.003499999999999,0.000917809185527,0.006925418776388));
#10373=CARTESIAN_POINT('',(0.003499999999999,0.000905207319581,0.006933154575286));
#10374=CARTESIAN_POINT('',(0.003499999999999,0.000899467855883,0.006940765603233));
#10375=CARTESIAN_POINT('',(0.003499999999999,0.000937087365328554,0.00691768258007981));
#10376=CARTESIAN_POINT('',(0.003500499999999,0.000937086297296,0.006917682977491));
#10377=CARTESIAN_POINT('',(0.003500999999999,0.000937084011814983,0.00691768389466706));
#10378=CARTESIAN_POINT('',(0.003500999999999,0.000899467855883054,0.00694076560323293));
#10379=CARTESIAN_POINT('',(0.003500999999999,0.000908441420014812,0.00692886587688493));
#10380=CARTESIAN_POINT('',(0.003500999999999,0.000923285960843475,0.00692322127969862));
#10381=CARTESIAN_POINT('',(0.003500999999999,0.00093708172644172,0.00691768481179988));
#10382=CARTESIAN_POINT('',(0.003500999999999,0.000937086297296,0.006917682977491));
#10383=CARTESIAN_POINT('',(0.003499999999999,0.000937086297296,0.006917682977491));
#10384=CARTESIAN_POINT('',(0.003500999999999,0.00095318174984,0.006911693971893));
#10385=CARTESIAN_POINT('',(0.003499999999999,0.00095318174984,0.006911693971893));
#10386=CARTESIAN_POINT('',(0.003500999999999,0.000963849666061,0.006906453591994));
#10387=CARTESIAN_POINT('',(0.003499999999999,0.000963849666061,0.006906453591994));
#10388=CARTESIAN_POINT('',(0.003500999999999,0.000969090045959,0.006902086608746));
#10389=CARTESIAN_POINT('',(0.003499999999999,0.000969090045959,0.006902086608746));
#10390=CARTESIAN_POINT('',(0.003499999999999,0.000937088433331681,0.00691768218267957));
#10391=CARTESIAN_POINT('',(0.003499999999999,0.000948254352698388,0.00691352734397613));
#10392=CARTESIAN_POINT('',(0.003499999999999,0.000959900337648304,0.00690974469900273));
#10393=CARTESIAN_POINT('',(0.003499999999999,0.000969090045957042,0.00690208660874763));
#10394=CARTESIAN_POINT('',(0.003499999999999,0.000969090045959,0.006902086608746));
#10395=CARTESIAN_POINT('',(0.003500499999999,0.000969090045959,0.006902086608746));
#10396=CARTESIAN_POINT('',(0.003500999999999,0.000969090045959,0.006902086608746));
#10397=CARTESIAN_POINT('',(0.003500999999999,0.000937086297296,0.006917682977491));
#10398=CARTESIAN_POINT('',(0.003500999999999,0.00095318174984,0.006911693971893));
#10399=CARTESIAN_POINT('',(0.003500999999999,0.000963849666061,0.006906453591994));
#10400=CARTESIAN_POINT('',(0.003500999999999,0.000969090045959,0.006902086608746));
#10401=CARTESIAN_POINT('',(0.003500999999999,0.000969090045959,0.006902086608746));
#10402=CARTESIAN_POINT('',(0.003499999999999,0.000969090045959,0.006902086608746));
#10403=CARTESIAN_POINT('',(0.003500999999999,0.000974330425858,0.006897719625497));
#10404=CARTESIAN_POINT('',(0.003499999999999,0.000974330425858,0.006897719625497));
#10405=CARTESIAN_POINT('',(0.003500999999999,0.000976950615807,0.0068922297037));
#10406=CARTESIAN_POINT('',(0.003499999999999,0.000976950615807,0.0068922297037));
#10407=CARTESIAN_POINT('',(0.003500999999999,0.000976950615807,0.006885492072402));
#10408=CARTESIAN_POINT('',(0.003499999999999,0.000976950615807,0.006885492072402));
#10409=CARTESIAN_POINT('',(0.003499999999999,0.000976950615807,0.006885492072402));
#10410=CARTESIAN_POINT('',(0.003499999999999,0.000976950615807,0.0068922297037));
#10411=CARTESIAN_POINT('',(0.003499999999999,0.000974330425858,0.006897719625497));
#10412=CARTESIAN_POINT('',(0.003499999999999,0.000969090045959,0.006902086608746));
#10413=CARTESIAN_POINT('',(0.003499999999999,0.000976950615807,0.006885492072402));
#10414=CARTESIAN_POINT('',(0.003500499999999,0.000976950615807,0.006885492072402));
#10415=CARTESIAN_POINT('',(0.003500999999999,0.000976950615807,0.006885492072402));
#10416=CARTESIAN_POINT('',(0.003500999999999,0.000969090045959,0.006902086608746));
#10417=CARTESIAN_POINT('',(0.003500999999999,0.000974330425858,0.006897719625497));
#10418=CARTESIAN_POINT('',(0.003500999999999,0.000976950615807,0.0068922297037));
#10419=CARTESIAN_POINT('',(0.003500999999999,0.000976950615807,0.006885492072402));
#10420=CARTESIAN_POINT('',(0.003500999999999,0.000976950615806999,0.0068854920647912));
#10421=CARTESIAN_POINT('',(0.003499999999999,0.000976950615806999,0.0068854920647912));
#10422=CARTESIAN_POINT('',(0.00350099999999901,0.000976950611921062,0.00686977093074398));
#10423=CARTESIAN_POINT('',(0.003499999999999,0.000976950611921062,0.00686977093074398));
#10424=CARTESIAN_POINT('',(0.003500999999999,0.000964910216139201,0.0068619103634339));
#10425=CARTESIAN_POINT('',(0.003499999999999,0.000964910216139201,0.0068619103634339));
#10426=CARTESIAN_POINT('',(0.003500999999999,0.000940891813899383,0.00686191036286));
#10427=CARTESIAN_POINT('',(0.003499999999999,0.000940891813899383,0.00686191036286));
#10428=CARTESIAN_POINT('',(0.003499999999999,0.000940891811269,0.00686191036286));
#10429=CARTESIAN_POINT('',(0.003499999999999,0.000964910219136,0.00686191036286));
#10430=CARTESIAN_POINT('',(0.003499999999999,0.000976950615807,0.006869770932707));
#10431=CARTESIAN_POINT('',(0.003499999999999,0.000976950615807,0.006885492072402));
#10432=CARTESIAN_POINT('',(0.003500999999999,0.000976950615807,0.006885492072402));
#10433=CARTESIAN_POINT('',(0.003500999999999,0.000976950615807,0.006869770932707));
#10434=CARTESIAN_POINT('',(0.003500999999999,0.000964910219136,0.00686191036286));
#10435=CARTESIAN_POINT('',(0.003500999999999,0.000940891811269,0.00686191036286));
#10436=CARTESIAN_POINT('',(0.003500999999999,0.000914861471834,0.006866121382421));
#10437=CARTESIAN_POINT('',(0.003499999999999,0.000914861471834,0.006866121382421));
#10438=CARTESIAN_POINT('',(0.,0.,0.));
#10439=CARTESIAN_POINT('',(0.003500999999999,0.001216666803414,0.007464226527414));
#10440=CARTESIAN_POINT('',(0.003500999999999,0.001216666803414,0.007228237871937));
#10441=CARTESIAN_POINT('',(0.003500999999999,0.001096231643967,0.007228237871937));
#10442=CARTESIAN_POINT('',(0.003500999999999,0.001163358415044,0.007228237871937));
#10443=CARTESIAN_POINT('',(0.003500999999999,0.001163358415044,0.007228237871937));
#10444=CARTESIAN_POINT('',(0.003500999999999,0.001201975024056,0.007228237871937));
#10445=CARTESIAN_POINT('',(0.003500999999999,0.001233604459871,0.007239592028383));
#10446=CARTESIAN_POINT('',(0.003500999999999,0.001258121951538,0.007262425112225));
#10447=CARTESIAN_POINT('',(0.003500999999999,0.001258121951538,0.007262425112225));
#10448=CARTESIAN_POINT('',(0.003500999999999,0.001258121951538,0.007262425112225));
#10449=CARTESIAN_POINT('',(0.003500999999999,0.001282639443205,0.007285258196068));
#10450=CARTESIAN_POINT('',(0.003500999999999,0.001294929381775,0.007315577536908));
#10451=CARTESIAN_POINT('',(0.003500999999999,0.001294929381775,0.007353383134745));
#10452=CARTESIAN_POINT('',(0.003500999999999,0.001294929381775,0.007353383134745));
#10453=CARTESIAN_POINT('',(0.003500999999999,0.001294929381775,0.007353383134745));
#10454=CARTESIAN_POINT('',(0.003500999999999,0.001294929381775,0.007389566710232));
#10455=CARTESIAN_POINT('',(0.003500999999999,0.001282639443205,0.007418388799672));
#10456=CARTESIAN_POINT('',(0.003500999999999,0.001258121951538,0.007439974174016));
#10457=CARTESIAN_POINT('',(0.003500999999999,0.001258121951538,0.007439974174016));
#10458=CARTESIAN_POINT('',(0.003500999999999,0.001258121951538,0.007439974174016));
#10459=CARTESIAN_POINT('',(0.003500999999999,0.001233604459871,0.007461559548359));
#10460=CARTESIAN_POINT('',(0.003500999999999,0.001202848420706,0.007472289850054));
#10461=CARTESIAN_POINT('',(0.003500999999999,0.001165853834044,0.007472289850054));
#10462=CARTESIAN_POINT('',(0.003500999999999,0.00116585378543366,0.007472289850054));
#10463=CARTESIAN_POINT('',(0.003500999999999,0.001216666803414,0.007472289850054));
#10464=CARTESIAN_POINT('',(0.003500999999999,0.001096231643967,0.007472289850054));
#10465=CARTESIAN_POINT('',(0.003500999999999,0.001096231643967,0.007464226527414));
#10466=CARTESIAN_POINT('',(0.003500999999999,0.001127736308832,0.007444216386314));
#10467=CARTESIAN_POINT('',(0.003500999999999,0.001127736308832,0.007444216386314));
#10468=CARTESIAN_POINT('',(0.003500999999999,0.001127736308832,0.007256061793777));
#10469=CARTESIAN_POINT('',(0.003500999999999,0.001164606124543,0.007444216386314));
#10470=CARTESIAN_POINT('',(0.003500999999999,0.001164606124543,0.007444216386314));
#10471=CARTESIAN_POINT('',(0.003500999999999,0.001164606124543,0.007444216386314));
#10472=CARTESIAN_POINT('',(0.003500999999999,0.001193677755883,0.007444216386314));
#10473=CARTESIAN_POINT('',(0.003500999999999,0.00121719707995,0.007436605358367));
#10474=CARTESIAN_POINT('',(0.003500999999999,0.001235039325795,0.007421258531522));
#10475=CARTESIAN_POINT('',(0.003500999999999,0.001235039325795,0.007421258531522));
#10476=CARTESIAN_POINT('',(0.003500999999999,0.001235039325795,0.007421258531522));
#10477=CARTESIAN_POINT('',(0.003500999999999,0.001252881571639,0.007405911704678));
#10478=CARTESIAN_POINT('',(0.003500999999999,0.001261802694562,0.007382953849885));
#10479=CARTESIAN_POINT('',(0.003500999999999,0.001261802694562,0.007352509738095));
#10480=CARTESIAN_POINT('',(0.003500999999999,0.001261802694562,0.007352509738095));
#10481=CARTESIAN_POINT('',(0.003500999999999,0.001261802694562,0.007352509738095));
#10482=CARTESIAN_POINT('',(0.003500999999999,0.001261802694562,0.007322065626305));
#10483=CARTESIAN_POINT('',(0.003500999999999,0.00125313111354,0.007298359145813));
#10484=CARTESIAN_POINT('',(0.003500999999999,0.001235725566021,0.007281515067568));
#10485=CARTESIAN_POINT('',(0.003500999999999,0.001235725566021,0.007281515067568));
#10486=CARTESIAN_POINT('',(0.003500999999999,0.001235725566021,0.007281515067568));
#10487=CARTESIAN_POINT('',(0.003500999999999,0.001218382403976,0.007264546218375));
#10488=CARTESIAN_POINT('',(0.003500999999999,0.001194176839684,0.007256061793777));
#10489=CARTESIAN_POINT('',(0.003500999999999,0.00116317125862,0.007256061793777));
#10490=CARTESIAN_POINT('',(0.003500999999999,0.00116317121000953,0.007256061793777));
#10491=CARTESIAN_POINT('',(0.003500999999999,0.001127736308832,0.007256061793777));
#10492=CARTESIAN_POINT('',(0.003499999999999,0.001216666803414,0.007464226527414));
#10493=CARTESIAN_POINT('',(0.003499999999999,0.001163358415044,0.007228237871937));
#10494=CARTESIAN_POINT('',(0.003499999999999,0.001096231643967,0.007228237871937));
#10495=CARTESIAN_POINT('',(0.003499999999999,0.00116335836643369,0.007228237871937));
#10496=CARTESIAN_POINT('',(0.003499999999999,0.001096231643967,0.007228237871937));
#10497=CARTESIAN_POINT('',(0.003499999999999,0.001096231643967,0.007472289850054));
#10498=CARTESIAN_POINT('',(0.003499999999999,0.001096231643967,0.007472289850054));
#10499=CARTESIAN_POINT('',(0.003499999999999,0.001165853834044,0.007472289850054));
#10500=CARTESIAN_POINT('',(0.003499999999999,0.001165853834044,0.007472289850054));
#10501=CARTESIAN_POINT('',(0.003499999999999,0.001202848420706,0.007472289850054));
#10502=CARTESIAN_POINT('',(0.003499999999999,0.001233604459871,0.007461559548359));
#10503=CARTESIAN_POINT('',(0.003499999999999,0.001258121951538,0.007439974174016));
#10504=CARTESIAN_POINT('',(0.003499999999999,0.001258121951538,0.007439974174016));
#10505=CARTESIAN_POINT('',(0.003499999999999,0.001258121951538,0.007439974174016));
#10506=CARTESIAN_POINT('',(0.003499999999999,0.001282639443205,0.007418388799672));
#10507=CARTESIAN_POINT('',(0.003499999999999,0.001294929381775,0.007389566710232));
#10508=CARTESIAN_POINT('',(0.003499999999999,0.001294929381775,0.007353383134745));
#10509=CARTESIAN_POINT('',(0.003499999999999,0.001294929381775,0.007353383134745));
#10510=CARTESIAN_POINT('',(0.003499999999999,0.001294929381775,0.007353383134745));
#10511=CARTESIAN_POINT('',(0.003499999999999,0.001294929381775,0.007315577536908));
#10512=CARTESIAN_POINT('',(0.003499999999999,0.001282639443205,0.007285258196068));
#10513=CARTESIAN_POINT('',(0.003499999999999,0.001258121951538,0.007262425112225));
#10514=CARTESIAN_POINT('',(0.003499999999999,0.001258121951538,0.007262425112225));
#10515=CARTESIAN_POINT('',(0.003499999999999,0.001258121951538,0.007262425112225));
#10516=CARTESIAN_POINT('',(0.003499999999999,0.001233604459871,0.007239592028383));
#10517=CARTESIAN_POINT('',(0.003499999999999,0.001201975024056,0.007228237871937));
#10518=CARTESIAN_POINT('',(0.003499999999999,0.001163358415044,0.007228237871937));
#10519=CARTESIAN_POINT('',(0.003499999999999,0.001216666803414,0.007444216386314));
#10520=CARTESIAN_POINT('',(0.003499999999999,0.00116460607593249,0.007444216386314));
#10521=CARTESIAN_POINT('',(0.003499999999999,0.001127736308832,0.007444216386314));
#10522=CARTESIAN_POINT('',(0.003499999999999,0.001127736308832,0.007464226527414));
#10523=CARTESIAN_POINT('',(0.003499999999999,0.001127736308832,0.007256061793777));
#10524=CARTESIAN_POINT('',(0.003499999999999,0.001216666803414,0.007256061793777));
#10525=CARTESIAN_POINT('',(0.003499999999999,0.00116317125862,0.007256061793777));
#10526=CARTESIAN_POINT('',(0.003499999999999,0.00116317125862,0.007256061793777));
#10527=CARTESIAN_POINT('',(0.003499999999999,0.001194176839684,0.007256061793777));
#10528=CARTESIAN_POINT('',(0.003499999999999,0.001218382403976,0.007264546218375));
#10529=CARTESIAN_POINT('',(0.003499999999999,0.001235725566021,0.007281515067568));
#10530=CARTESIAN_POINT('',(0.003499999999999,0.001235725566021,0.007281515067568));
#10531=CARTESIAN_POINT('',(0.003499999999999,0.001235725566021,0.007281515067568));
#10532=CARTESIAN_POINT('',(0.003499999999999,0.00125313111354,0.007298359145813));
#10533=CARTESIAN_POINT('',(0.003499999999999,0.001261802694562,0.007322065626305));
#10534=CARTESIAN_POINT('',(0.003499999999999,0.001261802694562,0.007352509738095));
#10535=CARTESIAN_POINT('',(0.003499999999999,0.001261802694562,0.007352509738095));
#10536=CARTESIAN_POINT('',(0.003499999999999,0.001261802694562,0.007352509738095));
#10537=CARTESIAN_POINT('',(0.003499999999999,0.001261802694562,0.007382953849885));
#10538=CARTESIAN_POINT('',(0.003499999999999,0.001252881571639,0.007405911704678));
#10539=CARTESIAN_POINT('',(0.003499999999999,0.001235039325795,0.007421258531522));
#10540=CARTESIAN_POINT('',(0.003499999999999,0.001235039325795,0.007421258531522));
#10541=CARTESIAN_POINT('',(0.003499999999999,0.001235039325795,0.007421258531522));
#10542=CARTESIAN_POINT('',(0.003499999999999,0.00121719707995,0.007436605358367));
#10543=CARTESIAN_POINT('',(0.003499999999999,0.001193677755883,0.007444216386314));
#10544=CARTESIAN_POINT('',(0.003499999999999,0.001164606124543,0.007444216386314));
#10545=CARTESIAN_POINT('',(0.003500999999999,0.001163358415044,0.007228237871937));
#10546=CARTESIAN_POINT('',(0.003500999999999,0.001163358415044,0.007228237871937));
#10547=CARTESIAN_POINT('',(0.003500999999999,0.001096231643967,0.007228237871937));
#10548=CARTESIAN_POINT('',(0.003500999999999,0.001163358415044,0.007228237871937));
#10549=CARTESIAN_POINT('',(0.003499999999999,0.001163358415044,0.007228237871937));
#10550=CARTESIAN_POINT('',(0.003500999999999,0.001201975024056,0.007228237871937));
#10551=CARTESIAN_POINT('',(0.003499999999999,0.001201975024056,0.007228237871937));
#10552=CARTESIAN_POINT('',(0.003500999999999,0.001233604459871,0.007239592028383));
#10553=CARTESIAN_POINT('',(0.003499999999999,0.001233604459871,0.007239592028383));
#10554=CARTESIAN_POINT('',(0.003500999999999,0.001258121951538,0.007262425112225));
#10555=CARTESIAN_POINT('',(0.003499999999999,0.001258121951538,0.007262425112225));
#10556=CARTESIAN_POINT('',(0.003500499999999,0.001258121951538,0.007262425112225));
#10557=CARTESIAN_POINT('',(0.003500999999999,0.001258121951538,0.007262425112225));
#10558=CARTESIAN_POINT('',(0.003499999999999,0.001258121951538,0.007262425112225));
#10559=CARTESIAN_POINT('',(0.003500999999999,0.001282639443205,0.007285258196068));
#10560=CARTESIAN_POINT('',(0.003499999999999,0.001282639443205,0.007285258196068));
#10561=CARTESIAN_POINT('',(0.003500999999999,0.001294929381775,0.007315577536908));
#10562=CARTESIAN_POINT('',(0.003499999999999,0.001294929381775,0.007315577536908));
#10563=CARTESIAN_POINT('',(0.003500999999999,0.001294929381775,0.007353383134745));
#10564=CARTESIAN_POINT('',(0.003499999999999,0.001294929381775,0.007353383134745));
#10565=CARTESIAN_POINT('',(0.003500499999999,0.001294929381775,0.007353383134745));
#10566=CARTESIAN_POINT('',(0.003500999999999,0.001294929381775,0.007353383134745));
#10567=CARTESIAN_POINT('',(0.003499999999999,0.001294929381775,0.007353383134745));
#10568=CARTESIAN_POINT('',(0.003500999999999,0.001294929381775,0.007389566710232));
#10569=CARTESIAN_POINT('',(0.003499999999999,0.001294929381775,0.007389566710232));
#10570=CARTESIAN_POINT('',(0.003500999999999,0.001282639443205,0.007418388799672));
#10571=CARTESIAN_POINT('',(0.003499999999999,0.001282639443205,0.007418388799672));
#10572=CARTESIAN_POINT('',(0.003500999999999,0.001258121951538,0.007439974174016));
#10573=CARTESIAN_POINT('',(0.003499999999999,0.001258121951538,0.007439974174016));
#10574=CARTESIAN_POINT('',(0.003500499999999,0.001258121951538,0.007439974174016));
#10575=CARTESIAN_POINT('',(0.003500999999999,0.001258121951538,0.007439974174016));
#10576=CARTESIAN_POINT('',(0.003499999999999,0.001258121951538,0.007439974174016));
#10577=CARTESIAN_POINT('',(0.003500999999999,0.001233604459871,0.007461559548359));
#10578=CARTESIAN_POINT('',(0.003499999999999,0.001233604459871,0.007461559548359));
#10579=CARTESIAN_POINT('',(0.003500999999999,0.001202848420706,0.007472289850054));
#10580=CARTESIAN_POINT('',(0.003499999999999,0.001202848420706,0.007472289850054));
#10581=CARTESIAN_POINT('',(0.003500999999999,0.001165853834044,0.007472289850054));
#10582=CARTESIAN_POINT('',(0.003499999999999,0.001165853834044,0.007472289850054));
#10583=CARTESIAN_POINT('',(0.003500999999999,0.001165853834044,0.007472289850054));
#10584=CARTESIAN_POINT('',(0.003500999999999,0.001096231643967,0.007472289850054));
#10585=CARTESIAN_POINT('',(0.003500999999999,0.001096231643967,0.007472289850054));
#10586=CARTESIAN_POINT('',(0.003500999999999,0.001096231643967,0.007228237871937));
#10587=CARTESIAN_POINT('',(0.003500999999999,0.001164606124543,0.007444216386314));
#10588=CARTESIAN_POINT('',(0.003500999999999,0.001164606124543,0.007444216386314));
#10589=CARTESIAN_POINT('',(0.003500999999999,0.001127736308832,0.007444216386314));
#10590=CARTESIAN_POINT('',(0.003500999999999,0.001127736308832,0.007444216386314));
#10591=CARTESIAN_POINT('',(0.003500999999999,0.001127736308832,0.007256061793777));
#10592=CARTESIAN_POINT('',(0.003500999999999,0.001127736308832,0.007256061793777));
#10593=CARTESIAN_POINT('',(0.003500999999999,0.00116317125862,0.007256061793777));
#10594=CARTESIAN_POINT('',(0.003500999999999,0.00116317125862,0.007256061793777));
#10595=CARTESIAN_POINT('',(0.003499999999999,0.00116317125862,0.007256061793777));
#10596=CARTESIAN_POINT('',(0.003500999999999,0.001194176839684,0.007256061793777));
#10597=CARTESIAN_POINT('',(0.003499999999999,0.001194176839684,0.007256061793777));
#10598=CARTESIAN_POINT('',(0.003500999999999,0.001218382403976,0.007264546218375));
#10599=CARTESIAN_POINT('',(0.003499999999999,0.001218382403976,0.007264546218375));
#10600=CARTESIAN_POINT('',(0.003500999999999,0.001235725566021,0.007281515067568));
#10601=CARTESIAN_POINT('',(0.003499999999999,0.001235725566021,0.007281515067568));
#10602=CARTESIAN_POINT('',(0.003500499999999,0.001235725566021,0.007281515067568));
#10603=CARTESIAN_POINT('',(0.003500999999999,0.001235725566021,0.007281515067568));
#10604=CARTESIAN_POINT('',(0.003499999999999,0.001235725566021,0.007281515067568));
#10605=CARTESIAN_POINT('',(0.003500999999999,0.00125313111354,0.007298359145813));
#10606=CARTESIAN_POINT('',(0.003499999999999,0.00125313111354,0.007298359145813));
#10607=CARTESIAN_POINT('',(0.003500999999999,0.001261802694562,0.007322065626305));
#10608=CARTESIAN_POINT('',(0.003499999999999,0.001261802694562,0.007322065626305));
#10609=CARTESIAN_POINT('',(0.003500999999999,0.001261802694562,0.007352509738095));
#10610=CARTESIAN_POINT('',(0.003499999999999,0.001261802694562,0.007352509738095));
#10611=CARTESIAN_POINT('',(0.003500499999999,0.001261802694562,0.007352509738095));
#10612=CARTESIAN_POINT('',(0.003500999999999,0.001261802694562,0.007352509738095));
#10613=CARTESIAN_POINT('',(0.003499999999999,0.001261802694562,0.007352509738095));
#10614=CARTESIAN_POINT('',(0.003500999999999,0.001261802694562,0.007382953849885));
#10615=CARTESIAN_POINT('',(0.003499999999999,0.001261802694562,0.007382953849885));
#10616=CARTESIAN_POINT('',(0.003500999999999,0.001252881571639,0.007405911704678));
#10617=CARTESIAN_POINT('',(0.003499999999999,0.001252881571639,0.007405911704678));
#10618=CARTESIAN_POINT('',(0.003500999999999,0.001235039325795,0.007421258531522));
#10619=CARTESIAN_POINT('',(0.003499999999999,0.001235039325795,0.007421258531522));
#10620=CARTESIAN_POINT('',(0.003500499999999,0.001235039325795,0.007421258531522));
#10621=CARTESIAN_POINT('',(0.003500999999999,0.001235039325795,0.007421258531522));
#10622=CARTESIAN_POINT('',(0.003499999999999,0.001235039325795,0.007421258531522));
#10623=CARTESIAN_POINT('',(0.003500999999999,0.00121719707995,0.007436605358367));
#10624=CARTESIAN_POINT('',(0.003499999999999,0.00121719707995,0.007436605358367));
#10625=CARTESIAN_POINT('',(0.003500999999999,0.001193677755883,0.007444216386314));
#10626=CARTESIAN_POINT('',(0.003499999999999,0.001193677755883,0.007444216386314));
#10627=CARTESIAN_POINT('',(0.003500999999999,0.001164606124543,0.007444216386314));
#10628=CARTESIAN_POINT('',(0.003499999999999,0.001164606124543,0.007444216386314));
#10629=CARTESIAN_POINT('',(0.,0.,0.));
#10630=CARTESIAN_POINT('',(0.003500999999999,0.000299285356942,0.00722413674623));
#10631=CARTESIAN_POINT('',(0.003500999999999,0.00011497441750768,0.00708981992778396));
#10632=CARTESIAN_POINT('',(0.003500499999999,0.000348737856420536,0.00708315304660831));
#10633=CARTESIAN_POINT('',(0.00350049966512732,0.000176955788134625,0.00731046489840248));
#10634=CARTESIAN_POINT('',(0.00350100000000195,-0.000152356215620088,0.00718522757918834));
#10635=CARTESIAN_POINT('',(0.00350099975127909,8.32218260799883E-5,0.00744748419315277));
#10636=CARTESIAN_POINT('',(0.003500999999999,8.3254876968E-5,0.007447541755809));
#10637=CARTESIAN_POINT('',(0.003500999999999,1.7317875228E-5,0.007504802853143));
#10638=CARTESIAN_POINT('',(0.003500999999999,-6.5970972558E-5,0.007537771360218));
#10639=CARTESIAN_POINT('',(0.003500999999999,-0.000152730202792,0.007537771360218));
#10640=CARTESIAN_POINT('',(0.003500999999999,-0.000152730202792,0.007537771360218));
#10641=CARTESIAN_POINT('',(0.003500999999999,-0.000152730202792,0.007537771360218));
#10642=CARTESIAN_POINT('',(0.003500999999999,-0.000229078318779,0.007537771360218));
#10643=CARTESIAN_POINT('',(0.003500999999999,-0.00030022089419,0.007513478776166));
#10644=CARTESIAN_POINT('',(0.003500999999999,-0.000360952355355,0.00747009915898));
#10645=CARTESIAN_POINT('',(0.003500999999999,-0.000360952355355,0.00747009915898));
#10646=CARTESIAN_POINT('',(0.003500999999999,-0.000360952355355,0.00747009915898));
#10647=CARTESIAN_POINT('',(0.003500999999999,-0.000390450506873,0.00744927693876));
#10648=CARTESIAN_POINT('',(0.003500999999999,-0.000414743084719,0.00742324916969));
#10649=CARTESIAN_POINT('',(0.003500999999999,-0.000437300471342,0.00739375103472));
#10650=CARTESIAN_POINT('',(0.003500999999999,-0.000437300758604181,0.00739375107062801));
#10651=CARTESIAN_POINT('',(0.003500999999999,-0.000437300471342,0.00739375103472));
#10652=CARTESIAN_POINT('',(0.003500999999999,-0.000451181934941,0.007395486225943));
#10653=CARTESIAN_POINT('',(0.003500999999999,-0.000463328240412,0.007397221400619));
#10654=CARTESIAN_POINT('',(0.003500999999999,-0.000477209704011,0.007397221400619));
#10655=CARTESIAN_POINT('',(0.003500999999999,-0.000477209704011,0.007397221400619));
#10656=CARTESIAN_POINT('',(0.003500999999999,-0.000477209704011,0.007397221400619));
#10657=CARTESIAN_POINT('',(0.003500999999999,-0.000551822645322,0.007397221400619));
#10658=CARTESIAN_POINT('',(0.003500999999999,-0.000622965204186,0.00736772326565));
#10659=CARTESIAN_POINT('',(0.003500999999999,-0.00067675593355,0.007313932536285));
#10660=CARTESIAN_POINT('',(0.003500999999999,-0.00067675593355,0.007313932536285));
#10661=CARTESIAN_POINT('',(0.003500999999999,-0.00067675593355,0.007313932536285));
#10662=CARTESIAN_POINT('',(0.003500999999999,-0.000728811517198,0.007261877014692));
#10663=CARTESIAN_POINT('',(0.003500999999999,-0.000758309656305,0.00719073443928));
#10664=CARTESIAN_POINT('',(0.003500999999999,-0.000758309656305,0.007116121514518));
#10665=CARTESIAN_POINT('',(0.003500999999999,-0.000758309656305,0.007116121514518));
#10666=CARTESIAN_POINT('',(0.003500999999999,-0.000758309656305,0.007116121514518));
#10667=CARTESIAN_POINT('',(0.003500999999999,-0.000758309656305,0.00704671413033));
#10668=CARTESIAN_POINT('',(0.003500999999999,-0.000732281887235,0.00697904190427));
#10669=CARTESIAN_POINT('',(0.003500999999999,-0.000685431906217,0.006926986432321));
#10670=CARTESIAN_POINT('',(0.003500999999999,-0.000685431906217,0.006926986432321));
#10671=CARTESIAN_POINT('',(0.003500999999999,-0.000685431906217,0.006926986432321));
#10672=CARTESIAN_POINT('',(0.003500999999999,-0.000647257848225,0.006885341975331));
#10673=CARTESIAN_POINT('',(0.003500999999999,-0.000600407850658,0.006857579048134));
#10674=CARTESIAN_POINT('',(0.003500999999999,-0.000546617137843,0.006843697584535));
#10675=CARTESIAN_POINT('',(0.003500499999999,-0.000546617202931671,0.00684369751515711));
#10676=CARTESIAN_POINT('',(0.003500999999999,-0.000383853100181652,0.0068933447125798));
#10677=CARTESIAN_POINT('',(0.00350050035954965,-0.000381775103814564,0.00672571261582169));
#10678=CARTESIAN_POINT('',(0.003500999999999,-0.000381774583849,0.006725705044654));
#10679=CARTESIAN_POINT('',(0.003500999999999,-0.000286339430592,0.006725705044654));
#10680=CARTESIAN_POINT('',(0.003500999999999,-0.00020825612338,0.006803788351865));
#10681=CARTESIAN_POINT('',(0.003500999999999,-0.00020825612338,0.006899223505123));
#10682=CARTESIAN_POINT('',(0.003500999999999,-0.00020825612338,0.00689922355373212));
#10683=CARTESIAN_POINT('',(0.003500999999999,-0.00020825612338,0.00722413674623));
#10684=CARTESIAN_POINT('',(0.003500999999999,-0.00020825612338,0.006916575351171));
#10685=CARTESIAN_POINT('',(0.003500999999999,-0.00020825612338,0.006916575351171));
#10686=CARTESIAN_POINT('',(0.003500999999999,3.4669721275E-5,0.007044979005298));
#10687=CARTESIAN_POINT('',(0.003500999999999,3.4669721275E-5,0.007044979005298));
#10688=CARTESIAN_POINT('',(0.003500999999999,-1.9120974993E-5,0.007136943809204));
#10689=CARTESIAN_POINT('',(0.003500999999999,-1.9120974993E-5,0.007136943809204));
#10690=CARTESIAN_POINT('',(0.003500999999999,-0.000251635723430327,0.00701548090791022));
#10691=CARTESIAN_POINT('',(0.003500999999999,-0.000251635705401,0.007015480886876));
#10692=CARTESIAN_POINT('',(0.003500999999999,-0.000282869015048,0.007051919770194));
#10693=CARTESIAN_POINT('',(0.003500999999999,-0.000329719012612,0.007074477156816));
#10694=CARTESIAN_POINT('',(0.003500999999999,-0.000381774550753,0.007074477156816));
#10695=CARTESIAN_POINT('',(0.003500999999999,-0.000381774550753,0.007074477156816));
#10696=CARTESIAN_POINT('',(0.003500999999999,-0.000381774550753,0.007074477156816));
#10697=CARTESIAN_POINT('',(0.003500999999999,-0.000456387508612,0.007074477156816));
#10698=CARTESIAN_POINT('',(0.003500999999999,-0.000520589319128,0.007025892001124));
#10699=CARTESIAN_POINT('',(0.003500999999999,-0.000544881896975,0.006959954966288));
#10700=CARTESIAN_POINT('',(0.003500999999999,-0.000544882124998276,0.00695995507052762));
#10701=CARTESIAN_POINT('',(0.003500999999999,-0.000544881896975,0.006959954966288));
#10702=CARTESIAN_POINT('',(0.003500999999999,-0.000605613358139,0.006987717926581));
#10703=CARTESIAN_POINT('',(0.003500999999999,-0.000648992973256,0.007048449387745));
#10704=CARTESIAN_POINT('',(0.003500999999999,-0.000648992973256,0.007119591963157));
#10705=CARTESIAN_POINT('',(0.003500999999999,-0.000648992973256,0.007119591963157));
#10706=CARTESIAN_POINT('',(0.003500999999999,-0.000648992973256,0.007119591963157));
#10707=CARTESIAN_POINT('',(0.003500999999999,-0.000648992973256,0.007215027116416));
#10708=CARTESIAN_POINT('',(0.003500999999999,-0.000570909666045,0.007293110423626));
#10709=CARTESIAN_POINT('',(0.003500999999999,-0.000475474512788,0.007293110423626));
#10710=CARTESIAN_POINT('',(0.003500999999999,-0.000475474512788,0.007293110423626));
#10711=CARTESIAN_POINT('',(0.003500999999999,-0.000475474512788,0.007293110423626));
#10712=CARTESIAN_POINT('',(0.003500999999999,-0.000442506011917,0.007293110423626));
#10713=CARTESIAN_POINT('',(0.003500999999999,-0.000409537511047,0.007282699309379));
#10714=CARTESIAN_POINT('',(0.003500999999999,-0.000383509741977,0.007267082654555));
#10715=CARTESIAN_POINT('',(0.003500999999999,-0.000383509659600118,0.00726708289734926));
#10716=CARTESIAN_POINT('',(0.003500999999999,-0.000383509741977,0.007267082654555));
#10717=CARTESIAN_POINT('',(0.003500999999999,-0.000350541274203,0.00736425289975));
#10718=CARTESIAN_POINT('',(0.003500999999999,-0.000260311661521,0.007433660283937));
#10719=CARTESIAN_POINT('',(0.003500999999999,-0.000150995044664,0.007433660283937));
#10720=CARTESIAN_POINT('',(0.003500999999999,-0.000150995044664,0.007433660283937));
#10721=CARTESIAN_POINT('',(0.003500999999999,-0.000150995044664,0.007433660283937));
#10722=CARTESIAN_POINT('',(0.003500999999999,-2.6061739888E-5,0.007433660283937));
#10723=CARTESIAN_POINT('',(0.003500999999999,7.8049336392E-5,0.007338225130679));
#10724=CARTESIAN_POINT('',(0.003500999999999,9.1930799991E-5,0.007216762208351));
#10725=CARTESIAN_POINT('',(0.003500999999999,9.19309044997456E-5,0.007216762208351));
#10726=CARTESIAN_POINT('',(0.003500999999999,0.000299285356942,0.007216762208351));
#10727=CARTESIAN_POINT('',(0.003500999999999,0.000105812263591,0.007216762208351));
#10728=CARTESIAN_POINT('',(0.003500999999999,0.000105812263591,0.007216762208351));
#10729=CARTESIAN_POINT('',(0.003500999999999,0.000180425188354,0.007216762208351));
#10730=CARTESIAN_POINT('',(0.003500999999999,0.000241156649518,0.007156030747187));
#10731=CARTESIAN_POINT('',(0.003500999999999,0.000241156649518,0.007081417822424));
#10732=CARTESIAN_POINT('',(0.003500999999999,0.000241156649518,0.007081417822424));
#10733=CARTESIAN_POINT('',(0.003500999999999,0.000241156649518,0.007081417822424));
#10734=CARTESIAN_POINT('',(0.003500999999999,0.000241156649518,0.00701381273968921));
#10735=CARTESIAN_POINT('',(0.003500999999999,0.000183649380117257,0.00695100757164622));
#10736=CARTESIAN_POINT('',(0.003500999999999,0.000116224445150686,0.00694607351701885));
#10737=CARTESIAN_POINT('',(0.003500999999999,0.000116223344742,0.006946073436497));
#10738=CARTESIAN_POINT('',(0.003500999999999,0.000299285356942,0.006946073436497));
#10739=CARTESIAN_POINT('',(0.003500499999999,3.81404518398982E-5,0.006946073436497));
#10740=CARTESIAN_POINT('',(0.00350099999996348,-0.882337537452683,-5.05487494354687));
#10741=CARTESIAN_POINT('',(0.00350049999998912,2.76917499361822E-5,0.00694781815290674));
#10742=CARTESIAN_POINT('',(0.003500999999999,2.76917565642806E-5,0.00694780858174561));
#10743=CARTESIAN_POINT('',(0.003500999999999,-1.78961574648551E-6,0.00694778816874663));
#10744=CARTESIAN_POINT('',(0.003500999999999,-2.6061739888E-5,0.00692350358285079));
#10745=CARTESIAN_POINT('',(0.003500999999999,-2.6061739888E-5,0.006894017898356));
#10746=CARTESIAN_POINT('',(0.003500999999999,-2.60617398879916E-5,0.006894017898356));
#10747=CARTESIAN_POINT('',(0.003500999999999,-2.6061739888E-5,0.006894017898356));
#10748=CARTESIAN_POINT('',(0.003500999999999,-2.6061739888E-5,0.00686702345411128));
#10749=CARTESIAN_POINT('',(0.003500999999999,-2.68893132032209E-6,0.00684191432170234));
#10750=CARTESIAN_POINT('',(0.003500999999999,2.42531562501084E-5,0.00684022754512));
#10751=CARTESIAN_POINT('',(0.003500999999999,2.42531576077018E-5,0.0068402275668042));
#10752=CARTESIAN_POINT('',(0.003500999999999,0.000299285356942,0.006840227202086));
#10753=CARTESIAN_POINT('',(0.003500999999999,0.000126634492086,0.006840227202086));
#10754=CARTESIAN_POINT('',(0.003500999999999,0.000126634492086,0.006840227202086));
#10755=CARTESIAN_POINT('',(0.003500999999999,0.000187365953249,0.006845432742663));
#10756=CARTESIAN_POINT('',(0.003500999999999,0.000242891873838,0.006873195736053));
#10757=CARTESIAN_POINT('',(0.003500999999999,0.000284536264634,0.006918310509298));
#10758=CARTESIAN_POINT('',(0.003500999999999,0.000284536264634,0.006918310509298));
#10759=CARTESIAN_POINT('',(0.003500999999999,0.000284536264634,0.006918310509298));
#10760=CARTESIAN_POINT('',(0.003500999999999,0.000326180721624,0.006963425282543));
#10761=CARTESIAN_POINT('',(0.003500999999999,0.000348738108247,0.00702242158558));
#10762=CARTESIAN_POINT('',(0.003500999999999,0.000348738108247,0.007083153046743));
#10763=CARTESIAN_POINT('',(0.003500999999999,-0.000383509775073,0.006965160440671));
#10764=CARTESIAN_POINT('',(0.003500999999999,-0.000347070891756,0.006965160440671));
#10765=CARTESIAN_POINT('',(0.003500999999999,-0.00031583758211,0.006935662289153));
#10766=CARTESIAN_POINT('',(0.003500999999999,-0.00031583758211,0.006897488214611));
#10767=CARTESIAN_POINT('',(0.003500999999999,-0.00031583758211,0.006861049364389));
#10768=CARTESIAN_POINT('',(0.003500999999999,-0.000345335733628,0.006829815988552));
#10769=CARTESIAN_POINT('',(0.003500999999999,-0.000383509775073,0.006829815988552));
#10770=CARTESIAN_POINT('',(0.003500999999999,-0.000383509775073,0.006829815988552));
#10771=CARTESIAN_POINT('',(0.003500999999999,-0.000383509775073,0.006965160440671));
#10772=CARTESIAN_POINT('',(0.003500999999999,-0.000383509775073,0.006829815988552));
#10773=CARTESIAN_POINT('',(0.003500999999999,-0.00041994865839,0.006829815988552));
#10774=CARTESIAN_POINT('',(0.003500999999999,-0.000451181968037,0.00685931414007));
#10775=CARTESIAN_POINT('',(0.003500999999999,-0.000451181968037,0.006935662289153));
#10776=CARTESIAN_POINT('',(0.003500999999999,-0.00041994865839,0.006965160440671));
#10777=CARTESIAN_POINT('',(0.003500999999999,-0.000383509775073,0.006965160440671));
#10778=CARTESIAN_POINT('',(0.003499999999999,0.000299285356942,0.00722413674623));
#10779=CARTESIAN_POINT('',(0.003499999999999,0.000115209338996237,0.00708961979717832));
#10780=CARTESIAN_POINT('',(0.003499999999999,0.000348738108247,0.007083153046743));
#10781=CARTESIAN_POINT('',(0.003499999999999,0.000348738108247,0.00702242158558));
#10782=CARTESIAN_POINT('',(0.003499999999999,0.000326180721624,0.006963425282543));
#10783=CARTESIAN_POINT('',(0.003499999999999,0.000284536264634,0.006918310509298));
#10784=CARTESIAN_POINT('',(0.003499999999999,0.000284536264634,0.006918310509298));
#10785=CARTESIAN_POINT('',(0.003499999999999,0.000284536264634,0.006918310509298));
#10786=CARTESIAN_POINT('',(0.003499999999999,0.000242891873838,0.006873195736053));
#10787=CARTESIAN_POINT('',(0.003499999999999,0.000187365953249,0.006845432742663));
#10788=CARTESIAN_POINT('',(0.003499999999999,0.000126634492086,0.006840227202086));
#10789=CARTESIAN_POINT('',(0.003499999999999,0.000126634492086,0.006840227202086));
#10790=CARTESIAN_POINT('',(0.003499999999999,0.000121428951509,0.006840227202086));
#10791=CARTESIAN_POINT('',(0.003499999999999,2.4258640124E-5,0.006840227202086));
#10792=CARTESIAN_POINT('',(0.003499999999999,2.42586401239999E-5,0.006840227202086));
#10793=CARTESIAN_POINT('',(0.003499999999999,-3.50435326600005E-6,0.006841962360214));
#10794=CARTESIAN_POINT('',(0.003499999999999,-2.6061739888E-5,0.006866254971158));
#10795=CARTESIAN_POINT('',(0.003499999999999,-2.6061739888E-5,0.006894017898356));
#10796=CARTESIAN_POINT('',(0.003499999999999,-2.6061739888E-5,0.006894017898356));
#10797=CARTESIAN_POINT('',(0.003499999999999,-2.6061739888E-5,0.006894017898356));
#10798=CARTESIAN_POINT('',(0.003499999999999,-2.6061739888E-5,0.00692350358285079));
#10799=CARTESIAN_POINT('',(0.003499999999999,-1.78961574648551E-6,0.00694778816874663));
#10800=CARTESIAN_POINT('',(0.003499999999999,2.76917565642806E-5,0.00694780858174561));
#10801=CARTESIAN_POINT('',(0.00350000000004261,-0.882337537452683,-5.05487494354687));
#10802=CARTESIAN_POINT('',(0.003499999999999,0.000116223344742,0.006946073436497));
#10803=CARTESIAN_POINT('',(0.003499999999999,0.000116223344742,0.006946073436497));
#10804=CARTESIAN_POINT('',(0.003499999999999,0.000116223344742,0.006946073436497));
#10805=CARTESIAN_POINT('',(0.003499999999999,0.000187365953249,0.006951278977073));
#10806=CARTESIAN_POINT('',(0.003499999999999,0.000241156649518,0.007010275247012));
#10807=CARTESIAN_POINT('',(0.003499999999999,0.000241156649518,0.007081417822424));
#10808=CARTESIAN_POINT('',(0.003499999999999,0.000241156649518,0.007081417822424));
#10809=CARTESIAN_POINT('',(0.003499999999999,0.000241156649518,0.007081417822424));
#10810=CARTESIAN_POINT('',(0.003499999999999,0.000241156649518,0.007156030747187));
#10811=CARTESIAN_POINT('',(0.003499999999999,0.000180425188354,0.007216762208351));
#10812=CARTESIAN_POINT('',(0.003499999999999,0.000105812263591,0.007216762208351));
#10813=CARTESIAN_POINT('',(0.003499999999999,0.000105812214981443,0.007216762208351));
#10814=CARTESIAN_POINT('',(0.003499999999999,9.1930799991E-5,0.007216762208351));
#10815=CARTESIAN_POINT('',(0.003499999999999,9.1930799991E-5,0.007216762208351));
#10816=CARTESIAN_POINT('',(0.003499999999999,9.1930799991E-5,0.007216762208351));
#10817=CARTESIAN_POINT('',(0.003499999999999,7.8049336392E-5,0.007338225130679));
#10818=CARTESIAN_POINT('',(0.003499999999999,-2.6061739888E-5,0.007433660283937));
#10819=CARTESIAN_POINT('',(0.003499999999999,-0.000150995044664,0.007433660283937));
#10820=CARTESIAN_POINT('',(0.003499999999999,-0.000150995044664,0.007433660283937));
#10821=CARTESIAN_POINT('',(0.003499999999999,-0.000150995044664,0.007433660283937));
#10822=CARTESIAN_POINT('',(0.003499999999999,-0.000260311661521,0.007433660283937));
#10823=CARTESIAN_POINT('',(0.003499999999999,-0.000350541274203,0.00736425289975));
#10824=CARTESIAN_POINT('',(0.003499999999999,-0.000383509741977,0.007267082654555));
#10825=CARTESIAN_POINT('',(0.003499999999999,-0.000383509961322502,0.0072670827861618));
#10826=CARTESIAN_POINT('',(0.003499999999999,-0.000383509741977,0.007267082654555));
#10827=CARTESIAN_POINT('',(0.003499999999999,-0.000409537511047,0.007282699309379));
#10828=CARTESIAN_POINT('',(0.003499999999999,-0.000442506011917,0.007293110423626));
#10829=CARTESIAN_POINT('',(0.003499999999999,-0.000475474512788,0.007293110423626));
#10830=CARTESIAN_POINT('',(0.003499999999999,-0.000475474512788,0.007293110423626));
#10831=CARTESIAN_POINT('',(0.003499999999999,-0.000475474512788,0.007293110423626));
#10832=CARTESIAN_POINT('',(0.003499999999999,-0.000570909666045,0.007293110423626));
#10833=CARTESIAN_POINT('',(0.003499999999999,-0.000648992973256,0.007215027116416));
#10834=CARTESIAN_POINT('',(0.003499999999999,-0.000648992973256,0.007119591963157));
#10835=CARTESIAN_POINT('',(0.003499999999999,-0.000648992973256,0.007119591963157));
#10836=CARTESIAN_POINT('',(0.003499999999999,-0.000648992973256,0.007119591963157));
#10837=CARTESIAN_POINT('',(0.003499999999999,-0.000648992973256,0.007048449387745));
#10838=CARTESIAN_POINT('',(0.003499999999999,-0.000605613358139,0.006987717926581));
#10839=CARTESIAN_POINT('',(0.003499999999999,-0.000544881896975,0.006959954966288));
#10840=CARTESIAN_POINT('',(0.003499999999999,-0.000544881810299548,0.00695995520154901));
#10841=CARTESIAN_POINT('',(0.003499999999999,-0.000544881896975,0.006959954966288));
#10842=CARTESIAN_POINT('',(0.003499999999999,-0.000520589319128,0.007025892001124));
#10843=CARTESIAN_POINT('',(0.003499999999999,-0.000456387508612,0.007074477156816));
#10844=CARTESIAN_POINT('',(0.003499999999999,-0.000381774550753,0.007074477156816));
#10845=CARTESIAN_POINT('',(0.003499999999999,-0.000381774550753,0.007074477156816));
#10846=CARTESIAN_POINT('',(0.003499999999999,-0.000381774550753,0.007074477156816));
#10847=CARTESIAN_POINT('',(0.003499999999999,-0.000329719012612,0.007074477156816));
#10848=CARTESIAN_POINT('',(0.003499999999999,-0.000282869015048,0.007051919770194));
#10849=CARTESIAN_POINT('',(0.003499999999999,-0.000251635705401,0.007015480886876));
#10850=CARTESIAN_POINT('',(0.003499999999999,-0.000251635639894096,0.00701548092109677));
#10851=CARTESIAN_POINT('',(0.003499999999999,-1.9120974993E-5,0.007136943809204));
#10852=CARTESIAN_POINT('',(0.003499999999999,-1.91209749934518E-5,0.00713694380920377));
#10853=CARTESIAN_POINT('',(0.003499999999999,3.4669721275E-5,0.007044979005298));
#10854=CARTESIAN_POINT('',(0.003499999999999,3.46697212750693E-5,0.00704497900529788));
#10855=CARTESIAN_POINT('',(0.003499999999999,-0.00020825612338,0.006916575351171));
#10856=CARTESIAN_POINT('',(0.003499999999999,-0.00020825612338,0.006916575351171));
#10857=CARTESIAN_POINT('',(0.003499999999999,-0.00020825612338,0.006899223505123));
#10858=CARTESIAN_POINT('',(0.003499999999999,-0.00020825612338,0.006899223505123));
#10859=CARTESIAN_POINT('',(0.003499999999999,-0.00020825612338,0.006899223505123));
#10860=CARTESIAN_POINT('',(0.003499999999999,-0.00020825612338,0.006803788351865));
#10861=CARTESIAN_POINT('',(0.003499999999999,-0.000286339430592,0.006725705044654));
#10862=CARTESIAN_POINT('',(0.003499999999999,-0.000381774583849,0.006725705044654));
#10863=CARTESIAN_POINT('',(0.003499999999999,-0.000384055083028343,0.00689339182192591));
#10864=CARTESIAN_POINT('',(0.003499999999999,-0.000546617137843,0.006843697584535));
#10865=CARTESIAN_POINT('',(0.003499999999999,-0.000600407850658,0.006857579048134));
#10866=CARTESIAN_POINT('',(0.003499999999999,-0.000647257848225,0.006885341975331));
#10867=CARTESIAN_POINT('',(0.003499999999999,-0.000685431906217,0.006926986432321));
#10868=CARTESIAN_POINT('',(0.003499999999999,-0.000685431906217,0.006926986432321));
#10869=CARTESIAN_POINT('',(0.003499999999999,-0.000685431906217,0.006926986432321));
#10870=CARTESIAN_POINT('',(0.003499999999999,-0.000732281887235,0.00697904190427));
#10871=CARTESIAN_POINT('',(0.003499999999999,-0.000758309656305,0.00704671413033));
#10872=CARTESIAN_POINT('',(0.003499999999999,-0.000758309656305,0.007116121514518));
#10873=CARTESIAN_POINT('',(0.003499999999999,-0.000758309656305,0.007116121514518));
#10874=CARTESIAN_POINT('',(0.003499999999999,-0.000758309656305,0.007116121514518));
#10875=CARTESIAN_POINT('',(0.003499999999999,-0.000758309656305,0.00719073443928));
#10876=CARTESIAN_POINT('',(0.003499999999999,-0.000728811517198,0.007261877014692));
#10877=CARTESIAN_POINT('',(0.003499999999999,-0.00067675593355,0.007313932536285));
#10878=CARTESIAN_POINT('',(0.003499999999999,-0.00067675593355,0.007313932536285));
#10879=CARTESIAN_POINT('',(0.003499999999999,-0.00067675593355,0.007313932536285));
#10880=CARTESIAN_POINT('',(0.003499999999999,-0.000622965204186,0.00736772326565));
#10881=CARTESIAN_POINT('',(0.003499999999999,-0.000551822645322,0.007397221400619));
#10882=CARTESIAN_POINT('',(0.003499999999999,-0.000477209704011,0.007397221400619));
#10883=CARTESIAN_POINT('',(0.003499999999999,-0.000477209704011,0.007397221400619));
#10884=CARTESIAN_POINT('',(0.003499999999999,-0.000477209704011,0.007397221400619));
#10885=CARTESIAN_POINT('',(0.003499999999999,-0.000463328240412,0.007397221400619));
#10886=CARTESIAN_POINT('',(0.003499999999999,-0.000451181934941,0.007395486225943));
#10887=CARTESIAN_POINT('',(0.003499999999999,-0.000437300471342,0.00739375103472));
#10888=CARTESIAN_POINT('',(0.003499999999999,-0.000437300295486703,0.0073937512646845));
#10889=CARTESIAN_POINT('',(0.003499999999999,-0.000437300471342,0.00739375103472));
#10890=CARTESIAN_POINT('',(0.003499999999999,-0.000414743084719,0.00742324916969));
#10891=CARTESIAN_POINT('',(0.003499999999999,-0.000390450506873,0.00744927693876));
#10892=CARTESIAN_POINT('',(0.003499999999999,-0.000360952355355,0.00747009915898));
#10893=CARTESIAN_POINT('',(0.003499999999999,-0.000360952355355,0.00747009915898));
#10894=CARTESIAN_POINT('',(0.003499999999999,-0.000360952355355,0.00747009915898));
#10895=CARTESIAN_POINT('',(0.003499999999999,-0.00030022089419,0.007513478776166));
#10896=CARTESIAN_POINT('',(0.003499999999999,-0.000229078318779,0.007537771360218));
#10897=CARTESIAN_POINT('',(0.003499999999999,-0.000152730202792,0.007537771360218));
#10898=CARTESIAN_POINT('',(0.003499999999999,-0.000152730202792,0.007537771360218));
#10899=CARTESIAN_POINT('',(0.003499999999999,-0.000152730202792,0.007537771360218));
#10900=CARTESIAN_POINT('',(0.003499999999999,-6.59738303588874E-5,0.007537771360218));
#10901=CARTESIAN_POINT('',(0.003499999999999,1.73123882474029E-5,0.00750480502503588));
#10902=CARTESIAN_POINT('',(0.003499999999999,8.32483611268047E-5,0.00744754741417622));
#10903=CARTESIAN_POINT('',(0.003499999999999,8.32527050044504E-5,0.00744754364194572));
#10904=CARTESIAN_POINT('',(0.00350000000000705,-0.000152356215620118,0.00718522757918835));
#10905=CARTESIAN_POINT('',(0.003499999999999,-0.000383509775073,0.006965160440671));
#10906=CARTESIAN_POINT('',(0.003499999999999,-0.00041994865839,0.006965160440671));
#10907=CARTESIAN_POINT('',(0.003499999999999,-0.000451181968037,0.006935662289153));
#10908=CARTESIAN_POINT('',(0.003499999999999,-0.000451181968037,0.00685931414007));
#10909=CARTESIAN_POINT('',(0.003499999999999,-0.00041994865839,0.006829815988552));
#10910=CARTESIAN_POINT('',(0.003499999999999,-0.000383509775073,0.006829815988552));
#10911=CARTESIAN_POINT('',(0.003499999999999,-0.000383509775073,0.006965160440671));
#10912=CARTESIAN_POINT('',(0.003499999999999,-0.000383509775073,0.006829815988552));
#10913=CARTESIAN_POINT('',(0.003499999999999,-0.000383509775073,0.006829815988552));
#10914=CARTESIAN_POINT('',(0.003499999999999,-0.000345335733628,0.006829815988552));
#10915=CARTESIAN_POINT('',(0.003499999999999,-0.00031583758211,0.006861049364389));
#10916=CARTESIAN_POINT('',(0.003499999999999,-0.00031583758211,0.006897488214611));
#10917=CARTESIAN_POINT('',(0.003499999999999,-0.00031583758211,0.006935662289153));
#10918=CARTESIAN_POINT('',(0.003499999999999,-0.000347070891756,0.006965160440671));
#10919=CARTESIAN_POINT('',(0.003499999999999,-0.000383509775073,0.006965160440671));
#10920=CARTESIAN_POINT('',(0.00350049999999872,0.000115091878252024,0.00708971986248109));
#10921=CARTESIAN_POINT('',(0.003500499999999,-0.000152356215620103,0.00718522757918834));
#10922=CARTESIAN_POINT('',(0.003499999999999,8.31678715427392E-5,0.00744744488958662));
#10923=CARTESIAN_POINT('',(0.0035003332504257,8.31678715427411E-5,0.00744744488958662));
#10924=CARTESIAN_POINT('',(0.00350066650085239,8.3167871542743E-5,0.00744744488958662));
#10925=CARTESIAN_POINT('',(0.00350099975127909,8.31678715427449E-5,0.00744744488958663));
#10926=CARTESIAN_POINT('',(0.003500999999999,8.3254876968E-5,0.007447541755809));
#10927=CARTESIAN_POINT('',(0.003499999999999,8.3254876968E-5,0.007447541755809));
#10928=CARTESIAN_POINT('',(0.003500999999999,1.7317875228E-5,0.007504802853143));
#10929=CARTESIAN_POINT('',(0.003499999999999,1.7317875228E-5,0.007504802853143));
#10930=CARTESIAN_POINT('',(0.003500999999999,-6.5970972558E-5,0.007537771360218));
#10931=CARTESIAN_POINT('',(0.003499999999999,-6.5970972558E-5,0.007537771360218));
#10932=CARTESIAN_POINT('',(0.003500999999999,-0.000152730202792,0.007537771360218));
#10933=CARTESIAN_POINT('',(0.003499999999999,-0.000152730202792,0.007537771360218));
#10934=CARTESIAN_POINT('',(0.003500499999999,-0.000152730202792,0.007537771360218));
#10935=CARTESIAN_POINT('',(0.003500999999999,-0.000152730202792,0.007537771360218));
#10936=CARTESIAN_POINT('',(0.003499999999999,-0.000152730202792,0.007537771360218));
#10937=CARTESIAN_POINT('',(0.003500999999999,-0.000229078318779,0.007537771360218));
#10938=CARTESIAN_POINT('',(0.003499999999999,-0.000229078318779,0.007537771360218));
#10939=CARTESIAN_POINT('',(0.003500999999999,-0.00030022089419,0.007513478776166));
#10940=CARTESIAN_POINT('',(0.003499999999999,-0.00030022089419,0.007513478776166));
#10941=CARTESIAN_POINT('',(0.003500999999999,-0.000360952355355,0.00747009915898));
#10942=CARTESIAN_POINT('',(0.003499999999999,-0.000360952355355,0.00747009915898));
#10943=CARTESIAN_POINT('',(0.003500499999999,-0.000360952355355,0.00747009915898));
#10944=CARTESIAN_POINT('',(0.003500999999999,-0.000360952355355,0.00747009915898));
#10945=CARTESIAN_POINT('',(0.003499999999999,-0.000360952355355,0.00747009915898));
#10946=CARTESIAN_POINT('',(0.003500999999999,-0.000390450506873,0.00744927693876));
#10947=CARTESIAN_POINT('',(0.003499999999999,-0.000390450506873,0.00744927693876));
#10948=CARTESIAN_POINT('',(0.003500999999999,-0.000414743084719,0.00742324916969));
#10949=CARTESIAN_POINT('',(0.003499999999999,-0.000414743084719,0.00742324916969));
#10950=CARTESIAN_POINT('',(0.003500999999999,-0.000437300471342,0.00739375103472));
#10951=CARTESIAN_POINT('',(0.003499999999999,-0.000437300471342,0.00739375103472));
#10952=CARTESIAN_POINT('',(0.003500499999999,-0.000437300471342,0.00739375103472));
#10953=CARTESIAN_POINT('',(0.003500999999999,-0.000437300471342,0.00739375103472));
#10954=CARTESIAN_POINT('',(0.003499999999999,-0.000437300471342,0.00739375103472));
#10955=CARTESIAN_POINT('',(0.003500999999999,-0.000451181934941,0.007395486225943));
#10956=CARTESIAN_POINT('',(0.003499999999999,-0.000451181934941,0.007395486225943));
#10957=CARTESIAN_POINT('',(0.003500999999999,-0.000463328240412,0.007397221400619));
#10958=CARTESIAN_POINT('',(0.003499999999999,-0.000463328240412,0.007397221400619));
#10959=CARTESIAN_POINT('',(0.003500999999999,-0.000477209704011,0.007397221400619));
#10960=CARTESIAN_POINT('',(0.003499999999999,-0.000477209704011,0.007397221400619));
#10961=CARTESIAN_POINT('',(0.003500499999999,-0.000477209704011,0.007397221400619));
#10962=CARTESIAN_POINT('',(0.003500999999999,-0.000477209704011,0.007397221400619));
#10963=CARTESIAN_POINT('',(0.003499999999999,-0.000477209704011,0.007397221400619));
#10964=CARTESIAN_POINT('',(0.003500999999999,-0.000551822645322,0.007397221400619));
#10965=CARTESIAN_POINT('',(0.003499999999999,-0.000551822645322,0.007397221400619));
#10966=CARTESIAN_POINT('',(0.003500999999999,-0.000622965204186,0.00736772326565));
#10967=CARTESIAN_POINT('',(0.003499999999999,-0.000622965204186,0.00736772326565));
#10968=CARTESIAN_POINT('',(0.003500999999999,-0.00067675593355,0.007313932536285));
#10969=CARTESIAN_POINT('',(0.003499999999999,-0.00067675593355,0.007313932536285));
#10970=CARTESIAN_POINT('',(0.003500499999999,-0.00067675593355,0.007313932536285));
#10971=CARTESIAN_POINT('',(0.003500999999999,-0.00067675593355,0.007313932536285));
#10972=CARTESIAN_POINT('',(0.003499999999999,-0.00067675593355,0.007313932536285));
#10973=CARTESIAN_POINT('',(0.003500999999999,-0.000728811517198,0.007261877014692));
#10974=CARTESIAN_POINT('',(0.003499999999999,-0.000728811517198,0.007261877014692));
#10975=CARTESIAN_POINT('',(0.003500999999999,-0.000758309656305,0.00719073443928));
#10976=CARTESIAN_POINT('',(0.003499999999999,-0.000758309656305,0.00719073443928));
#10977=CARTESIAN_POINT('',(0.003500999999999,-0.000758309656305,0.007116121514518));
#10978=CARTESIAN_POINT('',(0.003499999999999,-0.000758309656305,0.007116121514518));
#10979=CARTESIAN_POINT('',(0.003500499999999,-0.000758309656305,0.007116121514518));
#10980=CARTESIAN_POINT('',(0.003500999999999,-0.000758309656305,0.007116121514518));
#10981=CARTESIAN_POINT('',(0.003499999999999,-0.000758309656305,0.007116121514518));
#10982=CARTESIAN_POINT('',(0.003500999999999,-0.000758309656305,0.00704671413033));
#10983=CARTESIAN_POINT('',(0.003499999999999,-0.000758309656305,0.00704671413033));
#10984=CARTESIAN_POINT('',(0.003500999999999,-0.000732281887235,0.00697904190427));
#10985=CARTESIAN_POINT('',(0.003499999999999,-0.000732281887235,0.00697904190427));
#10986=CARTESIAN_POINT('',(0.003500999999999,-0.000685431906217,0.006926986432321));
#10987=CARTESIAN_POINT('',(0.003499999999999,-0.000685431906217,0.006926986432321));
#10988=CARTESIAN_POINT('',(0.003500499999999,-0.000685431906217,0.006926986432321));
#10989=CARTESIAN_POINT('',(0.003500999999999,-0.000685431906217,0.006926986432321));
#10990=CARTESIAN_POINT('',(0.003499999999999,-0.000685431906217,0.006926986432321));
#10991=CARTESIAN_POINT('',(0.003500999999999,-0.000647257848225,0.006885341975331));
#10992=CARTESIAN_POINT('',(0.003499999999999,-0.000647257848225,0.006885341975331));
#10993=CARTESIAN_POINT('',(0.003500999999999,-0.000600407850659,0.006857579048134));
#10994=CARTESIAN_POINT('',(0.003499999999999,-0.000600407850659,0.006857579048134));
#10995=CARTESIAN_POINT('',(0.003500999999999,-0.000546617137843,0.006843697584535));
#10996=CARTESIAN_POINT('',(0.003499999999999,-0.000546617137843,0.006843697584535));
#10997=CARTESIAN_POINT('',(0.00350049999999904,-0.000383954091604989,0.00689336826725285));
#10998=CARTESIAN_POINT('',(0.003500999999999,-0.000381774583849,0.006725705044654));
#10999=CARTESIAN_POINT('',(0.003499999999999,-0.000381774583849,0.006725705044654));
#11000=CARTESIAN_POINT('',(0.003500999999999,-0.000286339430592,0.006725705044654));
#11001=CARTESIAN_POINT('',(0.003499999999999,-0.000286339430592,0.006725705044654));
#11002=CARTESIAN_POINT('',(0.003500999999999,-0.00020825612338,0.006803788351865));
#11003=CARTESIAN_POINT('',(0.003499999999999,-0.00020825612338,0.006803788351865));
#11004=CARTESIAN_POINT('',(0.003500999999999,-0.00020825612338,0.006899223505123));
#11005=CARTESIAN_POINT('',(0.003499999999999,-0.00020825612338,0.006899223505123));
#11006=CARTESIAN_POINT('',(0.003500999999999,-0.00020825612338,0.006899223505123));
#11007=CARTESIAN_POINT('',(0.003500999999999,-0.00020825612338,0.006899223505123));
#11008=CARTESIAN_POINT('',(0.003500999999999,-0.00020825612338,0.006916575351171));
#11009=CARTESIAN_POINT('',(0.003500999999999,-0.00020825612338,0.006916575351171));
#11010=CARTESIAN_POINT('',(0.003500999999999,3.4669721275E-5,0.007044979005298));
#11011=CARTESIAN_POINT('',(0.003500999999999,3.4669721275E-5,0.007044979005298));
#11012=CARTESIAN_POINT('',(0.003500999999999,-1.9120974993E-5,0.007136943809204));
#11013=CARTESIAN_POINT('',(0.003500999999999,-1.9120974993E-5,0.007136943809204));
#11014=CARTESIAN_POINT('',(0.003500999999999,-0.000251635705401306,0.00701548088687659));
#11015=CARTESIAN_POINT('',(0.003500999999999,-0.0002516357054,0.007015480886876));
#11016=CARTESIAN_POINT('',(0.003499999999999,-0.0002516357054,0.007015480886876));
#11017=CARTESIAN_POINT('',(0.003500999999999,-0.000282869015048,0.007051919770194));
#11018=CARTESIAN_POINT('',(0.003499999999999,-0.000282869015048,0.007051919770194));
#11019=CARTESIAN_POINT('',(0.003500999999999,-0.000329719012612,0.007074477156816));
#11020=CARTESIAN_POINT('',(0.003499999999999,-0.000329719012612,0.007074477156816));
#11021=CARTESIAN_POINT('',(0.003500999999999,-0.000381774550753,0.007074477156816));
#11022=CARTESIAN_POINT('',(0.003499999999999,-0.000381774550753,0.007074477156816));
#11023=CARTESIAN_POINT('',(0.003500499999999,-0.000381774550753,0.007074477156816));
#11024=CARTESIAN_POINT('',(0.003500999999999,-0.000381774550753,0.007074477156816));
#11025=CARTESIAN_POINT('',(0.003499999999999,-0.000381774550753,0.007074477156816));
#11026=CARTESIAN_POINT('',(0.003500999999999,-0.000456387508612,0.007074477156816));
#11027=CARTESIAN_POINT('',(0.003499999999999,-0.000456387508612,0.007074477156816));
#11028=CARTESIAN_POINT('',(0.003500999999999,-0.000520589319128,0.007025892001124));
#11029=CARTESIAN_POINT('',(0.003499999999999,-0.000520589319128,0.007025892001124));
#11030=CARTESIAN_POINT('',(0.003500999999999,-0.000544881896975,0.006959954966288));
#11031=CARTESIAN_POINT('',(0.003499999999999,-0.000544881896975,0.006959954966288));
#11032=CARTESIAN_POINT('',(0.003500499999999,-0.000544881896975,0.006959954966288));
#11033=CARTESIAN_POINT('',(0.003500999999999,-0.000544881896975,0.006959954966288));
#11034=CARTESIAN_POINT('',(0.003499999999999,-0.000544881896975,0.006959954966288));
#11035=CARTESIAN_POINT('',(0.003500999999999,-0.000605613358139,0.006987717926581));
#11036=CARTESIAN_POINT('',(0.003499999999999,-0.000605613358139,0.006987717926581));
#11037=CARTESIAN_POINT('',(0.003500999999999,-0.000648992973256,0.007048449387745));
#11038=CARTESIAN_POINT('',(0.003499999999999,-0.000648992973256,0.007048449387745));
#11039=CARTESIAN_POINT('',(0.003500999999999,-0.000648992973256,0.007119591963157));
#11040=CARTESIAN_POINT('',(0.003499999999999,-0.000648992973256,0.007119591963157));
#11041=CARTESIAN_POINT('',(0.003500499999999,-0.000648992973256,0.007119591963157));
#11042=CARTESIAN_POINT('',(0.003500999999999,-0.000648992973256,0.007119591963157));
#11043=CARTESIAN_POINT('',(0.003499999999999,-0.000648992973256,0.007119591963157));
#11044=CARTESIAN_POINT('',(0.003500999999999,-0.000648992973256,0.007215027116416));
#11045=CARTESIAN_POINT('',(0.003499999999999,-0.000648992973256,0.007215027116416));
#11046=CARTESIAN_POINT('',(0.003500999999999,-0.000570909666045,0.007293110423626));
#11047=CARTESIAN_POINT('',(0.003499999999999,-0.000570909666045,0.007293110423626));
#11048=CARTESIAN_POINT('',(0.003500999999999,-0.000475474512788,0.007293110423626));
#11049=CARTESIAN_POINT('',(0.003499999999999,-0.000475474512788,0.007293110423626));
#11050=CARTESIAN_POINT('',(0.003500499999999,-0.000475474512788,0.007293110423626));
#11051=CARTESIAN_POINT('',(0.003500999999999,-0.000475474512788,0.007293110423626));
#11052=CARTESIAN_POINT('',(0.003499999999999,-0.000475474512788,0.007293110423626));
#11053=CARTESIAN_POINT('',(0.003500999999999,-0.000442506011917,0.007293110423626));
#11054=CARTESIAN_POINT('',(0.003499999999999,-0.000442506011917,0.007293110423626));
#11055=CARTESIAN_POINT('',(0.003500999999999,-0.000409537511047,0.007282699309379));
#11056=CARTESIAN_POINT('',(0.003499999999999,-0.000409537511047,0.007282699309379));
#11057=CARTESIAN_POINT('',(0.003500999999999,-0.000383509741977,0.007267082654555));
#11058=CARTESIAN_POINT('',(0.003499999999999,-0.000383509741977,0.007267082654555));
#11059=CARTESIAN_POINT('',(0.003500499999999,-0.000383509741977,0.007267082654555));
#11060=CARTESIAN_POINT('',(0.003500999999999,-0.000383509741977,0.007267082654555));
#11061=CARTESIAN_POINT('',(0.003499999999999,-0.000383509741977,0.007267082654555));
#11062=CARTESIAN_POINT('',(0.003500999999999,-0.000350541274203,0.00736425289975));
#11063=CARTESIAN_POINT('',(0.003499999999999,-0.000350541274203,0.00736425289975));
#11064=CARTESIAN_POINT('',(0.003500999999999,-0.000260311661521,0.007433660283937));
#11065=CARTESIAN_POINT('',(0.003499999999999,-0.000260311661521,0.007433660283937));
#11066=CARTESIAN_POINT('',(0.003500999999999,-0.000150995044664,0.007433660283937));
#11067=CARTESIAN_POINT('',(0.003499999999999,-0.000150995044664,0.007433660283937));
#11068=CARTESIAN_POINT('',(0.003500499999999,-0.000150995044664,0.007433660283937));
#11069=CARTESIAN_POINT('',(0.003500999999999,-0.000150995044664,0.007433660283937));
#11070=CARTESIAN_POINT('',(0.003499999999999,-0.000150995044664,0.007433660283937));
#11071=CARTESIAN_POINT('',(0.003500999999999,-2.6061739888E-5,0.007433660283937));
#11072=CARTESIAN_POINT('',(0.003499999999999,-2.6061739888E-5,0.007433660283937));
#11073=CARTESIAN_POINT('',(0.003500999999999,7.8049336392E-5,0.007338225130679));
#11074=CARTESIAN_POINT('',(0.003499999999999,7.8049336392E-5,0.007338225130679));
#11075=CARTESIAN_POINT('',(0.003500999999999,9.1930799991E-5,0.007216762208351));
#11076=CARTESIAN_POINT('',(0.003499999999999,9.1930799991E-5,0.007216762208351));
#11077=CARTESIAN_POINT('',(0.003500999999999,9.1930799991E-5,0.007216762208351));
#11078=CARTESIAN_POINT('',(0.003500999999999,9.1930799991E-5,0.007216762208351));
#11079=CARTESIAN_POINT('',(0.003500999999999,0.000105812263591,0.007216762208351));
#11080=CARTESIAN_POINT('',(0.003500999999999,0.000105812263591,0.007216762208351));
#11081=CARTESIAN_POINT('',(0.003499999999999,0.000105812263591,0.007216762208351));
#11082=CARTESIAN_POINT('',(0.003500999999999,0.000180425188354,0.007216762208351));
#11083=CARTESIAN_POINT('',(0.003499999999999,0.000180425188354,0.007216762208351));
#11084=CARTESIAN_POINT('',(0.003500999999999,0.000241156649518,0.007156030747187));
#11085=CARTESIAN_POINT('',(0.003499999999999,0.000241156649518,0.007156030747187));
#11086=CARTESIAN_POINT('',(0.003500999999999,0.000241156649518,0.007081417822424));
#11087=CARTESIAN_POINT('',(0.003499999999999,0.000241156649518,0.007081417822424));
#11088=CARTESIAN_POINT('',(0.003500499999999,0.000241156649518,0.007081417822424));
#11089=CARTESIAN_POINT('',(0.003500999999999,0.000241156649518,0.007081417822424));
#11090=CARTESIAN_POINT('',(0.003499999999999,0.000241156649518,0.007081417822424));
#11091=CARTESIAN_POINT('',(0.003500999999999,0.000241156649518,0.007010275247012));
#11092=CARTESIAN_POINT('',(0.003499999999999,0.000241156649518,0.007010275247012));
#11093=CARTESIAN_POINT('',(0.003500999999999,0.000187365953249,0.006951278977073));
#11094=CARTESIAN_POINT('',(0.003499999999999,0.000187365953249,0.006951278977073));
#11095=CARTESIAN_POINT('',(0.003500999999999,0.000116223344742,0.006946073436497));
#11096=CARTESIAN_POINT('',(0.003499999999999,0.000116223344742,0.006946073436497));
#11097=CARTESIAN_POINT('',(0.003500999999999,0.000116223344742,0.006946073436497));
#11098=CARTESIAN_POINT('',(0.003500999999999,0.000116223344742,0.006946073436497));
#11099=CARTESIAN_POINT('',(0.00350570428872112,-0.882337537452683,-5.05487494354687));
#11100=CARTESIAN_POINT('',(0.003500999999999,2.772895638E-5,0.006947808594624));
#11101=CARTESIAN_POINT('',(0.003499999999999,2.772895638E-5,0.006947808594624));
#11102=CARTESIAN_POINT('',(0.003500999999999,-1.769195138E-6,0.006947808594624));
#11103=CARTESIAN_POINT('',(0.003499999999999,-1.769195138E-6,0.006947808594624));
#11104=CARTESIAN_POINT('',(0.003500999999999,-2.6061739888E-5,0.006923515983682));
#11105=CARTESIAN_POINT('',(0.003499999999999,-2.6061739888E-5,0.006923515983682));
#11106=CARTESIAN_POINT('',(0.003500999999999,-2.6061739888E-5,0.006894017898356));
#11107=CARTESIAN_POINT('',(0.003499999999999,-2.6061739888E-5,0.006894017898356));
#11108=CARTESIAN_POINT('',(0.003500499999999,-2.6061739888E-5,0.006894017898356));
#11109=CARTESIAN_POINT('',(0.003500999999999,-2.6061739888E-5,0.006894017898356));
#11110=CARTESIAN_POINT('',(0.003499999999999,-2.6061739888E-5,0.006894017898356));
#11111=CARTESIAN_POINT('',(0.003500999999999,-2.6061739888E-5,0.006866254971158));
#11112=CARTESIAN_POINT('',(0.003499999999999,-2.6061739888E-5,0.006866254971158));
#11113=CARTESIAN_POINT('',(0.003500999999999,-3.504353266E-6,0.006841962360214));
#11114=CARTESIAN_POINT('',(0.003499999999999,-3.504353266E-6,0.006841962360214));
#11115=CARTESIAN_POINT('',(0.003500999999999,2.4258640124E-5,0.006840227202086));
#11116=CARTESIAN_POINT('',(0.003499999999999,2.4258640124E-5,0.006840227202086));
#11117=CARTESIAN_POINT('',(0.003500999999999,2.4258640124E-5,0.006840227202086));
#11118=CARTESIAN_POINT('',(0.003500999999999,0.000121428951509,0.006840227202086));
#11119=CARTESIAN_POINT('',(0.003500999999999,0.000126634492086,0.006840227202086));
#11120=CARTESIAN_POINT('',(0.003500999999999,0.000126634492086,0.006840227202086));
#11121=CARTESIAN_POINT('',(0.003499999999999,0.000126634492086,0.006840227202086));
#11122=CARTESIAN_POINT('',(0.003500999999999,0.000187365953249,0.006845432742663));
#11123=CARTESIAN_POINT('',(0.003499999999999,0.000187365953249,0.006845432742663));
#11124=CARTESIAN_POINT('',(0.003500999999999,0.000242891873838,0.006873195736053));
#11125=CARTESIAN_POINT('',(0.003499999999999,0.000242891873838,0.006873195736053));
#11126=CARTESIAN_POINT('',(0.003500999999999,0.000284536264634,0.006918310509298));
#11127=CARTESIAN_POINT('',(0.003499999999999,0.000284536264634,0.006918310509298));
#11128=CARTESIAN_POINT('',(0.003500499999999,0.000284536264634,0.006918310509298));
#11129=CARTESIAN_POINT('',(0.003500999999999,0.000284536264634,0.006918310509298));
#11130=CARTESIAN_POINT('',(0.003499999999999,0.000284536264634,0.006918310509298));
#11131=CARTESIAN_POINT('',(0.003500999999999,0.000326180721624,0.006963425282543));
#11132=CARTESIAN_POINT('',(0.003499999999999,0.000326180721624,0.006963425282543));
#11133=CARTESIAN_POINT('',(0.003500999999999,0.000348738108247,0.00702242158558));
#11134=CARTESIAN_POINT('',(0.003499999999999,0.000348738108247,0.00702242158558));
#11135=CARTESIAN_POINT('',(0.003500999999999,0.000348738108247,0.007083153046743));
#11136=CARTESIAN_POINT('',(0.003499999999999,0.000348738108247,0.007083153046743));
#11137=CARTESIAN_POINT('',(0.003500999999999,-0.000383509775073,0.006829815988552));
#11138=CARTESIAN_POINT('',(0.003499999999999,-0.000383509775073,0.006829815988552));
#11139=CARTESIAN_POINT('',(0.003500999999999,-0.000345335733628,0.006829815988552));
#11140=CARTESIAN_POINT('',(0.003499999999999,-0.000345335733628,0.006829815988552));
#11141=CARTESIAN_POINT('',(0.003500999999999,-0.00031583758211,0.006861049364389));
#11142=CARTESIAN_POINT('',(0.003499999999999,-0.00031583758211,0.006861049364389));
#11143=CARTESIAN_POINT('',(0.003500999999999,-0.00031583758211,0.006897488214611));
#11144=CARTESIAN_POINT('',(0.003499999999999,-0.00031583758211,0.006897488214611));
#11145=CARTESIAN_POINT('',(0.003500999999999,-0.00031583758211,0.00689752003275867));
#11146=CARTESIAN_POINT('',(0.003499999999999,-0.00031583758211,0.00689752003275867));
#11147=CARTESIAN_POINT('',(0.003500999999999,-0.000315837605924335,0.00689755487466257));
#11148=CARTESIAN_POINT('',(0.003499999999999,-0.000315837605924335,0.00689755487466257));
#11149=CARTESIAN_POINT('',(0.003500999999999,-0.000315837653535677,0.00689758819475185));
#11150=CARTESIAN_POINT('',(0.003499999999999,-0.000315837653535677,0.00689758819475185));
#11151=CARTESIAN_POINT('',(0.003500999999999,-0.000315892131491583,0.00693571378181843));
#11152=CARTESIAN_POINT('',(0.003499999999999,-0.000315892131491583,0.00693571378181843));
#11153=CARTESIAN_POINT('',(0.003500999999999,-0.000347102709932563,0.006965160440671));
#11154=CARTESIAN_POINT('',(0.003499999999999,-0.000347102709932563,0.006965160440671));
#11155=CARTESIAN_POINT('',(0.003500999999999,-0.000383509775073,0.006965160440671));
#11156=CARTESIAN_POINT('',(0.003499999999999,-0.000383509775073,0.006965160440671));
#11157=CARTESIAN_POINT('',(0.003500499999999,-0.000383509775073,0.006829815988552));
#11158=CARTESIAN_POINT('',(0.003500499999999,-0.000383509775073,0.006965160440671));
#11159=CARTESIAN_POINT('',(0.003500999999999,-0.000383509775073,0.006965160440671));
#11160=CARTESIAN_POINT('',(0.003499999999999,-0.000383509775073,0.006965160440671));
#11161=CARTESIAN_POINT('',(0.003500999999999,-0.00041994865839,0.006965160440671));
#11162=CARTESIAN_POINT('',(0.003499999999999,-0.00041994865839,0.006965160440671));
#11163=CARTESIAN_POINT('',(0.003500999999999,-0.000451181968037,0.006935662289153));
#11164=CARTESIAN_POINT('',(0.003499999999999,-0.000451181968037,0.006935662289153));
#11165=CARTESIAN_POINT('',(0.003500999999999,-0.000451181968037,0.00685931414007));
#11166=CARTESIAN_POINT('',(0.003499999999999,-0.000451181968037,0.00685931414007));
#11167=CARTESIAN_POINT('',(0.003500999999999,-0.00041994865839,0.006829815988552));
#11168=CARTESIAN_POINT('',(0.003499999999999,-0.00041994865839,0.006829815988552));
#11169=CARTESIAN_POINT('',(0.003500999999999,-0.000383509775073,0.006829815988552));
#11170=CARTESIAN_POINT('',(0.003499999999999,-0.000383509775073,0.006829815988552));
#11171=CARTESIAN_POINT('',(0.,0.,0.));
#11172=CARTESIAN_POINT('',(0.003500999999999,0.,0.));
#11173=CARTESIAN_POINT('',(0.003500999999999,0.001528063901772,0.007228237871937));
#11174=CARTESIAN_POINT('',(0.003500999999999,0.00152806390177195,0.00722823787193699));
#11175=CARTESIAN_POINT('',(0.003500999999999,0.001435109544053,0.007472289850054));
#11176=CARTESIAN_POINT('',(0.003500999999999,0.,0.007472289850054));
#11177=CARTESIAN_POINT('',(0.003500999999999,0.00140142138756417,0.00747228985005397));
#11178=CARTESIAN_POINT('',(0.003500999999999,0.001401421387564,0.007472289850054));
#11179=CARTESIAN_POINT('',(0.003500999999999,0.001308467029847,0.007228237871937));
#11180=CARTESIAN_POINT('',(0.003500999999999,0.,0.007228237871937));
#11181=CARTESIAN_POINT('',(0.003500999999999,0.00134327812488301,0.007228237871937));
#11182=CARTESIAN_POINT('',(0.003500999999999,0.001343278124883,0.007228237871937));
#11183=CARTESIAN_POINT('',(0.003500999999999,0.001366735063475,0.007294990330165));
#11184=CARTESIAN_POINT('',(0.003500999999999,0.,0.007294990330165));
#11185=CARTESIAN_POINT('',(0.003500999999999,0.00146836100221676,0.00729499033016496));
#11186=CARTESIAN_POINT('',(0.003500999999999,0.001468361002217,0.007294990330165));
#11187=CARTESIAN_POINT('',(0.003500999999999,0.001493252806733,0.007228237871937));
#11188=CARTESIAN_POINT('',(0.003500999999999,0.,0.007228237871937));
#11189=CARTESIAN_POINT('',(0.003500999999999,0.001376716739472,0.007322564710106));
#11190=CARTESIAN_POINT('',(0.003500999999999,0.0013767167394723,0.00732256471010595));
#11191=CARTESIAN_POINT('',(0.003500999999999,0.00145862886812,0.007322564710106));
#11192=CARTESIAN_POINT('',(0.003500999999999,0.001413212242335,0.007424003492421));
#11193=CARTESIAN_POINT('',(0.003500999999999,0.001413212242335,0.007424003492421));
#11194=CARTESIAN_POINT('',(0.003500999999999,0.001413212242335,0.007424003492421));
#11195=CARTESIAN_POINT('',(0.003500999999999,0.001414709493735,0.00742799616282));
#11196=CARTESIAN_POINT('',(0.003500999999999,0.001416019588709,0.007433735626518));
#11197=CARTESIAN_POINT('',(0.003500999999999,0.001417204912734,0.007441097112566));
#11198=CARTESIAN_POINT('',(0.003500999999999,0.00141720498912999,0.007441097112566));
#11199=CARTESIAN_POINT('',(0.003500999999999,0.001417953538433,0.007441097112566));
#11200=CARTESIAN_POINT('',(0.003500999999999,0.001417953538433,0.007441097112566));
#11201=CARTESIAN_POINT('',(0.003500999999999,0.001417953538433,0.007441097112566));
#11202=CARTESIAN_POINT('',(0.003500999999999,0.001419326018883,0.007432987000818));
#11203=CARTESIAN_POINT('',(0.003500999999999,0.001420573728383,0.007427372308069));
#11204=CARTESIAN_POINT('',(0.003500999999999,0.001421759052407,0.007424003492421));
#11205=CARTESIAN_POINT('',(0.003500999999999,0.00142175906901321,0.00742400344673527));
#11206=CARTESIAN_POINT('',(0.003500999999999,0.00145862886812,0.007322564710106));
#11207=CARTESIAN_POINT('',(0.003499999999999,0.,0.));
#11208=CARTESIAN_POINT('',(0.003499999999999,0.001435109544053,0.007472289850054));
#11209=CARTESIAN_POINT('',(0.003499999999999,0.00152806390177189,0.00722823787193698));
#11210=CARTESIAN_POINT('',(0.003499999999999,0.001435109544053,0.007472289850054));
#11211=CARTESIAN_POINT('',(0.003499999999999,0.001528063901772,0.007228237871937));
#11212=CARTESIAN_POINT('',(0.003499999999999,0.001493252806733,0.007228237871937));
#11213=CARTESIAN_POINT('',(0.003499999999999,0.001493252806733,0.007228237871937));
#11214=CARTESIAN_POINT('',(0.003499999999999,0.00146836100221649,0.00729499033016491));
#11215=CARTESIAN_POINT('',(0.003499999999999,0.001468361002217,0.007294990330165));
#11216=CARTESIAN_POINT('',(0.003499999999999,0.001366735063475,0.007294990330165));
#11217=CARTESIAN_POINT('',(0.003499999999999,0.001366735063475,0.007294990330165));
#11218=CARTESIAN_POINT('',(0.003499999999999,0.00134327812488302,0.007228237871937));
#11219=CARTESIAN_POINT('',(0.003499999999999,0.001343278124883,0.007228237871937));
#11220=CARTESIAN_POINT('',(0.003499999999999,0.001308467029847,0.007228237871937));
#11221=CARTESIAN_POINT('',(0.003499999999999,0.001308467029847,0.007228237871937));
#11222=CARTESIAN_POINT('',(0.003499999999999,0.00140142138756435,0.00747228985005394));
#11223=CARTESIAN_POINT('',(0.003499999999999,0.001401421387564,0.007472289850054));
#11224=CARTESIAN_POINT('',(0.003499999999999,0.001413212242335,0.007424003492421));
#11225=CARTESIAN_POINT('',(0.003499999999999,0.0014132122258785,0.00742400344668038));
#11226=CARTESIAN_POINT('',(0.003499999999999,0.00137671673947214,0.00732256471010597));
#11227=CARTESIAN_POINT('',(0.003499999999999,0.,0.007322564710106));
#11228=CARTESIAN_POINT('',(0.003499999999999,0.00145862886812,0.007322564710106));
#11229=CARTESIAN_POINT('',(0.003499999999999,0.00145862886812,0.007322564710106));
#11230=CARTESIAN_POINT('',(0.003499999999999,0.00142175905240719,0.00742400349242107));
#11231=CARTESIAN_POINT('',(0.003499999999999,0.001421759052407,0.007424003492421));
#11232=CARTESIAN_POINT('',(0.003499999999999,0.001420573728383,0.007427372308069));
#11233=CARTESIAN_POINT('',(0.003499999999999,0.001419326018883,0.007432987000818));
#11234=CARTESIAN_POINT('',(0.003499999999999,0.001417953538433,0.007441097112566));
#11235=CARTESIAN_POINT('',(0.003499999999999,0.0014179534623444,0.007441097112566));
#11236=CARTESIAN_POINT('',(0.003499999999999,0.,0.007441097112566));
#11237=CARTESIAN_POINT('',(0.003499999999999,0.00141720490737946,0.0074410970793115));
#11238=CARTESIAN_POINT('',(0.003499999999999,0.001417204912734,0.007441097112566));
#11239=CARTESIAN_POINT('',(0.003499999999999,0.001416019588709,0.007433735626518));
#11240=CARTESIAN_POINT('',(0.003499999999999,0.001414709493735,0.00742799616282));
#11241=CARTESIAN_POINT('',(0.003499999999999,0.001413212242335,0.007424003492421));
#11242=CARTESIAN_POINT('',(0.003500999999999,0.001435109544053,0.007472289850054));
#11243=CARTESIAN_POINT('',(0.003500999999999,0.001435109544053,0.007472289850054));
#11244=CARTESIAN_POINT('',(0.003500999999999,0.0015280639017719,0.00722823787193696));
#11245=CARTESIAN_POINT('',(0.003500999999999,0.001401421387564,0.007472289850054));
#11246=CARTESIAN_POINT('',(0.003500999999999,0.00140142138756433,0.00747228985005387));
#11247=CARTESIAN_POINT('',(0.003500999999999,0.001308467029847,0.007228237871937));
#11248=CARTESIAN_POINT('',(0.003500999999999,0.001308467029847,0.007228237871937));
#11249=CARTESIAN_POINT('',(0.003500999999999,0.001343278124883,0.007228237871937));
#11250=CARTESIAN_POINT('',(0.003500999999999,0.00134327812488302,0.007228237871937));
#11251=CARTESIAN_POINT('',(0.003500999999999,0.001366735063475,0.007294990330165));
#11252=CARTESIAN_POINT('',(0.003500999999999,0.001366735063475,0.007294990330165));
#11253=CARTESIAN_POINT('',(0.003500999999999,0.001468361002217,0.007294990330165));
#11254=CARTESIAN_POINT('',(0.003500999999999,0.00146836100221652,0.00729499033016482));
#11255=CARTESIAN_POINT('',(0.003500999999999,0.001493252806733,0.007228237871937));
#11256=CARTESIAN_POINT('',(0.003500999999999,0.001493252806733,0.007228237871937));
#11257=CARTESIAN_POINT('',(0.003500999999999,0.001528063901772,0.007228237871937));
#11258=CARTESIAN_POINT('',(0.003500999999999,0.001376716739472,0.007322564710106));
#11259=CARTESIAN_POINT('',(0.003500999999999,0.00137671673947228,0.0073225647101059));
#11260=CARTESIAN_POINT('',(0.003500999999999,0.00145862886812,0.007322564710106));
#11261=CARTESIAN_POINT('',(0.003500999999999,0.00145862886812,0.007322564710106));
#11262=CARTESIAN_POINT('',(0.003500999999999,0.00142175905240777,0.00742400349242128));
#11263=CARTESIAN_POINT('',(0.003500999999999,0.00142175905240558,0.00742400349242502));
#11264=CARTESIAN_POINT('',(0.003499999999999,0.00142175905240558,0.00742400349242502));
#11265=CARTESIAN_POINT('',(0.003500999999999,0.00142057372838201,0.00742737230807347));
#11266=CARTESIAN_POINT('',(0.003499999999999,0.00142057372838201,0.00742737230807347));
#11267=CARTESIAN_POINT('',(0.003500999999999,0.00141932601888245,0.00743298700082123));
#11268=CARTESIAN_POINT('',(0.003499999999999,0.00141932601888245,0.00743298700082123));
#11269=CARTESIAN_POINT('',(0.003500999999999,0.001417953538433,0.007441097112566));
#11270=CARTESIAN_POINT('',(0.003499999999999,0.001417953538433,0.007441097112566));
#11271=CARTESIAN_POINT('',(0.003500999999999,0.001417953538433,0.007441097112566));
#11272=CARTESIAN_POINT('',(0.003500999999999,0.001417953538433,0.007441097112566));
#11273=CARTESIAN_POINT('',(0.003500999999999,0.001417204912734,0.007441097112566));
#11274=CARTESIAN_POINT('',(0.003500999999999,0.001417204912734,0.007441097112566));
#11275=CARTESIAN_POINT('',(0.003499999999999,0.001417204912734,0.007441097112566));
#11276=CARTESIAN_POINT('',(0.003500999999999,0.001416019588709,0.007433735626518));
#11277=CARTESIAN_POINT('',(0.003499999999999,0.001416019588709,0.007433735626518));
#11278=CARTESIAN_POINT('',(0.003500999999999,0.001414709493735,0.00742799616282));
#11279=CARTESIAN_POINT('',(0.003499999999999,0.001414709493735,0.00742799616282));
#11280=CARTESIAN_POINT('',(0.003500999999999,0.001413212242335,0.007424003492421));
#11281=CARTESIAN_POINT('',(0.003499999999999,0.001413212242335,0.007424003492421));
#11282=CARTESIAN_POINT('',(0.003500999999999,0.001413212242335,0.007424003492421));
#11283=CARTESIAN_POINT('',(0.003500999999999,0.001413212242335,0.007424003492421));
#11284=CARTESIAN_POINT('',(0.,0.,0.));
#11285=CARTESIAN_POINT('',(0.003500999999999,0.00080245844229,0.007224120430588));
#11286=CARTESIAN_POINT('',(0.003499999999999,0.00080245844229,0.007224120430588));
#11287=CARTESIAN_POINT('',(0.003500999999999,0.000829533738431,0.007224120430588));
#11288=CARTESIAN_POINT('',(0.003499999999999,0.000829533738431,0.007224120430588));
#11289=CARTESIAN_POINT('',(0.003500999999999,0.000852054894899,0.007228861726686));
#11290=CARTESIAN_POINT('',(0.003499999999999,0.000852054894899,0.007228861726686));
#11291=CARTESIAN_POINT('',(0.003500999999999,0.000870021911693,0.007238344318884));
#11292=CARTESIAN_POINT('',(0.003499999999999,0.000870021911693,0.007238344318884));
#11293=CARTESIAN_POINT('',(0.003499999999999,0.000870021911693,0.007238344318884));
#11294=CARTESIAN_POINT('',(0.003499999999999,0.000852054894899,0.007228861726686));
#11295=CARTESIAN_POINT('',(0.003499999999999,0.000829533738431,0.007224120430588));
#11296=CARTESIAN_POINT('',(0.003499999999999,0.00080245844229,0.007224120430588));
#11297=CARTESIAN_POINT('',(0.003499999999999,0.00080245844229,0.007224120430588));
#11298=CARTESIAN_POINT('',(0.003499999999999,0.000870021911693,0.00723834438523196));
#11299=CARTESIAN_POINT('',(0.003500999999999,0.000870021911693,0.007238344318884));
#11300=CARTESIAN_POINT('',(0.003500999999999,0.00087002190365409,0.00723834431464124));
#11301=CARTESIAN_POINT('',(0.003500999999999,0.00080245844229,0.007224120430588));
#11302=CARTESIAN_POINT('',(0.003500999999999,0.000829533738431,0.007224120430588));
#11303=CARTESIAN_POINT('',(0.003500999999999,0.000852054894899,0.007228861726686));
#11304=CARTESIAN_POINT('',(0.003500999999999,0.000870021911693,0.007238344318884));
#11305=CARTESIAN_POINT('',(0.003500999999999,0.00080245844229,0.007224120430588));
#11306=CARTESIAN_POINT('',(0.003500499999999,0.00080245844229,0.007224120430588));
#11307=CARTESIAN_POINT('',(0.003500999999999,0.000870021911693,0.007268538888774));
#11308=CARTESIAN_POINT('',(0.003499999999999,0.000870021911693,0.007268538888774));
#11309=CARTESIAN_POINT('',(0.003499999999999,0.000870021816230582,0.0072685388306956));
#11310=CARTESIAN_POINT('',(0.003500999999999,0.000870021911693,0.007268538888774));
#11311=CARTESIAN_POINT('',(0.003500999999999,0.000870021911693,0.00726853876468867));
#11312=CARTESIAN_POINT('',(0.003500999999999,0.000870021911693,0.007227676402662));
#11313=CARTESIAN_POINT('',(0.003500999999999,0.000870021911693,0.007268538888774));
#11314=CARTESIAN_POINT('',(0.003499999999999,0.000870021911693,0.007268538888774));
#11315=CARTESIAN_POINT('',(0.003500999999999,0.000852179665849,0.007257683816127));
#11316=CARTESIAN_POINT('',(0.003499999999999,0.000852179665849,0.007257683816127));
#11317=CARTESIAN_POINT('',(0.003500999999999,0.00083115576078,0.007252193894328));
#11318=CARTESIAN_POINT('',(0.003499999999999,0.00083115576078,0.007252193894328));
#11319=CARTESIAN_POINT('',(0.003500999999999,0.000807012581964,0.007252193894328));
#11320=CARTESIAN_POINT('',(0.003499999999999,0.000807012581964,0.007252193894328));
#11321=CARTESIAN_POINT('',(0.003499999999999,0.000807012581964,0.007252193894328));
#11322=CARTESIAN_POINT('',(0.003499999999999,0.00083115576078,0.007252193894328));
#11323=CARTESIAN_POINT('',(0.003499999999999,0.000852179665849,0.007257683816127));
#11324=CARTESIAN_POINT('',(0.003499999999999,0.000870021911693,0.007268538888774));
#11325=CARTESIAN_POINT('',(0.003499999999999,0.000807012581964,0.007252193894328));
#11326=CARTESIAN_POINT('',(0.003500499999999,0.000807012581964,0.007252193894328));
#11327=CARTESIAN_POINT('',(0.003500999999999,0.000807012581964,0.007252193894328));
#11328=CARTESIAN_POINT('',(0.003500999999999,0.000870021911693,0.007268538888774));
#11329=CARTESIAN_POINT('',(0.003500999999999,0.000852179665849,0.007257683816127));
#11330=CARTESIAN_POINT('',(0.003500999999999,0.00083115576078,0.007252193894328));
#11331=CARTESIAN_POINT('',(0.003500999999999,0.000807012581964,0.007252193894328));
#11332=CARTESIAN_POINT('',(0.003500999999999,0.000807012581964,0.007252193894328));
#11333=CARTESIAN_POINT('',(0.003499999999999,0.000807012581964,0.007252193894328));
#11334=CARTESIAN_POINT('',(0.003500999999999,0.000781184995323,0.007252193894328));
#11335=CARTESIAN_POINT('',(0.003499999999999,0.000781184995323,0.007252193894328));
#11336=CARTESIAN_POINT('',(0.003500999999999,0.000760285861204,0.007260803089875));
#11337=CARTESIAN_POINT('',(0.003499999999999,0.000760285861204,0.007260803089875));
#11338=CARTESIAN_POINT('',(0.003500999999999,0.00074431517961,0.00727789671002));
#11339=CARTESIAN_POINT('',(0.003499999999999,0.00074431517961,0.00727789671002));
#11340=CARTESIAN_POINT('',(0.003499999999999,0.00074431517961,0.00727789671002));
#11341=CARTESIAN_POINT('',(0.003499999999999,0.000760285861204,0.007260803089875));
#11342=CARTESIAN_POINT('',(0.003499999999999,0.000781184995323,0.007252193894328));
#11343=CARTESIAN_POINT('',(0.003499999999999,0.000807012581964,0.007252193894328));
#11344=CARTESIAN_POINT('',(0.003499999999999,0.00074431517961,0.00727789671002));
#11345=CARTESIAN_POINT('',(0.003500499999999,0.00074431517961,0.00727789671002));
#11346=CARTESIAN_POINT('',(0.003500999999999,0.00074431517961,0.00727789671002));
#11347=CARTESIAN_POINT('',(0.003500999999999,0.000807012581964,0.007252193894328));
#11348=CARTESIAN_POINT('',(0.003500999999999,0.000781184995323,0.007252193894328));
#11349=CARTESIAN_POINT('',(0.003500999999999,0.000760285861204,0.007260803089875));
#11350=CARTESIAN_POINT('',(0.003500999999999,0.00074431517961,0.00727789671002));
#11351=CARTESIAN_POINT('',(0.003500999999999,0.00074431517961,0.00727789671002));
#11352=CARTESIAN_POINT('',(0.003499999999999,0.00074431517961,0.00727789671002));
#11353=CARTESIAN_POINT('',(0.003500999999999,0.000728344498015,0.007295115101115));
#11354=CARTESIAN_POINT('',(0.003499999999999,0.000728344498015,0.007295115101115));
#11355=CARTESIAN_POINT('',(0.003500999999999,0.000720359157218,0.007318322497807));
#11356=CARTESIAN_POINT('',(0.003499999999999,0.000720359157218,0.007318322497807));
#11357=CARTESIAN_POINT('',(0.003500999999999,0.000720359157218,0.007347518900097));
#11358=CARTESIAN_POINT('',(0.003499999999999,0.000720359157218,0.007347518900097));
#11359=CARTESIAN_POINT('',(0.003499999999999,0.000720359157218,0.007347518900097));
#11360=CARTESIAN_POINT('',(0.003499999999999,0.000720359157218,0.007318322497807));
#11361=CARTESIAN_POINT('',(0.003499999999999,0.000728344498015,0.007295115101115));
#11362=CARTESIAN_POINT('',(0.003499999999999,0.00074431517961,0.00727789671002));
#11363=CARTESIAN_POINT('',(0.003499999999999,0.000720359157218,0.007347518900097));
#11364=CARTESIAN_POINT('',(0.003500499999999,0.000720359157218,0.007347518900097));
#11365=CARTESIAN_POINT('',(0.003500999999999,0.000720359157218,0.007347518900097));
#11366=CARTESIAN_POINT('',(0.003500999999999,0.00074431517961,0.00727789671002));
#11367=CARTESIAN_POINT('',(0.003500999999999,0.000728344498015,0.007295115101115));
#11368=CARTESIAN_POINT('',(0.003500999999999,0.000720359157218,0.007318322497807));
#11369=CARTESIAN_POINT('',(0.003500999999999,0.000720359157218,0.007347518900097));
#11370=CARTESIAN_POINT('',(0.003500999999999,0.000720359157218,0.007347518900097));
#11371=CARTESIAN_POINT('',(0.003499999999999,0.000720359157218,0.007347518900097));
#11372=CARTESIAN_POINT('',(0.003500999999999,0.000720359157218,0.007378212553787));
#11373=CARTESIAN_POINT('',(0.003499999999999,0.000720359157218,0.007378212553787));
#11374=CARTESIAN_POINT('',(0.003500999999999,0.00072890596729,0.007402667659977));
#11375=CARTESIAN_POINT('',(0.003499999999999,0.00072890596729,0.007402667659977));
#11376=CARTESIAN_POINT('',(0.003500999999999,0.000745999587435,0.007420884218672));
#11377=CARTESIAN_POINT('',(0.003499999999999,0.000745999587435,0.007420884218672));
#11378=CARTESIAN_POINT('',(0.003499999999999,0.000745999587435,0.007420884218672));
#11379=CARTESIAN_POINT('',(0.003499999999999,0.00072890596729,0.007402667659977));
#11380=CARTESIAN_POINT('',(0.003499999999999,0.000720359157218,0.007378212553787));
#11381=CARTESIAN_POINT('',(0.003499999999999,0.000720359157218,0.007347518900097));
#11382=CARTESIAN_POINT('',(0.003499999999999,0.000745999587435,0.007420884218672));
#11383=CARTESIAN_POINT('',(0.003500499999999,0.000745999587435,0.007420884218672));
#11384=CARTESIAN_POINT('',(0.003500999999999,0.000745999587435,0.007420884218672));
#11385=CARTESIAN_POINT('',(0.003500999999999,0.000720359157218,0.007347518900097));
#11386=CARTESIAN_POINT('',(0.003500999999999,0.000720359157218,0.007378212553787));
#11387=CARTESIAN_POINT('',(0.003500999999999,0.00072890596729,0.007402667659977));
#11388=CARTESIAN_POINT('',(0.003500999999999,0.000745999587435,0.007420884218672));
#11389=CARTESIAN_POINT('',(0.003500999999999,0.000745999587435,0.007420884218672));
#11390=CARTESIAN_POINT('',(0.003499999999999,0.000745999587435,0.007420884218672));
#11391=CARTESIAN_POINT('',(0.003500999999999,0.000763155593053,0.007438976006415));
#11392=CARTESIAN_POINT('',(0.003499999999999,0.000763155593053,0.007438976006415));
#11393=CARTESIAN_POINT('',(0.003500999999999,0.000785302436672,0.007447959514812));
#11394=CARTESIAN_POINT('',(0.003499999999999,0.000785302436672,0.007447959514812));
#11395=CARTESIAN_POINT('',(0.003500999999999,0.000812502503762,0.007447959514812));
#11396=CARTESIAN_POINT('',(0.003499999999999,0.000812502503762,0.007447959514812));
#11397=CARTESIAN_POINT('',(0.003499999999999,0.000812502503762,0.007447959514812));
#11398=CARTESIAN_POINT('',(0.003499999999999,0.000785302436672,0.007447959514812));
#11399=CARTESIAN_POINT('',(0.003499999999999,0.000763155593053,0.007438976006415));
#11400=CARTESIAN_POINT('',(0.003499999999999,0.000745999587435,0.007420884218672));
#11401=CARTESIAN_POINT('',(0.003499999999999,0.000812502503762,0.007447959514812));
#11402=CARTESIAN_POINT('',(0.003500499999999,0.000812502503762,0.007447959514812));
#11403=CARTESIAN_POINT('',(0.003500999999999,0.000812502503762,0.007447959514812));
#11404=CARTESIAN_POINT('',(0.003500999999999,0.000745999587435,0.007420884218672));
#11405=CARTESIAN_POINT('',(0.003500999999999,0.000763155593053,0.007438976006415));
#11406=CARTESIAN_POINT('',(0.003500999999999,0.000785302436672,0.007447959514812));
#11407=CARTESIAN_POINT('',(0.003500999999999,0.000812502503762,0.007447959514812));
#11408=CARTESIAN_POINT('',(0.003500999999999,0.000812502503762,0.007447959514812));
#11409=CARTESIAN_POINT('',(0.003499999999999,0.000812502503762,0.007447959514812));
#11410=CARTESIAN_POINT('',(0.003500999999999,0.00083340163788,0.007447959514812));
#11411=CARTESIAN_POINT('',(0.003499999999999,0.00083340163788,0.007447959514812));
#11412=CARTESIAN_POINT('',(0.003500999999999,0.000852553978699,0.007443218218714));
#11413=CARTESIAN_POINT('',(0.003499999999999,0.000852553978699,0.007443218218714));
#11414=CARTESIAN_POINT('',(0.003500999999999,0.000870021911693,0.007433486084618));
#11415=CARTESIAN_POINT('',(0.003499999999999,0.000870021911693,0.007433486084618));
#11416=CARTESIAN_POINT('',(0.003499999999999,0.000870021911693,0.007433486084618));
#11417=CARTESIAN_POINT('',(0.003499999999999,0.000852553978699,0.007443218218714));
#11418=CARTESIAN_POINT('',(0.003499999999999,0.00083340163788,0.007447959514812));
#11419=CARTESIAN_POINT('',(0.003499999999999,0.000812502503762,0.007447959514812));
#11420=CARTESIAN_POINT('',(0.003499999999999,0.000870021911693,0.0074334862045932));
#11421=CARTESIAN_POINT('',(0.003500999999999,0.000870021911693,0.007433486084618));
#11422=CARTESIAN_POINT('',(0.003500999999999,0.000870021818754688,0.0074334861363978));
#11423=CARTESIAN_POINT('',(0.003500999999999,0.000812502503762,0.007447959514812));
#11424=CARTESIAN_POINT('',(0.003500999999999,0.00083340163788,0.007447959514812));
#11425=CARTESIAN_POINT('',(0.003500999999999,0.000852553978699,0.007443218218714));
#11426=CARTESIAN_POINT('',(0.003500999999999,0.000870021911693,0.007433486084618));
#11427=CARTESIAN_POINT('',(0.003500999999999,0.000870021911693,0.007466425615406));
#11428=CARTESIAN_POINT('',(0.003499999999999,0.000870021911693,0.007466425615406));
#11429=CARTESIAN_POINT('',(0.003499999999999,0.00087002189887449,0.00746642562097469));
#11430=CARTESIAN_POINT('',(0.003500999999999,0.000870021911693,0.007466425615406));
#11431=CARTESIAN_POINT('',(0.003500999999999,0.000870021900215734,0.00746642555211026));
#11432=CARTESIAN_POINT('',(0.003500999999999,0.000870021911693,0.007227676402662));
#11433=CARTESIAN_POINT('',(0.003500999999999,0.000870021911693,0.007466425615406));
#11434=CARTESIAN_POINT('',(0.003499999999999,0.000870021911693,0.007466425615406));
#11435=CARTESIAN_POINT('',(0.003500999999999,0.000854799855798,0.007473038475755));
#11436=CARTESIAN_POINT('',(0.003499999999999,0.000854799855798,0.007473038475755));
#11437=CARTESIAN_POINT('',(0.003500999999999,0.000835522744029,0.007476407291403));
#11438=CARTESIAN_POINT('',(0.003499999999999,0.000835522744029,0.007476407291403));
#11439=CARTESIAN_POINT('',(0.003500999999999,0.000812190576387,0.007476407291403));
#11440=CARTESIAN_POINT('',(0.003499999999999,0.000812190576387,0.007476407291403));
#11441=CARTESIAN_POINT('',(0.003499999999999,0.000812190576387,0.007476407291403));
#11442=CARTESIAN_POINT('',(0.003499999999999,0.000835522744029,0.007476407291403));
#11443=CARTESIAN_POINT('',(0.003499999999999,0.000854799855798,0.007473038475755));
#11444=CARTESIAN_POINT('',(0.003499999999999,0.000870021911693,0.007466425615406));
#11445=CARTESIAN_POINT('',(0.003499999999999,0.000812190576387,0.007476407291403));
#11446=CARTESIAN_POINT('',(0.003500499999999,0.000812190576387,0.007476407291403));
#11447=CARTESIAN_POINT('',(0.003500999999999,0.000812190576387,0.007476407291403));
#11448=CARTESIAN_POINT('',(0.003500999999999,0.000870021911693,0.007466425615406));
#11449=CARTESIAN_POINT('',(0.003500999999999,0.000854799855798,0.007473038475755));
#11450=CARTESIAN_POINT('',(0.003500999999999,0.000835522744029,0.007476407291403));
#11451=CARTESIAN_POINT('',(0.003500999999999,0.000812190576387,0.007476407291403));
#11452=CARTESIAN_POINT('',(0.003500999999999,0.000812190576387,0.007476407291403));
#11453=CARTESIAN_POINT('',(0.003499999999999,0.000812190576387,0.007476407291403));
#11454=CARTESIAN_POINT('',(0.003500999999999,0.000775944615425,0.007476407291403));
#11455=CARTESIAN_POINT('',(0.003499999999999,0.000775944615425,0.007476407291403));
#11456=CARTESIAN_POINT('',(0.003500999999999,0.00074606197291,0.007464429280208));
#11457=CARTESIAN_POINT('',(0.003499999999999,0.00074606197291,0.007464429280208));
#11458=CARTESIAN_POINT('',(0.003500999999999,0.000722542648842,0.007440473257815));
#11459=CARTESIAN_POINT('',(0.003499999999999,0.000722542648842,0.007440473257815));
#11460=CARTESIAN_POINT('',(0.003499999999999,0.000722542648842,0.007440473257815));
#11461=CARTESIAN_POINT('',(0.003499999999999,0.00074606197291,0.007464429280208));
#11462=CARTESIAN_POINT('',(0.003499999999999,0.000775944615425,0.007476407291403));
#11463=CARTESIAN_POINT('',(0.003499999999999,0.000812190576387,0.007476407291403));
#11464=CARTESIAN_POINT('',(0.003499999999999,0.000722542648842,0.007440473257815));
#11465=CARTESIAN_POINT('',(0.003500499999999,0.000722542648842,0.007440473257815));
#11466=CARTESIAN_POINT('',(0.003500999999999,0.000722542648842,0.007440473257815));
#11467=CARTESIAN_POINT('',(0.003500999999999,0.000812190576387,0.007476407291403));
#11468=CARTESIAN_POINT('',(0.003500999999999,0.000775944615425,0.007476407291403));
#11469=CARTESIAN_POINT('',(0.003500999999999,0.00074606197291,0.007464429280208));
#11470=CARTESIAN_POINT('',(0.003500999999999,0.000722542648842,0.007440473257815));
#11471=CARTESIAN_POINT('',(0.003500999999999,0.000722542648842,0.007440473257815));
#11472=CARTESIAN_POINT('',(0.003499999999999,0.000722542648842,0.007440473257815));
#11473=CARTESIAN_POINT('',(0.003500999999999,0.000699023324775,0.007416517235424));
#11474=CARTESIAN_POINT('',(0.003499999999999,0.000699023324775,0.007416517235424));
#11475=CARTESIAN_POINT('',(0.003500999999999,0.000687294855479,0.007384950185084));
#11476=CARTESIAN_POINT('',(0.003499999999999,0.000687294855479,0.007384950185084));
#11477=CARTESIAN_POINT('',(0.003500999999999,0.000687294855479,0.007345647335847));
#11478=CARTESIAN_POINT('',(0.003499999999999,0.000687294855479,0.007345647335847));
#11479=CARTESIAN_POINT('',(0.003499999999999,0.000687294855479,0.007345647335847));
#11480=CARTESIAN_POINT('',(0.003499999999999,0.000687294855479,0.007384950185084));
#11481=CARTESIAN_POINT('',(0.003499999999999,0.000699023324775,0.007416517235424));
#11482=CARTESIAN_POINT('',(0.003499999999999,0.000722542648842,0.007440473257815));
#11483=CARTESIAN_POINT('',(0.003499999999999,0.000687294855479,0.007345647335847));
#11484=CARTESIAN_POINT('',(0.003500499999999,0.000687294855479,0.007345647335847));
#11485=CARTESIAN_POINT('',(0.003500999999999,0.000687294855479,0.007345647335847));
#11486=CARTESIAN_POINT('',(0.003500999999999,0.000722542648842,0.007440473257815));
#11487=CARTESIAN_POINT('',(0.003500999999999,0.000699023324775,0.007416517235424));
#11488=CARTESIAN_POINT('',(0.003500999999999,0.000687294855479,0.007384950185084));
#11489=CARTESIAN_POINT('',(0.003500999999999,0.000687294855479,0.007345647335847));
#11490=CARTESIAN_POINT('',(0.003500999999999,0.000687294855479,0.007345647335847));
#11491=CARTESIAN_POINT('',(0.003499999999999,0.000687294855479,0.007345647335847));
#11492=CARTESIAN_POINT('',(0.003500999999999,0.000687294855479,0.007309089447509));
#11493=CARTESIAN_POINT('',(0.003499999999999,0.000687294855479,0.007309089447509));
#11494=CARTESIAN_POINT('',(0.003500999999999,0.0006977132298,0.007279643503319));
#11495=CARTESIAN_POINT('',(0.003499999999999,0.0006977132298,0.007279643503319));
#11496=CARTESIAN_POINT('',(0.003500999999999,0.000718612363918,0.007257434274227));
#11497=CARTESIAN_POINT('',(0.003499999999999,0.000718612363918,0.007257434274227));
#11498=CARTESIAN_POINT('',(0.003499999999999,0.000718612363918,0.007257434274227));
#11499=CARTESIAN_POINT('',(0.003499999999999,0.0006977132298,0.007279643503319));
#11500=CARTESIAN_POINT('',(0.003499999999999,0.000687294855479,0.007309089447509));
#11501=CARTESIAN_POINT('',(0.003499999999999,0.000687294855479,0.007345647335847));
#11502=CARTESIAN_POINT('',(0.003499999999999,0.000718612363918,0.007257434274227));
#11503=CARTESIAN_POINT('',(0.003500499999999,0.000718612363918,0.007257434274227));
#11504=CARTESIAN_POINT('',(0.003500999999999,0.000718612363918,0.007257434274227));
#11505=CARTESIAN_POINT('',(0.003500999999999,0.000687294855479,0.007345647335847));
#11506=CARTESIAN_POINT('',(0.003500999999999,0.000687294855479,0.007309089447509));
#11507=CARTESIAN_POINT('',(0.003500999999999,0.0006977132298,0.007279643503319));
#11508=CARTESIAN_POINT('',(0.003500999999999,0.000718612363918,0.007257434274227));
#11509=CARTESIAN_POINT('',(0.003500999999999,0.000718612363918,0.007257434274227));
#11510=CARTESIAN_POINT('',(0.003499999999999,0.000718612363918,0.007257434274227));
#11511=CARTESIAN_POINT('',(0.003500999999999,0.000739511498037,0.007235225045135));
#11512=CARTESIAN_POINT('',(0.003499999999999,0.000739511498037,0.007235225045135));
#11513=CARTESIAN_POINT('',(0.003500999999999,0.000767460190827,0.007224120430588));
#11514=CARTESIAN_POINT('',(0.003499999999999,0.000767460190827,0.007224120430588));
#11515=CARTESIAN_POINT('',(0.003500999999999,0.00080245844229,0.007224120430588));
#11516=CARTESIAN_POINT('',(0.003499999999999,0.00080245844229,0.007224120430588));
#11517=CARTESIAN_POINT('',(0.003499999999999,0.00080245844229,0.007224120430588));
#11518=CARTESIAN_POINT('',(0.003499999999999,0.000767460190827,0.007224120430588));
#11519=CARTESIAN_POINT('',(0.003499999999999,0.000739511498037,0.007235225045135));
#11520=CARTESIAN_POINT('',(0.003499999999999,0.000718612363918,0.007257434274227));
#11521=CARTESIAN_POINT('',(0.003500999999999,0.000718612363918,0.007257434274227));
#11522=CARTESIAN_POINT('',(0.003500999999999,0.000739511498037,0.007235225045135));
#11523=CARTESIAN_POINT('',(0.003500999999999,0.000767460190827,0.007224120430588));
#11524=CARTESIAN_POINT('',(0.003500999999999,0.00080245844229,0.007224120430588));
#11525=CARTESIAN_POINT('',(0.003500999999999,0.000839655781747,0.007227676402662));
#11526=CARTESIAN_POINT('',(0.003499999999999,0.000839655781747,0.007227676402662));
#11527=CARTESIAN_POINT('',(0.,0.,0.));
#11528=CARTESIAN_POINT('',(0.003500999999999,0.,0.));
#11529=CARTESIAN_POINT('',(0.003500999999999,0.001833690343694,0.006841073614217));
#11530=CARTESIAN_POINT('',(0.003500999999999,0.00183369034369389,0.00684107361421698));
#11531=CARTESIAN_POINT('',(0.003500999999999,0.001740735985976,0.007085125592335));
#11532=CARTESIAN_POINT('',(0.003500999999999,0.,0.007085125592335));
#11533=CARTESIAN_POINT('',(0.003500999999999,0.00170704782948612,0.00708512559233498));
#11534=CARTESIAN_POINT('',(0.003500999999999,0.001707047829486,0.007085125592335));
#11535=CARTESIAN_POINT('',(0.003500999999999,0.001614093471767,0.006841073614217));
#11536=CARTESIAN_POINT('',(0.003500999999999,0.,0.006841073614217));
#11537=CARTESIAN_POINT('',(0.003500999999999,0.00164890456680491,0.00684107361421702));
#11538=CARTESIAN_POINT('',(0.003500999999999,0.001648904566805,0.006841073614217));
#11539=CARTESIAN_POINT('',(0.003500999999999,0.001672361505397,0.006907826072444));
#11540=CARTESIAN_POINT('',(0.003500999999999,0.,0.006907826072444));
#11541=CARTESIAN_POINT('',(0.003500999999999,0.0017739874441388,0.00690782607244396));
#11542=CARTESIAN_POINT('',(0.003500999999999,0.001773987444139,0.006907826072444));
#11543=CARTESIAN_POINT('',(0.003500999999999,0.001798879248657,0.006841073614217));
#11544=CARTESIAN_POINT('',(0.003500999999999,0.,0.006841073614217));
#11545=CARTESIAN_POINT('',(0.003500999999999,0.001682343181396,0.006935400452385));
#11546=CARTESIAN_POINT('',(0.003500999999999,0.00168234318139623,0.00693540045238496));
#11547=CARTESIAN_POINT('',(0.003500999999999,0.001764255310043,0.006935400452385));
#11548=CARTESIAN_POINT('',(0.003500999999999,0.001718838684257,0.007036839234701));
#11549=CARTESIAN_POINT('',(0.003500999999999,0.001718838684257,0.007036839234701));
#11550=CARTESIAN_POINT('',(0.003500999999999,0.001718838684257,0.007036839234701));
#11551=CARTESIAN_POINT('',(0.003500999999999,0.001720335935658,0.007040831905099));
#11552=CARTESIAN_POINT('',(0.003500999999999,0.001721646030631,0.007046571368797));
#11553=CARTESIAN_POINT('',(0.003500999999999,0.001722831354656,0.007053932854844));
#11554=CARTESIAN_POINT('',(0.003500999999999,0.00172283143105199,0.007053932854844));
#11555=CARTESIAN_POINT('',(0.003500999999999,0.001723579980356,0.007053932854844));
#11556=CARTESIAN_POINT('',(0.003500999999999,0.001723579980356,0.007053932854844));
#11557=CARTESIAN_POINT('',(0.003500999999999,0.001723579980356,0.007053932854844));
#11558=CARTESIAN_POINT('',(0.003500999999999,0.001724952460804,0.007045822743098));
#11559=CARTESIAN_POINT('',(0.003500999999999,0.001726200170306,0.00704020805035));
#11560=CARTESIAN_POINT('',(0.003500999999999,0.001727385494329,0.007036839234701));
#11561=CARTESIAN_POINT('',(0.003500999999999,0.0017273855109348,0.00703683918901512));
#11562=CARTESIAN_POINT('',(0.003500999999999,0.001764255310043,0.006935400452385));
#11563=CARTESIAN_POINT('',(0.003499999999999,0.,0.));
#11564=CARTESIAN_POINT('',(0.003499999999999,0.001740735985976,0.007085125592335));
#11565=CARTESIAN_POINT('',(0.003499999999999,0.00183369034369377,0.00684107361421696));
#11566=CARTESIAN_POINT('',(0.003499999999999,0.001740735985976,0.007085125592335));
#11567=CARTESIAN_POINT('',(0.003499999999999,0.001833690343694,0.006841073614217));
#11568=CARTESIAN_POINT('',(0.003499999999999,0.001798879248657,0.006841073614217));
#11569=CARTESIAN_POINT('',(0.003499999999999,0.001798879248657,0.006841073614217));
#11570=CARTESIAN_POINT('',(0.003499999999999,0.00177398744413857,0.00690782607244393));
#11571=CARTESIAN_POINT('',(0.003499999999999,0.001773987444139,0.006907826072444));
#11572=CARTESIAN_POINT('',(0.003499999999999,0.001672361505397,0.006907826072444));
#11573=CARTESIAN_POINT('',(0.003499999999999,0.001672361505397,0.006907826072444));
#11574=CARTESIAN_POINT('',(0.003499999999999,0.00164890456680481,0.00684107361421703));
#11575=CARTESIAN_POINT('',(0.003499999999999,0.001648904566805,0.006841073614217));
#11576=CARTESIAN_POINT('',(0.003499999999999,0.001614093471767,0.006841073614217));
#11577=CARTESIAN_POINT('',(0.003499999999999,0.001614093471767,0.006841073614217));
#11578=CARTESIAN_POINT('',(0.003499999999999,0.00170704782948625,0.00708512559233496));
#11579=CARTESIAN_POINT('',(0.003499999999999,0.001707047829486,0.007085125592335));
#11580=CARTESIAN_POINT('',(0.003499999999999,0.001718838684257,0.007036839234701));
#11581=CARTESIAN_POINT('',(0.003499999999999,0.00171883866780051,0.00703683918896038));
#11582=CARTESIAN_POINT('',(0.003499999999999,0.0016823431813961,0.00693540045238498));
#11583=CARTESIAN_POINT('',(0.003499999999999,0.,0.006935400452385));
#11584=CARTESIAN_POINT('',(0.003499999999999,0.001764255310043,0.006935400452385));
#11585=CARTESIAN_POINT('',(0.003499999999999,0.001764255310043,0.006935400452385));
#11586=CARTESIAN_POINT('',(0.003499999999999,0.0017273854943291,0.00703683923470103));
#11587=CARTESIAN_POINT('',(0.003499999999999,0.001727385494329,0.007036839234701));
#11588=CARTESIAN_POINT('',(0.003499999999999,0.001726200170306,0.00704020805035));
#11589=CARTESIAN_POINT('',(0.003499999999999,0.001724952460804,0.007045822743098));
#11590=CARTESIAN_POINT('',(0.003499999999999,0.001723579980356,0.007053932854844));
#11591=CARTESIAN_POINT('',(0.003499999999999,0.0017235799042674,0.007053932854844));
#11592=CARTESIAN_POINT('',(0.003499999999999,0.,0.007053932854844));
#11593=CARTESIAN_POINT('',(0.003499999999999,0.00172283134930146,0.0070539328215895));
#11594=CARTESIAN_POINT('',(0.003499999999999,0.001722831354656,0.007053932854844));
#11595=CARTESIAN_POINT('',(0.003499999999999,0.001721646030631,0.007046571368797));
#11596=CARTESIAN_POINT('',(0.003499999999999,0.001720335935658,0.007040831905099));
#11597=CARTESIAN_POINT('',(0.003499999999999,0.001718838684257,0.007036839234701));
#11598=CARTESIAN_POINT('',(0.003500999999999,0.001740735985976,0.007085125592335));
#11599=CARTESIAN_POINT('',(0.003500999999999,0.001740735985976,0.007085125592335));
#11600=CARTESIAN_POINT('',(0.003500999999999,0.00183369034369379,0.00684107361421692));
#11601=CARTESIAN_POINT('',(0.003500999999999,0.001707047829486,0.007085125592335));
#11602=CARTESIAN_POINT('',(0.003500999999999,0.00170704782948623,0.00708512559233491));
#11603=CARTESIAN_POINT('',(0.003500999999999,0.001614093471767,0.006841073614217));
#11604=CARTESIAN_POINT('',(0.003500999999999,0.001614093471767,0.006841073614217));
#11605=CARTESIAN_POINT('',(0.003500999999999,0.001648904566805,0.006841073614217));
#11606=CARTESIAN_POINT('',(0.003500999999999,0.00164890456680482,0.00684107361421706));
#11607=CARTESIAN_POINT('',(0.003500999999999,0.001672361505397,0.006907826072444));
#11608=CARTESIAN_POINT('',(0.003500999999999,0.001672361505397,0.006907826072444));
#11609=CARTESIAN_POINT('',(0.003500999999999,0.001773987444139,0.006907826072444));
#11610=CARTESIAN_POINT('',(0.003500999999999,0.0017739874441386,0.00690782607244385));
#11611=CARTESIAN_POINT('',(0.003500999999999,0.001798879248657,0.006841073614217));
#11612=CARTESIAN_POINT('',(0.003500999999999,0.001798879248657,0.006841073614217));
#11613=CARTESIAN_POINT('',(0.003500999999999,0.001833690343694,0.006841073614217));
#11614=CARTESIAN_POINT('',(0.003500999999999,0.001682343181396,0.006935400452385));
#11615=CARTESIAN_POINT('',(0.003500999999999,0.00168234318139621,0.00693540045238492));
#11616=CARTESIAN_POINT('',(0.003500999999999,0.001764255310043,0.006935400452385));
#11617=CARTESIAN_POINT('',(0.003500999999999,0.001764255310043,0.006935400452385));
#11618=CARTESIAN_POINT('',(0.003500999999999,0.00172738549432938,0.00703683923470114));
#11619=CARTESIAN_POINT('',(0.003500999999999,0.00172738549432759,0.00703683923470502));
#11620=CARTESIAN_POINT('',(0.003499999999999,0.00172738549432759,0.00703683923470502));
#11621=CARTESIAN_POINT('',(0.003500999999999,0.001726200170305,0.00704020805035447));
#11622=CARTESIAN_POINT('',(0.003499999999999,0.001726200170305,0.00704020805035447));
#11623=CARTESIAN_POINT('',(0.003500999999999,0.00172495246080345,0.00704582274310123));
#11624=CARTESIAN_POINT('',(0.003499999999999,0.00172495246080345,0.00704582274310123));
#11625=CARTESIAN_POINT('',(0.003500999999999,0.001723579980356,0.007053932854844));
#11626=CARTESIAN_POINT('',(0.003499999999999,0.001723579980356,0.007053932854844));
#11627=CARTESIAN_POINT('',(0.003500999999999,0.001723579980356,0.007053932854844));
#11628=CARTESIAN_POINT('',(0.003500999999999,0.001723579980356,0.007053932854844));
#11629=CARTESIAN_POINT('',(0.003500999999999,0.001722831354656,0.007053932854844));
#11630=CARTESIAN_POINT('',(0.003500999999999,0.001722831354656,0.007053932854844));
#11631=CARTESIAN_POINT('',(0.003499999999999,0.001722831354656,0.007053932854844));
#11632=CARTESIAN_POINT('',(0.003500999999999,0.001721646030631,0.007046571368797));
#11633=CARTESIAN_POINT('',(0.003499999999999,0.001721646030631,0.007046571368797));
#11634=CARTESIAN_POINT('',(0.003500999999999,0.001720335935658,0.007040831905099));
#11635=CARTESIAN_POINT('',(0.003499999999999,0.001720335935658,0.007040831905099));
#11636=CARTESIAN_POINT('',(0.003500999999999,0.001718838684257,0.007036839234701));
#11637=CARTESIAN_POINT('',(0.003499999999999,0.001718838684257,0.007036839234701));
#11638=CARTESIAN_POINT('',(0.003500999999999,0.001718838684257,0.007036839234701));
#11639=CARTESIAN_POINT('',(0.003500999999999,0.001718838684257,0.007036839234701));
#11640=CARTESIAN_POINT('',(0.,0.,0.));
#11641=CARTESIAN_POINT('',(0.,0.,0.));
#11642=MECHANICAL_DESIGN_GEOMETRIC_PRESENTATION_REPRESENTATION('',(#6379,
#6380,#6381,#6382,#6383,#6384,#6385,#6386,#108,#109,#110,#111,#112,#113,
#114,#115,#116,#117,#118,#119,#120,#121,#122,#123,#124,#125,#126,#127,#128,
#129,#130,#131,#132,#133,#134,#135,#136,#137,#138,#139,#140,#141,#142,#143,
#144,#145,#146,#147,#148,#149,#150,#151,#6387,#6388,#6389,#6390,#6391,#6392),
#11643);
#11643=(
GEOMETRIC_REPRESENTATION_CONTEXT(3)
GLOBAL_UNCERTAINTY_ASSIGNED_CONTEXT((#11659))
GLOBAL_UNIT_ASSIGNED_CONTEXT((#11677,#11676,#11675))
REPRESENTATION_CONTEXT(
'U1~CONN-TH_DB301V-3.5-2P-GN~CONN-TH_DB301V-3.5-2P-GN~YaIW',
'TOP_LEVEL_ASSEMBLY_PART')
);
#11644=(
GEOMETRIC_REPRESENTATION_CONTEXT(3)
GLOBAL_UNCERTAINTY_ASSIGNED_CONTEXT((#11660))
GLOBAL_UNIT_ASSIGNED_CONTEXT((#11677,#11676,#11675))
REPRESENTATION_CONTEXT(
'CONN-TH_DB301V-3.5-2P-GN~CONN-TH_DB301V-3.5-2P-GN~liPt <1>',
'COMPONENT_PART')
);
#11645=(
GEOMETRIC_REPRESENTATION_CONTEXT(3)
GLOBAL_UNCERTAINTY_ASSIGNED_CONTEXT((#11661))
GLOBAL_UNIT_ASSIGNED_CONTEXT((#11677,#11676,#11675))
REPRESENTATION_CONTEXT(
'CONN-TH_DB301V-3.5-2P-GN~CONN-TH_DB301V-3.5-2P-GN~liPt__\X\CD\X\B9\X\CC
\X\A8-\X\EF\X\BF\X\BD\X\EF\X\BF\X\BD\X\EF\X\BF\X\BD\X\EF\X\BF\X\BD9[11
]','COMPONENT_PART')
);
#11646=(
GEOMETRIC_REPRESENTATION_CONTEXT(3)
GLOBAL_UNCERTAINTY_ASSIGNED_CONTEXT((#11662))
GLOBAL_UNIT_ASSIGNED_CONTEXT((#11677,#11676,#11675))
REPRESENTATION_CONTEXT(
'CONN-TH_DB301V-3.5-2P-GN~CONN-TH_DB301V-3.5-2P-GN~liPt__\X\CD\X\B9\X\CC
\X\A8-\X\EF\X\BF\X\BD\X\EF\X\BF\X\BD\X\EF\X\BF\X\BD\X\EF\X\BF\X\BD9[1]',
'COMPONENT_PART')
);
#11647=(
GEOMETRIC_REPRESENTATION_CONTEXT(3)
GLOBAL_UNCERTAINTY_ASSIGNED_CONTEXT((#11663))
GLOBAL_UNIT_ASSIGNED_CONTEXT((#11677,#11676,#11675))
REPRESENTATION_CONTEXT(
'CONN-TH_DB301V-3.5-2P-GN~CONN-TH_DB301V-3.5-2P-GN~liPt__\X\CD\X\B9\X\CC
\X\A8-\X\EF\X\BF\X\BD\X\EF\X\BF\X\BD\X\EF\X\BF\X\BD\X\EF\X\BF\X\BD9[10
]','COMPONENT_PART')
);
#11648=(
GEOMETRIC_REPRESENTATION_CONTEXT(3)
GLOBAL_UNCERTAINTY_ASSIGNED_CONTEXT((#11664))
GLOBAL_UNIT_ASSIGNED_CONTEXT((#11677,#11676,#11675))
REPRESENTATION_CONTEXT(
'CONN-TH_DB301V-3.5-2P-GN~CONN-TH_DB301V-3.5-2P-GN~liPt__\X\CD\X\B9\X\CC
\X\A8-\X\EF\X\BF\X\BD\X\EF\X\BF\X\BD\X\EF\X\BF\X\BD\X\EF\X\BF\X\BD9[7]',
'COMPONENT_PART')
);
#11649=(
GEOMETRIC_REPRESENTATION_CONTEXT(3)
GLOBAL_UNCERTAINTY_ASSIGNED_CONTEXT((#11665))
GLOBAL_UNIT_ASSIGNED_CONTEXT((#11677,#11676,#11675))
REPRESENTATION_CONTEXT(
'CONN-TH_DB301V-3.5-2P-GN~CONN-TH_DB301V-3.5-2P-GN~liPt__\X\CD\X\B9\X\CC
\X\A8-\X\EF\X\BF\X\BD\X\EF\X\BF\X\BD\X\EF\X\BF\X\BD\X\EF\X\BF\X\BD9[3]',
'COMPONENT_PART')
);
#11650=(
GEOMETRIC_REPRESENTATION_CONTEXT(3)
GLOBAL_UNCERTAINTY_ASSIGNED_CONTEXT((#11666))
GLOBAL_UNIT_ASSIGNED_CONTEXT((#11677,#11676,#11675))
REPRESENTATION_CONTEXT(
'CONN-TH_DB301V-3.5-2P-GN~CONN-TH_DB301V-3.5-2P-GN~liPt__\X\CD\X\B9\X\CC
\X\A8-\X\EF\X\BF\X\BD\X\EF\X\BF\X\BD\X\EF\X\BF\X\BD\X\EF\X\BF\X\BD9[6]',
'COMPONENT_PART')
);
#11651=(
GEOMETRIC_REPRESENTATION_CONTEXT(3)
GLOBAL_UNCERTAINTY_ASSIGNED_CONTEXT((#11667))
GLOBAL_UNIT_ASSIGNED_CONTEXT((#11677,#11676,#11675))
REPRESENTATION_CONTEXT(
'CONN-TH_DB301V-3.5-2P-GN~CONN-TH_DB301V-3.5-2P-GN~liPt__\X\CD\X\B9\X\CC
\X\A8-\X\EF\X\BF\X\BD\X\EF\X\BF\X\BD\X\EF\X\BF\X\BD\X\EF\X\BF\X\BD9[9]',
'COMPONENT_PART')
);
#11652=(
GEOMETRIC_REPRESENTATION_CONTEXT(3)
GLOBAL_UNCERTAINTY_ASSIGNED_CONTEXT((#11668))
GLOBAL_UNIT_ASSIGNED_CONTEXT((#11677,#11676,#11675))
REPRESENTATION_CONTEXT(
'CONN-TH_DB301V-3.5-2P-GN~CONN-TH_DB301V-3.5-2P-GN~liPt__\X\EF\X\BF\X\BD
\X\EF\X\BF\X\BD\X\EF\X\BF\X\BD\X\EF\X\BF\X\BD1','COMPONENT_PART')
);
#11653=(
GEOMETRIC_REPRESENTATION_CONTEXT(3)
GLOBAL_UNCERTAINTY_ASSIGNED_CONTEXT((#11669))
GLOBAL_UNIT_ASSIGNED_CONTEXT((#11677,#11676,#11675))
REPRESENTATION_CONTEXT(
'CONN-TH_DB301V-3.5-2P-GN~CONN-TH_DB301V-3.5-2P-GN~liPt__\X\CD\X\B9\X\CC
\X\A8-\X\EF\X\BF\X\BD\X\EF\X\BF\X\BD\X\EF\X\BF\X\BD\X\EF\X\BF\X\BD9[8]',
'COMPONENT_PART')
);
#11654=(
GEOMETRIC_REPRESENTATION_CONTEXT(3)
GLOBAL_UNCERTAINTY_ASSIGNED_CONTEXT((#11670))
GLOBAL_UNIT_ASSIGNED_CONTEXT((#11677,#11676,#11675))
REPRESENTATION_CONTEXT(
'CONN-TH_DB301V-3.5-2P-GN~CONN-TH_DB301V-3.5-2P-GN~liPt__\X\CD\X\B9\X\CC
\X\A8-\X\EF\X\BF\X\BD\X\EF\X\BF\X\BD\X\EF\X\BF\X\BD\X\EF\X\BF\X\BD9[4]',
'COMPONENT_PART')
);
#11655=(
GEOMETRIC_REPRESENTATION_CONTEXT(3)
GLOBAL_UNCERTAINTY_ASSIGNED_CONTEXT((#11671))
GLOBAL_UNIT_ASSIGNED_CONTEXT((#11677,#11676,#11675))
REPRESENTATION_CONTEXT(
'CONN-TH_DB301V-3.5-2P-GN~CONN-TH_DB301V-3.5-2P-GN~liPt__\X\CD\X\B9\X\CC
\X\A8-\X\EF\X\BF\X\BD\X\EF\X\BF\X\BD\X\EF\X\BF\X\BD\X\EF\X\BF\X\BD9[13
]','COMPONENT_PART')
);
#11656=(
GEOMETRIC_REPRESENTATION_CONTEXT(3)
GLOBAL_UNCERTAINTY_ASSIGNED_CONTEXT((#11672))
GLOBAL_UNIT_ASSIGNED_CONTEXT((#11677,#11676,#11675))
REPRESENTATION_CONTEXT(
'CONN-TH_DB301V-3.5-2P-GN~CONN-TH_DB301V-3.5-2P-GN~liPt__\X\CD\X\B9\X\CC
\X\A8-\X\EF\X\BF\X\BD\X\EF\X\BF\X\BD\X\EF\X\BF\X\BD\X\EF\X\BF\X\BD9[5]',
'COMPONENT_PART')
);
#11657=(
GEOMETRIC_REPRESENTATION_CONTEXT(3)
GLOBAL_UNCERTAINTY_ASSIGNED_CONTEXT((#11673))
GLOBAL_UNIT_ASSIGNED_CONTEXT((#11677,#11676,#11675))
REPRESENTATION_CONTEXT(
'CONN-TH_DB301V-3.5-2P-GN~CONN-TH_DB301V-3.5-2P-GN~liPt__\X\CD\X\B9\X\CC
\X\A8-\X\EF\X\BF\X\BD\X\EF\X\BF\X\BD\X\EF\X\BF\X\BD\X\EF\X\BF\X\BD9[2]',
'COMPONENT_PART')
);
#11658=(
GEOMETRIC_REPRESENTATION_CONTEXT(3)
GLOBAL_UNCERTAINTY_ASSIGNED_CONTEXT((#11674))
GLOBAL_UNIT_ASSIGNED_CONTEXT((#11677,#11676,#11675))
REPRESENTATION_CONTEXT(
'CONN-TH_DB301V-3.5-2P-GN~CONN-TH_DB301V-3.5-2P-GN~liPt__\X\CD\X\B9\X\CC
\X\A8-\X\EF\X\BF\X\BD\X\EF\X\BF\X\BD\X\EF\X\BF\X\BD\X\EF\X\BF\X\BD9[12
]','COMPONENT_PART')
);
#11659=UNCERTAINTY_MEASURE_WITH_UNIT(LENGTH_MEASURE(1.E-8),#11677,
'DISTANCE_ACCURACY_VALUE','Maximum Tolerance applied to model');
#11660=UNCERTAINTY_MEASURE_WITH_UNIT(LENGTH_MEASURE(1.E-8),#11677,
'DISTANCE_ACCURACY_VALUE','Maximum Tolerance applied to model');
#11661=UNCERTAINTY_MEASURE_WITH_UNIT(LENGTH_MEASURE(1.E-8),#11677,
'DISTANCE_ACCURACY_VALUE','Maximum Tolerance applied to model');
#11662=UNCERTAINTY_MEASURE_WITH_UNIT(LENGTH_MEASURE(1.E-8),#11677,
'DISTANCE_ACCURACY_VALUE','Maximum Tolerance applied to model');
#11663=UNCERTAINTY_MEASURE_WITH_UNIT(LENGTH_MEASURE(1.E-8),#11677,
'DISTANCE_ACCURACY_VALUE','Maximum Tolerance applied to model');
#11664=UNCERTAINTY_MEASURE_WITH_UNIT(LENGTH_MEASURE(2.E-5),#11677,
'DISTANCE_ACCURACY_VALUE','Maximum Tolerance applied to model');
#11665=UNCERTAINTY_MEASURE_WITH_UNIT(LENGTH_MEASURE(1.E-8),#11677,
'DISTANCE_ACCURACY_VALUE','Maximum Tolerance applied to model');
#11666=UNCERTAINTY_MEASURE_WITH_UNIT(LENGTH_MEASURE(1.E-8),#11677,
'DISTANCE_ACCURACY_VALUE','Maximum Tolerance applied to model');
#11667=UNCERTAINTY_MEASURE_WITH_UNIT(LENGTH_MEASURE(2.E-5),#11677,
'DISTANCE_ACCURACY_VALUE','Maximum Tolerance applied to model');
#11668=UNCERTAINTY_MEASURE_WITH_UNIT(LENGTH_MEASURE(2.E-5),#11677,
'DISTANCE_ACCURACY_VALUE','Maximum Tolerance applied to model');
#11669=UNCERTAINTY_MEASURE_WITH_UNIT(LENGTH_MEASURE(2.E-5),#11677,
'DISTANCE_ACCURACY_VALUE','Maximum Tolerance applied to model');
#11670=UNCERTAINTY_MEASURE_WITH_UNIT(LENGTH_MEASURE(1.E-8),#11677,
'DISTANCE_ACCURACY_VALUE','Maximum Tolerance applied to model');
#11671=UNCERTAINTY_MEASURE_WITH_UNIT(LENGTH_MEASURE(2.E-5),#11677,
'DISTANCE_ACCURACY_VALUE','Maximum Tolerance applied to model');
#11672=UNCERTAINTY_MEASURE_WITH_UNIT(LENGTH_MEASURE(1.E-8),#11677,
'DISTANCE_ACCURACY_VALUE','Maximum Tolerance applied to model');
#11673=UNCERTAINTY_MEASURE_WITH_UNIT(LENGTH_MEASURE(1.E-8),#11677,
'DISTANCE_ACCURACY_VALUE','Maximum Tolerance applied to model');
#11674=UNCERTAINTY_MEASURE_WITH_UNIT(LENGTH_MEASURE(1.E-8),#11677,
'DISTANCE_ACCURACY_VALUE','Maximum Tolerance applied to model');
#11675=(
NAMED_UNIT(*)
SI_UNIT($,.STERADIAN.)
SOLID_ANGLE_UNIT()
);
#11676=(
NAMED_UNIT(*)
PLANE_ANGLE_UNIT()
SI_UNIT($,.RADIAN.)
);
#11677=(
LENGTH_UNIT()
NAMED_UNIT(*)
SI_UNIT($,.METRE.)
);
#11678=PRODUCT_DEFINITION_SHAPE('','',#11709);
#11679=PRODUCT_DEFINITION_SHAPE('','',#11710);
#11680=PRODUCT_DEFINITION_SHAPE('','',#11711);
#11681=PRODUCT_DEFINITION_SHAPE(' ','NAUO PRDDFN',#169);
#11682=PRODUCT_DEFINITION_SHAPE('','',#11712);
#11683=PRODUCT_DEFINITION_SHAPE(' ','NAUO PRDDFN',#170);
#11684=PRODUCT_DEFINITION_SHAPE('','',#11713);
#11685=PRODUCT_DEFINITION_SHAPE(' ','NAUO PRDDFN',#171);
#11686=PRODUCT_DEFINITION_SHAPE('','',#11714);
#11687=PRODUCT_DEFINITION_SHAPE(' ','NAUO PRDDFN',#172);
#11688=PRODUCT_DEFINITION_SHAPE('','',#11715);
#11689=PRODUCT_DEFINITION_SHAPE(' ','NAUO PRDDFN',#173);
#11690=PRODUCT_DEFINITION_SHAPE('','',#11716);
#11691=PRODUCT_DEFINITION_SHAPE(' ','NAUO PRDDFN',#174);
#11692=PRODUCT_DEFINITION_SHAPE('','',#11717);
#11693=PRODUCT_DEFINITION_SHAPE(' ','NAUO PRDDFN',#175);
#11694=PRODUCT_DEFINITION_SHAPE('','',#11718);
#11695=PRODUCT_DEFINITION_SHAPE(' ','NAUO PRDDFN',#176);
#11696=PRODUCT_DEFINITION_SHAPE('','',#11719);
#11697=PRODUCT_DEFINITION_SHAPE(' ','NAUO PRDDFN',#177);
#11698=PRODUCT_DEFINITION_SHAPE('','',#11720);
#11699=PRODUCT_DEFINITION_SHAPE(' ','NAUO PRDDFN',#178);
#11700=PRODUCT_DEFINITION_SHAPE('','',#11721);
#11701=PRODUCT_DEFINITION_SHAPE(' ','NAUO PRDDFN',#179);
#11702=PRODUCT_DEFINITION_SHAPE('','',#11722);
#11703=PRODUCT_DEFINITION_SHAPE(' ','NAUO PRDDFN',#180);
#11704=PRODUCT_DEFINITION_SHAPE('','',#11723);
#11705=PRODUCT_DEFINITION_SHAPE(' ','NAUO PRDDFN',#181);
#11706=PRODUCT_DEFINITION_SHAPE('','',#11724);
#11707=PRODUCT_DEFINITION_SHAPE(' ','NAUO PRDDFN',#182);
#11708=PRODUCT_DEFINITION_SHAPE(' ','NAUO PRDDFN',#183);
#11709=PRODUCT_DEFINITION('','',#11741,#11725);
#11710=PRODUCT_DEFINITION('','',#11742,#11726);
#11711=PRODUCT_DEFINITION('','',#11743,#11727);
#11712=PRODUCT_DEFINITION('','',#11744,#11728);
#11713=PRODUCT_DEFINITION('','',#11745,#11729);
#11714=PRODUCT_DEFINITION('','',#11746,#11730);
#11715=PRODUCT_DEFINITION('','',#11747,#11731);
#11716=PRODUCT_DEFINITION('','',#11748,#11732);
#11717=PRODUCT_DEFINITION('','',#11749,#11733);
#11718=PRODUCT_DEFINITION('','',#11750,#11734);
#11719=PRODUCT_DEFINITION('','',#11751,#11735);
#11720=PRODUCT_DEFINITION('','',#11752,#11736);
#11721=PRODUCT_DEFINITION('','',#11753,#11737);
#11722=PRODUCT_DEFINITION('','',#11754,#11738);
#11723=PRODUCT_DEFINITION('','',#11755,#11739);
#11724=PRODUCT_DEFINITION('','',#11756,#11740);
#11725=PRODUCT_DEFINITION_CONTEXT('',#11822,'design');
#11726=PRODUCT_DEFINITION_CONTEXT('',#11822,'design');
#11727=PRODUCT_DEFINITION_CONTEXT('',#11822,'design');
#11728=PRODUCT_DEFINITION_CONTEXT('',#11822,'design');
#11729=PRODUCT_DEFINITION_CONTEXT('',#11822,'design');
#11730=PRODUCT_DEFINITION_CONTEXT('',#11822,'design');
#11731=PRODUCT_DEFINITION_CONTEXT('',#11822,'design');
#11732=PRODUCT_DEFINITION_CONTEXT('',#11822,'design');
#11733=PRODUCT_DEFINITION_CONTEXT('',#11822,'design');
#11734=PRODUCT_DEFINITION_CONTEXT('',#11822,'design');
#11735=PRODUCT_DEFINITION_CONTEXT('',#11822,'design');
#11736=PRODUCT_DEFINITION_CONTEXT('',#11822,'design');
#11737=PRODUCT_DEFINITION_CONTEXT('',#11822,'design');
#11738=PRODUCT_DEFINITION_CONTEXT('',#11822,'design');
#11739=PRODUCT_DEFINITION_CONTEXT('',#11822,'design');
#11740=PRODUCT_DEFINITION_CONTEXT('',#11822,'design');
#11741=PRODUCT_DEFINITION_FORMATION_WITH_SPECIFIED_SOURCE('','',#11773,
 .NOT_KNOWN.);
#11742=PRODUCT_DEFINITION_FORMATION_WITH_SPECIFIED_SOURCE('','',#11774,
 .NOT_KNOWN.);
#11743=PRODUCT_DEFINITION_FORMATION_WITH_SPECIFIED_SOURCE('','',#11775,
 .NOT_KNOWN.);
#11744=PRODUCT_DEFINITION_FORMATION_WITH_SPECIFIED_SOURCE('','',#11776,
 .NOT_KNOWN.);
#11745=PRODUCT_DEFINITION_FORMATION_WITH_SPECIFIED_SOURCE('','',#11777,
 .NOT_KNOWN.);
#11746=PRODUCT_DEFINITION_FORMATION_WITH_SPECIFIED_SOURCE('','',#11778,
 .NOT_KNOWN.);
#11747=PRODUCT_DEFINITION_FORMATION_WITH_SPECIFIED_SOURCE('','',#11779,
 .NOT_KNOWN.);
#11748=PRODUCT_DEFINITION_FORMATION_WITH_SPECIFIED_SOURCE('','',#11780,
 .NOT_KNOWN.);
#11749=PRODUCT_DEFINITION_FORMATION_WITH_SPECIFIED_SOURCE('','',#11781,
 .NOT_KNOWN.);
#11750=PRODUCT_DEFINITION_FORMATION_WITH_SPECIFIED_SOURCE('','',#11782,
 .NOT_KNOWN.);
#11751=PRODUCT_DEFINITION_FORMATION_WITH_SPECIFIED_SOURCE('','',#11783,
 .NOT_KNOWN.);
#11752=PRODUCT_DEFINITION_FORMATION_WITH_SPECIFIED_SOURCE('','',#11784,
 .NOT_KNOWN.);
#11753=PRODUCT_DEFINITION_FORMATION_WITH_SPECIFIED_SOURCE('','',#11785,
 .NOT_KNOWN.);
#11754=PRODUCT_DEFINITION_FORMATION_WITH_SPECIFIED_SOURCE('','',#11786,
 .NOT_KNOWN.);
#11755=PRODUCT_DEFINITION_FORMATION_WITH_SPECIFIED_SOURCE('','',#11787,
 .NOT_KNOWN.);
#11756=PRODUCT_DEFINITION_FORMATION_WITH_SPECIFIED_SOURCE('','',#11788,
 .NOT_KNOWN.);
#11757=PRODUCT_RELATED_PRODUCT_CATEGORY('','',(#11773));
#11758=PRODUCT_RELATED_PRODUCT_CATEGORY('','',(#11774));
#11759=PRODUCT_RELATED_PRODUCT_CATEGORY('','',(#11775));
#11760=PRODUCT_RELATED_PRODUCT_CATEGORY('','',(#11776));
#11761=PRODUCT_RELATED_PRODUCT_CATEGORY('','',(#11777));
#11762=PRODUCT_RELATED_PRODUCT_CATEGORY('','',(#11778));
#11763=PRODUCT_RELATED_PRODUCT_CATEGORY('','',(#11779));
#11764=PRODUCT_RELATED_PRODUCT_CATEGORY('','',(#11780));
#11765=PRODUCT_RELATED_PRODUCT_CATEGORY('','',(#11781));
#11766=PRODUCT_RELATED_PRODUCT_CATEGORY('','',(#11782));
#11767=PRODUCT_RELATED_PRODUCT_CATEGORY('','',(#11783));
#11768=PRODUCT_RELATED_PRODUCT_CATEGORY('','',(#11784));
#11769=PRODUCT_RELATED_PRODUCT_CATEGORY('','',(#11785));
#11770=PRODUCT_RELATED_PRODUCT_CATEGORY('','',(#11786));
#11771=PRODUCT_RELATED_PRODUCT_CATEGORY('','',(#11787));
#11772=PRODUCT_RELATED_PRODUCT_CATEGORY('','',(#11788));
#11773=PRODUCT(
'U1~CONN-TH_DB301V-3.5-2P-GN~CONN-TH_DB301V-3.5-2P-GN~YaIW',
'U1~CONN-TH_DB301V-3.5-2P-GN~CONN-TH_DB301V-3.5-2P-GN~YaIW',
'U1~CONN-TH_DB301V-3.5-2P-GN~CONN-TH_DB301V-3.5-2P-GN~YaIW',(#11805));
#11774=PRODUCT(
'CONN-TH_DB301V-3.5-2P-GN~CONN-TH_DB301V-3.5-2P-GN~liPt <1>',
'CONN-TH_DB301V-3.5-2P-GN~CONN-TH_DB301V-3.5-2P-GN~liPt <1>',
'CONN-TH_DB301V-3.5-2P-GN~CONN-TH_DB301V-3.5-2P-GN~liPt <1>',(#11806));
#11775=PRODUCT(
'CONN-TH_DB301V-3.5-2P-GN~CONN-TH_DB301V-3.5-2P-GN~liPt__\X\CD\X\B9\X\CC
\X\A8-\X\EF\X\BF\X\BD\X\EF\X\BF\X\BD\X\EF\X\BF\X\BD\X\EF\X\BF\X\BD9[11
]',
'CONN-TH_DB301V-3.5-2P-GN~CONN-TH_DB301V-3.5-2P-GN~liPt__\X\CD\X\B9\X\CC
\X\A8-\X\EF\X\BF\X\BD\X\EF\X\BF\X\BD\X\EF\X\BF\X\BD\X\EF\X\BF\X\BD9[11
]',
'CONN-TH_DB301V-3.5-2P-GN~CONN-TH_DB301V-3.5-2P-GN~liPt__\X\CD\X\B9\X\CC
\X\A8-\X\EF\X\BF\X\BD\X\EF\X\BF\X\BD\X\EF\X\BF\X\BD\X\EF\X\BF\X\BD9[11
]',(#11807));
#11776=PRODUCT(
'CONN-TH_DB301V-3.5-2P-GN~CONN-TH_DB301V-3.5-2P-GN~liPt__\X\CD\X\B9\X\CC
\X\A8-\X\EF\X\BF\X\BD\X\EF\X\BF\X\BD\X\EF\X\BF\X\BD\X\EF\X\BF\X\BD9[1]',

'CONN-TH_DB301V-3.5-2P-GN~CONN-TH_DB301V-3.5-2P-GN~liPt__\X\CD\X\B9\X\CC
\X\A8-\X\EF\X\BF\X\BD\X\EF\X\BF\X\BD\X\EF\X\BF\X\BD\X\EF\X\BF\X\BD9[1]',

'CONN-TH_DB301V-3.5-2P-GN~CONN-TH_DB301V-3.5-2P-GN~liPt__\X\CD\X\B9\X\CC
\X\A8-\X\EF\X\BF\X\BD\X\EF\X\BF\X\BD\X\EF\X\BF\X\BD\X\EF\X\BF\X\BD9[1]',
(#11808));
#11777=PRODUCT(
'CONN-TH_DB301V-3.5-2P-GN~CONN-TH_DB301V-3.5-2P-GN~liPt__\X\CD\X\B9\X\CC
\X\A8-\X\EF\X\BF\X\BD\X\EF\X\BF\X\BD\X\EF\X\BF\X\BD\X\EF\X\BF\X\BD9[10
]',
'CONN-TH_DB301V-3.5-2P-GN~CONN-TH_DB301V-3.5-2P-GN~liPt__\X\CD\X\B9\X\CC
\X\A8-\X\EF\X\BF\X\BD\X\EF\X\BF\X\BD\X\EF\X\BF\X\BD\X\EF\X\BF\X\BD9[10
]',
'CONN-TH_DB301V-3.5-2P-GN~CONN-TH_DB301V-3.5-2P-GN~liPt__\X\CD\X\B9\X\CC
\X\A8-\X\EF\X\BF\X\BD\X\EF\X\BF\X\BD\X\EF\X\BF\X\BD\X\EF\X\BF\X\BD9[10
]',(#11809));
#11778=PRODUCT(
'CONN-TH_DB301V-3.5-2P-GN~CONN-TH_DB301V-3.5-2P-GN~liPt__\X\CD\X\B9\X\CC
\X\A8-\X\EF\X\BF\X\BD\X\EF\X\BF\X\BD\X\EF\X\BF\X\BD\X\EF\X\BF\X\BD9[7]',

'CONN-TH_DB301V-3.5-2P-GN~CONN-TH_DB301V-3.5-2P-GN~liPt__\X\CD\X\B9\X\CC
\X\A8-\X\EF\X\BF\X\BD\X\EF\X\BF\X\BD\X\EF\X\BF\X\BD\X\EF\X\BF\X\BD9[7]',

'CONN-TH_DB301V-3.5-2P-GN~CONN-TH_DB301V-3.5-2P-GN~liPt__\X\CD\X\B9\X\CC
\X\A8-\X\EF\X\BF\X\BD\X\EF\X\BF\X\BD\X\EF\X\BF\X\BD\X\EF\X\BF\X\BD9[7]',
(#11810));
#11779=PRODUCT(
'CONN-TH_DB301V-3.5-2P-GN~CONN-TH_DB301V-3.5-2P-GN~liPt__\X\CD\X\B9\X\CC
\X\A8-\X\EF\X\BF\X\BD\X\EF\X\BF\X\BD\X\EF\X\BF\X\BD\X\EF\X\BF\X\BD9[3]',

'CONN-TH_DB301V-3.5-2P-GN~CONN-TH_DB301V-3.5-2P-GN~liPt__\X\CD\X\B9\X\CC
\X\A8-\X\EF\X\BF\X\BD\X\EF\X\BF\X\BD\X\EF\X\BF\X\BD\X\EF\X\BF\X\BD9[3]',

'CONN-TH_DB301V-3.5-2P-GN~CONN-TH_DB301V-3.5-2P-GN~liPt__\X\CD\X\B9\X\CC
\X\A8-\X\EF\X\BF\X\BD\X\EF\X\BF\X\BD\X\EF\X\BF\X\BD\X\EF\X\BF\X\BD9[3]',
(#11811));
#11780=PRODUCT(
'CONN-TH_DB301V-3.5-2P-GN~CONN-TH_DB301V-3.5-2P-GN~liPt__\X\CD\X\B9\X\CC
\X\A8-\X\EF\X\BF\X\BD\X\EF\X\BF\X\BD\X\EF\X\BF\X\BD\X\EF\X\BF\X\BD9[6]',

'CONN-TH_DB301V-3.5-2P-GN~CONN-TH_DB301V-3.5-2P-GN~liPt__\X\CD\X\B9\X\CC
\X\A8-\X\EF\X\BF\X\BD\X\EF\X\BF\X\BD\X\EF\X\BF\X\BD\X\EF\X\BF\X\BD9[6]',

'CONN-TH_DB301V-3.5-2P-GN~CONN-TH_DB301V-3.5-2P-GN~liPt__\X\CD\X\B9\X\CC
\X\A8-\X\EF\X\BF\X\BD\X\EF\X\BF\X\BD\X\EF\X\BF\X\BD\X\EF\X\BF\X\BD9[6]',
(#11812));
#11781=PRODUCT(
'CONN-TH_DB301V-3.5-2P-GN~CONN-TH_DB301V-3.5-2P-GN~liPt__\X\CD\X\B9\X\CC
\X\A8-\X\EF\X\BF\X\BD\X\EF\X\BF\X\BD\X\EF\X\BF\X\BD\X\EF\X\BF\X\BD9[9]',

'CONN-TH_DB301V-3.5-2P-GN~CONN-TH_DB301V-3.5-2P-GN~liPt__\X\CD\X\B9\X\CC
\X\A8-\X\EF\X\BF\X\BD\X\EF\X\BF\X\BD\X\EF\X\BF\X\BD\X\EF\X\BF\X\BD9[9]',

'CONN-TH_DB301V-3.5-2P-GN~CONN-TH_DB301V-3.5-2P-GN~liPt__\X\CD\X\B9\X\CC
\X\A8-\X\EF\X\BF\X\BD\X\EF\X\BF\X\BD\X\EF\X\BF\X\BD\X\EF\X\BF\X\BD9[9]',
(#11813));
#11782=PRODUCT(
'CONN-TH_DB301V-3.5-2P-GN~CONN-TH_DB301V-3.5-2P-GN~liPt__\X\EF\X\BF\X\BD
\X\EF\X\BF\X\BD\X\EF\X\BF\X\BD\X\EF\X\BF\X\BD1',
'CONN-TH_DB301V-3.5-2P-GN~CONN-TH_DB301V-3.5-2P-GN~liPt__\X\EF\X\BF\X\BD
\X\EF\X\BF\X\BD\X\EF\X\BF\X\BD\X\EF\X\BF\X\BD1',
'CONN-TH_DB301V-3.5-2P-GN~CONN-TH_DB301V-3.5-2P-GN~liPt__\X\EF\X\BF\X\BD
\X\EF\X\BF\X\BD\X\EF\X\BF\X\BD\X\EF\X\BF\X\BD1',(#11814));
#11783=PRODUCT(
'CONN-TH_DB301V-3.5-2P-GN~CONN-TH_DB301V-3.5-2P-GN~liPt__\X\CD\X\B9\X\CC
\X\A8-\X\EF\X\BF\X\BD\X\EF\X\BF\X\BD\X\EF\X\BF\X\BD\X\EF\X\BF\X\BD9[8]',

'CONN-TH_DB301V-3.5-2P-GN~CONN-TH_DB301V-3.5-2P-GN~liPt__\X\CD\X\B9\X\CC
\X\A8-\X\EF\X\BF\X\BD\X\EF\X\BF\X\BD\X\EF\X\BF\X\BD\X\EF\X\BF\X\BD9[8]',

'CONN-TH_DB301V-3.5-2P-GN~CONN-TH_DB301V-3.5-2P-GN~liPt__\X\CD\X\B9\X\CC
\X\A8-\X\EF\X\BF\X\BD\X\EF\X\BF\X\BD\X\EF\X\BF\X\BD\X\EF\X\BF\X\BD9[8]',
(#11815));
#11784=PRODUCT(
'CONN-TH_DB301V-3.5-2P-GN~CONN-TH_DB301V-3.5-2P-GN~liPt__\X\CD\X\B9\X\CC
\X\A8-\X\EF\X\BF\X\BD\X\EF\X\BF\X\BD\X\EF\X\BF\X\BD\X\EF\X\BF\X\BD9[4]',

'CONN-TH_DB301V-3.5-2P-GN~CONN-TH_DB301V-3.5-2P-GN~liPt__\X\CD\X\B9\X\CC
\X\A8-\X\EF\X\BF\X\BD\X\EF\X\BF\X\BD\X\EF\X\BF\X\BD\X\EF\X\BF\X\BD9[4]',

'CONN-TH_DB301V-3.5-2P-GN~CONN-TH_DB301V-3.5-2P-GN~liPt__\X\CD\X\B9\X\CC
\X\A8-\X\EF\X\BF\X\BD\X\EF\X\BF\X\BD\X\EF\X\BF\X\BD\X\EF\X\BF\X\BD9[4]',
(#11816));
#11785=PRODUCT(
'CONN-TH_DB301V-3.5-2P-GN~CONN-TH_DB301V-3.5-2P-GN~liPt__\X\CD\X\B9\X\CC
\X\A8-\X\EF\X\BF\X\BD\X\EF\X\BF\X\BD\X\EF\X\BF\X\BD\X\EF\X\BF\X\BD9[13
]',
'CONN-TH_DB301V-3.5-2P-GN~CONN-TH_DB301V-3.5-2P-GN~liPt__\X\CD\X\B9\X\CC
\X\A8-\X\EF\X\BF\X\BD\X\EF\X\BF\X\BD\X\EF\X\BF\X\BD\X\EF\X\BF\X\BD9[13
]',
'CONN-TH_DB301V-3.5-2P-GN~CONN-TH_DB301V-3.5-2P-GN~liPt__\X\CD\X\B9\X\CC
\X\A8-\X\EF\X\BF\X\BD\X\EF\X\BF\X\BD\X\EF\X\BF\X\BD\X\EF\X\BF\X\BD9[13
]',(#11817));
#11786=PRODUCT(
'CONN-TH_DB301V-3.5-2P-GN~CONN-TH_DB301V-3.5-2P-GN~liPt__\X\CD\X\B9\X\CC
\X\A8-\X\EF\X\BF\X\BD\X\EF\X\BF\X\BD\X\EF\X\BF\X\BD\X\EF\X\BF\X\BD9[5]',

'CONN-TH_DB301V-3.5-2P-GN~CONN-TH_DB301V-3.5-2P-GN~liPt__\X\CD\X\B9\X\CC
\X\A8-\X\EF\X\BF\X\BD\X\EF\X\BF\X\BD\X\EF\X\BF\X\BD\X\EF\X\BF\X\BD9[5]',

'CONN-TH_DB301V-3.5-2P-GN~CONN-TH_DB301V-3.5-2P-GN~liPt__\X\CD\X\B9\X\CC
\X\A8-\X\EF\X\BF\X\BD\X\EF\X\BF\X\BD\X\EF\X\BF\X\BD\X\EF\X\BF\X\BD9[5]',
(#11818));
#11787=PRODUCT(
'CONN-TH_DB301V-3.5-2P-GN~CONN-TH_DB301V-3.5-2P-GN~liPt__\X\CD\X\B9\X\CC
\X\A8-\X\EF\X\BF\X\BD\X\EF\X\BF\X\BD\X\EF\X\BF\X\BD\X\EF\X\BF\X\BD9[2]',

'CONN-TH_DB301V-3.5-2P-GN~CONN-TH_DB301V-3.5-2P-GN~liPt__\X\CD\X\B9\X\CC
\X\A8-\X\EF\X\BF\X\BD\X\EF\X\BF\X\BD\X\EF\X\BF\X\BD\X\EF\X\BF\X\BD9[2]',

'CONN-TH_DB301V-3.5-2P-GN~CONN-TH_DB301V-3.5-2P-GN~liPt__\X\CD\X\B9\X\CC
\X\A8-\X\EF\X\BF\X\BD\X\EF\X\BF\X\BD\X\EF\X\BF\X\BD\X\EF\X\BF\X\BD9[2]',
(#11819));
#11788=PRODUCT(
'CONN-TH_DB301V-3.5-2P-GN~CONN-TH_DB301V-3.5-2P-GN~liPt__\X\CD\X\B9\X\CC
\X\A8-\X\EF\X\BF\X\BD\X\EF\X\BF\X\BD\X\EF\X\BF\X\BD\X\EF\X\BF\X\BD9[12
]',
'CONN-TH_DB301V-3.5-2P-GN~CONN-TH_DB301V-3.5-2P-GN~liPt__\X\CD\X\B9\X\CC
\X\A8-\X\EF\X\BF\X\BD\X\EF\X\BF\X\BD\X\EF\X\BF\X\BD\X\EF\X\BF\X\BD9[12
]',
'CONN-TH_DB301V-3.5-2P-GN~CONN-TH_DB301V-3.5-2P-GN~liPt__\X\CD\X\B9\X\CC
\X\A8-\X\EF\X\BF\X\BD\X\EF\X\BF\X\BD\X\EF\X\BF\X\BD\X\EF\X\BF\X\BD9[12
]',(#11820));
#11789=PRODUCT_CATEGORY('','');
#11790=PRODUCT_CATEGORY('','');
#11791=PRODUCT_CATEGORY('','');
#11792=PRODUCT_CATEGORY('','');
#11793=PRODUCT_CATEGORY('','');
#11794=PRODUCT_CATEGORY('','');
#11795=PRODUCT_CATEGORY('','');
#11796=PRODUCT_CATEGORY('','');
#11797=PRODUCT_CATEGORY('','');
#11798=PRODUCT_CATEGORY('','');
#11799=PRODUCT_CATEGORY('','');
#11800=PRODUCT_CATEGORY('','');
#11801=PRODUCT_CATEGORY('','');
#11802=PRODUCT_CATEGORY('','');
#11803=PRODUCT_CATEGORY('','');
#11804=PRODUCT_CATEGORY('','');
#11805=PRODUCT_CONTEXT('',#11822,'mechanical');
#11806=PRODUCT_CONTEXT('',#11822,'mechanical');
#11807=PRODUCT_CONTEXT('',#11822,'mechanical');
#11808=PRODUCT_CONTEXT('',#11822,'mechanical');
#11809=PRODUCT_CONTEXT('',#11822,'mechanical');
#11810=PRODUCT_CONTEXT('',#11822,'mechanical');
#11811=PRODUCT_CONTEXT('',#11822,'mechanical');
#11812=PRODUCT_CONTEXT('',#11822,'mechanical');
#11813=PRODUCT_CONTEXT('',#11822,'mechanical');
#11814=PRODUCT_CONTEXT('',#11822,'mechanical');
#11815=PRODUCT_CONTEXT('',#11822,'mechanical');
#11816=PRODUCT_CONTEXT('',#11822,'mechanical');
#11817=PRODUCT_CONTEXT('',#11822,'mechanical');
#11818=PRODUCT_CONTEXT('',#11822,'mechanical');
#11819=PRODUCT_CONTEXT('',#11822,'mechanical');
#11820=PRODUCT_CONTEXT('',#11822,'mechanical');
#11821=APPLICATION_PROTOCOL_DEFINITION('international standard',
'ap242_managed_model_based_3d_engineering',2020,#11822);
#11822=APPLICATION_CONTEXT('managed model based 3d engineering');
ENDSEC;
END-ISO-10303-21;
