ISO-10303-21;
HEADER;
/* Generated by software containing ST-Developer
 * from STEP Tools, Inc. (www.steptools.com) 
 */
/* OPTION: using custom renumber hook */

FILE_DESCRIPTION(
/* description */ ('STEP AP242 Edition 2',
'CAx-IF Rec.Pracs.---Representation and Presentation of Product Manufa
cturing Information (PMI)---4.0---2014-10-13',
'CAx-IF Rec.Pracs.---3D Tessellated Geometry---0.4---2014-09-14','2;1',
'CAx-IF Rec.Pracs.---User Defined Attributes---1.5---2016-08-15'),
/* implementation_level */ '2;1');

FILE_NAME(
/* name */ '6aaef0fa52c0244c3404fb07',
/* time_stamp */ '2026-09-19T20:30:51Z',
/* author */ (''),
/* organization */ (''),
/* preprocessor_version */ 'ST-DEVELOPER v20',
/* originating_system */ 'ONSHAPE BY PTC INC, 1.221',
/* authorisation */ '  ');

FILE_SCHEMA (('AP242_MANAGED_MODEL_BASED_3D_ENGINEERING_MIM_LF { 1 0 10303 442 3 1 4 }'));
ENDSEC;

DATA;
#10=CONTEXT_DEPENDENT_SHAPE_REPRESENTATION(#12,#8079);
#11=NEXT_ASSEMBLY_USAGE_OCCURRENCE('NAUO1',
'CAP-TH_L7.5-W6.0-P5.00-D0.5~CAP-TH_L7.5-W6.0-H10.0-P5.0~5Kgn__\X\CD\X\B9
\X\CC\X\A8-\X\EF\X\BF\X\BD\X\EF\X\BF\X\BD\X\EF\X\BF\X\BD\X\EF\X\BF\X\BD
3',
'CAP-TH_L7.5-W6.0-P5.00-D0.5~CAP-TH_L7.5-W6.0-H10.0-P5.0~5Kgn__\X\CD\X\B9
\X\CC\X\A8-\X\EF\X\BF\X\BD\X\EF\X\BF\X\BD\X\EF\X\BF\X\BD\X\EF\X\BF\X\BD
3',#8080,#8081,'');
#12=(
REPRESENTATION_RELATIONSHIP(' ',' ',#4673,#4672)
REPRESENTATION_RELATIONSHIP_WITH_TRANSFORMATION(#13)
SHAPE_REPRESENTATION_RELATIONSHIP()
);
#13=ITEM_DEFINED_TRANSFORMATION(' ',' ',#4674,#5090);
#14=SHAPE_REPRESENTATION_RELATIONSHIP('','',#4673,#15);
#15=ADVANCED_BREP_SHAPE_REPRESENTATION('',(#4669),#8071);
#16=SPHERICAL_SURFACE('',#5079,1.75273150392273);
#17=B_SPLINE_SURFACE_WITH_KNOTS('',3,1,((#6929,#6930),(#6931,#6932),(#6933,
#6934),(#6935,#6936)),.UNSPECIFIED.,.F.,.F.,.F.,(4,4),(2,2),(0.,1.),(0.,
1.),.UNSPECIFIED.);
#18=B_SPLINE_SURFACE_WITH_KNOTS('',3,1,((#6981,#6982),(#6983,#6984),(#6985,
#6986),(#6987,#6988)),.SURF_OF_LINEAR_EXTRUSION.,.F.,.F.,.F.,(4,4),(2,2),
(4.,5.),(0.,1.),.PIECEWISE_BEZIER_KNOTS.);
#19=B_SPLINE_SURFACE_WITH_KNOTS('',3,1,((#7101,#7102),(#7103,#7104),(#7105,
#7106),(#7107,#7108)),.UNSPECIFIED.,.F.,.F.,.F.,(4,4),(2,2),(5.,6.),(0.,
1.),.UNSPECIFIED.);
#20=B_SPLINE_SURFACE_WITH_KNOTS('',3,1,((#7110,#7111),(#7112,#7113),(#7114,
#7115),(#7116,#7117)),.UNSPECIFIED.,.F.,.F.,.F.,(4,4),(2,2),(4.,5.),(0.,
1.),.UNSPECIFIED.);
#21=B_SPLINE_SURFACE_WITH_KNOTS('',3,1,((#7119,#7120),(#7121,#7122),(#7123,
#7124),(#7125,#7126)),.UNSPECIFIED.,.F.,.F.,.F.,(4,4),(2,2),(3.,4.),(0.,
1.),.UNSPECIFIED.);
#22=B_SPLINE_SURFACE_WITH_KNOTS('',3,1,((#7128,#7129),(#7130,#7131),(#7132,
#7133),(#7134,#7135)),.UNSPECIFIED.,.F.,.F.,.F.,(4,4),(2,2),(2.,3.),(0.,
1.),.UNSPECIFIED.);
#23=B_SPLINE_SURFACE_WITH_KNOTS('',3,1,((#7159,#7160),(#7161,#7162),(#7163,
#7164),(#7165,#7166)),.UNSPECIFIED.,.F.,.F.,.F.,(4,4),(2,2),(4.,5.),(0.,
1.),.UNSPECIFIED.);
#24=B_SPLINE_SURFACE_WITH_KNOTS('',3,1,((#7235,#7236),(#7237,#7238),(#7239,
#7240),(#7241,#7242)),.UNSPECIFIED.,.F.,.F.,.F.,(4,4),(2,2),(1.00000000039799,
2.),(0.,1.),.UNSPECIFIED.);
#25=B_SPLINE_SURFACE_WITH_KNOTS('',3,1,((#7253,#7254),(#7255,#7256),(#7257,
#7258),(#7259,#7260)),.UNSPECIFIED.,.F.,.F.,.F.,(4,4),(2,2),(3.,4.),(0.,
1.),.UNSPECIFIED.);
#26=B_SPLINE_SURFACE_WITH_KNOTS('',3,1,((#7372,#7373),(#7374,#7375),(#7376,
#7377),(#7378,#7379)),.SURF_OF_LINEAR_EXTRUSION.,.F.,.F.,.F.,(4,4),(2,2),
(10.9939999991799,12.0000001397995),(0.,1.),.PIECEWISE_BEZIER_KNOTS.);
#27=B_SPLINE_SURFACE_WITH_KNOTS('',3,1,((#7383,#7384),(#7385,#7386),(#7387,
#7388),(#7389,#7390)),.SURF_OF_LINEAR_EXTRUSION.,.F.,.F.,.F.,(4,4),(2,2),
(8.99991706843666,9.99999999580401),(0.,1.),.PIECEWISE_BEZIER_KNOTS.);
#28=B_SPLINE_SURFACE_WITH_KNOTS('',3,1,((#7415,#7416),(#7417,#7418),(#7419,
#7420),(#7421,#7422)),.SURF_OF_LINEAR_EXTRUSION.,.F.,.F.,.F.,(4,4),(2,2),
(0.994000000038492,2.),(0.,1.),.PIECEWISE_BEZIER_KNOTS.);
#29=B_SPLINE_SURFACE_WITH_KNOTS('',3,1,((#7548,#7549),(#7550,#7551),(#7552,
#7553),(#7554,#7555)),.SURF_OF_LINEAR_EXTRUSION.,.F.,.F.,.F.,(4,4),(2,2),
(0.994001124439826,2.00581146892252),(0.,1.),.PIECEWISE_BEZIER_KNOTS.);
#30=B_SPLINE_SURFACE_WITH_KNOTS('',3,1,((#7602,#7603),(#7604,#7605),(#7606,
#7607),(#7608,#7609)),.UNSPECIFIED.,.F.,.F.,.F.,(4,4),(2,2),(5.,6.),(0.,
1.),.UNSPECIFIED.);
#31=B_SPLINE_SURFACE_WITH_KNOTS('',3,1,((#7620,#7621),(#7622,#7623),(#7624,
#7625),(#7626,#7627)),.SURF_OF_LINEAR_EXTRUSION.,.F.,.F.,.F.,(4,4),(2,2),
(0.994000000000357,2.0059999999402),(0.,1.),.PIECEWISE_BEZIER_KNOTS.);
#32=B_SPLINE_SURFACE_WITH_KNOTS('',3,1,((#7733,#7734),(#7735,#7736),(#7737,
#7738),(#7739,#7740)),.UNSPECIFIED.,.F.,.F.,.F.,(4,4),(2,2),(5.,6.),(0.,
1.),.UNSPECIFIED.);
#33=B_SPLINE_SURFACE_WITH_KNOTS('',3,1,((#7742,#7743),(#7744,#7745),(#7746,
#7747),(#7748,#7749)),.UNSPECIFIED.,.F.,.F.,.F.,(4,4),(2,2),(4.,5.),(0.,
1.),.UNSPECIFIED.);
#34=B_SPLINE_SURFACE_WITH_KNOTS('',3,1,((#7751,#7752),(#7753,#7754),(#7755,
#7756),(#7757,#7758)),.UNSPECIFIED.,.F.,.F.,.F.,(4,4),(2,2),(3.,4.),(0.,
1.),.UNSPECIFIED.);
#35=B_SPLINE_SURFACE_WITH_KNOTS('',3,1,((#7760,#7761),(#7762,#7763),(#7764,
#7765),(#7766,#7767)),.UNSPECIFIED.,.F.,.F.,.F.,(4,4),(2,2),(2.,3.),(0.,
1.),.UNSPECIFIED.);
#36=B_SPLINE_SURFACE_WITH_KNOTS('',3,1,((#7791,#7792),(#7793,#7794),(#7795,
#7796),(#7797,#7798)),.UNSPECIFIED.,.F.,.F.,.F.,(4,4),(2,2),(4.,5.),(0.,
1.),.UNSPECIFIED.);
#37=B_SPLINE_SURFACE_WITH_KNOTS('',3,1,((#7867,#7868),(#7869,#7870),(#7871,
#7872),(#7873,#7874)),.UNSPECIFIED.,.F.,.F.,.F.,(4,4),(2,2),(1.0000000003981,
2.),(0.,1.),.UNSPECIFIED.);
#38=B_SPLINE_SURFACE_WITH_KNOTS('',3,1,((#7885,#7886),(#7887,#7888),(#7889,
#7890),(#7891,#7892)),.UNSPECIFIED.,.F.,.F.,.F.,(4,4),(2,2),(3.,4.),(0.,
1.),.UNSPECIFIED.);
#39=B_SPLINE_SURFACE_WITH_KNOTS('',3,1,((#7960,#7961),(#7962,#7963),(#7964,
#7965),(#7966,#7967)),.UNSPECIFIED.,.F.,.F.,.F.,(4,4),(2,2),(35.,35.9994183396973),
(0.,1.),.PIECEWISE_BEZIER_KNOTS.);
#40=TOROIDAL_SURFACE('',#4793,0.000973651994016022,0.000499531547530437);
#41=TOROIDAL_SURFACE('',#4794,0.000884432725495674,0.000500296946761643);
#42=TOROIDAL_SURFACE('',#4795,0.000973651994015947,0.000499531547530422);
#43=TOROIDAL_SURFACE('',#4796,0.000885475483863694,0.000500294290696979);
#44=TOROIDAL_SURFACE('',#4797,0.000885475483875512,0.000500294290697171);
#45=TOROIDAL_SURFACE('',#4798,0.000973651993934138,0.00049953154819342);
#46=TOROIDAL_SURFACE('',#4799,0.000884432725491106,0.000500296946761341);
#47=TOROIDAL_SURFACE('',#4800,0.000973651993934212,0.00049953154819335);
#48=DEGENERATE_TOROIDAL_SURFACE('',#4763,0.001,0.002,.T.);
#49=DEGENERATE_TOROIDAL_SURFACE('',#4768,0.001,0.002,.T.);
#50=DEGENERATE_TOROIDAL_SURFACE('',#4770,0.001,0.002,.T.);
#51=DEGENERATE_TOROIDAL_SURFACE('',#4774,0.001,0.002,.T.);
#52=DEGENERATE_TOROIDAL_SURFACE('',#4775,0.001,0.002,.T.);
#53=DEGENERATE_TOROIDAL_SURFACE('',#4778,0.001,0.002,.T.);
#54=DEGENERATE_TOROIDAL_SURFACE('',#4784,0.001,0.002,.T.);
#55=DEGENERATE_TOROIDAL_SURFACE('',#4786,0.001,0.002,.T.);
#56=ELLIPSE('',#4730,0.000142535814168893,0.000139736582829852);
#57=ELLIPSE('',#5035,0.000142535814168893,0.000139736582829852);
#58=PLANE('',#4679);
#59=PLANE('',#4740);
#60=PLANE('',#4745);
#61=PLANE('',#4750);
#62=PLANE('',#4789);
#63=PLANE('',#4792);
#64=PLANE('',#4801);
#65=PLANE('',#4802);
#66=PLANE('',#4803);
#67=PLANE('',#4804);
#68=PLANE('',#4805);
#69=PLANE('',#4806);
#70=PLANE('',#4807);
#71=PLANE('',#4808);
#72=PLANE('',#4821);
#73=PLANE('',#4830);
#74=PLANE('',#4831);
#75=PLANE('',#4832);
#76=PLANE('',#4833);
#77=PLANE('',#4834);
#78=PLANE('',#4835);
#79=PLANE('',#4836);
#80=PLANE('',#4837);
#81=PLANE('',#4838);
#82=PLANE('',#4839);
#83=PLANE('',#4840);
#84=PLANE('',#4841);
#85=PLANE('',#4842);
#86=PLANE('',#4843);
#87=PLANE('',#4844);
#88=PLANE('',#4848);
#89=PLANE('',#4849);
#90=PLANE('',#4850);
#91=PLANE('',#4851);
#92=PLANE('',#4852);
#93=PLANE('',#4853);
#94=PLANE('',#4860);
#95=PLANE('',#4861);
#96=PLANE('',#4862);
#97=PLANE('',#4863);
#98=PLANE('',#4864);
#99=PLANE('',#4865);
#100=PLANE('',#4866);
#101=PLANE('',#4867);
#102=PLANE('',#4868);
#103=PLANE('',#4869);
#104=PLANE('',#4870);
#105=PLANE('',#4871);
#106=PLANE('',#4872);
#107=PLANE('',#4873);
#108=PLANE('',#4874);
#109=PLANE('',#4875);
#110=PLANE('',#4876);
#111=PLANE('',#4877);
#112=PLANE('',#4878);
#113=PLANE('',#4879);
#114=PLANE('',#4880);
#115=PLANE('',#4881);
#116=PLANE('',#4882);
#117=PLANE('',#4883);
#118=PLANE('',#4884);
#119=PLANE('',#4885);
#120=PLANE('',#4886);
#121=PLANE('',#4887);
#122=PLANE('',#4888);
#123=PLANE('',#4901);
#124=PLANE('',#4903);
#125=PLANE('',#4907);
#126=PLANE('',#4908);
#127=PLANE('',#4909);
#128=PLANE('',#4910);
#129=PLANE('',#4923);
#130=PLANE('',#4924);
#131=PLANE('',#4925);
#132=PLANE('',#4928);
#133=PLANE('',#4949);
#134=PLANE('',#4964);
#135=PLANE('',#4965);
#136=PLANE('',#4966);
#137=PLANE('',#4967);
#138=PLANE('',#4968);
#139=PLANE('',#4969);
#140=PLANE('',#4970);
#141=PLANE('',#4971);
#142=PLANE('',#4972);
#143=PLANE('',#4973);
#144=PLANE('',#4976);
#145=PLANE('',#4979);
#146=PLANE('',#4980);
#147=PLANE('',#4981);
#148=PLANE('',#4982);
#149=PLANE('',#4983);
#150=PLANE('',#4984);
#151=PLANE('',#4985);
#152=PLANE('',#4986);
#153=PLANE('',#4987);
#154=PLANE('',#4988);
#155=PLANE('',#4989);
#156=PLANE('',#4990);
#157=PLANE('',#4991);
#158=PLANE('',#4992);
#159=PLANE('',#4993);
#160=PLANE('',#4994);
#161=PLANE('',#4998);
#162=PLANE('',#4999);
#163=PLANE('',#5000);
#164=PLANE('',#5001);
#165=PLANE('',#5002);
#166=PLANE('',#5003);
#167=PLANE('',#5010);
#168=PLANE('',#5011);
#169=PLANE('',#5012);
#170=PLANE('',#5013);
#171=PLANE('',#5014);
#172=PLANE('',#5015);
#173=PLANE('',#5016);
#174=PLANE('',#5017);
#175=PLANE('',#5018);
#176=PLANE('',#5019);
#177=PLANE('',#5020);
#178=PLANE('',#5021);
#179=PLANE('',#5022);
#180=PLANE('',#5023);
#181=PLANE('',#5024);
#182=PLANE('',#5025);
#183=PLANE('',#5064);
#184=PLANE('',#5065);
#185=PLANE('',#5066);
#186=PLANE('',#5067);
#187=PLANE('',#5075);
#188=PLANE('',#5078);
#189=PLANE('',#5082);
#190=PLANE('',#5089);
#191=B_SPLINE_CURVE_WITH_KNOTS('',3,(#6281,#6282,#6283,#6284,#6285,#6286),
 .UNSPECIFIED.,.F.,.F.,(4,1,1,4),(0.,0.000296757161498732,0.000593514322997465,
0.00118702864599493),.UNSPECIFIED.);
#192=B_SPLINE_CURVE_WITH_KNOTS('',3,(#6288,#6289,#6290,#6291),
 .UNSPECIFIED.,.F.,.F.,(4,4),(0.,0.000237689445),.UNSPECIFIED.);
#193=B_SPLINE_CURVE_WITH_KNOTS('',3,(#6300,#6301,#6302,#6303),
 .UNSPECIFIED.,.F.,.F.,(4,4),(0.,0.000237387899),.UNSPECIFIED.);
#194=B_SPLINE_CURVE_WITH_KNOTS('',3,(#6305,#6306,#6307,#6308,#6309,#6310),
 .UNSPECIFIED.,.F.,.F.,(4,1,1,4),(0.,0.0005989555215,0.00089843328225,0.001197911043),
 .UNSPECIFIED.);
#195=B_SPLINE_CURVE_WITH_KNOTS('',3,(#6319,#6320,#6321,#6322),
 .UNSPECIFIED.,.F.,.F.,(4,4),(1.,2.),.PIECEWISE_BEZIER_KNOTS.);
#196=B_SPLINE_CURVE_WITH_KNOTS('',3,(#6330,#6331,#6332,#6333),
 .UNSPECIFIED.,.F.,.F.,(4,4),(5.,6.),.PIECEWISE_BEZIER_KNOTS.);
#197=B_SPLINE_CURVE_WITH_KNOTS('',3,(#6353,#6354,#6355,#6356),
 .UNSPECIFIED.,.F.,.F.,(4,4),(1.,2.),.PIECEWISE_BEZIER_KNOTS.);
#198=B_SPLINE_CURVE_WITH_KNOTS('',3,(#6372,#6373,#6374,#6375),
 .UNSPECIFIED.,.F.,.F.,(4,4),(9.,10.),.PIECEWISE_BEZIER_KNOTS.);
#199=B_SPLINE_CURVE_WITH_KNOTS('',3,(#6379,#6380,#6381,#6382),
 .UNSPECIFIED.,.F.,.F.,(4,4),(11.,12.),.PIECEWISE_BEZIER_KNOTS.);
#200=B_SPLINE_CURVE_WITH_KNOTS('',3,(#6411,#6412,#6413,#6414),
 .UNSPECIFIED.,.F.,.F.,(4,4),(0.,1.),.PIECEWISE_BEZIER_KNOTS.);
#201=B_SPLINE_CURVE_WITH_KNOTS('',3,(#6423,#6424,#6425,#6426),
 .UNSPECIFIED.,.F.,.F.,(4,4),(4.,5.),.PIECEWISE_BEZIER_KNOTS.);
#202=B_SPLINE_CURVE_WITH_KNOTS('',3,(#6496,#6497,#6498,#6499),
 .UNSPECIFIED.,.F.,.F.,(4,4),(2.,3.),.PIECEWISE_BEZIER_KNOTS.);
#203=B_SPLINE_CURVE_WITH_KNOTS('',3,(#6501,#6502,#6503,#6504),
 .UNSPECIFIED.,.F.,.F.,(4,4),(3.,4.),.PIECEWISE_BEZIER_KNOTS.);
#204=B_SPLINE_CURVE_WITH_KNOTS('',3,(#6506,#6507,#6508,#6509),
 .UNSPECIFIED.,.F.,.F.,(4,4),(4.,5.),.PIECEWISE_BEZIER_KNOTS.);
#205=B_SPLINE_CURVE_WITH_KNOTS('',3,(#6511,#6512,#6513,#6514),
 .UNSPECIFIED.,.F.,.F.,(4,4),(5.,6.),.PIECEWISE_BEZIER_KNOTS.);
#206=B_SPLINE_CURVE_WITH_KNOTS('',3,(#6534,#6535,#6536,#6537),
 .UNSPECIFIED.,.F.,.F.,(4,4),(1.00018740601149,2.),
 .PIECEWISE_BEZIER_KNOTS.);
#207=B_SPLINE_CURVE_WITH_KNOTS('',3,(#6607,#6608,#6609,#6610),
 .UNSPECIFIED.,.F.,.F.,(4,4),(2.,3.),.PIECEWISE_BEZIER_KNOTS.);
#208=B_SPLINE_CURVE_WITH_KNOTS('',3,(#6612,#6613,#6614,#6615),
 .UNSPECIFIED.,.F.,.F.,(4,4),(3.,4.),.PIECEWISE_BEZIER_KNOTS.);
#209=B_SPLINE_CURVE_WITH_KNOTS('',3,(#6617,#6618,#6619,#6620),
 .UNSPECIFIED.,.F.,.F.,(4,4),(4.,5.),.PIECEWISE_BEZIER_KNOTS.);
#210=B_SPLINE_CURVE_WITH_KNOTS('',3,(#6622,#6623,#6624,#6625),
 .UNSPECIFIED.,.F.,.F.,(4,4),(5.,6.),.PIECEWISE_BEZIER_KNOTS.);
#211=B_SPLINE_CURVE_WITH_KNOTS('',3,(#6642,#6643,#6644,#6645),
 .UNSPECIFIED.,.F.,.F.,(4,4),(35.,36.),.PIECEWISE_BEZIER_KNOTS.);
#212=B_SPLINE_CURVE_WITH_KNOTS('',3,(#6750,#6751,#6752,#6753),
 .UNSPECIFIED.,.F.,.F.,(4,4),(4.077135289262E-20,0.00045762203),
 .UNSPECIFIED.);
#213=B_SPLINE_CURVE_WITH_KNOTS('',3,(#6758,#6759,#6760,#6761),
 .UNSPECIFIED.,.F.,.F.,(4,4),(1.088956309564E-19,0.000458144508),
 .UNSPECIFIED.);
#214=B_SPLINE_CURVE_WITH_KNOTS('',3,(#6765,#6766,#6767,#6768),
 .UNSPECIFIED.,.F.,.F.,(4,4),(4.868664036681E-19,0.000458144508),
 .UNSPECIFIED.);
#215=B_SPLINE_CURVE_WITH_KNOTS('',3,(#6769,#6770,#6771,#6772),
 .UNSPECIFIED.,.F.,.F.,(4,4),(0.,0.00045762203),.UNSPECIFIED.);
#216=B_SPLINE_CURVE_WITH_KNOTS('',3,(#6787,#6788,#6789,#6790,#6791),
 .UNSPECIFIED.,.F.,.F.,(4,1,4),(0.,0.000978006328,0.001956012656),
 .UNSPECIFIED.);
#217=B_SPLINE_CURVE_WITH_KNOTS('',3,(#6796,#6797,#6798,#6799,#6800),
 .UNSPECIFIED.,.F.,.F.,(4,1,4),(8.59208845203E-18,0.000984990428000004,
0.001969980856),.UNSPECIFIED.);
#218=B_SPLINE_CURVE_WITH_KNOTS('',3,(#6808,#6809,#6810,#6811,#6812),
 .UNSPECIFIED.,.F.,.F.,(4,1,4),(8.943353641997E-18,0.000984990428000005,
0.001969980856),.UNSPECIFIED.);
#219=B_SPLINE_CURVE_WITH_KNOTS('',3,(#6817,#6818,#6819,#6820,#6821),
 .UNSPECIFIED.,.F.,.F.,(4,1,4),(8.029286218389E-21,0.000978006328,0.001956012656),
 .UNSPECIFIED.);
#220=B_SPLINE_CURVE_WITH_KNOTS('',3,(#6832,#6833,#6834,#6835,#6836,#6837),
 .UNSPECIFIED.,.F.,.F.,(4,1,1,4),(8.212014242131E-20,0.000296757161498696,
0.000593514322997392,0.00118702864599478),.UNSPECIFIED.);
#221=B_SPLINE_CURVE_WITH_KNOTS('',3,(#6839,#6840,#6841,#6842),
 .UNSPECIFIED.,.F.,.F.,(4,4),(0.,0.000237689445),.UNSPECIFIED.);
#222=B_SPLINE_CURVE_WITH_KNOTS('',3,(#6846,#6847,#6848,#6849),
 .UNSPECIFIED.,.F.,.F.,(4,4),(0.,0.000237387899),.UNSPECIFIED.);
#223=B_SPLINE_CURVE_WITH_KNOTS('',3,(#6851,#6852,#6853,#6854,#6855,#6856),
 .UNSPECIFIED.,.F.,.F.,(4,1,1,4),(0.,0.0005989555215,0.00089843328225,0.001197911043),
 .UNSPECIFIED.);
#224=B_SPLINE_CURVE_WITH_KNOTS('',3,(#6859,#6860,#6861,#6862),
 .UNSPECIFIED.,.F.,.F.,(4,4),(0.,1.),.UNSPECIFIED.);
#225=B_SPLINE_CURVE_WITH_KNOTS('',3,(#6863,#6864,#6865,#6866),
 .UNSPECIFIED.,.F.,.F.,(4,4),(0.,1.),.UNSPECIFIED.);
#226=B_SPLINE_CURVE_WITH_KNOTS('',3,(#6868,#6869,#6870,#6871,#6872,#6873),
 .UNSPECIFIED.,.F.,.F.,(4,1,1,4),(0.,0.25,0.5,1.),.UNSPECIFIED.);
#227=B_SPLINE_CURVE_WITH_KNOTS('',3,(#6875,#6876,#6877,#6878),
 .UNSPECIFIED.,.F.,.F.,(4,4),(0.,1.),.UNSPECIFIED.);
#228=B_SPLINE_CURVE_WITH_KNOTS('',3,(#6881,#6882,#6883,#6884,#6885,#6886,
#6887,#6888),.UNSPECIFIED.,.F.,.F.,(4,1,1,1,1,4),(0.,0.125,0.25,0.5,0.75,
1.),.UNSPECIFIED.);
#229=B_SPLINE_CURVE_WITH_KNOTS('',3,(#6889,#6890,#6891,#6892),
 .UNSPECIFIED.,.F.,.F.,(4,4),(0.,1.),.UNSPECIFIED.);
#230=B_SPLINE_CURVE_WITH_KNOTS('',3,(#6894,#6895,#6896,#6897),
 .UNSPECIFIED.,.F.,.F.,(4,4),(0.,1.),.UNSPECIFIED.);
#231=B_SPLINE_CURVE_WITH_KNOTS('',3,(#6899,#6900,#6901,#6902),
 .UNSPECIFIED.,.F.,.F.,(4,4),(0.,1.),.UNSPECIFIED.);
#232=B_SPLINE_CURVE_WITH_KNOTS('',3,(#6939,#6940,#6941,#6942),
 .UNSPECIFIED.,.F.,.F.,(4,4),(0.,1.),.PIECEWISE_BEZIER_KNOTS.);
#233=B_SPLINE_CURVE_WITH_KNOTS('',3,(#6944,#6945,#6946,#6947),
 .UNSPECIFIED.,.F.,.F.,(4,4),(0.,1.),.UNSPECIFIED.);
#234=B_SPLINE_CURVE_WITH_KNOTS('',3,(#6953,#6954,#6955,#6956),
 .UNSPECIFIED.,.F.,.F.,(4,4),(0.,1.),.UNSPECIFIED.);
#235=B_SPLINE_CURVE_WITH_KNOTS('',3,(#6960,#6961,#6962,#6963),
 .UNSPECIFIED.,.F.,.F.,(4,4),(0.,1.00000000000013E-6),.UNSPECIFIED.);
#236=B_SPLINE_CURVE_WITH_KNOTS('',3,(#6967,#6968,#6969,#6970),
 .UNSPECIFIED.,.F.,.F.,(4,4),(0.,1.),.UNSPECIFIED.);
#237=B_SPLINE_CURVE_WITH_KNOTS('',3,(#6989,#6990,#6991,#6992),
 .UNSPECIFIED.,.F.,.F.,(4,4),(0.,0.999752677349359),.UNSPECIFIED.);
#238=B_SPLINE_CURVE_WITH_KNOTS('',3,(#6994,#6995,#6996,#6997),
 .UNSPECIFIED.,.F.,.F.,(4,4),(4.,4.99948829667185),
 .PIECEWISE_BEZIER_KNOTS.);
#239=B_SPLINE_CURVE_WITH_KNOTS('',3,(#7058,#7059,#7060,#7061),
 .UNSPECIFIED.,.F.,.F.,(4,4),(5.,6.),.PIECEWISE_BEZIER_KNOTS.);
#240=B_SPLINE_CURVE_WITH_KNOTS('',3,(#7063,#7064,#7065,#7066),
 .UNSPECIFIED.,.F.,.F.,(4,4),(4.,5.),.PIECEWISE_BEZIER_KNOTS.);
#241=B_SPLINE_CURVE_WITH_KNOTS('',3,(#7068,#7069,#7070,#7071),
 .UNSPECIFIED.,.F.,.F.,(4,4),(3.,4.),.PIECEWISE_BEZIER_KNOTS.);
#242=B_SPLINE_CURVE_WITH_KNOTS('',3,(#7073,#7074,#7075,#7076),
 .UNSPECIFIED.,.F.,.F.,(4,4),(2.,3.),.PIECEWISE_BEZIER_KNOTS.);
#243=B_SPLINE_CURVE_WITH_KNOTS('',3,(#7088,#7089,#7090,#7091),
 .UNSPECIFIED.,.F.,.F.,(4,4),(4.,5.),.PIECEWISE_BEZIER_KNOTS.);
#244=B_SPLINE_CURVE_WITH_KNOTS('',3,(#7155,#7156,#7157,#7158),
 .UNSPECIFIED.,.F.,.F.,(4,4),(0.,1.),.UNSPECIFIED.);
#245=B_SPLINE_CURVE_WITH_KNOTS('',3,(#7167,#7168,#7169,#7170),
 .UNSPECIFIED.,.F.,.F.,(4,4),(4.,5.),.PIECEWISE_BEZIER_KNOTS.);
#246=B_SPLINE_CURVE_WITH_KNOTS('',3,(#7196,#7197,#7198,#7199),
 .UNSPECIFIED.,.F.,.F.,(4,4),(3.,4.),.PIECEWISE_BEZIER_KNOTS.);
#247=B_SPLINE_CURVE_WITH_KNOTS('',3,(#7203,#7204,#7205,#7206),
 .UNSPECIFIED.,.F.,.F.,(4,4),(1.,2.),.PIECEWISE_BEZIER_KNOTS.);
#248=B_SPLINE_CURVE_WITH_KNOTS('',3,(#7243,#7244,#7245,#7246),
 .UNSPECIFIED.,.F.,.F.,(4,4),(1.,2.),.PIECEWISE_BEZIER_KNOTS.);
#249=B_SPLINE_CURVE_WITH_KNOTS('',3,(#7261,#7262,#7263,#7264),
 .UNSPECIFIED.,.F.,.F.,(4,4),(3.,4.),.PIECEWISE_BEZIER_KNOTS.);
#250=B_SPLINE_CURVE_WITH_KNOTS('',3,(#7323,#7324,#7325,#7326),
 .UNSPECIFIED.,.F.,.F.,(4,4),(11.,12.),.PIECEWISE_BEZIER_KNOTS.);
#251=B_SPLINE_CURVE_WITH_KNOTS('',3,(#7330,#7331,#7332,#7333),
 .UNSPECIFIED.,.F.,.F.,(4,4),(9.,10.),.PIECEWISE_BEZIER_KNOTS.);
#252=B_SPLINE_CURVE_WITH_KNOTS('',3,(#7349,#7350,#7351,#7352),
 .UNSPECIFIED.,.F.,.F.,(4,4),(1.,2.),.PIECEWISE_BEZIER_KNOTS.);
#253=B_SPLINE_CURVE_WITH_KNOTS('',3,(#7391,#7392,#7393,#7394),
 .UNSPECIFIED.,.F.,.F.,(4,4),(0.,1.),.UNSPECIFIED.);
#254=B_SPLINE_CURVE_WITH_KNOTS('',3,(#7396,#7397,#7398,#7399),
 .UNSPECIFIED.,.F.,.F.,(4,4),(0.,1.),.UNSPECIFIED.);
#255=B_SPLINE_CURVE_WITH_KNOTS('',3,(#7401,#7402,#7403,#7404),
 .UNSPECIFIED.,.F.,.F.,(4,4),(0.,1.),.UNSPECIFIED.);
#256=B_SPLINE_CURVE_WITH_KNOTS('',3,(#7428,#7429,#7430,#7431),
 .UNSPECIFIED.,.F.,.F.,(4,4),(0.,1.),.UNSPECIFIED.);
#257=B_SPLINE_CURVE_WITH_KNOTS('',3,(#7435,#7436,#7437,#7438),
 .UNSPECIFIED.,.F.,.F.,(4,4),(0.,1.),.UNSPECIFIED.);
#258=B_SPLINE_CURVE_WITH_KNOTS('',3,(#7461,#7462,#7463,#7464),
 .UNSPECIFIED.,.F.,.F.,(4,4),(0.,1.),.UNSPECIFIED.);
#259=B_SPLINE_CURVE_WITH_KNOTS('',3,(#7472,#7473,#7474,#7475),
 .UNSPECIFIED.,.F.,.F.,(4,4),(0.,1.),.UNSPECIFIED.);
#260=B_SPLINE_CURVE_WITH_KNOTS('',3,(#7479,#7480,#7481,#7482),
 .UNSPECIFIED.,.F.,.F.,(4,4),(0.,1.),.UNSPECIFIED.);
#261=B_SPLINE_CURVE_WITH_KNOTS('',3,(#7486,#7487,#7488,#7489),
 .UNSPECIFIED.,.F.,.F.,(4,4),(0.,1.),.UNSPECIFIED.);
#262=B_SPLINE_CURVE_WITH_KNOTS('',3,(#7493,#7494,#7495,#7496),
 .UNSPECIFIED.,.F.,.F.,(4,4),(0.,1.),.UNSPECIFIED.);
#263=B_SPLINE_CURVE_WITH_KNOTS('',3,(#7500,#7501,#7502,#7503),
 .UNSPECIFIED.,.F.,.F.,(4,4),(0.,1.),.UNSPECIFIED.);
#264=B_SPLINE_CURVE_WITH_KNOTS('',3,(#7515,#7516,#7517,#7518),
 .UNSPECIFIED.,.F.,.F.,(4,4),(0.,1.),.UNSPECIFIED.);
#265=B_SPLINE_CURVE_WITH_KNOTS('',3,(#7522,#7523,#7524,#7525),
 .UNSPECIFIED.,.F.,.F.,(4,4),(0.,1.),.UNSPECIFIED.);
#266=B_SPLINE_CURVE_WITH_KNOTS('',3,(#7529,#7530,#7531,#7532),
 .UNSPECIFIED.,.F.,.F.,(4,4),(0.,1.),.UNSPECIFIED.);
#267=B_SPLINE_CURVE_WITH_KNOTS('',3,(#7538,#7539,#7540,#7541),
 .UNSPECIFIED.,.F.,.F.,(4,4),(0.,1.),.UNSPECIFIED.);
#268=B_SPLINE_CURVE_WITH_KNOTS('',3,(#7556,#7557,#7558,#7559),
 .UNSPECIFIED.,.F.,.F.,(4,4),(1.,1.99981259398851),
 .PIECEWISE_BEZIER_KNOTS.);
#269=B_SPLINE_CURVE_WITH_KNOTS('',3,(#7568,#7569,#7570,#7571),
 .UNSPECIFIED.,.F.,.F.,(4,4),(0.,1.),.UNSPECIFIED.);
#270=B_SPLINE_CURVE_WITH_KNOTS('',3,(#7610,#7611,#7612,#7613),
 .UNSPECIFIED.,.F.,.F.,(4,4),(5.,6.),.PIECEWISE_BEZIER_KNOTS.);
#271=B_SPLINE_CURVE_WITH_KNOTS('',3,(#7630,#7631,#7632,#7633),
 .UNSPECIFIED.,.F.,.F.,(4,4),(1.,2.),.PIECEWISE_BEZIER_KNOTS.);
#272=B_SPLINE_CURVE_WITH_KNOTS('',3,(#7690,#7691,#7692,#7693),
 .UNSPECIFIED.,.F.,.F.,(4,4),(5.,6.),.PIECEWISE_BEZIER_KNOTS.);
#273=B_SPLINE_CURVE_WITH_KNOTS('',3,(#7695,#7696,#7697,#7698),
 .UNSPECIFIED.,.F.,.F.,(4,4),(4.,5.),.PIECEWISE_BEZIER_KNOTS.);
#274=B_SPLINE_CURVE_WITH_KNOTS('',3,(#7700,#7701,#7702,#7703),
 .UNSPECIFIED.,.F.,.F.,(4,4),(3.,4.),.PIECEWISE_BEZIER_KNOTS.);
#275=B_SPLINE_CURVE_WITH_KNOTS('',3,(#7705,#7706,#7707,#7708),
 .UNSPECIFIED.,.F.,.F.,(4,4),(2.,3.),.PIECEWISE_BEZIER_KNOTS.);
#276=B_SPLINE_CURVE_WITH_KNOTS('',3,(#7720,#7721,#7722,#7723),
 .UNSPECIFIED.,.F.,.F.,(4,4),(4.,5.),.PIECEWISE_BEZIER_KNOTS.);
#277=B_SPLINE_CURVE_WITH_KNOTS('',3,(#7787,#7788,#7789,#7790),
 .UNSPECIFIED.,.F.,.F.,(4,4),(0.,1.),.UNSPECIFIED.);
#278=B_SPLINE_CURVE_WITH_KNOTS('',3,(#7799,#7800,#7801,#7802),
 .UNSPECIFIED.,.F.,.F.,(4,4),(4.,5.),.PIECEWISE_BEZIER_KNOTS.);
#279=B_SPLINE_CURVE_WITH_KNOTS('',3,(#7828,#7829,#7830,#7831),
 .UNSPECIFIED.,.F.,.F.,(4,4),(3.,4.),.PIECEWISE_BEZIER_KNOTS.);
#280=B_SPLINE_CURVE_WITH_KNOTS('',3,(#7835,#7836,#7837,#7838),
 .UNSPECIFIED.,.F.,.F.,(4,4),(1.,2.),.PIECEWISE_BEZIER_KNOTS.);
#281=B_SPLINE_CURVE_WITH_KNOTS('',3,(#7875,#7876,#7877,#7878),
 .UNSPECIFIED.,.F.,.F.,(4,4),(1.,2.),.PIECEWISE_BEZIER_KNOTS.);
#282=B_SPLINE_CURVE_WITH_KNOTS('',3,(#7893,#7894,#7895,#7896),
 .UNSPECIFIED.,.F.,.F.,(4,4),(3.,4.),.PIECEWISE_BEZIER_KNOTS.);
#283=B_SPLINE_CURVE_WITH_KNOTS('',3,(#7903,#7904,#7905,#7906),
 .UNSPECIFIED.,.F.,.F.,(4,4),(35.,36.),.PIECEWISE_BEZIER_KNOTS.);
#284=B_SPLINE_CURVE_WITH_KNOTS('',3,(#7968,#7969,#7970,#7971),
 .UNSPECIFIED.,.F.,.F.,(4,4),(0.,1.00000000000013E-6),.UNSPECIFIED.);
#285=B_SPLINE_CURVE_WITH_KNOTS('',3,(#7972,#7973,#7974,#7975),
 .UNSPECIFIED.,.F.,.F.,(4,4),(0.,1.),.UNSPECIFIED.);
#286=B_SPLINE_CURVE_WITH_KNOTS('',3,(#7977,#7978,#7979,#7980),
 .UNSPECIFIED.,.F.,.F.,(4,4),(0.,0.999751695041808),.UNSPECIFIED.);
#287=B_SPLINE_CURVE_WITH_KNOTS('',3,(#7982,#7983,#7984,#7985),
 .UNSPECIFIED.,.F.,.F.,(4,4),(0.000249838860971014,0.999751463338263),
 .UNSPECIFIED.);
#288=B_SPLINE_CURVE_WITH_KNOTS('',3,(#7987,#7988,#7989,#7990),
 .UNSPECIFIED.,.F.,.F.,(4,4),(0.,0.999750000000132),.UNSPECIFIED.);
#289=B_SPLINE_CURVE_WITH_KNOTS('',3,(#7994,#7995,#7996,#7997),
 .UNSPECIFIED.,.F.,.F.,(4,4),(0.000249999910530119,0.999756473769569),
 .UNSPECIFIED.);
#290=B_SPLINE_CURVE_WITH_KNOTS('',3,(#7999,#8000,#8001,#8002),
 .UNSPECIFIED.,.F.,.F.,(4,4),(0.000249269905931682,0.999751153207869),
 .UNSPECIFIED.);
#291=B_SPLINE_CURVE_WITH_KNOTS('',3,(#8004,#8005,#8006,#8007),
 .UNSPECIFIED.,.F.,.F.,(4,4),(0.,1.),.UNSPECIFIED.);
#292=B_SPLINE_CURVE_WITH_KNOTS('',3,(#8009,#8010,#8011,#8012),
 .UNSPECIFIED.,.F.,.F.,(4,4),(2.60046187887087E-15,1.),.UNSPECIFIED.);
#293=B_SPLINE_CURVE_WITH_KNOTS('',3,(#8025,#8026,#8027,#8028),
 .UNSPECIFIED.,.F.,.F.,(4,4),(3.55618312575245E-17,9.99999999674438E-7),
 .UNSPECIFIED.);
#294=B_SPLINE_CURVE_WITH_KNOTS('',3,(#8030,#8031,#8032,#8033),
 .UNSPECIFIED.,.F.,.F.,(4,4),(0.,1.),.UNSPECIFIED.);
#295=B_SPLINE_CURVE_WITH_KNOTS('',3,(#8035,#8036,#8037,#8038),
 .UNSPECIFIED.,.F.,.F.,(4,4),(0.,1.),.UNSPECIFIED.);
#296=B_SPLINE_CURVE_WITH_KNOTS('',3,(#8057,#8058,#8059,#8060),
 .UNSPECIFIED.,.F.,.F.,(4,4),(0.,1.),.UNSPECIFIED.);
#297=B_SPLINE_CURVE_WITH_KNOTS('',3,(#8061,#8062,#8063,#8064),
 .UNSPECIFIED.,.F.,.F.,(4,4),(0.,1.),.UNSPECIFIED.);
#298=LINE('',#6279,#647);
#299=LINE('',#6293,#648);
#300=LINE('',#6298,#649);
#301=LINE('',#6312,#650);
#302=LINE('',#6314,#651);
#303=LINE('',#6317,#652);
#304=LINE('',#6326,#653);
#305=LINE('',#6335,#654);
#306=LINE('',#6337,#655);
#307=LINE('',#6339,#656);
#308=LINE('',#6341,#657);
#309=LINE('',#6343,#658);
#310=LINE('',#6345,#659);
#311=LINE('',#6347,#660);
#312=LINE('',#6349,#661);
#313=LINE('',#6358,#662);
#314=LINE('',#6360,#663);
#315=LINE('',#6362,#664);
#316=LINE('',#6364,#665);
#317=LINE('',#6377,#666);
#318=LINE('',#6386,#667);
#319=LINE('',#6387,#668);
#320=LINE('',#6390,#669);
#321=LINE('',#6392,#670);
#322=LINE('',#6394,#671);
#323=LINE('',#6396,#672);
#324=LINE('',#6398,#673);
#325=LINE('',#6400,#674);
#326=LINE('',#6402,#675);
#327=LINE('',#6404,#676);
#328=LINE('',#6406,#677);
#329=LINE('',#6408,#678);
#330=LINE('',#6410,#679);
#331=LINE('',#6430,#680);
#332=LINE('',#6444,#681);
#333=LINE('',#6445,#682);
#334=LINE('',#6448,#683);
#335=LINE('',#6450,#684);
#336=LINE('',#6452,#685);
#337=LINE('',#6453,#686);
#338=LINE('',#6456,#687);
#339=LINE('',#6458,#688);
#340=LINE('',#6460,#689);
#341=LINE('',#6462,#690);
#342=LINE('',#6464,#691);
#343=LINE('',#6465,#692);
#344=LINE('',#6468,#693);
#345=LINE('',#6470,#694);
#346=LINE('',#6472,#695);
#347=LINE('',#6474,#696);
#348=LINE('',#6476,#697);
#349=LINE('',#6478,#698);
#350=LINE('',#6480,#699);
#351=LINE('',#6482,#700);
#352=LINE('',#6484,#701);
#353=LINE('',#6486,#702);
#354=LINE('',#6488,#703);
#355=LINE('',#6489,#704);
#356=LINE('',#6492,#705);
#357=LINE('',#6494,#706);
#358=LINE('',#6515,#707);
#359=LINE('',#6518,#708);
#360=LINE('',#6520,#709);
#361=LINE('',#6522,#710);
#362=LINE('',#6524,#711);
#363=LINE('',#6526,#712);
#364=LINE('',#6528,#713);
#365=LINE('',#6530,#714);
#366=LINE('',#6553,#715);
#367=LINE('',#6575,#716);
#368=LINE('',#6576,#717);
#369=LINE('',#6579,#718);
#370=LINE('',#6581,#719);
#371=LINE('',#6583,#720);
#372=LINE('',#6585,#721);
#373=LINE('',#6587,#722);
#374=LINE('',#6589,#723);
#375=LINE('',#6591,#724);
#376=LINE('',#6593,#725);
#377=LINE('',#6595,#726);
#378=LINE('',#6597,#727);
#379=LINE('',#6599,#728);
#380=LINE('',#6600,#729);
#381=LINE('',#6603,#730);
#382=LINE('',#6605,#731);
#383=LINE('',#6626,#732);
#384=LINE('',#6629,#733);
#385=LINE('',#6631,#734);
#386=LINE('',#6633,#735);
#387=LINE('',#6635,#736);
#388=LINE('',#6637,#737);
#389=LINE('',#6639,#738);
#390=LINE('',#6641,#739);
#391=LINE('',#6652,#740);
#392=LINE('',#6660,#741);
#393=LINE('',#6666,#742);
#394=LINE('',#6682,#743);
#395=LINE('',#6684,#744);
#396=LINE('',#6686,#745);
#397=LINE('',#6688,#746);
#398=LINE('',#6712,#747);
#399=LINE('',#6719,#748);
#400=LINE('',#6730,#749);
#401=LINE('',#6736,#750);
#402=LINE('',#6738,#751);
#403=LINE('',#6741,#752);
#404=LINE('',#6743,#753);
#405=LINE('',#6745,#754);
#406=LINE('',#6747,#755);
#407=LINE('',#6778,#756);
#408=LINE('',#6905,#757);
#409=LINE('',#6907,#758);
#410=LINE('',#6909,#759);
#411=LINE('',#6911,#760);
#412=LINE('',#6913,#761);
#413=LINE('',#6915,#762);
#414=LINE('',#6917,#763);
#415=LINE('',#6919,#764);
#416=LINE('',#6921,#765);
#417=LINE('',#6923,#766);
#418=LINE('',#6925,#767);
#419=LINE('',#6927,#768);
#420=LINE('',#6937,#769);
#421=LINE('',#6949,#770);
#422=LINE('',#6978,#771);
#423=LINE('',#7006,#772);
#424=LINE('',#7008,#773);
#425=LINE('',#7010,#774);
#426=LINE('',#7012,#775);
#427=LINE('',#7014,#776);
#428=LINE('',#7016,#777);
#429=LINE('',#7018,#778);
#430=LINE('',#7020,#779);
#431=LINE('',#7022,#780);
#432=LINE('',#7024,#781);
#433=LINE('',#7026,#782);
#434=LINE('',#7028,#783);
#435=LINE('',#7030,#784);
#436=LINE('',#7032,#785);
#437=LINE('',#7034,#786);
#438=LINE('',#7036,#787);
#439=LINE('',#7038,#788);
#440=LINE('',#7040,#789);
#441=LINE('',#7042,#790);
#442=LINE('',#7044,#791);
#443=LINE('',#7046,#792);
#444=LINE('',#7048,#793);
#445=LINE('',#7050,#794);
#446=LINE('',#7052,#795);
#447=LINE('',#7055,#796);
#448=LINE('',#7078,#797);
#449=LINE('',#7080,#798);
#450=LINE('',#7081,#799);
#451=LINE('',#7084,#800);
#452=LINE('',#7097,#801);
#453=LINE('',#7099,#802);
#454=LINE('',#7100,#803);
#455=LINE('',#7109,#804);
#456=LINE('',#7118,#805);
#457=LINE('',#7127,#806);
#458=LINE('',#7136,#807);
#459=LINE('',#7138,#808);
#460=LINE('',#7141,#809);
#461=LINE('',#7143,#810);
#462=LINE('',#7145,#811);
#463=LINE('',#7147,#812);
#464=LINE('',#7149,#813);
#465=LINE('',#7175,#814);
#466=LINE('',#7178,#815);
#467=LINE('',#7180,#816);
#468=LINE('',#7182,#817);
#469=LINE('',#7184,#818);
#470=LINE('',#7186,#819);
#471=LINE('',#7188,#820);
#472=LINE('',#7190,#821);
#473=LINE('',#7191,#822);
#474=LINE('',#7194,#823);
#475=LINE('',#7201,#824);
#476=LINE('',#7208,#825);
#477=LINE('',#7210,#826);
#478=LINE('',#7211,#827);
#479=LINE('',#7213,#828);
#480=LINE('',#7215,#829);
#481=LINE('',#7217,#830);
#482=LINE('',#7219,#831);
#483=LINE('',#7221,#832);
#484=LINE('',#7223,#833);
#485=LINE('',#7226,#834);
#486=LINE('',#7229,#835);
#487=LINE('',#7230,#836);
#488=LINE('',#7232,#837);
#489=LINE('',#7234,#838);
#490=LINE('',#7248,#839);
#491=LINE('',#7250,#840);
#492=LINE('',#7252,#841);
#493=LINE('',#7266,#842);
#494=LINE('',#7268,#843);
#495=LINE('',#7271,#844);
#496=LINE('',#7273,#845);
#497=LINE('',#7275,#846);
#498=LINE('',#7277,#847);
#499=LINE('',#7279,#848);
#500=LINE('',#7281,#849);
#501=LINE('',#7283,#850);
#502=LINE('',#7285,#851);
#503=LINE('',#7287,#852);
#504=LINE('',#7289,#853);
#505=LINE('',#7291,#854);
#506=LINE('',#7293,#855);
#507=LINE('',#7295,#856);
#508=LINE('',#7297,#857);
#509=LINE('',#7299,#858);
#510=LINE('',#7301,#859);
#511=LINE('',#7303,#860);
#512=LINE('',#7305,#861);
#513=LINE('',#7307,#862);
#514=LINE('',#7309,#863);
#515=LINE('',#7311,#864);
#516=LINE('',#7313,#865);
#517=LINE('',#7315,#866);
#518=LINE('',#7317,#867);
#519=LINE('',#7321,#868);
#520=LINE('',#7328,#869);
#521=LINE('',#7341,#870);
#522=LINE('',#7343,#871);
#523=LINE('',#7345,#872);
#524=LINE('',#7347,#873);
#525=LINE('',#7358,#874);
#526=LINE('',#7360,#875);
#527=LINE('',#7380,#876);
#528=LINE('',#7382,#877);
#529=LINE('',#7406,#878);
#530=LINE('',#7408,#879);
#531=LINE('',#7410,#880);
#532=LINE('',#7412,#881);
#533=LINE('',#7414,#882);
#534=LINE('',#7442,#883);
#535=LINE('',#7448,#884);
#536=LINE('',#7450,#885);
#537=LINE('',#7452,#886);
#538=LINE('',#7457,#887);
#539=LINE('',#7468,#888);
#540=LINE('',#7511,#889);
#541=LINE('',#7545,#890);
#542=LINE('',#7562,#891);
#543=LINE('',#7564,#892);
#544=LINE('',#7566,#893);
#545=LINE('',#7573,#894);
#546=LINE('',#7575,#895);
#547=LINE('',#7577,#896);
#548=LINE('',#7579,#897);
#549=LINE('',#7581,#898);
#550=LINE('',#7583,#899);
#551=LINE('',#7585,#900);
#552=LINE('',#7587,#901);
#553=LINE('',#7589,#902);
#554=LINE('',#7591,#903);
#555=LINE('',#7593,#904);
#556=LINE('',#7595,#905);
#557=LINE('',#7597,#906);
#558=LINE('',#7599,#907);
#559=LINE('',#7601,#908);
#560=LINE('',#7617,#909);
#561=LINE('',#7628,#910);
#562=LINE('',#7635,#911);
#563=LINE('',#7638,#912);
#564=LINE('',#7640,#913);
#565=LINE('',#7642,#914);
#566=LINE('',#7644,#915);
#567=LINE('',#7646,#916);
#568=LINE('',#7648,#917);
#569=LINE('',#7650,#918);
#570=LINE('',#7652,#919);
#571=LINE('',#7654,#920);
#572=LINE('',#7656,#921);
#573=LINE('',#7658,#922);
#574=LINE('',#7660,#923);
#575=LINE('',#7662,#924);
#576=LINE('',#7664,#925);
#577=LINE('',#7666,#926);
#578=LINE('',#7668,#927);
#579=LINE('',#7670,#928);
#580=LINE('',#7672,#929);
#581=LINE('',#7674,#930);
#582=LINE('',#7676,#931);
#583=LINE('',#7678,#932);
#584=LINE('',#7680,#933);
#585=LINE('',#7682,#934);
#586=LINE('',#7684,#935);
#587=LINE('',#7687,#936);
#588=LINE('',#7710,#937);
#589=LINE('',#7712,#938);
#590=LINE('',#7713,#939);
#591=LINE('',#7716,#940);
#592=LINE('',#7729,#941);
#593=LINE('',#7731,#942);
#594=LINE('',#7732,#943);
#595=LINE('',#7741,#944);
#596=LINE('',#7750,#945);
#597=LINE('',#7759,#946);
#598=LINE('',#7768,#947);
#599=LINE('',#7770,#948);
#600=LINE('',#7773,#949);
#601=LINE('',#7775,#950);
#602=LINE('',#7777,#951);
#603=LINE('',#7779,#952);
#604=LINE('',#7781,#953);
#605=LINE('',#7807,#954);
#606=LINE('',#7810,#955);
#607=LINE('',#7812,#956);
#608=LINE('',#7814,#957);
#609=LINE('',#7816,#958);
#610=LINE('',#7818,#959);
#611=LINE('',#7820,#960);
#612=LINE('',#7822,#961);
#613=LINE('',#7823,#962);
#614=LINE('',#7826,#963);
#615=LINE('',#7833,#964);
#616=LINE('',#7840,#965);
#617=LINE('',#7842,#966);
#618=LINE('',#7843,#967);
#619=LINE('',#7845,#968);
#620=LINE('',#7847,#969);
#621=LINE('',#7849,#970);
#622=LINE('',#7851,#971);
#623=LINE('',#7853,#972);
#624=LINE('',#7855,#973);
#625=LINE('',#7858,#974);
#626=LINE('',#7861,#975);
#627=LINE('',#7862,#976);
#628=LINE('',#7864,#977);
#629=LINE('',#7866,#978);
#630=LINE('',#7880,#979);
#631=LINE('',#7882,#980);
#632=LINE('',#7884,#981);
#633=LINE('',#7898,#982);
#634=LINE('',#7900,#983);
#635=LINE('',#7928,#984);
#636=LINE('',#7930,#985);
#637=LINE('',#7932,#986);
#638=LINE('',#7934,#987);
#639=LINE('',#7946,#988);
#640=LINE('',#7949,#989);
#641=LINE('',#7953,#990);
#642=LINE('',#7992,#991);
#643=LINE('',#8017,#992);
#644=LINE('',#8019,#993);
#645=LINE('',#8021,#994);
#646=LINE('',#8040,#995);
#647=VECTOR('',#5097,1.);
#648=VECTOR('',#5098,1.);
#649=VECTOR('',#5103,1.);
#650=VECTOR('',#5104,1.);
#651=VECTOR('',#5107,1.);
#652=VECTOR('',#5108,1.);
#653=VECTOR('',#5111,1.);
#654=VECTOR('',#5114,1.);
#655=VECTOR('',#5115,1.);
#656=VECTOR('',#5116,1.);
#657=VECTOR('',#5117,1.);
#658=VECTOR('',#5118,1.);
#659=VECTOR('',#5119,1.);
#660=VECTOR('',#5120,1.);
#661=VECTOR('',#5121,1.);
#662=VECTOR('',#5124,1.);
#663=VECTOR('',#5125,1.);
#664=VECTOR('',#5126,1.);
#665=VECTOR('',#5127,1.);
#666=VECTOR('',#5134,1.);
#667=VECTOR('',#5137,1.);
#668=VECTOR('',#5138,1.);
#669=VECTOR('',#5139,1.);
#670=VECTOR('',#5140,1.);
#671=VECTOR('',#5141,1.);
#672=VECTOR('',#5142,1.);
#673=VECTOR('',#5143,1.);
#674=VECTOR('',#5144,1.);
#675=VECTOR('',#5145,1.);
#676=VECTOR('',#5146,1.);
#677=VECTOR('',#5147,1.);
#678=VECTOR('',#5148,1.);
#679=VECTOR('',#5149,1.);
#680=VECTOR('',#5158,1.);
#681=VECTOR('',#5171,1.);
#682=VECTOR('',#5172,1.);
#683=VECTOR('',#5173,1.);
#684=VECTOR('',#5174,1.);
#685=VECTOR('',#5175,1.);
#686=VECTOR('',#5176,1.);
#687=VECTOR('',#5177,1.);
#688=VECTOR('',#5178,1.);
#689=VECTOR('',#5179,1.);
#690=VECTOR('',#5180,1.);
#691=VECTOR('',#5181,1.);
#692=VECTOR('',#5182,1.);
#693=VECTOR('',#5183,1.);
#694=VECTOR('',#5184,1.);
#695=VECTOR('',#5185,1.);
#696=VECTOR('',#5186,1.);
#697=VECTOR('',#5187,1.);
#698=VECTOR('',#5188,1.);
#699=VECTOR('',#5189,1.);
#700=VECTOR('',#5190,1.);
#701=VECTOR('',#5191,1.);
#702=VECTOR('',#5192,1.);
#703=VECTOR('',#5193,1.);
#704=VECTOR('',#5194,1.);
#705=VECTOR('',#5195,1.);
#706=VECTOR('',#5196,1.);
#707=VECTOR('',#5197,1.);
#708=VECTOR('',#5198,1.);
#709=VECTOR('',#5199,1.);
#710=VECTOR('',#5200,1.);
#711=VECTOR('',#5201,1.);
#712=VECTOR('',#5202,1.);
#713=VECTOR('',#5203,1.);
#714=VECTOR('',#5204,1.);
#715=VECTOR('',#5221,1.);
#716=VECTOR('',#5242,1.);
#717=VECTOR('',#5243,1.);
#718=VECTOR('',#5244,1.);
#719=VECTOR('',#5245,1.);
#720=VECTOR('',#5246,1.);
#721=VECTOR('',#5247,1.);
#722=VECTOR('',#5248,1.);
#723=VECTOR('',#5249,1.);
#724=VECTOR('',#5250,1.);
#725=VECTOR('',#5251,1.);
#726=VECTOR('',#5252,1.);
#727=VECTOR('',#5253,1.);
#728=VECTOR('',#5254,1.);
#729=VECTOR('',#5255,1.);
#730=VECTOR('',#5256,1.);
#731=VECTOR('',#5257,1.);
#732=VECTOR('',#5258,1.);
#733=VECTOR('',#5259,1.);
#734=VECTOR('',#5260,1.);
#735=VECTOR('',#5261,1.);
#736=VECTOR('',#5262,1.);
#737=VECTOR('',#5263,1.);
#738=VECTOR('',#5264,1.);
#739=VECTOR('',#5265,1.);
#740=VECTOR('',#5270,1.);
#741=VECTOR('',#5277,1.);
#742=VECTOR('',#5282,1.);
#743=VECTOR('',#5297,1.);
#744=VECTOR('',#5298,1.);
#745=VECTOR('',#5299,1.);
#746=VECTOR('',#5300,1.);
#747=VECTOR('',#5325,1.);
#748=VECTOR('',#5330,1.);
#749=VECTOR('',#5341,1.);
#750=VECTOR('',#5346,1.);
#751=VECTOR('',#5349,1.);
#752=VECTOR('',#5350,1.);
#753=VECTOR('',#5351,1.);
#754=VECTOR('',#5352,1.);
#755=VECTOR('',#5355,1.);
#756=VECTOR('',#5370,1.);
#757=VECTOR('',#5457,1.);
#758=VECTOR('',#5458,1.);
#759=VECTOR('',#5459,1.);
#760=VECTOR('',#5462,1.);
#761=VECTOR('',#5463,1.);
#762=VECTOR('',#5466,1.);
#763=VECTOR('',#5467,1.);
#764=VECTOR('',#5470,1.);
#765=VECTOR('',#5471,1.);
#766=VECTOR('',#5474,1.);
#767=VECTOR('',#5475,1.);
#768=VECTOR('',#5478,1.);
#769=VECTOR('',#5481,1.);
#770=VECTOR('',#5484,1.);
#771=VECTOR('',#5511,1.);
#772=VECTOR('',#5532,1.);
#773=VECTOR('',#5533,1.);
#774=VECTOR('',#5534,1.);
#775=VECTOR('',#5537,1.);
#776=VECTOR('',#5538,1.);
#777=VECTOR('',#5541,1.);
#778=VECTOR('',#5542,1.);
#779=VECTOR('',#5545,1.);
#780=VECTOR('',#5546,1.);
#781=VECTOR('',#5549,1.);
#782=VECTOR('',#5550,1.);
#783=VECTOR('',#5553,1.);
#784=VECTOR('',#5554,1.);
#785=VECTOR('',#5557,1.);
#786=VECTOR('',#5558,1.);
#787=VECTOR('',#5561,1.);
#788=VECTOR('',#5562,1.);
#789=VECTOR('',#5565,1.);
#790=VECTOR('',#5566,1.);
#791=VECTOR('',#5569,1.);
#792=VECTOR('',#5570,1.);
#793=VECTOR('',#5573,1.);
#794=VECTOR('',#5574,1.);
#795=VECTOR('',#5577,1.);
#796=VECTOR('',#5582,1.);
#797=VECTOR('',#5583,1.);
#798=VECTOR('',#5584,1.);
#799=VECTOR('',#5585,1.);
#800=VECTOR('',#5586,1.);
#801=VECTOR('',#5593,1.);
#802=VECTOR('',#5596,1.);
#803=VECTOR('',#5597,1.);
#804=VECTOR('',#5598,1.);
#805=VECTOR('',#5599,1.);
#806=VECTOR('',#5600,1.);
#807=VECTOR('',#5601,1.);
#808=VECTOR('',#5604,1.);
#809=VECTOR('',#5609,1.);
#810=VECTOR('',#5610,1.);
#811=VECTOR('',#5613,1.);
#812=VECTOR('',#5614,1.);
#813=VECTOR('',#5617,1.);
#814=VECTOR('',#5634,1.);
#815=VECTOR('',#5635,1.);
#816=VECTOR('',#5636,1.);
#817=VECTOR('',#5637,1.);
#818=VECTOR('',#5638,1.);
#819=VECTOR('',#5639,1.);
#820=VECTOR('',#5640,1.);
#821=VECTOR('',#5641,1.);
#822=VECTOR('',#5642,1.);
#823=VECTOR('',#5643,1.);
#824=VECTOR('',#5644,1.);
#825=VECTOR('',#5645,1.);
#826=VECTOR('',#5648,1.);
#827=VECTOR('',#5649,1.);
#828=VECTOR('',#5652,1.);
#829=VECTOR('',#5655,1.);
#830=VECTOR('',#5658,1.);
#831=VECTOR('',#5661,1.);
#832=VECTOR('',#5664,1.);
#833=VECTOR('',#5667,1.);
#834=VECTOR('',#5672,1.);
#835=VECTOR('',#5673,1.);
#836=VECTOR('',#5674,1.);
#837=VECTOR('',#5677,1.);
#838=VECTOR('',#5678,1.);
#839=VECTOR('',#5679,1.);
#840=VECTOR('',#5682,1.);
#841=VECTOR('',#5683,1.);
#842=VECTOR('',#5684,1.);
#843=VECTOR('',#5687,1.);
#844=VECTOR('',#5692,1.);
#845=VECTOR('',#5693,1.);
#846=VECTOR('',#5694,1.);
#847=VECTOR('',#5697,1.);
#848=VECTOR('',#5698,1.);
#849=VECTOR('',#5701,1.);
#850=VECTOR('',#5702,1.);
#851=VECTOR('',#5705,1.);
#852=VECTOR('',#5706,1.);
#853=VECTOR('',#5709,1.);
#854=VECTOR('',#5710,1.);
#855=VECTOR('',#5713,1.);
#856=VECTOR('',#5714,1.);
#857=VECTOR('',#5717,1.);
#858=VECTOR('',#5718,1.);
#859=VECTOR('',#5721,1.);
#860=VECTOR('',#5722,1.);
#861=VECTOR('',#5725,1.);
#862=VECTOR('',#5726,1.);
#863=VECTOR('',#5729,1.);
#864=VECTOR('',#5730,1.);
#865=VECTOR('',#5733,1.);
#866=VECTOR('',#5734,1.);
#867=VECTOR('',#5737,1.);
#868=VECTOR('',#5744,1.);
#869=VECTOR('',#5747,1.);
#870=VECTOR('',#5754,1.);
#871=VECTOR('',#5755,1.);
#872=VECTOR('',#5756,1.);
#873=VECTOR('',#5757,1.);
#874=VECTOR('',#5762,1.);
#875=VECTOR('',#5763,1.);
#876=VECTOR('',#5778,1.);
#877=VECTOR('',#5781,1.);
#878=VECTOR('',#5788,1.);
#879=VECTOR('',#5791,1.);
#880=VECTOR('',#5794,1.);
#881=VECTOR('',#5797,1.);
#882=VECTOR('',#5800,1.);
#883=VECTOR('',#5817,1.);
#884=VECTOR('',#5828,1.);
#885=VECTOR('',#5829,1.);
#886=VECTOR('',#5832,1.);
#887=VECTOR('',#5841,1.);
#888=VECTOR('',#5852,1.);
#889=VECTOR('',#5885,1.);
#890=VECTOR('',#5912,1.);
#891=VECTOR('',#5919,1.);
#892=VECTOR('',#5920,1.);
#893=VECTOR('',#5921,1.);
#894=VECTOR('',#5924,1.);
#895=VECTOR('',#5927,1.);
#896=VECTOR('',#5928,1.);
#897=VECTOR('',#5931,1.);
#898=VECTOR('',#5932,1.);
#899=VECTOR('',#5935,1.);
#900=VECTOR('',#5936,1.);
#901=VECTOR('',#5939,1.);
#902=VECTOR('',#5940,1.);
#903=VECTOR('',#5943,1.);
#904=VECTOR('',#5944,1.);
#905=VECTOR('',#5947,1.);
#906=VECTOR('',#5948,1.);
#907=VECTOR('',#5951,1.);
#908=VECTOR('',#5952,1.);
#909=VECTOR('',#5959,1.);
#910=VECTOR('',#5964,1.);
#911=VECTOR('',#5967,1.);
#912=VECTOR('',#5972,1.);
#913=VECTOR('',#5973,1.);
#914=VECTOR('',#5974,1.);
#915=VECTOR('',#5977,1.);
#916=VECTOR('',#5978,1.);
#917=VECTOR('',#5981,1.);
#918=VECTOR('',#5982,1.);
#919=VECTOR('',#5985,1.);
#920=VECTOR('',#5986,1.);
#921=VECTOR('',#5989,1.);
#922=VECTOR('',#5990,1.);
#923=VECTOR('',#5993,1.);
#924=VECTOR('',#5994,1.);
#925=VECTOR('',#5997,1.);
#926=VECTOR('',#5998,1.);
#927=VECTOR('',#6001,1.);
#928=VECTOR('',#6002,1.);
#929=VECTOR('',#6005,1.);
#930=VECTOR('',#6006,1.);
#931=VECTOR('',#6009,1.);
#932=VECTOR('',#6010,1.);
#933=VECTOR('',#6013,1.);
#934=VECTOR('',#6014,1.);
#935=VECTOR('',#6017,1.);
#936=VECTOR('',#6022,1.);
#937=VECTOR('',#6023,1.);
#938=VECTOR('',#6024,1.);
#939=VECTOR('',#6025,1.);
#940=VECTOR('',#6026,1.);
#941=VECTOR('',#6033,1.);
#942=VECTOR('',#6036,1.);
#943=VECTOR('',#6037,1.);
#944=VECTOR('',#6038,1.);
#945=VECTOR('',#6039,1.);
#946=VECTOR('',#6040,1.);
#947=VECTOR('',#6041,1.);
#948=VECTOR('',#6044,1.);
#949=VECTOR('',#6049,1.);
#950=VECTOR('',#6050,1.);
#951=VECTOR('',#6053,1.);
#952=VECTOR('',#6054,1.);
#953=VECTOR('',#6057,1.);
#954=VECTOR('',#6074,1.);
#955=VECTOR('',#6075,1.);
#956=VECTOR('',#6076,1.);
#957=VECTOR('',#6077,1.);
#958=VECTOR('',#6078,1.);
#959=VECTOR('',#6079,1.);
#960=VECTOR('',#6080,1.);
#961=VECTOR('',#6081,1.);
#962=VECTOR('',#6082,1.);
#963=VECTOR('',#6083,1.);
#964=VECTOR('',#6084,1.);
#965=VECTOR('',#6085,1.);
#966=VECTOR('',#6088,1.);
#967=VECTOR('',#6089,1.);
#968=VECTOR('',#6092,1.);
#969=VECTOR('',#6095,1.);
#970=VECTOR('',#6098,1.);
#971=VECTOR('',#6101,1.);
#972=VECTOR('',#6104,1.);
#973=VECTOR('',#6107,1.);
#974=VECTOR('',#6112,1.);
#975=VECTOR('',#6113,1.);
#976=VECTOR('',#6114,1.);
#977=VECTOR('',#6117,1.);
#978=VECTOR('',#6118,1.);
#979=VECTOR('',#6119,1.);
#980=VECTOR('',#6122,1.);
#981=VECTOR('',#6123,1.);
#982=VECTOR('',#6124,1.);
#983=VECTOR('',#6127,1.);
#984=VECTOR('',#6154,1.);
#985=VECTOR('',#6155,1.);
#986=VECTOR('',#6156,1.);
#987=VECTOR('',#6157,1.);
#988=VECTOR('',#6172,1.);
#989=VECTOR('',#6177,1.);
#990=VECTOR('',#6184,1.);
#991=VECTOR('',#6201,1.);
#992=VECTOR('',#6218,1.);
#993=VECTOR('',#6221,1.);
#994=VECTOR('',#6224,1.);
#995=VECTOR('',#6237,1.);
#996=ORIENTED_EDGE('',*,*,#2268,.T.);
#997=ORIENTED_EDGE('',*,*,#2269,.T.);
#998=ORIENTED_EDGE('',*,*,#2270,.T.);
#999=ORIENTED_EDGE('',*,*,#2271,.T.);
#1000=ORIENTED_EDGE('',*,*,#2272,.F.);
#1001=ORIENTED_EDGE('',*,*,#2273,.T.);
#1002=ORIENTED_EDGE('',*,*,#2274,.T.);
#1003=ORIENTED_EDGE('',*,*,#2275,.T.);
#1004=ORIENTED_EDGE('',*,*,#2276,.T.);
#1005=ORIENTED_EDGE('',*,*,#2277,.F.);
#1006=ORIENTED_EDGE('',*,*,#2278,.F.);
#1007=ORIENTED_EDGE('',*,*,#2279,.F.);
#1008=ORIENTED_EDGE('',*,*,#2280,.F.);
#1009=ORIENTED_EDGE('',*,*,#2281,.F.);
#1010=ORIENTED_EDGE('',*,*,#2282,.F.);
#1011=ORIENTED_EDGE('',*,*,#2283,.F.);
#1012=ORIENTED_EDGE('',*,*,#2284,.F.);
#1013=ORIENTED_EDGE('',*,*,#2285,.F.);
#1014=ORIENTED_EDGE('',*,*,#2286,.F.);
#1015=ORIENTED_EDGE('',*,*,#2287,.F.);
#1016=ORIENTED_EDGE('',*,*,#2288,.F.);
#1017=ORIENTED_EDGE('',*,*,#2289,.F.);
#1018=ORIENTED_EDGE('',*,*,#2290,.F.);
#1019=ORIENTED_EDGE('',*,*,#2291,.F.);
#1020=ORIENTED_EDGE('',*,*,#2292,.F.);
#1021=ORIENTED_EDGE('',*,*,#2293,.F.);
#1022=ORIENTED_EDGE('',*,*,#2294,.F.);
#1023=ORIENTED_EDGE('',*,*,#2295,.F.);
#1024=ORIENTED_EDGE('',*,*,#2296,.F.);
#1025=ORIENTED_EDGE('',*,*,#2297,.F.);
#1026=ORIENTED_EDGE('',*,*,#2298,.F.);
#1027=ORIENTED_EDGE('',*,*,#2299,.F.);
#1028=ORIENTED_EDGE('',*,*,#2300,.F.);
#1029=ORIENTED_EDGE('',*,*,#2301,.F.);
#1030=ORIENTED_EDGE('',*,*,#2302,.F.);
#1031=ORIENTED_EDGE('',*,*,#2303,.F.);
#1032=ORIENTED_EDGE('',*,*,#2304,.F.);
#1033=ORIENTED_EDGE('',*,*,#2305,.F.);
#1034=ORIENTED_EDGE('',*,*,#2306,.F.);
#1035=ORIENTED_EDGE('',*,*,#2307,.F.);
#1036=ORIENTED_EDGE('',*,*,#2308,.F.);
#1037=ORIENTED_EDGE('',*,*,#2309,.F.);
#1038=ORIENTED_EDGE('',*,*,#2310,.F.);
#1039=ORIENTED_EDGE('',*,*,#2311,.F.);
#1040=ORIENTED_EDGE('',*,*,#2312,.F.);
#1041=ORIENTED_EDGE('',*,*,#2313,.F.);
#1042=ORIENTED_EDGE('',*,*,#2314,.F.);
#1043=ORIENTED_EDGE('',*,*,#2315,.F.);
#1044=ORIENTED_EDGE('',*,*,#2316,.F.);
#1045=ORIENTED_EDGE('',*,*,#2317,.F.);
#1046=ORIENTED_EDGE('',*,*,#2318,.F.);
#1047=ORIENTED_EDGE('',*,*,#2319,.F.);
#1048=ORIENTED_EDGE('',*,*,#2320,.F.);
#1049=ORIENTED_EDGE('',*,*,#2321,.F.);
#1050=ORIENTED_EDGE('',*,*,#2322,.F.);
#1051=ORIENTED_EDGE('',*,*,#2323,.F.);
#1052=ORIENTED_EDGE('',*,*,#2324,.F.);
#1053=ORIENTED_EDGE('',*,*,#2325,.F.);
#1054=ORIENTED_EDGE('',*,*,#2326,.F.);
#1055=ORIENTED_EDGE('',*,*,#2327,.F.);
#1056=ORIENTED_EDGE('',*,*,#2328,.F.);
#1057=ORIENTED_EDGE('',*,*,#2329,.F.);
#1058=ORIENTED_EDGE('',*,*,#2330,.F.);
#1059=ORIENTED_EDGE('',*,*,#2331,.F.);
#1060=ORIENTED_EDGE('',*,*,#2332,.F.);
#1061=ORIENTED_EDGE('',*,*,#2333,.T.);
#1062=ORIENTED_EDGE('',*,*,#2334,.T.);
#1063=ORIENTED_EDGE('',*,*,#2335,.T.);
#1064=ORIENTED_EDGE('',*,*,#2336,.T.);
#1065=ORIENTED_EDGE('',*,*,#2337,.F.);
#1066=ORIENTED_EDGE('',*,*,#2338,.F.);
#1067=ORIENTED_EDGE('',*,*,#2339,.F.);
#1068=ORIENTED_EDGE('',*,*,#2340,.F.);
#1069=ORIENTED_EDGE('',*,*,#2341,.F.);
#1070=ORIENTED_EDGE('',*,*,#2342,.F.);
#1071=ORIENTED_EDGE('',*,*,#2343,.F.);
#1072=ORIENTED_EDGE('',*,*,#2344,.F.);
#1073=ORIENTED_EDGE('',*,*,#2345,.F.);
#1074=ORIENTED_EDGE('',*,*,#2346,.F.);
#1075=ORIENTED_EDGE('',*,*,#2347,.F.);
#1076=ORIENTED_EDGE('',*,*,#2348,.F.);
#1077=ORIENTED_EDGE('',*,*,#2349,.F.);
#1078=ORIENTED_EDGE('',*,*,#2350,.F.);
#1079=ORIENTED_EDGE('',*,*,#2351,.F.);
#1080=ORIENTED_EDGE('',*,*,#2352,.F.);
#1081=ORIENTED_EDGE('',*,*,#2353,.F.);
#1082=ORIENTED_EDGE('',*,*,#2354,.F.);
#1083=ORIENTED_EDGE('',*,*,#2355,.F.);
#1084=ORIENTED_EDGE('',*,*,#2356,.F.);
#1085=ORIENTED_EDGE('',*,*,#2357,.F.);
#1086=ORIENTED_EDGE('',*,*,#2358,.F.);
#1087=ORIENTED_EDGE('',*,*,#2359,.F.);
#1088=ORIENTED_EDGE('',*,*,#2360,.F.);
#1089=ORIENTED_EDGE('',*,*,#2361,.F.);
#1090=ORIENTED_EDGE('',*,*,#2362,.F.);
#1091=ORIENTED_EDGE('',*,*,#2363,.F.);
#1092=ORIENTED_EDGE('',*,*,#2364,.F.);
#1093=ORIENTED_EDGE('',*,*,#2365,.F.);
#1094=ORIENTED_EDGE('',*,*,#2366,.F.);
#1095=ORIENTED_EDGE('',*,*,#2367,.F.);
#1096=ORIENTED_EDGE('',*,*,#2368,.F.);
#1097=ORIENTED_EDGE('',*,*,#2369,.F.);
#1098=ORIENTED_EDGE('',*,*,#2370,.F.);
#1099=ORIENTED_EDGE('',*,*,#2371,.F.);
#1100=ORIENTED_EDGE('',*,*,#2372,.F.);
#1101=ORIENTED_EDGE('',*,*,#2373,.F.);
#1102=ORIENTED_EDGE('',*,*,#2374,.F.);
#1103=ORIENTED_EDGE('',*,*,#2375,.F.);
#1104=ORIENTED_EDGE('',*,*,#2376,.F.);
#1105=ORIENTED_EDGE('',*,*,#2377,.F.);
#1106=ORIENTED_EDGE('',*,*,#2378,.F.);
#1107=ORIENTED_EDGE('',*,*,#2379,.F.);
#1108=ORIENTED_EDGE('',*,*,#2380,.F.);
#1109=ORIENTED_EDGE('',*,*,#2381,.F.);
#1110=ORIENTED_EDGE('',*,*,#2382,.F.);
#1111=ORIENTED_EDGE('',*,*,#2383,.F.);
#1112=ORIENTED_EDGE('',*,*,#2384,.F.);
#1113=ORIENTED_EDGE('',*,*,#2385,.F.);
#1114=ORIENTED_EDGE('',*,*,#2386,.F.);
#1115=ORIENTED_EDGE('',*,*,#2387,.F.);
#1116=ORIENTED_EDGE('',*,*,#2388,.F.);
#1117=ORIENTED_EDGE('',*,*,#2389,.F.);
#1118=ORIENTED_EDGE('',*,*,#2390,.F.);
#1119=ORIENTED_EDGE('',*,*,#2391,.F.);
#1120=ORIENTED_EDGE('',*,*,#2392,.F.);
#1121=ORIENTED_EDGE('',*,*,#2393,.F.);
#1122=ORIENTED_EDGE('',*,*,#2394,.F.);
#1123=ORIENTED_EDGE('',*,*,#2395,.F.);
#1124=ORIENTED_EDGE('',*,*,#2396,.F.);
#1125=ORIENTED_EDGE('',*,*,#2397,.F.);
#1126=ORIENTED_EDGE('',*,*,#2398,.F.);
#1127=ORIENTED_EDGE('',*,*,#2399,.F.);
#1128=ORIENTED_EDGE('',*,*,#2400,.F.);
#1129=ORIENTED_EDGE('',*,*,#2401,.F.);
#1130=ORIENTED_EDGE('',*,*,#2402,.F.);
#1131=ORIENTED_EDGE('',*,*,#2403,.F.);
#1132=ORIENTED_EDGE('',*,*,#2404,.F.);
#1133=ORIENTED_EDGE('',*,*,#2405,.F.);
#1134=ORIENTED_EDGE('',*,*,#2406,.F.);
#1135=ORIENTED_EDGE('',*,*,#2407,.F.);
#1136=ORIENTED_EDGE('',*,*,#2408,.F.);
#1137=ORIENTED_EDGE('',*,*,#2409,.F.);
#1138=ORIENTED_EDGE('',*,*,#2410,.F.);
#1139=ORIENTED_EDGE('',*,*,#2411,.F.);
#1140=ORIENTED_EDGE('',*,*,#2412,.F.);
#1141=ORIENTED_EDGE('',*,*,#2413,.F.);
#1142=ORIENTED_EDGE('',*,*,#2414,.F.);
#1143=ORIENTED_EDGE('',*,*,#2415,.F.);
#1144=ORIENTED_EDGE('',*,*,#2416,.F.);
#1145=ORIENTED_EDGE('',*,*,#2417,.F.);
#1146=ORIENTED_EDGE('',*,*,#2418,.F.);
#1147=ORIENTED_EDGE('',*,*,#2419,.F.);
#1148=ORIENTED_EDGE('',*,*,#2420,.F.);
#1149=ORIENTED_EDGE('',*,*,#2421,.F.);
#1150=ORIENTED_EDGE('',*,*,#2422,.F.);
#1151=ORIENTED_EDGE('',*,*,#2423,.F.);
#1152=ORIENTED_EDGE('',*,*,#2424,.F.);
#1153=ORIENTED_EDGE('',*,*,#2425,.F.);
#1154=ORIENTED_EDGE('',*,*,#2426,.F.);
#1155=ORIENTED_EDGE('',*,*,#2427,.F.);
#1156=ORIENTED_EDGE('',*,*,#2428,.F.);
#1157=ORIENTED_EDGE('',*,*,#2429,.F.);
#1158=ORIENTED_EDGE('',*,*,#2430,.F.);
#1159=ORIENTED_EDGE('',*,*,#2431,.F.);
#1160=ORIENTED_EDGE('',*,*,#2432,.F.);
#1161=ORIENTED_EDGE('',*,*,#2433,.F.);
#1162=ORIENTED_EDGE('',*,*,#2434,.F.);
#1163=ORIENTED_EDGE('',*,*,#2435,.F.);
#1164=ORIENTED_EDGE('',*,*,#2436,.F.);
#1165=ORIENTED_EDGE('',*,*,#2437,.F.);
#1166=ORIENTED_EDGE('',*,*,#2438,.F.);
#1167=ORIENTED_EDGE('',*,*,#2439,.F.);
#1168=ORIENTED_EDGE('',*,*,#2440,.F.);
#1169=ORIENTED_EDGE('',*,*,#2441,.F.);
#1170=ORIENTED_EDGE('',*,*,#2442,.F.);
#1171=ORIENTED_EDGE('',*,*,#2443,.F.);
#1172=ORIENTED_EDGE('',*,*,#2444,.F.);
#1173=ORIENTED_EDGE('',*,*,#2445,.F.);
#1174=ORIENTED_EDGE('',*,*,#2446,.F.);
#1175=ORIENTED_EDGE('',*,*,#2447,.F.);
#1176=ORIENTED_EDGE('',*,*,#2448,.F.);
#1177=ORIENTED_EDGE('',*,*,#2449,.F.);
#1178=ORIENTED_EDGE('',*,*,#2450,.F.);
#1179=ORIENTED_EDGE('',*,*,#2451,.T.);
#1180=ORIENTED_EDGE('',*,*,#2452,.T.);
#1181=ORIENTED_EDGE('',*,*,#2453,.T.);
#1182=ORIENTED_EDGE('',*,*,#2454,.T.);
#1183=ORIENTED_EDGE('',*,*,#2455,.T.);
#1184=ORIENTED_EDGE('',*,*,#2456,.T.);
#1185=ORIENTED_EDGE('',*,*,#2457,.T.);
#1186=ORIENTED_EDGE('',*,*,#2458,.T.);
#1187=ORIENTED_EDGE('',*,*,#2459,.T.);
#1188=ORIENTED_EDGE('',*,*,#2460,.T.);
#1189=ORIENTED_EDGE('',*,*,#2461,.T.);
#1190=ORIENTED_EDGE('',*,*,#2462,.T.);
#1191=ORIENTED_EDGE('',*,*,#2463,.T.);
#1192=ORIENTED_EDGE('',*,*,#2464,.T.);
#1193=ORIENTED_EDGE('',*,*,#2465,.T.);
#1194=ORIENTED_EDGE('',*,*,#2466,.T.);
#1195=ORIENTED_EDGE('',*,*,#2467,.F.);
#1196=ORIENTED_EDGE('',*,*,#2468,.T.);
#1197=ORIENTED_EDGE('',*,*,#2469,.T.);
#1198=ORIENTED_EDGE('',*,*,#2333,.F.);
#1199=ORIENTED_EDGE('',*,*,#2470,.T.);
#1200=ORIENTED_EDGE('',*,*,#2471,.T.);
#1201=ORIENTED_EDGE('',*,*,#2472,.T.);
#1202=ORIENTED_EDGE('',*,*,#2473,.T.);
#1203=ORIENTED_EDGE('',*,*,#2467,.T.);
#1204=ORIENTED_EDGE('',*,*,#2474,.T.);
#1205=ORIENTED_EDGE('',*,*,#2475,.T.);
#1206=ORIENTED_EDGE('',*,*,#2465,.F.);
#1207=ORIENTED_EDGE('',*,*,#2335,.F.);
#1208=ORIENTED_EDGE('',*,*,#2476,.T.);
#1209=ORIENTED_EDGE('',*,*,#2477,.F.);
#1210=ORIENTED_EDGE('',*,*,#2478,.T.);
#1211=ORIENTED_EDGE('',*,*,#2477,.T.);
#1212=ORIENTED_EDGE('',*,*,#2479,.T.);
#1213=ORIENTED_EDGE('',*,*,#2463,.F.);
#1214=ORIENTED_EDGE('',*,*,#2480,.T.);
#1215=ORIENTED_EDGE('',*,*,#2481,.F.);
#1216=ORIENTED_EDGE('',*,*,#2482,.T.);
#1217=ORIENTED_EDGE('',*,*,#2472,.F.);
#1218=ORIENTED_EDGE('',*,*,#2483,.F.);
#1219=ORIENTED_EDGE('',*,*,#2461,.F.);
#1220=ORIENTED_EDGE('',*,*,#2483,.T.);
#1221=ORIENTED_EDGE('',*,*,#2464,.F.);
#1222=ORIENTED_EDGE('',*,*,#2484,.F.);
#1223=ORIENTED_EDGE('',*,*,#2462,.F.);
#1224=ORIENTED_EDGE('',*,*,#2469,.F.);
#1225=ORIENTED_EDGE('',*,*,#2485,.T.);
#1226=ORIENTED_EDGE('',*,*,#2481,.T.);
#1227=ORIENTED_EDGE('',*,*,#2460,.F.);
#1228=ORIENTED_EDGE('',*,*,#2486,.F.);
#1229=ORIENTED_EDGE('',*,*,#2484,.T.);
#1230=ORIENTED_EDGE('',*,*,#2479,.F.);
#1231=ORIENTED_EDGE('',*,*,#2487,.F.);
#1232=ORIENTED_EDGE('',*,*,#2457,.F.);
#1233=ORIENTED_EDGE('',*,*,#2486,.T.);
#1234=ORIENTED_EDGE('',*,*,#2459,.F.);
#1235=ORIENTED_EDGE('',*,*,#2488,.F.);
#1236=ORIENTED_EDGE('',*,*,#2334,.F.);
#1237=ORIENTED_EDGE('',*,*,#2487,.T.);
#1238=ORIENTED_EDGE('',*,*,#2476,.F.);
#1239=ORIENTED_EDGE('',*,*,#2488,.T.);
#1240=ORIENTED_EDGE('',*,*,#2458,.F.);
#1241=ORIENTED_EDGE('',*,*,#2475,.F.);
#1242=ORIENTED_EDGE('',*,*,#2489,.T.);
#1243=ORIENTED_EDGE('',*,*,#2490,.F.);
#1244=ORIENTED_EDGE('',*,*,#2455,.F.);
#1245=ORIENTED_EDGE('',*,*,#2491,.F.);
#1246=ORIENTED_EDGE('',*,*,#2490,.T.);
#1247=ORIENTED_EDGE('',*,*,#2492,.T.);
#1248=ORIENTED_EDGE('',*,*,#2470,.F.);
#1249=ORIENTED_EDGE('',*,*,#2493,.F.);
#1250=ORIENTED_EDGE('',*,*,#2456,.F.);
#1251=ORIENTED_EDGE('',*,*,#2491,.T.);
#1252=ORIENTED_EDGE('',*,*,#2454,.F.);
#1253=ORIENTED_EDGE('',*,*,#2494,.F.);
#1254=ORIENTED_EDGE('',*,*,#2466,.F.);
#1255=ORIENTED_EDGE('',*,*,#2493,.T.);
#1256=ORIENTED_EDGE('',*,*,#2336,.F.);
#1257=ORIENTED_EDGE('',*,*,#2495,.F.);
#1258=ORIENTED_EDGE('',*,*,#2451,.F.);
#1259=ORIENTED_EDGE('',*,*,#2494,.T.);
#1260=ORIENTED_EDGE('',*,*,#2453,.F.);
#1261=ORIENTED_EDGE('',*,*,#2496,.F.);
#1262=ORIENTED_EDGE('',*,*,#2480,.F.);
#1263=ORIENTED_EDGE('',*,*,#2495,.T.);
#1264=ORIENTED_EDGE('',*,*,#2478,.F.);
#1265=ORIENTED_EDGE('',*,*,#2496,.T.);
#1266=ORIENTED_EDGE('',*,*,#2452,.F.);
#1267=ORIENTED_EDGE('',*,*,#2274,.F.);
#1268=ORIENTED_EDGE('',*,*,#2497,.T.);
#1269=ORIENTED_EDGE('',*,*,#2277,.T.);
#1270=ORIENTED_EDGE('',*,*,#2498,.T.);
#1271=ORIENTED_EDGE('',*,*,#2499,.T.);
#1272=ORIENTED_EDGE('',*,*,#2273,.F.);
#1273=ORIENTED_EDGE('',*,*,#2497,.F.);
#1274=ORIENTED_EDGE('',*,*,#2269,.F.);
#1275=ORIENTED_EDGE('',*,*,#2500,.T.);
#1276=ORIENTED_EDGE('',*,*,#2272,.T.);
#1277=ORIENTED_EDGE('',*,*,#2501,.T.);
#1278=ORIENTED_EDGE('',*,*,#2502,.T.);
#1279=ORIENTED_EDGE('',*,*,#2268,.F.);
#1280=ORIENTED_EDGE('',*,*,#2500,.F.);
#1281=ORIENTED_EDGE('',*,*,#2503,.F.);
#1282=ORIENTED_EDGE('',*,*,#2485,.F.);
#1283=ORIENTED_EDGE('',*,*,#2504,.F.);
#1284=ORIENTED_EDGE('',*,*,#2270,.F.);
#1285=ORIENTED_EDGE('',*,*,#2504,.T.);
#1286=ORIENTED_EDGE('',*,*,#2468,.F.);
#1287=ORIENTED_EDGE('',*,*,#2505,.F.);
#1288=ORIENTED_EDGE('',*,*,#2271,.F.);
#1289=ORIENTED_EDGE('',*,*,#2503,.T.);
#1290=ORIENTED_EDGE('',*,*,#2502,.F.);
#1291=ORIENTED_EDGE('',*,*,#2506,.F.);
#1292=ORIENTED_EDGE('',*,*,#2482,.F.);
#1293=ORIENTED_EDGE('',*,*,#2505,.T.);
#1294=ORIENTED_EDGE('',*,*,#2473,.F.);
#1295=ORIENTED_EDGE('',*,*,#2506,.T.);
#1296=ORIENTED_EDGE('',*,*,#2501,.F.);
#1297=ORIENTED_EDGE('',*,*,#2507,.F.);
#1298=ORIENTED_EDGE('',*,*,#2471,.F.);
#1299=ORIENTED_EDGE('',*,*,#2508,.F.);
#1300=ORIENTED_EDGE('',*,*,#2275,.F.);
#1301=ORIENTED_EDGE('',*,*,#2508,.T.);
#1302=ORIENTED_EDGE('',*,*,#2492,.F.);
#1303=ORIENTED_EDGE('',*,*,#2509,.F.);
#1304=ORIENTED_EDGE('',*,*,#2276,.F.);
#1305=ORIENTED_EDGE('',*,*,#2507,.T.);
#1306=ORIENTED_EDGE('',*,*,#2499,.F.);
#1307=ORIENTED_EDGE('',*,*,#2510,.F.);
#1308=ORIENTED_EDGE('',*,*,#2474,.F.);
#1309=ORIENTED_EDGE('',*,*,#2509,.T.);
#1310=ORIENTED_EDGE('',*,*,#2489,.F.);
#1311=ORIENTED_EDGE('',*,*,#2510,.T.);
#1312=ORIENTED_EDGE('',*,*,#2498,.F.);
#1313=ORIENTED_EDGE('',*,*,#2337,.T.);
#1314=ORIENTED_EDGE('',*,*,#2511,.F.);
#1315=ORIENTED_EDGE('',*,*,#2512,.F.);
#1316=ORIENTED_EDGE('',*,*,#2513,.T.);
#1317=ORIENTED_EDGE('',*,*,#2342,.T.);
#1318=ORIENTED_EDGE('',*,*,#2514,.F.);
#1319=ORIENTED_EDGE('',*,*,#2515,.F.);
#1320=ORIENTED_EDGE('',*,*,#2511,.T.);
#1321=ORIENTED_EDGE('',*,*,#2341,.T.);
#1322=ORIENTED_EDGE('',*,*,#2516,.F.);
#1323=ORIENTED_EDGE('',*,*,#2517,.F.);
#1324=ORIENTED_EDGE('',*,*,#2514,.T.);
#1325=ORIENTED_EDGE('',*,*,#2340,.T.);
#1326=ORIENTED_EDGE('',*,*,#2518,.F.);
#1327=ORIENTED_EDGE('',*,*,#2519,.F.);
#1328=ORIENTED_EDGE('',*,*,#2516,.T.);
#1329=ORIENTED_EDGE('',*,*,#2339,.T.);
#1330=ORIENTED_EDGE('',*,*,#2520,.F.);
#1331=ORIENTED_EDGE('',*,*,#2521,.F.);
#1332=ORIENTED_EDGE('',*,*,#2518,.T.);
#1333=ORIENTED_EDGE('',*,*,#2338,.T.);
#1334=ORIENTED_EDGE('',*,*,#2513,.F.);
#1335=ORIENTED_EDGE('',*,*,#2522,.F.);
#1336=ORIENTED_EDGE('',*,*,#2520,.T.);
#1337=ORIENTED_EDGE('',*,*,#2512,.T.);
#1338=ORIENTED_EDGE('',*,*,#2515,.T.);
#1339=ORIENTED_EDGE('',*,*,#2517,.T.);
#1340=ORIENTED_EDGE('',*,*,#2519,.T.);
#1341=ORIENTED_EDGE('',*,*,#2521,.T.);
#1342=ORIENTED_EDGE('',*,*,#2522,.T.);
#1343=ORIENTED_EDGE('',*,*,#2319,.T.);
#1344=ORIENTED_EDGE('',*,*,#2523,.F.);
#1345=ORIENTED_EDGE('',*,*,#2524,.F.);
#1346=ORIENTED_EDGE('',*,*,#2525,.T.);
#1347=ORIENTED_EDGE('',*,*,#2332,.T.);
#1348=ORIENTED_EDGE('',*,*,#2526,.F.);
#1349=ORIENTED_EDGE('',*,*,#2523,.T.);
#1350=ORIENTED_EDGE('',*,*,#2331,.T.);
#1351=ORIENTED_EDGE('',*,*,#2527,.F.);
#1352=ORIENTED_EDGE('',*,*,#2330,.T.);
#1353=ORIENTED_EDGE('',*,*,#2528,.F.);
#1354=ORIENTED_EDGE('',*,*,#2529,.F.);
#1355=ORIENTED_EDGE('',*,*,#2329,.T.);
#1356=ORIENTED_EDGE('',*,*,#2530,.F.);
#1357=ORIENTED_EDGE('',*,*,#2531,.F.);
#1358=ORIENTED_EDGE('',*,*,#2528,.T.);
#1359=ORIENTED_EDGE('',*,*,#2328,.T.);
#1360=ORIENTED_EDGE('',*,*,#2532,.F.);
#1361=ORIENTED_EDGE('',*,*,#2533,.F.);
#1362=ORIENTED_EDGE('',*,*,#2530,.T.);
#1363=ORIENTED_EDGE('',*,*,#2327,.T.);
#1364=ORIENTED_EDGE('',*,*,#2534,.F.);
#1365=ORIENTED_EDGE('',*,*,#2532,.T.);
#1366=ORIENTED_EDGE('',*,*,#2326,.T.);
#1367=ORIENTED_EDGE('',*,*,#2535,.F.);
#1368=ORIENTED_EDGE('',*,*,#2325,.T.);
#1369=ORIENTED_EDGE('',*,*,#2536,.F.);
#1370=ORIENTED_EDGE('',*,*,#2324,.T.);
#1371=ORIENTED_EDGE('',*,*,#2537,.F.);
#1372=ORIENTED_EDGE('',*,*,#2323,.T.);
#1373=ORIENTED_EDGE('',*,*,#2538,.F.);
#1374=ORIENTED_EDGE('',*,*,#2539,.F.);
#1375=ORIENTED_EDGE('',*,*,#2322,.T.);
#1376=ORIENTED_EDGE('',*,*,#2540,.F.);
#1377=ORIENTED_EDGE('',*,*,#2538,.T.);
#1378=ORIENTED_EDGE('',*,*,#2321,.T.);
#1379=ORIENTED_EDGE('',*,*,#2541,.F.);
#1380=ORIENTED_EDGE('',*,*,#2320,.T.);
#1381=ORIENTED_EDGE('',*,*,#2525,.F.);
#1382=ORIENTED_EDGE('',*,*,#2542,.F.);
#1383=ORIENTED_EDGE('',*,*,#2524,.T.);
#1384=ORIENTED_EDGE('',*,*,#2526,.T.);
#1385=ORIENTED_EDGE('',*,*,#2527,.T.);
#1386=ORIENTED_EDGE('',*,*,#2529,.T.);
#1387=ORIENTED_EDGE('',*,*,#2531,.T.);
#1388=ORIENTED_EDGE('',*,*,#2533,.T.);
#1389=ORIENTED_EDGE('',*,*,#2534,.T.);
#1390=ORIENTED_EDGE('',*,*,#2535,.T.);
#1391=ORIENTED_EDGE('',*,*,#2536,.T.);
#1392=ORIENTED_EDGE('',*,*,#2537,.T.);
#1393=ORIENTED_EDGE('',*,*,#2539,.T.);
#1394=ORIENTED_EDGE('',*,*,#2540,.T.);
#1395=ORIENTED_EDGE('',*,*,#2541,.T.);
#1396=ORIENTED_EDGE('',*,*,#2542,.T.);
#1397=ORIENTED_EDGE('',*,*,#2343,.T.);
#1398=ORIENTED_EDGE('',*,*,#2543,.F.);
#1399=ORIENTED_EDGE('',*,*,#2544,.F.);
#1400=ORIENTED_EDGE('',*,*,#2545,.T.);
#1401=ORIENTED_EDGE('',*,*,#2354,.T.);
#1402=ORIENTED_EDGE('',*,*,#2546,.F.);
#1403=ORIENTED_EDGE('',*,*,#2547,.F.);
#1404=ORIENTED_EDGE('',*,*,#2543,.T.);
#1405=ORIENTED_EDGE('',*,*,#2353,.T.);
#1406=ORIENTED_EDGE('',*,*,#2548,.F.);
#1407=ORIENTED_EDGE('',*,*,#2549,.F.);
#1408=ORIENTED_EDGE('',*,*,#2546,.T.);
#1409=ORIENTED_EDGE('',*,*,#2352,.T.);
#1410=ORIENTED_EDGE('',*,*,#2550,.F.);
#1411=ORIENTED_EDGE('',*,*,#2551,.F.);
#1412=ORIENTED_EDGE('',*,*,#2548,.T.);
#1413=ORIENTED_EDGE('',*,*,#2351,.T.);
#1414=ORIENTED_EDGE('',*,*,#2552,.F.);
#1415=ORIENTED_EDGE('',*,*,#2553,.F.);
#1416=ORIENTED_EDGE('',*,*,#2550,.T.);
#1417=ORIENTED_EDGE('',*,*,#2350,.T.);
#1418=ORIENTED_EDGE('',*,*,#2554,.F.);
#1419=ORIENTED_EDGE('',*,*,#2555,.F.);
#1420=ORIENTED_EDGE('',*,*,#2552,.T.);
#1421=ORIENTED_EDGE('',*,*,#2349,.T.);
#1422=ORIENTED_EDGE('',*,*,#2556,.F.);
#1423=ORIENTED_EDGE('',*,*,#2557,.F.);
#1424=ORIENTED_EDGE('',*,*,#2554,.T.);
#1425=ORIENTED_EDGE('',*,*,#2348,.T.);
#1426=ORIENTED_EDGE('',*,*,#2558,.F.);
#1427=ORIENTED_EDGE('',*,*,#2559,.F.);
#1428=ORIENTED_EDGE('',*,*,#2556,.T.);
#1429=ORIENTED_EDGE('',*,*,#2347,.T.);
#1430=ORIENTED_EDGE('',*,*,#2560,.F.);
#1431=ORIENTED_EDGE('',*,*,#2561,.F.);
#1432=ORIENTED_EDGE('',*,*,#2558,.T.);
#1433=ORIENTED_EDGE('',*,*,#2346,.T.);
#1434=ORIENTED_EDGE('',*,*,#2562,.F.);
#1435=ORIENTED_EDGE('',*,*,#2563,.F.);
#1436=ORIENTED_EDGE('',*,*,#2560,.T.);
#1437=ORIENTED_EDGE('',*,*,#2345,.T.);
#1438=ORIENTED_EDGE('',*,*,#2564,.F.);
#1439=ORIENTED_EDGE('',*,*,#2565,.F.);
#1440=ORIENTED_EDGE('',*,*,#2562,.T.);
#1441=ORIENTED_EDGE('',*,*,#2344,.T.);
#1442=ORIENTED_EDGE('',*,*,#2545,.F.);
#1443=ORIENTED_EDGE('',*,*,#2566,.F.);
#1444=ORIENTED_EDGE('',*,*,#2564,.T.);
#1445=ORIENTED_EDGE('',*,*,#2544,.T.);
#1446=ORIENTED_EDGE('',*,*,#2547,.T.);
#1447=ORIENTED_EDGE('',*,*,#2549,.T.);
#1448=ORIENTED_EDGE('',*,*,#2551,.T.);
#1449=ORIENTED_EDGE('',*,*,#2553,.T.);
#1450=ORIENTED_EDGE('',*,*,#2555,.T.);
#1451=ORIENTED_EDGE('',*,*,#2557,.T.);
#1452=ORIENTED_EDGE('',*,*,#2559,.T.);
#1453=ORIENTED_EDGE('',*,*,#2561,.T.);
#1454=ORIENTED_EDGE('',*,*,#2563,.T.);
#1455=ORIENTED_EDGE('',*,*,#2565,.T.);
#1456=ORIENTED_EDGE('',*,*,#2566,.T.);
#1457=ORIENTED_EDGE('',*,*,#2567,.T.);
#1458=ORIENTED_EDGE('',*,*,#2568,.T.);
#1459=ORIENTED_EDGE('',*,*,#2569,.T.);
#1460=ORIENTED_EDGE('',*,*,#2570,.T.);
#1461=ORIENTED_EDGE('',*,*,#2571,.T.);
#1462=ORIENTED_EDGE('',*,*,#2572,.T.);
#1463=ORIENTED_EDGE('',*,*,#2573,.T.);
#1464=ORIENTED_EDGE('',*,*,#2574,.F.);
#1465=ORIENTED_EDGE('',*,*,#2575,.F.);
#1466=ORIENTED_EDGE('',*,*,#2576,.F.);
#1467=ORIENTED_EDGE('',*,*,#2577,.F.);
#1468=ORIENTED_EDGE('',*,*,#2578,.F.);
#1469=ORIENTED_EDGE('',*,*,#2579,.F.);
#1470=ORIENTED_EDGE('',*,*,#2580,.F.);
#1471=ORIENTED_EDGE('',*,*,#2355,.T.);
#1472=ORIENTED_EDGE('',*,*,#2581,.F.);
#1473=ORIENTED_EDGE('',*,*,#2567,.F.);
#1474=ORIENTED_EDGE('',*,*,#2582,.T.);
#1475=ORIENTED_EDGE('',*,*,#2361,.T.);
#1476=ORIENTED_EDGE('',*,*,#2583,.F.);
#1477=ORIENTED_EDGE('',*,*,#2568,.F.);
#1478=ORIENTED_EDGE('',*,*,#2581,.T.);
#1479=ORIENTED_EDGE('',*,*,#2360,.T.);
#1480=ORIENTED_EDGE('',*,*,#2584,.F.);
#1481=ORIENTED_EDGE('',*,*,#2569,.F.);
#1482=ORIENTED_EDGE('',*,*,#2583,.T.);
#1483=ORIENTED_EDGE('',*,*,#2359,.T.);
#1484=ORIENTED_EDGE('',*,*,#2585,.F.);
#1485=ORIENTED_EDGE('',*,*,#2570,.F.);
#1486=ORIENTED_EDGE('',*,*,#2584,.T.);
#1487=ORIENTED_EDGE('',*,*,#2358,.T.);
#1488=ORIENTED_EDGE('',*,*,#2586,.F.);
#1489=ORIENTED_EDGE('',*,*,#2571,.F.);
#1490=ORIENTED_EDGE('',*,*,#2585,.T.);
#1491=ORIENTED_EDGE('',*,*,#2357,.T.);
#1492=ORIENTED_EDGE('',*,*,#2587,.F.);
#1493=ORIENTED_EDGE('',*,*,#2572,.F.);
#1494=ORIENTED_EDGE('',*,*,#2586,.T.);
#1495=ORIENTED_EDGE('',*,*,#2356,.T.);
#1496=ORIENTED_EDGE('',*,*,#2582,.F.);
#1497=ORIENTED_EDGE('',*,*,#2573,.F.);
#1498=ORIENTED_EDGE('',*,*,#2587,.T.);
#1499=ORIENTED_EDGE('',*,*,#2588,.F.);
#1500=ORIENTED_EDGE('',*,*,#2575,.T.);
#1501=ORIENTED_EDGE('',*,*,#2589,.T.);
#1502=ORIENTED_EDGE('',*,*,#2590,.F.);
#1503=ORIENTED_EDGE('',*,*,#2589,.F.);
#1504=ORIENTED_EDGE('',*,*,#2574,.T.);
#1505=ORIENTED_EDGE('',*,*,#2591,.T.);
#1506=ORIENTED_EDGE('',*,*,#2592,.F.);
#1507=ORIENTED_EDGE('',*,*,#2591,.F.);
#1508=ORIENTED_EDGE('',*,*,#2580,.T.);
#1509=ORIENTED_EDGE('',*,*,#2593,.F.);
#1510=ORIENTED_EDGE('',*,*,#2579,.T.);
#1511=ORIENTED_EDGE('',*,*,#2594,.F.);
#1512=ORIENTED_EDGE('',*,*,#2578,.T.);
#1513=ORIENTED_EDGE('',*,*,#2595,.T.);
#1514=ORIENTED_EDGE('',*,*,#2596,.F.);
#1515=ORIENTED_EDGE('',*,*,#2595,.F.);
#1516=ORIENTED_EDGE('',*,*,#2577,.T.);
#1517=ORIENTED_EDGE('',*,*,#2597,.F.);
#1518=ORIENTED_EDGE('',*,*,#2576,.T.);
#1519=ORIENTED_EDGE('',*,*,#2597,.T.);
#1520=ORIENTED_EDGE('',*,*,#2588,.T.);
#1521=ORIENTED_EDGE('',*,*,#2590,.T.);
#1522=ORIENTED_EDGE('',*,*,#2592,.T.);
#1523=ORIENTED_EDGE('',*,*,#2593,.T.);
#1524=ORIENTED_EDGE('',*,*,#2594,.T.);
#1525=ORIENTED_EDGE('',*,*,#2596,.T.);
#1526=ORIENTED_EDGE('',*,*,#2598,.T.);
#1527=ORIENTED_EDGE('',*,*,#2599,.T.);
#1528=ORIENTED_EDGE('',*,*,#2600,.T.);
#1529=ORIENTED_EDGE('',*,*,#2601,.T.);
#1530=ORIENTED_EDGE('',*,*,#2602,.T.);
#1531=ORIENTED_EDGE('',*,*,#2603,.T.);
#1532=ORIENTED_EDGE('',*,*,#2604,.T.);
#1533=ORIENTED_EDGE('',*,*,#2605,.T.);
#1534=ORIENTED_EDGE('',*,*,#2606,.F.);
#1535=ORIENTED_EDGE('',*,*,#2607,.F.);
#1536=ORIENTED_EDGE('',*,*,#2608,.F.);
#1537=ORIENTED_EDGE('',*,*,#2609,.F.);
#1538=ORIENTED_EDGE('',*,*,#2610,.F.);
#1539=ORIENTED_EDGE('',*,*,#2611,.F.);
#1540=ORIENTED_EDGE('',*,*,#2362,.T.);
#1541=ORIENTED_EDGE('',*,*,#2612,.F.);
#1542=ORIENTED_EDGE('',*,*,#2598,.F.);
#1543=ORIENTED_EDGE('',*,*,#2613,.T.);
#1544=ORIENTED_EDGE('',*,*,#2369,.T.);
#1545=ORIENTED_EDGE('',*,*,#2614,.F.);
#1546=ORIENTED_EDGE('',*,*,#2599,.F.);
#1547=ORIENTED_EDGE('',*,*,#2612,.T.);
#1548=ORIENTED_EDGE('',*,*,#2368,.T.);
#1549=ORIENTED_EDGE('',*,*,#2615,.F.);
#1550=ORIENTED_EDGE('',*,*,#2600,.F.);
#1551=ORIENTED_EDGE('',*,*,#2614,.T.);
#1552=ORIENTED_EDGE('',*,*,#2367,.T.);
#1553=ORIENTED_EDGE('',*,*,#2616,.F.);
#1554=ORIENTED_EDGE('',*,*,#2601,.F.);
#1555=ORIENTED_EDGE('',*,*,#2615,.T.);
#1556=ORIENTED_EDGE('',*,*,#2366,.T.);
#1557=ORIENTED_EDGE('',*,*,#2617,.F.);
#1558=ORIENTED_EDGE('',*,*,#2602,.F.);
#1559=ORIENTED_EDGE('',*,*,#2616,.T.);
#1560=ORIENTED_EDGE('',*,*,#2365,.T.);
#1561=ORIENTED_EDGE('',*,*,#2618,.F.);
#1562=ORIENTED_EDGE('',*,*,#2603,.F.);
#1563=ORIENTED_EDGE('',*,*,#2617,.T.);
#1564=ORIENTED_EDGE('',*,*,#2364,.T.);
#1565=ORIENTED_EDGE('',*,*,#2619,.F.);
#1566=ORIENTED_EDGE('',*,*,#2604,.F.);
#1567=ORIENTED_EDGE('',*,*,#2618,.T.);
#1568=ORIENTED_EDGE('',*,*,#2363,.T.);
#1569=ORIENTED_EDGE('',*,*,#2613,.F.);
#1570=ORIENTED_EDGE('',*,*,#2605,.F.);
#1571=ORIENTED_EDGE('',*,*,#2619,.T.);
#1572=ORIENTED_EDGE('',*,*,#2620,.F.);
#1573=ORIENTED_EDGE('',*,*,#2621,.F.);
#1574=ORIENTED_EDGE('',*,*,#2606,.T.);
#1575=ORIENTED_EDGE('',*,*,#2622,.T.);
#1576=ORIENTED_EDGE('',*,*,#2623,.F.);
#1577=ORIENTED_EDGE('',*,*,#2622,.F.);
#1578=ORIENTED_EDGE('',*,*,#2611,.T.);
#1579=ORIENTED_EDGE('',*,*,#2624,.T.);
#1580=ORIENTED_EDGE('',*,*,#2625,.F.);
#1581=ORIENTED_EDGE('',*,*,#2624,.F.);
#1582=ORIENTED_EDGE('',*,*,#2610,.T.);
#1583=ORIENTED_EDGE('',*,*,#2626,.T.);
#1584=ORIENTED_EDGE('',*,*,#2627,.F.);
#1585=ORIENTED_EDGE('',*,*,#2626,.F.);
#1586=ORIENTED_EDGE('',*,*,#2609,.T.);
#1587=ORIENTED_EDGE('',*,*,#2628,.T.);
#1588=ORIENTED_EDGE('',*,*,#2629,.F.);
#1589=ORIENTED_EDGE('',*,*,#2628,.F.);
#1590=ORIENTED_EDGE('',*,*,#2608,.T.);
#1591=ORIENTED_EDGE('',*,*,#2630,.T.);
#1592=ORIENTED_EDGE('',*,*,#2631,.F.);
#1593=ORIENTED_EDGE('',*,*,#2630,.F.);
#1594=ORIENTED_EDGE('',*,*,#2607,.T.);
#1595=ORIENTED_EDGE('',*,*,#2621,.T.);
#1596=ORIENTED_EDGE('',*,*,#2631,.T.);
#1597=ORIENTED_EDGE('',*,*,#2620,.T.);
#1598=ORIENTED_EDGE('',*,*,#2623,.T.);
#1599=ORIENTED_EDGE('',*,*,#2625,.T.);
#1600=ORIENTED_EDGE('',*,*,#2627,.T.);
#1601=ORIENTED_EDGE('',*,*,#2629,.T.);
#1602=ORIENTED_EDGE('',*,*,#2307,.T.);
#1603=ORIENTED_EDGE('',*,*,#2632,.F.);
#1604=ORIENTED_EDGE('',*,*,#2633,.F.);
#1605=ORIENTED_EDGE('',*,*,#2634,.T.);
#1606=ORIENTED_EDGE('',*,*,#2318,.T.);
#1607=ORIENTED_EDGE('',*,*,#2635,.F.);
#1608=ORIENTED_EDGE('',*,*,#2636,.F.);
#1609=ORIENTED_EDGE('',*,*,#2632,.T.);
#1610=ORIENTED_EDGE('',*,*,#2317,.T.);
#1611=ORIENTED_EDGE('',*,*,#2637,.F.);
#1612=ORIENTED_EDGE('',*,*,#2638,.F.);
#1613=ORIENTED_EDGE('',*,*,#2635,.T.);
#1614=ORIENTED_EDGE('',*,*,#2316,.T.);
#1615=ORIENTED_EDGE('',*,*,#2639,.F.);
#1616=ORIENTED_EDGE('',*,*,#2640,.F.);
#1617=ORIENTED_EDGE('',*,*,#2637,.T.);
#1618=ORIENTED_EDGE('',*,*,#2315,.T.);
#1619=ORIENTED_EDGE('',*,*,#2641,.F.);
#1620=ORIENTED_EDGE('',*,*,#2642,.F.);
#1621=ORIENTED_EDGE('',*,*,#2639,.T.);
#1622=ORIENTED_EDGE('',*,*,#2314,.T.);
#1623=ORIENTED_EDGE('',*,*,#2643,.F.);
#1624=ORIENTED_EDGE('',*,*,#2644,.F.);
#1625=ORIENTED_EDGE('',*,*,#2641,.T.);
#1626=ORIENTED_EDGE('',*,*,#2313,.T.);
#1627=ORIENTED_EDGE('',*,*,#2645,.F.);
#1628=ORIENTED_EDGE('',*,*,#2646,.F.);
#1629=ORIENTED_EDGE('',*,*,#2643,.T.);
#1630=ORIENTED_EDGE('',*,*,#2312,.T.);
#1631=ORIENTED_EDGE('',*,*,#2647,.F.);
#1632=ORIENTED_EDGE('',*,*,#2648,.F.);
#1633=ORIENTED_EDGE('',*,*,#2645,.T.);
#1634=ORIENTED_EDGE('',*,*,#2311,.T.);
#1635=ORIENTED_EDGE('',*,*,#2649,.F.);
#1636=ORIENTED_EDGE('',*,*,#2650,.F.);
#1637=ORIENTED_EDGE('',*,*,#2647,.T.);
#1638=ORIENTED_EDGE('',*,*,#2310,.T.);
#1639=ORIENTED_EDGE('',*,*,#2651,.F.);
#1640=ORIENTED_EDGE('',*,*,#2652,.F.);
#1641=ORIENTED_EDGE('',*,*,#2649,.T.);
#1642=ORIENTED_EDGE('',*,*,#2309,.T.);
#1643=ORIENTED_EDGE('',*,*,#2653,.F.);
#1644=ORIENTED_EDGE('',*,*,#2654,.F.);
#1645=ORIENTED_EDGE('',*,*,#2651,.T.);
#1646=ORIENTED_EDGE('',*,*,#2308,.T.);
#1647=ORIENTED_EDGE('',*,*,#2634,.F.);
#1648=ORIENTED_EDGE('',*,*,#2655,.F.);
#1649=ORIENTED_EDGE('',*,*,#2653,.T.);
#1650=ORIENTED_EDGE('',*,*,#2633,.T.);
#1651=ORIENTED_EDGE('',*,*,#2636,.T.);
#1652=ORIENTED_EDGE('',*,*,#2638,.T.);
#1653=ORIENTED_EDGE('',*,*,#2640,.T.);
#1654=ORIENTED_EDGE('',*,*,#2642,.T.);
#1655=ORIENTED_EDGE('',*,*,#2644,.T.);
#1656=ORIENTED_EDGE('',*,*,#2646,.T.);
#1657=ORIENTED_EDGE('',*,*,#2648,.T.);
#1658=ORIENTED_EDGE('',*,*,#2650,.T.);
#1659=ORIENTED_EDGE('',*,*,#2652,.T.);
#1660=ORIENTED_EDGE('',*,*,#2654,.T.);
#1661=ORIENTED_EDGE('',*,*,#2655,.T.);
#1662=ORIENTED_EDGE('',*,*,#2656,.T.);
#1663=ORIENTED_EDGE('',*,*,#2657,.T.);
#1664=ORIENTED_EDGE('',*,*,#2658,.T.);
#1665=ORIENTED_EDGE('',*,*,#2659,.T.);
#1666=ORIENTED_EDGE('',*,*,#2660,.T.);
#1667=ORIENTED_EDGE('',*,*,#2661,.T.);
#1668=ORIENTED_EDGE('',*,*,#2662,.T.);
#1669=ORIENTED_EDGE('',*,*,#2663,.T.);
#1670=ORIENTED_EDGE('',*,*,#2664,.T.);
#1671=ORIENTED_EDGE('',*,*,#2665,.T.);
#1672=ORIENTED_EDGE('',*,*,#2666,.T.);
#1673=ORIENTED_EDGE('',*,*,#2667,.T.);
#1674=ORIENTED_EDGE('',*,*,#2668,.T.);
#1675=ORIENTED_EDGE('',*,*,#2669,.T.);
#1676=ORIENTED_EDGE('',*,*,#2670,.F.);
#1677=ORIENTED_EDGE('',*,*,#2671,.F.);
#1678=ORIENTED_EDGE('',*,*,#2672,.F.);
#1679=ORIENTED_EDGE('',*,*,#2673,.F.);
#1680=ORIENTED_EDGE('',*,*,#2674,.F.);
#1681=ORIENTED_EDGE('',*,*,#2675,.F.);
#1682=ORIENTED_EDGE('',*,*,#2676,.F.);
#1683=ORIENTED_EDGE('',*,*,#2677,.F.);
#1684=ORIENTED_EDGE('',*,*,#2293,.T.);
#1685=ORIENTED_EDGE('',*,*,#2656,.F.);
#1686=ORIENTED_EDGE('',*,*,#2306,.T.);
#1687=ORIENTED_EDGE('',*,*,#2657,.F.);
#1688=ORIENTED_EDGE('',*,*,#2305,.T.);
#1689=ORIENTED_EDGE('',*,*,#2658,.F.);
#1690=ORIENTED_EDGE('',*,*,#2304,.T.);
#1691=ORIENTED_EDGE('',*,*,#2678,.F.);
#1692=ORIENTED_EDGE('',*,*,#2659,.F.);
#1693=ORIENTED_EDGE('',*,*,#2303,.T.);
#1694=ORIENTED_EDGE('',*,*,#2679,.F.);
#1695=ORIENTED_EDGE('',*,*,#2660,.F.);
#1696=ORIENTED_EDGE('',*,*,#2678,.T.);
#1697=ORIENTED_EDGE('',*,*,#2302,.T.);
#1698=ORIENTED_EDGE('',*,*,#2680,.F.);
#1699=ORIENTED_EDGE('',*,*,#2661,.F.);
#1700=ORIENTED_EDGE('',*,*,#2679,.T.);
#1701=ORIENTED_EDGE('',*,*,#2301,.T.);
#1702=ORIENTED_EDGE('',*,*,#2681,.F.);
#1703=ORIENTED_EDGE('',*,*,#2662,.F.);
#1704=ORIENTED_EDGE('',*,*,#2680,.T.);
#1705=ORIENTED_EDGE('',*,*,#2300,.T.);
#1706=ORIENTED_EDGE('',*,*,#2682,.F.);
#1707=ORIENTED_EDGE('',*,*,#2663,.F.);
#1708=ORIENTED_EDGE('',*,*,#2681,.T.);
#1709=ORIENTED_EDGE('',*,*,#2299,.T.);
#1710=ORIENTED_EDGE('',*,*,#2683,.F.);
#1711=ORIENTED_EDGE('',*,*,#2664,.F.);
#1712=ORIENTED_EDGE('',*,*,#2682,.T.);
#1713=ORIENTED_EDGE('',*,*,#2298,.T.);
#1714=ORIENTED_EDGE('',*,*,#2684,.F.);
#1715=ORIENTED_EDGE('',*,*,#2665,.F.);
#1716=ORIENTED_EDGE('',*,*,#2683,.T.);
#1717=ORIENTED_EDGE('',*,*,#2297,.T.);
#1718=ORIENTED_EDGE('',*,*,#2685,.F.);
#1719=ORIENTED_EDGE('',*,*,#2666,.F.);
#1720=ORIENTED_EDGE('',*,*,#2684,.T.);
#1721=ORIENTED_EDGE('',*,*,#2296,.T.);
#1722=ORIENTED_EDGE('',*,*,#2686,.F.);
#1723=ORIENTED_EDGE('',*,*,#2667,.F.);
#1724=ORIENTED_EDGE('',*,*,#2685,.T.);
#1725=ORIENTED_EDGE('',*,*,#2295,.T.);
#1726=ORIENTED_EDGE('',*,*,#2687,.F.);
#1727=ORIENTED_EDGE('',*,*,#2668,.F.);
#1728=ORIENTED_EDGE('',*,*,#2686,.T.);
#1729=ORIENTED_EDGE('',*,*,#2294,.T.);
#1730=ORIENTED_EDGE('',*,*,#2669,.F.);
#1731=ORIENTED_EDGE('',*,*,#2687,.T.);
#1732=ORIENTED_EDGE('',*,*,#2688,.F.);
#1733=ORIENTED_EDGE('',*,*,#2671,.T.);
#1734=ORIENTED_EDGE('',*,*,#2689,.F.);
#1735=ORIENTED_EDGE('',*,*,#2670,.T.);
#1736=ORIENTED_EDGE('',*,*,#2690,.T.);
#1737=ORIENTED_EDGE('',*,*,#2691,.F.);
#1738=ORIENTED_EDGE('',*,*,#2690,.F.);
#1739=ORIENTED_EDGE('',*,*,#2677,.T.);
#1740=ORIENTED_EDGE('',*,*,#2692,.T.);
#1741=ORIENTED_EDGE('',*,*,#2693,.F.);
#1742=ORIENTED_EDGE('',*,*,#2692,.F.);
#1743=ORIENTED_EDGE('',*,*,#2676,.T.);
#1744=ORIENTED_EDGE('',*,*,#2694,.T.);
#1745=ORIENTED_EDGE('',*,*,#2695,.F.);
#1746=ORIENTED_EDGE('',*,*,#2694,.F.);
#1747=ORIENTED_EDGE('',*,*,#2675,.T.);
#1748=ORIENTED_EDGE('',*,*,#2696,.F.);
#1749=ORIENTED_EDGE('',*,*,#2674,.T.);
#1750=ORIENTED_EDGE('',*,*,#2697,.F.);
#1751=ORIENTED_EDGE('',*,*,#2673,.T.);
#1752=ORIENTED_EDGE('',*,*,#2698,.T.);
#1753=ORIENTED_EDGE('',*,*,#2699,.F.);
#1754=ORIENTED_EDGE('',*,*,#2698,.F.);
#1755=ORIENTED_EDGE('',*,*,#2672,.T.);
#1756=ORIENTED_EDGE('',*,*,#2699,.T.);
#1757=ORIENTED_EDGE('',*,*,#2688,.T.);
#1758=ORIENTED_EDGE('',*,*,#2689,.T.);
#1759=ORIENTED_EDGE('',*,*,#2691,.T.);
#1760=ORIENTED_EDGE('',*,*,#2693,.T.);
#1761=ORIENTED_EDGE('',*,*,#2695,.T.);
#1762=ORIENTED_EDGE('',*,*,#2696,.T.);
#1763=ORIENTED_EDGE('',*,*,#2697,.T.);
#1764=ORIENTED_EDGE('',*,*,#2370,.T.);
#1765=ORIENTED_EDGE('',*,*,#2700,.F.);
#1766=ORIENTED_EDGE('',*,*,#2390,.T.);
#1767=ORIENTED_EDGE('',*,*,#2701,.F.);
#1768=ORIENTED_EDGE('',*,*,#2389,.T.);
#1769=ORIENTED_EDGE('',*,*,#2702,.F.);
#1770=ORIENTED_EDGE('',*,*,#2388,.T.);
#1771=ORIENTED_EDGE('',*,*,#2703,.F.);
#1772=ORIENTED_EDGE('',*,*,#2704,.F.);
#1773=ORIENTED_EDGE('',*,*,#2387,.T.);
#1774=ORIENTED_EDGE('',*,*,#2705,.F.);
#1775=ORIENTED_EDGE('',*,*,#2706,.F.);
#1776=ORIENTED_EDGE('',*,*,#2703,.T.);
#1777=ORIENTED_EDGE('',*,*,#2386,.T.);
#1778=ORIENTED_EDGE('',*,*,#2707,.F.);
#1779=ORIENTED_EDGE('',*,*,#2708,.F.);
#1780=ORIENTED_EDGE('',*,*,#2705,.T.);
#1781=ORIENTED_EDGE('',*,*,#2385,.T.);
#1782=ORIENTED_EDGE('',*,*,#2709,.F.);
#1783=ORIENTED_EDGE('',*,*,#2710,.F.);
#1784=ORIENTED_EDGE('',*,*,#2707,.T.);
#1785=ORIENTED_EDGE('',*,*,#2384,.T.);
#1786=ORIENTED_EDGE('',*,*,#2711,.F.);
#1787=ORIENTED_EDGE('',*,*,#2712,.F.);
#1788=ORIENTED_EDGE('',*,*,#2709,.T.);
#1789=ORIENTED_EDGE('',*,*,#2383,.T.);
#1790=ORIENTED_EDGE('',*,*,#2713,.F.);
#1791=ORIENTED_EDGE('',*,*,#2714,.F.);
#1792=ORIENTED_EDGE('',*,*,#2711,.T.);
#1793=ORIENTED_EDGE('',*,*,#2382,.T.);
#1794=ORIENTED_EDGE('',*,*,#2715,.F.);
#1795=ORIENTED_EDGE('',*,*,#2716,.F.);
#1796=ORIENTED_EDGE('',*,*,#2713,.T.);
#1797=ORIENTED_EDGE('',*,*,#2381,.T.);
#1798=ORIENTED_EDGE('',*,*,#2717,.F.);
#1799=ORIENTED_EDGE('',*,*,#2715,.T.);
#1800=ORIENTED_EDGE('',*,*,#2380,.T.);
#1801=ORIENTED_EDGE('',*,*,#2718,.F.);
#1802=ORIENTED_EDGE('',*,*,#2379,.T.);
#1803=ORIENTED_EDGE('',*,*,#2719,.F.);
#1804=ORIENTED_EDGE('',*,*,#2378,.T.);
#1805=ORIENTED_EDGE('',*,*,#2720,.F.);
#1806=ORIENTED_EDGE('',*,*,#2377,.T.);
#1807=ORIENTED_EDGE('',*,*,#2721,.F.);
#1808=ORIENTED_EDGE('',*,*,#2722,.F.);
#1809=ORIENTED_EDGE('',*,*,#2376,.T.);
#1810=ORIENTED_EDGE('',*,*,#2723,.F.);
#1811=ORIENTED_EDGE('',*,*,#2724,.F.);
#1812=ORIENTED_EDGE('',*,*,#2721,.T.);
#1813=ORIENTED_EDGE('',*,*,#2375,.T.);
#1814=ORIENTED_EDGE('',*,*,#2725,.F.);
#1815=ORIENTED_EDGE('',*,*,#2726,.F.);
#1816=ORIENTED_EDGE('',*,*,#2723,.T.);
#1817=ORIENTED_EDGE('',*,*,#2374,.T.);
#1818=ORIENTED_EDGE('',*,*,#2727,.F.);
#1819=ORIENTED_EDGE('',*,*,#2725,.T.);
#1820=ORIENTED_EDGE('',*,*,#2373,.T.);
#1821=ORIENTED_EDGE('',*,*,#2728,.F.);
#1822=ORIENTED_EDGE('',*,*,#2729,.F.);
#1823=ORIENTED_EDGE('',*,*,#2372,.T.);
#1824=ORIENTED_EDGE('',*,*,#2730,.F.);
#1825=ORIENTED_EDGE('',*,*,#2731,.F.);
#1826=ORIENTED_EDGE('',*,*,#2728,.T.);
#1827=ORIENTED_EDGE('',*,*,#2371,.T.);
#1828=ORIENTED_EDGE('',*,*,#2732,.F.);
#1829=ORIENTED_EDGE('',*,*,#2730,.T.);
#1830=ORIENTED_EDGE('',*,*,#2700,.T.);
#1831=ORIENTED_EDGE('',*,*,#2701,.T.);
#1832=ORIENTED_EDGE('',*,*,#2702,.T.);
#1833=ORIENTED_EDGE('',*,*,#2704,.T.);
#1834=ORIENTED_EDGE('',*,*,#2706,.T.);
#1835=ORIENTED_EDGE('',*,*,#2708,.T.);
#1836=ORIENTED_EDGE('',*,*,#2710,.T.);
#1837=ORIENTED_EDGE('',*,*,#2712,.T.);
#1838=ORIENTED_EDGE('',*,*,#2714,.T.);
#1839=ORIENTED_EDGE('',*,*,#2716,.T.);
#1840=ORIENTED_EDGE('',*,*,#2717,.T.);
#1841=ORIENTED_EDGE('',*,*,#2718,.T.);
#1842=ORIENTED_EDGE('',*,*,#2719,.T.);
#1843=ORIENTED_EDGE('',*,*,#2720,.T.);
#1844=ORIENTED_EDGE('',*,*,#2722,.T.);
#1845=ORIENTED_EDGE('',*,*,#2724,.T.);
#1846=ORIENTED_EDGE('',*,*,#2726,.T.);
#1847=ORIENTED_EDGE('',*,*,#2727,.T.);
#1848=ORIENTED_EDGE('',*,*,#2729,.T.);
#1849=ORIENTED_EDGE('',*,*,#2731,.T.);
#1850=ORIENTED_EDGE('',*,*,#2732,.T.);
#1851=ORIENTED_EDGE('',*,*,#2278,.T.);
#1852=ORIENTED_EDGE('',*,*,#2733,.F.);
#1853=ORIENTED_EDGE('',*,*,#2734,.F.);
#1854=ORIENTED_EDGE('',*,*,#2735,.T.);
#1855=ORIENTED_EDGE('',*,*,#2292,.T.);
#1856=ORIENTED_EDGE('',*,*,#2736,.F.);
#1857=ORIENTED_EDGE('',*,*,#2737,.F.);
#1858=ORIENTED_EDGE('',*,*,#2733,.T.);
#1859=ORIENTED_EDGE('',*,*,#2291,.T.);
#1860=ORIENTED_EDGE('',*,*,#2738,.F.);
#1861=ORIENTED_EDGE('',*,*,#2739,.F.);
#1862=ORIENTED_EDGE('',*,*,#2736,.T.);
#1863=ORIENTED_EDGE('',*,*,#2290,.T.);
#1864=ORIENTED_EDGE('',*,*,#2740,.F.);
#1865=ORIENTED_EDGE('',*,*,#2741,.F.);
#1866=ORIENTED_EDGE('',*,*,#2738,.T.);
#1867=ORIENTED_EDGE('',*,*,#2289,.T.);
#1868=ORIENTED_EDGE('',*,*,#2742,.F.);
#1869=ORIENTED_EDGE('',*,*,#2743,.F.);
#1870=ORIENTED_EDGE('',*,*,#2740,.T.);
#1871=ORIENTED_EDGE('',*,*,#2288,.T.);
#1872=ORIENTED_EDGE('',*,*,#2744,.F.);
#1873=ORIENTED_EDGE('',*,*,#2745,.F.);
#1874=ORIENTED_EDGE('',*,*,#2742,.T.);
#1875=ORIENTED_EDGE('',*,*,#2287,.T.);
#1876=ORIENTED_EDGE('',*,*,#2746,.F.);
#1877=ORIENTED_EDGE('',*,*,#2747,.F.);
#1878=ORIENTED_EDGE('',*,*,#2744,.T.);
#1879=ORIENTED_EDGE('',*,*,#2286,.T.);
#1880=ORIENTED_EDGE('',*,*,#2748,.F.);
#1881=ORIENTED_EDGE('',*,*,#2749,.F.);
#1882=ORIENTED_EDGE('',*,*,#2746,.T.);
#1883=ORIENTED_EDGE('',*,*,#2285,.T.);
#1884=ORIENTED_EDGE('',*,*,#2750,.F.);
#1885=ORIENTED_EDGE('',*,*,#2751,.F.);
#1886=ORIENTED_EDGE('',*,*,#2748,.T.);
#1887=ORIENTED_EDGE('',*,*,#2284,.T.);
#1888=ORIENTED_EDGE('',*,*,#2752,.F.);
#1889=ORIENTED_EDGE('',*,*,#2750,.T.);
#1890=ORIENTED_EDGE('',*,*,#2283,.T.);
#1891=ORIENTED_EDGE('',*,*,#2753,.F.);
#1892=ORIENTED_EDGE('',*,*,#2282,.T.);
#1893=ORIENTED_EDGE('',*,*,#2754,.F.);
#1894=ORIENTED_EDGE('',*,*,#2281,.T.);
#1895=ORIENTED_EDGE('',*,*,#2755,.F.);
#1896=ORIENTED_EDGE('',*,*,#2280,.T.);
#1897=ORIENTED_EDGE('',*,*,#2756,.F.);
#1898=ORIENTED_EDGE('',*,*,#2757,.F.);
#1899=ORIENTED_EDGE('',*,*,#2279,.T.);
#1900=ORIENTED_EDGE('',*,*,#2735,.F.);
#1901=ORIENTED_EDGE('',*,*,#2758,.F.);
#1902=ORIENTED_EDGE('',*,*,#2756,.T.);
#1903=ORIENTED_EDGE('',*,*,#2734,.T.);
#1904=ORIENTED_EDGE('',*,*,#2737,.T.);
#1905=ORIENTED_EDGE('',*,*,#2739,.T.);
#1906=ORIENTED_EDGE('',*,*,#2741,.T.);
#1907=ORIENTED_EDGE('',*,*,#2743,.T.);
#1908=ORIENTED_EDGE('',*,*,#2745,.T.);
#1909=ORIENTED_EDGE('',*,*,#2747,.T.);
#1910=ORIENTED_EDGE('',*,*,#2749,.T.);
#1911=ORIENTED_EDGE('',*,*,#2751,.T.);
#1912=ORIENTED_EDGE('',*,*,#2752,.T.);
#1913=ORIENTED_EDGE('',*,*,#2753,.T.);
#1914=ORIENTED_EDGE('',*,*,#2754,.T.);
#1915=ORIENTED_EDGE('',*,*,#2755,.T.);
#1916=ORIENTED_EDGE('',*,*,#2757,.T.);
#1917=ORIENTED_EDGE('',*,*,#2758,.T.);
#1918=ORIENTED_EDGE('',*,*,#2391,.T.);
#1919=ORIENTED_EDGE('',*,*,#2759,.F.);
#1920=ORIENTED_EDGE('',*,*,#2760,.F.);
#1921=ORIENTED_EDGE('',*,*,#2761,.T.);
#1922=ORIENTED_EDGE('',*,*,#2402,.T.);
#1923=ORIENTED_EDGE('',*,*,#2762,.F.);
#1924=ORIENTED_EDGE('',*,*,#2763,.F.);
#1925=ORIENTED_EDGE('',*,*,#2759,.T.);
#1926=ORIENTED_EDGE('',*,*,#2401,.T.);
#1927=ORIENTED_EDGE('',*,*,#2764,.F.);
#1928=ORIENTED_EDGE('',*,*,#2765,.F.);
#1929=ORIENTED_EDGE('',*,*,#2762,.T.);
#1930=ORIENTED_EDGE('',*,*,#2400,.T.);
#1931=ORIENTED_EDGE('',*,*,#2766,.F.);
#1932=ORIENTED_EDGE('',*,*,#2767,.F.);
#1933=ORIENTED_EDGE('',*,*,#2764,.T.);
#1934=ORIENTED_EDGE('',*,*,#2399,.T.);
#1935=ORIENTED_EDGE('',*,*,#2768,.F.);
#1936=ORIENTED_EDGE('',*,*,#2769,.F.);
#1937=ORIENTED_EDGE('',*,*,#2766,.T.);
#1938=ORIENTED_EDGE('',*,*,#2398,.T.);
#1939=ORIENTED_EDGE('',*,*,#2770,.F.);
#1940=ORIENTED_EDGE('',*,*,#2771,.F.);
#1941=ORIENTED_EDGE('',*,*,#2768,.T.);
#1942=ORIENTED_EDGE('',*,*,#2397,.T.);
#1943=ORIENTED_EDGE('',*,*,#2772,.F.);
#1944=ORIENTED_EDGE('',*,*,#2773,.F.);
#1945=ORIENTED_EDGE('',*,*,#2770,.T.);
#1946=ORIENTED_EDGE('',*,*,#2396,.T.);
#1947=ORIENTED_EDGE('',*,*,#2774,.F.);
#1948=ORIENTED_EDGE('',*,*,#2775,.F.);
#1949=ORIENTED_EDGE('',*,*,#2772,.T.);
#1950=ORIENTED_EDGE('',*,*,#2395,.T.);
#1951=ORIENTED_EDGE('',*,*,#2776,.F.);
#1952=ORIENTED_EDGE('',*,*,#2777,.F.);
#1953=ORIENTED_EDGE('',*,*,#2774,.T.);
#1954=ORIENTED_EDGE('',*,*,#2394,.T.);
#1955=ORIENTED_EDGE('',*,*,#2778,.F.);
#1956=ORIENTED_EDGE('',*,*,#2779,.F.);
#1957=ORIENTED_EDGE('',*,*,#2776,.T.);
#1958=ORIENTED_EDGE('',*,*,#2393,.T.);
#1959=ORIENTED_EDGE('',*,*,#2780,.F.);
#1960=ORIENTED_EDGE('',*,*,#2781,.F.);
#1961=ORIENTED_EDGE('',*,*,#2778,.T.);
#1962=ORIENTED_EDGE('',*,*,#2392,.T.);
#1963=ORIENTED_EDGE('',*,*,#2761,.F.);
#1964=ORIENTED_EDGE('',*,*,#2782,.F.);
#1965=ORIENTED_EDGE('',*,*,#2780,.T.);
#1966=ORIENTED_EDGE('',*,*,#2760,.T.);
#1967=ORIENTED_EDGE('',*,*,#2763,.T.);
#1968=ORIENTED_EDGE('',*,*,#2765,.T.);
#1969=ORIENTED_EDGE('',*,*,#2767,.T.);
#1970=ORIENTED_EDGE('',*,*,#2769,.T.);
#1971=ORIENTED_EDGE('',*,*,#2771,.T.);
#1972=ORIENTED_EDGE('',*,*,#2773,.T.);
#1973=ORIENTED_EDGE('',*,*,#2775,.T.);
#1974=ORIENTED_EDGE('',*,*,#2777,.T.);
#1975=ORIENTED_EDGE('',*,*,#2779,.T.);
#1976=ORIENTED_EDGE('',*,*,#2781,.T.);
#1977=ORIENTED_EDGE('',*,*,#2782,.T.);
#1978=ORIENTED_EDGE('',*,*,#2783,.T.);
#1979=ORIENTED_EDGE('',*,*,#2784,.T.);
#1980=ORIENTED_EDGE('',*,*,#2785,.T.);
#1981=ORIENTED_EDGE('',*,*,#2786,.T.);
#1982=ORIENTED_EDGE('',*,*,#2787,.T.);
#1983=ORIENTED_EDGE('',*,*,#2788,.T.);
#1984=ORIENTED_EDGE('',*,*,#2789,.T.);
#1985=ORIENTED_EDGE('',*,*,#2790,.F.);
#1986=ORIENTED_EDGE('',*,*,#2791,.F.);
#1987=ORIENTED_EDGE('',*,*,#2792,.F.);
#1988=ORIENTED_EDGE('',*,*,#2793,.F.);
#1989=ORIENTED_EDGE('',*,*,#2794,.F.);
#1990=ORIENTED_EDGE('',*,*,#2795,.F.);
#1991=ORIENTED_EDGE('',*,*,#2796,.F.);
#1992=ORIENTED_EDGE('',*,*,#2403,.T.);
#1993=ORIENTED_EDGE('',*,*,#2797,.F.);
#1994=ORIENTED_EDGE('',*,*,#2783,.F.);
#1995=ORIENTED_EDGE('',*,*,#2798,.T.);
#1996=ORIENTED_EDGE('',*,*,#2409,.T.);
#1997=ORIENTED_EDGE('',*,*,#2799,.F.);
#1998=ORIENTED_EDGE('',*,*,#2784,.F.);
#1999=ORIENTED_EDGE('',*,*,#2797,.T.);
#2000=ORIENTED_EDGE('',*,*,#2408,.T.);
#2001=ORIENTED_EDGE('',*,*,#2800,.F.);
#2002=ORIENTED_EDGE('',*,*,#2785,.F.);
#2003=ORIENTED_EDGE('',*,*,#2799,.T.);
#2004=ORIENTED_EDGE('',*,*,#2407,.T.);
#2005=ORIENTED_EDGE('',*,*,#2801,.F.);
#2006=ORIENTED_EDGE('',*,*,#2786,.F.);
#2007=ORIENTED_EDGE('',*,*,#2800,.T.);
#2008=ORIENTED_EDGE('',*,*,#2406,.T.);
#2009=ORIENTED_EDGE('',*,*,#2802,.F.);
#2010=ORIENTED_EDGE('',*,*,#2787,.F.);
#2011=ORIENTED_EDGE('',*,*,#2801,.T.);
#2012=ORIENTED_EDGE('',*,*,#2405,.T.);
#2013=ORIENTED_EDGE('',*,*,#2803,.F.);
#2014=ORIENTED_EDGE('',*,*,#2788,.F.);
#2015=ORIENTED_EDGE('',*,*,#2802,.T.);
#2016=ORIENTED_EDGE('',*,*,#2404,.T.);
#2017=ORIENTED_EDGE('',*,*,#2798,.F.);
#2018=ORIENTED_EDGE('',*,*,#2789,.F.);
#2019=ORIENTED_EDGE('',*,*,#2803,.T.);
#2020=ORIENTED_EDGE('',*,*,#2804,.F.);
#2021=ORIENTED_EDGE('',*,*,#2791,.T.);
#2022=ORIENTED_EDGE('',*,*,#2805,.T.);
#2023=ORIENTED_EDGE('',*,*,#2806,.F.);
#2024=ORIENTED_EDGE('',*,*,#2805,.F.);
#2025=ORIENTED_EDGE('',*,*,#2790,.T.);
#2026=ORIENTED_EDGE('',*,*,#2807,.T.);
#2027=ORIENTED_EDGE('',*,*,#2808,.F.);
#2028=ORIENTED_EDGE('',*,*,#2807,.F.);
#2029=ORIENTED_EDGE('',*,*,#2796,.T.);
#2030=ORIENTED_EDGE('',*,*,#2809,.F.);
#2031=ORIENTED_EDGE('',*,*,#2795,.T.);
#2032=ORIENTED_EDGE('',*,*,#2810,.F.);
#2033=ORIENTED_EDGE('',*,*,#2794,.T.);
#2034=ORIENTED_EDGE('',*,*,#2811,.T.);
#2035=ORIENTED_EDGE('',*,*,#2812,.F.);
#2036=ORIENTED_EDGE('',*,*,#2811,.F.);
#2037=ORIENTED_EDGE('',*,*,#2793,.T.);
#2038=ORIENTED_EDGE('',*,*,#2813,.F.);
#2039=ORIENTED_EDGE('',*,*,#2792,.T.);
#2040=ORIENTED_EDGE('',*,*,#2813,.T.);
#2041=ORIENTED_EDGE('',*,*,#2804,.T.);
#2042=ORIENTED_EDGE('',*,*,#2806,.T.);
#2043=ORIENTED_EDGE('',*,*,#2808,.T.);
#2044=ORIENTED_EDGE('',*,*,#2809,.T.);
#2045=ORIENTED_EDGE('',*,*,#2810,.T.);
#2046=ORIENTED_EDGE('',*,*,#2812,.T.);
#2047=ORIENTED_EDGE('',*,*,#2814,.T.);
#2048=ORIENTED_EDGE('',*,*,#2815,.T.);
#2049=ORIENTED_EDGE('',*,*,#2816,.T.);
#2050=ORIENTED_EDGE('',*,*,#2817,.T.);
#2051=ORIENTED_EDGE('',*,*,#2818,.T.);
#2052=ORIENTED_EDGE('',*,*,#2819,.T.);
#2053=ORIENTED_EDGE('',*,*,#2820,.T.);
#2054=ORIENTED_EDGE('',*,*,#2821,.T.);
#2055=ORIENTED_EDGE('',*,*,#2822,.F.);
#2056=ORIENTED_EDGE('',*,*,#2823,.F.);
#2057=ORIENTED_EDGE('',*,*,#2824,.F.);
#2058=ORIENTED_EDGE('',*,*,#2825,.F.);
#2059=ORIENTED_EDGE('',*,*,#2826,.F.);
#2060=ORIENTED_EDGE('',*,*,#2827,.F.);
#2061=ORIENTED_EDGE('',*,*,#2410,.T.);
#2062=ORIENTED_EDGE('',*,*,#2828,.F.);
#2063=ORIENTED_EDGE('',*,*,#2814,.F.);
#2064=ORIENTED_EDGE('',*,*,#2829,.T.);
#2065=ORIENTED_EDGE('',*,*,#2417,.T.);
#2066=ORIENTED_EDGE('',*,*,#2830,.F.);
#2067=ORIENTED_EDGE('',*,*,#2815,.F.);
#2068=ORIENTED_EDGE('',*,*,#2828,.T.);
#2069=ORIENTED_EDGE('',*,*,#2416,.T.);
#2070=ORIENTED_EDGE('',*,*,#2831,.F.);
#2071=ORIENTED_EDGE('',*,*,#2816,.F.);
#2072=ORIENTED_EDGE('',*,*,#2830,.T.);
#2073=ORIENTED_EDGE('',*,*,#2415,.T.);
#2074=ORIENTED_EDGE('',*,*,#2832,.F.);
#2075=ORIENTED_EDGE('',*,*,#2817,.F.);
#2076=ORIENTED_EDGE('',*,*,#2831,.T.);
#2077=ORIENTED_EDGE('',*,*,#2414,.T.);
#2078=ORIENTED_EDGE('',*,*,#2833,.F.);
#2079=ORIENTED_EDGE('',*,*,#2818,.F.);
#2080=ORIENTED_EDGE('',*,*,#2832,.T.);
#2081=ORIENTED_EDGE('',*,*,#2413,.T.);
#2082=ORIENTED_EDGE('',*,*,#2834,.F.);
#2083=ORIENTED_EDGE('',*,*,#2819,.F.);
#2084=ORIENTED_EDGE('',*,*,#2833,.T.);
#2085=ORIENTED_EDGE('',*,*,#2412,.T.);
#2086=ORIENTED_EDGE('',*,*,#2835,.F.);
#2087=ORIENTED_EDGE('',*,*,#2820,.F.);
#2088=ORIENTED_EDGE('',*,*,#2834,.T.);
#2089=ORIENTED_EDGE('',*,*,#2411,.T.);
#2090=ORIENTED_EDGE('',*,*,#2829,.F.);
#2091=ORIENTED_EDGE('',*,*,#2821,.F.);
#2092=ORIENTED_EDGE('',*,*,#2835,.T.);
#2093=ORIENTED_EDGE('',*,*,#2836,.F.);
#2094=ORIENTED_EDGE('',*,*,#2837,.F.);
#2095=ORIENTED_EDGE('',*,*,#2822,.T.);
#2096=ORIENTED_EDGE('',*,*,#2838,.T.);
#2097=ORIENTED_EDGE('',*,*,#2839,.F.);
#2098=ORIENTED_EDGE('',*,*,#2838,.F.);
#2099=ORIENTED_EDGE('',*,*,#2827,.T.);
#2100=ORIENTED_EDGE('',*,*,#2840,.T.);
#2101=ORIENTED_EDGE('',*,*,#2841,.F.);
#2102=ORIENTED_EDGE('',*,*,#2840,.F.);
#2103=ORIENTED_EDGE('',*,*,#2826,.T.);
#2104=ORIENTED_EDGE('',*,*,#2842,.T.);
#2105=ORIENTED_EDGE('',*,*,#2843,.F.);
#2106=ORIENTED_EDGE('',*,*,#2842,.F.);
#2107=ORIENTED_EDGE('',*,*,#2825,.T.);
#2108=ORIENTED_EDGE('',*,*,#2844,.T.);
#2109=ORIENTED_EDGE('',*,*,#2845,.F.);
#2110=ORIENTED_EDGE('',*,*,#2844,.F.);
#2111=ORIENTED_EDGE('',*,*,#2824,.T.);
#2112=ORIENTED_EDGE('',*,*,#2846,.T.);
#2113=ORIENTED_EDGE('',*,*,#2847,.F.);
#2114=ORIENTED_EDGE('',*,*,#2846,.F.);
#2115=ORIENTED_EDGE('',*,*,#2823,.T.);
#2116=ORIENTED_EDGE('',*,*,#2837,.T.);
#2117=ORIENTED_EDGE('',*,*,#2847,.T.);
#2118=ORIENTED_EDGE('',*,*,#2836,.T.);
#2119=ORIENTED_EDGE('',*,*,#2839,.T.);
#2120=ORIENTED_EDGE('',*,*,#2841,.T.);
#2121=ORIENTED_EDGE('',*,*,#2843,.T.);
#2122=ORIENTED_EDGE('',*,*,#2845,.T.);
#2123=ORIENTED_EDGE('',*,*,#2848,.T.);
#2124=ORIENTED_EDGE('',*,*,#2849,.T.);
#2125=ORIENTED_EDGE('',*,*,#2850,.T.);
#2126=ORIENTED_EDGE('',*,*,#2851,.T.);
#2127=ORIENTED_EDGE('',*,*,#2852,.T.);
#2128=ORIENTED_EDGE('',*,*,#2853,.T.);
#2129=ORIENTED_EDGE('',*,*,#2854,.T.);
#2130=ORIENTED_EDGE('',*,*,#2855,.T.);
#2131=ORIENTED_EDGE('',*,*,#2856,.T.);
#2132=ORIENTED_EDGE('',*,*,#2857,.T.);
#2133=ORIENTED_EDGE('',*,*,#2858,.T.);
#2134=ORIENTED_EDGE('',*,*,#2859,.T.);
#2135=ORIENTED_EDGE('',*,*,#2860,.T.);
#2136=ORIENTED_EDGE('',*,*,#2861,.T.);
#2137=ORIENTED_EDGE('',*,*,#2862,.T.);
#2138=ORIENTED_EDGE('',*,*,#2863,.T.);
#2139=ORIENTED_EDGE('',*,*,#2864,.T.);
#2140=ORIENTED_EDGE('',*,*,#2865,.T.);
#2141=ORIENTED_EDGE('',*,*,#2866,.T.);
#2142=ORIENTED_EDGE('',*,*,#2867,.T.);
#2143=ORIENTED_EDGE('',*,*,#2868,.T.);
#2144=ORIENTED_EDGE('',*,*,#2869,.T.);
#2145=ORIENTED_EDGE('',*,*,#2870,.T.);
#2146=ORIENTED_EDGE('',*,*,#2871,.T.);
#2147=ORIENTED_EDGE('',*,*,#2872,.T.);
#2148=ORIENTED_EDGE('',*,*,#2873,.T.);
#2149=ORIENTED_EDGE('',*,*,#2874,.T.);
#2150=ORIENTED_EDGE('',*,*,#2875,.T.);
#2151=ORIENTED_EDGE('',*,*,#2876,.T.);
#2152=ORIENTED_EDGE('',*,*,#2877,.T.);
#2153=ORIENTED_EDGE('',*,*,#2878,.T.);
#2154=ORIENTED_EDGE('',*,*,#2879,.T.);
#2155=ORIENTED_EDGE('',*,*,#2880,.T.);
#2156=ORIENTED_EDGE('',*,*,#2881,.F.);
#2157=ORIENTED_EDGE('',*,*,#2882,.F.);
#2158=ORIENTED_EDGE('',*,*,#2418,.T.);
#2159=ORIENTED_EDGE('',*,*,#2883,.F.);
#2160=ORIENTED_EDGE('',*,*,#2848,.F.);
#2161=ORIENTED_EDGE('',*,*,#2884,.T.);
#2162=ORIENTED_EDGE('',*,*,#2450,.T.);
#2163=ORIENTED_EDGE('',*,*,#2885,.F.);
#2164=ORIENTED_EDGE('',*,*,#2849,.F.);
#2165=ORIENTED_EDGE('',*,*,#2883,.T.);
#2166=ORIENTED_EDGE('',*,*,#2449,.T.);
#2167=ORIENTED_EDGE('',*,*,#2886,.F.);
#2168=ORIENTED_EDGE('',*,*,#2850,.F.);
#2169=ORIENTED_EDGE('',*,*,#2885,.T.);
#2170=ORIENTED_EDGE('',*,*,#2448,.T.);
#2171=ORIENTED_EDGE('',*,*,#2887,.F.);
#2172=ORIENTED_EDGE('',*,*,#2851,.F.);
#2173=ORIENTED_EDGE('',*,*,#2886,.T.);
#2174=ORIENTED_EDGE('',*,*,#2447,.T.);
#2175=ORIENTED_EDGE('',*,*,#2888,.F.);
#2176=ORIENTED_EDGE('',*,*,#2852,.F.);
#2177=ORIENTED_EDGE('',*,*,#2887,.T.);
#2178=ORIENTED_EDGE('',*,*,#2446,.T.);
#2179=ORIENTED_EDGE('',*,*,#2889,.F.);
#2180=ORIENTED_EDGE('',*,*,#2853,.F.);
#2181=ORIENTED_EDGE('',*,*,#2888,.T.);
#2182=ORIENTED_EDGE('',*,*,#2445,.T.);
#2183=ORIENTED_EDGE('',*,*,#2890,.F.);
#2184=ORIENTED_EDGE('',*,*,#2854,.F.);
#2185=ORIENTED_EDGE('',*,*,#2889,.T.);
#2186=ORIENTED_EDGE('',*,*,#2444,.T.);
#2187=ORIENTED_EDGE('',*,*,#2891,.F.);
#2188=ORIENTED_EDGE('',*,*,#2855,.F.);
#2189=ORIENTED_EDGE('',*,*,#2890,.T.);
#2190=ORIENTED_EDGE('',*,*,#2443,.T.);
#2191=ORIENTED_EDGE('',*,*,#2892,.F.);
#2192=ORIENTED_EDGE('',*,*,#2856,.F.);
#2193=ORIENTED_EDGE('',*,*,#2891,.T.);
#2194=ORIENTED_EDGE('',*,*,#2442,.T.);
#2195=ORIENTED_EDGE('',*,*,#2857,.F.);
#2196=ORIENTED_EDGE('',*,*,#2892,.T.);
#2197=ORIENTED_EDGE('',*,*,#2441,.T.);
#2198=ORIENTED_EDGE('',*,*,#2858,.F.);
#2199=ORIENTED_EDGE('',*,*,#2440,.T.);
#2200=ORIENTED_EDGE('',*,*,#2859,.F.);
#2201=ORIENTED_EDGE('',*,*,#2439,.T.);
#2202=ORIENTED_EDGE('',*,*,#2893,.F.);
#2203=ORIENTED_EDGE('',*,*,#2860,.F.);
#2204=ORIENTED_EDGE('',*,*,#2438,.T.);
#2205=ORIENTED_EDGE('',*,*,#2894,.F.);
#2206=ORIENTED_EDGE('',*,*,#2861,.F.);
#2207=ORIENTED_EDGE('',*,*,#2893,.T.);
#2208=ORIENTED_EDGE('',*,*,#2437,.T.);
#2209=ORIENTED_EDGE('',*,*,#2895,.F.);
#2210=ORIENTED_EDGE('',*,*,#2862,.F.);
#2211=ORIENTED_EDGE('',*,*,#2894,.T.);
#2212=ORIENTED_EDGE('',*,*,#2436,.T.);
#2213=ORIENTED_EDGE('',*,*,#2863,.F.);
#2214=ORIENTED_EDGE('',*,*,#2895,.T.);
#2215=ORIENTED_EDGE('',*,*,#2435,.T.);
#2216=ORIENTED_EDGE('',*,*,#2864,.F.);
#2217=ORIENTED_EDGE('',*,*,#2434,.T.);
#2218=ORIENTED_EDGE('',*,*,#2896,.F.);
#2219=ORIENTED_EDGE('',*,*,#2865,.F.);
#2220=ORIENTED_EDGE('',*,*,#2433,.T.);
#2221=ORIENTED_EDGE('',*,*,#2897,.F.);
#2222=ORIENTED_EDGE('',*,*,#2866,.F.);
#2223=ORIENTED_EDGE('',*,*,#2896,.T.);
#2224=ORIENTED_EDGE('',*,*,#2432,.T.);
#2225=ORIENTED_EDGE('',*,*,#2898,.F.);
#2226=ORIENTED_EDGE('',*,*,#2867,.F.);
#2227=ORIENTED_EDGE('',*,*,#2897,.T.);
#2228=ORIENTED_EDGE('',*,*,#2431,.T.);
#2229=ORIENTED_EDGE('',*,*,#2899,.F.);
#2230=ORIENTED_EDGE('',*,*,#2868,.F.);
#2231=ORIENTED_EDGE('',*,*,#2898,.T.);
#2232=ORIENTED_EDGE('',*,*,#2430,.T.);
#2233=ORIENTED_EDGE('',*,*,#2869,.F.);
#2234=ORIENTED_EDGE('',*,*,#2899,.T.);
#2235=ORIENTED_EDGE('',*,*,#2429,.T.);
#2236=ORIENTED_EDGE('',*,*,#2870,.F.);
#2237=ORIENTED_EDGE('',*,*,#2428,.T.);
#2238=ORIENTED_EDGE('',*,*,#2871,.F.);
#2239=ORIENTED_EDGE('',*,*,#2427,.T.);
#2240=ORIENTED_EDGE('',*,*,#2872,.F.);
#2241=ORIENTED_EDGE('',*,*,#2426,.T.);
#2242=ORIENTED_EDGE('',*,*,#2873,.F.);
#2243=ORIENTED_EDGE('',*,*,#2425,.T.);
#2244=ORIENTED_EDGE('',*,*,#2874,.F.);
#2245=ORIENTED_EDGE('',*,*,#2424,.T.);
#2246=ORIENTED_EDGE('',*,*,#2875,.F.);
#2247=ORIENTED_EDGE('',*,*,#2423,.T.);
#2248=ORIENTED_EDGE('',*,*,#2876,.F.);
#2249=ORIENTED_EDGE('',*,*,#2422,.T.);
#2250=ORIENTED_EDGE('',*,*,#2877,.F.);
#2251=ORIENTED_EDGE('',*,*,#2421,.T.);
#2252=ORIENTED_EDGE('',*,*,#2878,.F.);
#2253=ORIENTED_EDGE('',*,*,#2420,.T.);
#2254=ORIENTED_EDGE('',*,*,#2879,.F.);
#2255=ORIENTED_EDGE('',*,*,#2419,.T.);
#2256=ORIENTED_EDGE('',*,*,#2884,.F.);
#2257=ORIENTED_EDGE('',*,*,#2880,.F.);
#2258=ORIENTED_EDGE('',*,*,#2900,.F.);
#2259=ORIENTED_EDGE('',*,*,#2901,.F.);
#2260=ORIENTED_EDGE('',*,*,#2881,.T.);
#2261=ORIENTED_EDGE('',*,*,#2902,.T.);
#2262=ORIENTED_EDGE('',*,*,#2903,.F.);
#2263=ORIENTED_EDGE('',*,*,#2902,.F.);
#2264=ORIENTED_EDGE('',*,*,#2882,.T.);
#2265=ORIENTED_EDGE('',*,*,#2901,.T.);
#2266=ORIENTED_EDGE('',*,*,#2903,.T.);
#2267=ORIENTED_EDGE('',*,*,#2900,.T.);
#2268=EDGE_CURVE('NONE',#2904,#2905,#3303,.T.);
#2269=EDGE_CURVE('NONE',#2905,#2906,#298,.T.);
#2270=EDGE_CURVE('NONE',#2906,#2907,#191,.T.);
#2271=EDGE_CURVE('NONE',#2907,#2908,#192,.T.);
#2272=EDGE_CURVE('NONE',#2904,#2908,#299,.T.);
#2273=EDGE_CURVE('NONE',#2909,#2910,#3304,.T.);
#2274=EDGE_CURVE('NONE',#2910,#2911,#300,.T.);
#2275=EDGE_CURVE('NONE',#2911,#2912,#193,.T.);
#2276=EDGE_CURVE('NONE',#2912,#2913,#194,.T.);
#2277=EDGE_CURVE('NONE',#2909,#2913,#301,.T.);
#2278=EDGE_CURVE('NONE',#2914,#2915,#302,.F.);
#2279=EDGE_CURVE('NONE',#2916,#2914,#303,.F.);
#2280=EDGE_CURVE('NONE',#2917,#2916,#195,.F.);
#2281=EDGE_CURVE('NONE',#2918,#2917,#3305,.T.);
#2282=EDGE_CURVE('NONE',#2919,#2918,#304,.F.);
#2283=EDGE_CURVE('NONE',#2920,#2919,#3306,.F.);
#2284=EDGE_CURVE('NONE',#2921,#2920,#196,.F.);
#2285=EDGE_CURVE('NONE',#2922,#2921,#305,.F.);
#2286=EDGE_CURVE('NONE',#2923,#2922,#306,.F.);
#2287=EDGE_CURVE('NONE',#2924,#2923,#307,.F.);
#2288=EDGE_CURVE('NONE',#2925,#2924,#308,.F.);
#2289=EDGE_CURVE('NONE',#2926,#2925,#309,.F.);
#2290=EDGE_CURVE('NONE',#2927,#2926,#310,.F.);
#2291=EDGE_CURVE('NONE',#2928,#2927,#311,.F.);
#2292=EDGE_CURVE('NONE',#2915,#2928,#312,.F.);
#2293=EDGE_CURVE('NONE',#2929,#2930,#3307,.T.);
#2294=EDGE_CURVE('NONE',#2931,#2929,#197,.F.);
#2295=EDGE_CURVE('NONE',#2932,#2931,#313,.F.);
#2296=EDGE_CURVE('NONE',#2933,#2932,#314,.F.);
#2297=EDGE_CURVE('NONE',#2934,#2933,#315,.F.);
#2298=EDGE_CURVE('NONE',#2935,#2934,#316,.F.);
#2299=EDGE_CURVE('NONE',#2936,#2935,#3308,.T.);
#2300=EDGE_CURVE('NONE',#2937,#2936,#3309,.T.);
#2301=EDGE_CURVE('NONE',#2938,#2937,#3310,.T.);
#2302=EDGE_CURVE('NONE',#2939,#2938,#198,.F.);
#2303=EDGE_CURVE('NONE',#2940,#2939,#317,.F.);
#2304=EDGE_CURVE('NONE',#2941,#2940,#199,.F.);
#2305=EDGE_CURVE('NONE',#2942,#2941,#3311,.F.);
#2306=EDGE_CURVE('NONE',#2930,#2942,#318,.F.);
#2307=EDGE_CURVE('NONE',#2943,#2944,#319,.F.);
#2308=EDGE_CURVE('NONE',#2945,#2943,#320,.F.);
#2309=EDGE_CURVE('NONE',#2946,#2945,#321,.F.);
#2310=EDGE_CURVE('NONE',#2947,#2946,#322,.F.);
#2311=EDGE_CURVE('NONE',#2948,#2947,#323,.F.);
#2312=EDGE_CURVE('NONE',#2949,#2948,#324,.F.);
#2313=EDGE_CURVE('NONE',#2950,#2949,#325,.F.);
#2314=EDGE_CURVE('NONE',#2951,#2950,#326,.F.);
#2315=EDGE_CURVE('NONE',#2952,#2951,#327,.F.);
#2316=EDGE_CURVE('NONE',#2953,#2952,#328,.F.);
#2317=EDGE_CURVE('NONE',#2954,#2953,#329,.F.);
#2318=EDGE_CURVE('NONE',#2944,#2954,#330,.F.);
#2319=EDGE_CURVE('NONE',#2955,#2956,#200,.F.);
#2320=EDGE_CURVE('NONE',#2957,#2955,#3312,.T.);
#2321=EDGE_CURVE('NONE',#2958,#2957,#3313,.T.);
#2322=EDGE_CURVE('NONE',#2959,#2958,#3314,.T.);
#2323=EDGE_CURVE('NONE',#2960,#2959,#201,.F.);
#2324=EDGE_CURVE('NONE',#2961,#2960,#3315,.T.);
#2325=EDGE_CURVE('NONE',#2962,#2961,#331,.F.);
#2326=EDGE_CURVE('NONE',#2963,#2962,#3316,.F.);
#2327=EDGE_CURVE('NONE',#2964,#2963,#3317,.F.);
#2328=EDGE_CURVE('NONE',#2965,#2964,#3318,.F.);
#2329=EDGE_CURVE('NONE',#2966,#2965,#3319,.F.);
#2330=EDGE_CURVE('NONE',#2967,#2966,#3320,.F.);
#2331=EDGE_CURVE('NONE',#2968,#2967,#3321,.F.);
#2332=EDGE_CURVE('NONE',#2956,#2968,#332,.F.);
#2333=EDGE_CURVE('NONE',#2969,#2970,#333,.F.);
#2334=EDGE_CURVE('NONE',#2970,#2971,#334,.F.);
#2335=EDGE_CURVE('NONE',#2971,#2972,#335,.T.);
#2336=EDGE_CURVE('NONE',#2972,#2969,#336,.T.);
#2337=EDGE_CURVE('NONE',#2973,#2974,#337,.F.);
#2338=EDGE_CURVE('NONE',#2975,#2973,#338,.F.);
#2339=EDGE_CURVE('NONE',#2976,#2975,#339,.F.);
#2340=EDGE_CURVE('NONE',#2977,#2976,#340,.F.);
#2341=EDGE_CURVE('NONE',#2978,#2977,#341,.F.);
#2342=EDGE_CURVE('NONE',#2974,#2978,#342,.F.);
#2343=EDGE_CURVE('NONE',#2979,#2980,#343,.F.);
#2344=EDGE_CURVE('NONE',#2981,#2979,#344,.F.);
#2345=EDGE_CURVE('NONE',#2982,#2981,#345,.F.);
#2346=EDGE_CURVE('NONE',#2983,#2982,#346,.F.);
#2347=EDGE_CURVE('NONE',#2984,#2983,#347,.F.);
#2348=EDGE_CURVE('NONE',#2985,#2984,#348,.F.);
#2349=EDGE_CURVE('NONE',#2986,#2985,#349,.F.);
#2350=EDGE_CURVE('NONE',#2987,#2986,#350,.F.);
#2351=EDGE_CURVE('NONE',#2988,#2987,#351,.F.);
#2352=EDGE_CURVE('NONE',#2989,#2988,#352,.F.);
#2353=EDGE_CURVE('NONE',#2990,#2989,#353,.F.);
#2354=EDGE_CURVE('NONE',#2980,#2990,#354,.F.);
#2355=EDGE_CURVE('NONE',#2991,#2992,#355,.F.);
#2356=EDGE_CURVE('NONE',#2993,#2991,#356,.F.);
#2357=EDGE_CURVE('NONE',#2994,#2993,#357,.F.);
#2358=EDGE_CURVE('NONE',#2995,#2994,#202,.F.);
#2359=EDGE_CURVE('NONE',#2996,#2995,#203,.F.);
#2360=EDGE_CURVE('NONE',#2997,#2996,#204,.F.);
#2361=EDGE_CURVE('NONE',#2992,#2997,#205,.F.);
#2362=EDGE_CURVE('NONE',#2998,#2999,#358,.F.);
#2363=EDGE_CURVE('NONE',#3000,#2998,#359,.F.);
#2364=EDGE_CURVE('NONE',#3001,#3000,#360,.F.);
#2365=EDGE_CURVE('NONE',#3002,#3001,#361,.F.);
#2366=EDGE_CURVE('NONE',#3003,#3002,#362,.F.);
#2367=EDGE_CURVE('NONE',#3004,#3003,#363,.F.);
#2368=EDGE_CURVE('NONE',#3005,#3004,#364,.F.);
#2369=EDGE_CURVE('NONE',#2999,#3005,#365,.F.);
#2370=EDGE_CURVE('NONE',#3006,#3007,#3322,.F.);
#2371=EDGE_CURVE('NONE',#3008,#3006,#206,.F.);
#2372=EDGE_CURVE('NONE',#3009,#3008,#3323,.F.);
#2373=EDGE_CURVE('NONE',#3010,#3009,#3324,.F.);
#2374=EDGE_CURVE('NONE',#3011,#3010,#3325,.T.);
#2375=EDGE_CURVE('NONE',#3012,#3011,#3326,.T.);
#2376=EDGE_CURVE('NONE',#3013,#3012,#3327,.T.);
#2377=EDGE_CURVE('NONE',#3014,#3013,#3328,.T.);
#2378=EDGE_CURVE('NONE',#3015,#3014,#3329,.T.);
#2379=EDGE_CURVE('NONE',#3016,#3015,#366,.F.);
#2380=EDGE_CURVE('NONE',#3017,#3016,#3330,.F.);
#2381=EDGE_CURVE('NONE',#3018,#3017,#3331,.F.);
#2382=EDGE_CURVE('NONE',#3019,#3018,#3332,.F.);
#2383=EDGE_CURVE('NONE',#3020,#3019,#3333,.F.);
#2384=EDGE_CURVE('NONE',#3021,#3020,#3334,.F.);
#2385=EDGE_CURVE('NONE',#3022,#3021,#3335,.T.);
#2386=EDGE_CURVE('NONE',#3023,#3022,#3336,.T.);
#2387=EDGE_CURVE('NONE',#3024,#3023,#3337,.T.);
#2388=EDGE_CURVE('NONE',#3025,#3024,#3338,.T.);
#2389=EDGE_CURVE('NONE',#3026,#3025,#3339,.T.);
#2390=EDGE_CURVE('NONE',#3007,#3026,#367,.F.);
#2391=EDGE_CURVE('NONE',#3027,#3028,#368,.F.);
#2392=EDGE_CURVE('NONE',#3029,#3027,#369,.F.);
#2393=EDGE_CURVE('NONE',#3030,#3029,#370,.F.);
#2394=EDGE_CURVE('NONE',#3031,#3030,#371,.F.);
#2395=EDGE_CURVE('NONE',#3032,#3031,#372,.F.);
#2396=EDGE_CURVE('NONE',#3033,#3032,#373,.F.);
#2397=EDGE_CURVE('NONE',#3034,#3033,#374,.F.);
#2398=EDGE_CURVE('NONE',#3035,#3034,#375,.F.);
#2399=EDGE_CURVE('NONE',#3036,#3035,#376,.F.);
#2400=EDGE_CURVE('NONE',#3037,#3036,#377,.F.);
#2401=EDGE_CURVE('NONE',#3038,#3037,#378,.F.);
#2402=EDGE_CURVE('NONE',#3028,#3038,#379,.F.);
#2403=EDGE_CURVE('NONE',#3039,#3040,#380,.F.);
#2404=EDGE_CURVE('NONE',#3041,#3039,#381,.F.);
#2405=EDGE_CURVE('NONE',#3042,#3041,#382,.F.);
#2406=EDGE_CURVE('NONE',#3043,#3042,#207,.F.);
#2407=EDGE_CURVE('NONE',#3044,#3043,#208,.F.);
#2408=EDGE_CURVE('NONE',#3045,#3044,#209,.F.);
#2409=EDGE_CURVE('NONE',#3040,#3045,#210,.F.);
#2410=EDGE_CURVE('NONE',#3046,#3047,#383,.F.);
#2411=EDGE_CURVE('NONE',#3048,#3046,#384,.F.);
#2412=EDGE_CURVE('NONE',#3049,#3048,#385,.F.);
#2413=EDGE_CURVE('NONE',#3050,#3049,#386,.F.);
#2414=EDGE_CURVE('NONE',#3051,#3050,#387,.F.);
#2415=EDGE_CURVE('NONE',#3052,#3051,#388,.F.);
#2416=EDGE_CURVE('NONE',#3053,#3052,#389,.F.);
#2417=EDGE_CURVE('NONE',#3047,#3053,#390,.F.);
#2418=EDGE_CURVE('NONE',#3054,#3055,#211,.F.);
#2419=EDGE_CURVE('NONE',#3056,#3054,#3340,.T.);
#2420=EDGE_CURVE('NONE',#3057,#3056,#3341,.T.);
#2421=EDGE_CURVE('NONE',#3058,#3057,#391,.F.);
#2422=EDGE_CURVE('NONE',#3059,#3058,#3342,.T.);
#2423=EDGE_CURVE('NONE',#3060,#3059,#3343,.T.);
#2424=EDGE_CURVE('NONE',#3061,#3060,#3344,.T.);
#2425=EDGE_CURVE('NONE',#3062,#3061,#392,.F.);
#2426=EDGE_CURVE('NONE',#3063,#3062,#3345,.F.);
#2427=EDGE_CURVE('NONE',#3064,#3063,#3346,.F.);
#2428=EDGE_CURVE('NONE',#3065,#3064,#393,.F.);
#2429=EDGE_CURVE('NONE',#3066,#3065,#3347,.F.);
#2430=EDGE_CURVE('NONE',#3067,#3066,#3348,.F.);
#2431=EDGE_CURVE('NONE',#3068,#3067,#3349,.F.);
#2432=EDGE_CURVE('NONE',#3069,#3068,#3350,.F.);
#2433=EDGE_CURVE('NONE',#3070,#3069,#3351,.F.);
#2434=EDGE_CURVE('NONE',#3071,#3070,#3352,.T.);
#2435=EDGE_CURVE('NONE',#3072,#3071,#3353,.T.);
#2436=EDGE_CURVE('NONE',#3073,#3072,#394,.F.);
#2437=EDGE_CURVE('NONE',#3074,#3073,#395,.F.);
#2438=EDGE_CURVE('NONE',#3075,#3074,#396,.F.);
#2439=EDGE_CURVE('NONE',#3076,#3075,#397,.F.);
#2440=EDGE_CURVE('NONE',#3077,#3076,#3354,.T.);
#2441=EDGE_CURVE('NONE',#3078,#3077,#56,.F.);
#2442=EDGE_CURVE('NONE',#3079,#3078,#3355,.T.);
#2443=EDGE_CURVE('NONE',#3080,#3079,#3356,.T.);
#2444=EDGE_CURVE('NONE',#3081,#3080,#3357,.T.);
#2445=EDGE_CURVE('NONE',#3082,#3081,#3358,.T.);
#2446=EDGE_CURVE('NONE',#3083,#3082,#3359,.T.);
#2447=EDGE_CURVE('NONE',#3084,#3083,#3360,.T.);
#2448=EDGE_CURVE('NONE',#3085,#3084,#3361,.T.);
#2449=EDGE_CURVE('NONE',#3086,#3085,#3362,.T.);
#2450=EDGE_CURVE('NONE',#3055,#3086,#3363,.T.);
#2451=EDGE_CURVE('NONE',#3087,#3088,#398,.T.);
#2452=EDGE_CURVE('NONE',#3088,#3089,#3364,.F.);
#2453=EDGE_CURVE('NONE',#3089,#3090,#3365,.F.);
#2454=EDGE_CURVE('NONE',#3090,#3091,#399,.F.);
#2455=EDGE_CURVE('NONE',#3091,#3092,#3366,.F.);
#2456=EDGE_CURVE('NONE',#3092,#3087,#3367,.F.);
#2457=EDGE_CURVE('NONE',#3093,#3094,#3368,.F.);
#2458=EDGE_CURVE('NONE',#3094,#3095,#3369,.F.);
#2459=EDGE_CURVE('NONE',#3095,#3096,#400,.T.);
#2460=EDGE_CURVE('NONE',#3096,#3097,#3370,.F.);
#2461=EDGE_CURVE('NONE',#3097,#3098,#3371,.F.);
#2462=EDGE_CURVE('NONE',#3098,#3093,#401,.F.);
#2463=EDGE_CURVE('NONE',#3099,#3100,#402,.F.);
#2464=EDGE_CURVE('NONE',#3100,#3101,#403,.F.);
#2465=EDGE_CURVE('NONE',#3101,#3102,#404,.T.);
#2466=EDGE_CURVE('NONE',#3102,#3099,#405,.T.);
#2467=EDGE_CURVE('NONE',#3103,#3104,#406,.F.);
#2468=EDGE_CURVE('NONE',#3103,#3105,#212,.T.);
#2469=EDGE_CURVE('NONE',#3105,#2970,#3372,.T.);
#2470=EDGE_CURVE('NONE',#2969,#3106,#3373,.F.);
#2471=EDGE_CURVE('NONE',#3106,#3104,#213,.T.);
#2472=EDGE_CURVE('NONE',#3101,#3107,#3374,.F.);
#2473=EDGE_CURVE('NONE',#3107,#3103,#214,.T.);
#2474=EDGE_CURVE('NONE',#3104,#3108,#215,.T.);
#2475=EDGE_CURVE('NONE',#3108,#3102,#3375,.T.);
#2476=EDGE_CURVE('NONE',#2971,#3109,#3376,.F.);
#2477=EDGE_CURVE('NONE',#3110,#3109,#407,.F.);
#2478=EDGE_CURVE('NONE',#3110,#2972,#3377,.T.);
#2479=EDGE_CURVE('NONE',#3109,#3100,#3378,.T.);
#2480=EDGE_CURVE('NONE',#3099,#3110,#3379,.F.);
#2481=EDGE_CURVE('NONE',#3111,#3097,#3380,.F.);
#2482=EDGE_CURVE('NONE',#3111,#3107,#216,.T.);
#2483=EDGE_CURVE('NONE',#3098,#3101,#3381,.F.);
#2484=EDGE_CURVE('NONE',#3093,#3100,#3382,.T.);
#2485=EDGE_CURVE('NONE',#3105,#3111,#217,.T.);
#2486=EDGE_CURVE('NONE',#2970,#3096,#3383,.F.);
#2487=EDGE_CURVE('NONE',#3094,#3109,#3384,.T.);
#2488=EDGE_CURVE('NONE',#2971,#3095,#3385,.F.);
#2489=EDGE_CURVE('NONE',#3108,#3112,#218,.T.);
#2490=EDGE_CURVE('NONE',#3092,#3112,#3386,.T.);
#2491=EDGE_CURVE('NONE',#3102,#3091,#3387,.F.);
#2492=EDGE_CURVE('NONE',#3112,#3106,#219,.T.);
#2493=EDGE_CURVE('NONE',#3087,#2969,#3388,.F.);
#2494=EDGE_CURVE('NONE',#3099,#3090,#3389,.F.);
#2495=EDGE_CURVE('NONE',#3088,#2972,#3390,.T.);
#2496=EDGE_CURVE('NONE',#3110,#3089,#3391,.F.);
#2497=EDGE_CURVE('NONE',#2910,#2909,#3392,.T.);
#2498=EDGE_CURVE('NONE',#2913,#3113,#220,.T.);
#2499=EDGE_CURVE('NONE',#3113,#2911,#221,.T.);
#2500=EDGE_CURVE('NONE',#2905,#2904,#3393,.T.);
#2501=EDGE_CURVE('NONE',#2908,#3114,#222,.T.);
#2502=EDGE_CURVE('NONE',#3114,#2906,#223,.T.);
#2503=EDGE_CURVE('NONE',#3111,#2906,#224,.F.);
#2504=EDGE_CURVE('NONE',#2907,#3105,#225,.F.);
#2505=EDGE_CURVE('NONE',#2908,#3103,#226,.F.);
#2506=EDGE_CURVE('NONE',#3107,#3114,#227,.F.);
#2507=EDGE_CURVE('NONE',#3104,#2911,#228,.F.);
#2508=EDGE_CURVE('NONE',#2912,#3106,#229,.F.);
#2509=EDGE_CURVE('NONE',#2913,#3112,#230,.F.);
#2510=EDGE_CURVE('NONE',#3108,#3113,#231,.F.);
#2511=EDGE_CURVE('NONE',#3115,#2974,#408,.F.);
#2512=EDGE_CURVE('NONE',#3116,#3115,#409,.T.);
#2513=EDGE_CURVE('NONE',#3116,#2973,#410,.F.);
#2514=EDGE_CURVE('NONE',#3117,#2978,#411,.F.);
#2515=EDGE_CURVE('NONE',#3115,#3117,#412,.T.);
#2516=EDGE_CURVE('NONE',#3118,#2977,#413,.F.);
#2517=EDGE_CURVE('NONE',#3117,#3118,#414,.T.);
#2518=EDGE_CURVE('NONE',#3119,#2976,#415,.F.);
#2519=EDGE_CURVE('NONE',#3118,#3119,#416,.T.);
#2520=EDGE_CURVE('NONE',#3120,#2975,#417,.F.);
#2521=EDGE_CURVE('NONE',#3119,#3120,#418,.T.);
#2522=EDGE_CURVE('NONE',#3120,#3116,#419,.T.);
#2523=EDGE_CURVE('NONE',#3121,#2956,#420,.F.);
#2524=EDGE_CURVE('NONE',#3122,#3121,#232,.T.);
#2525=EDGE_CURVE('NONE',#3122,#2955,#233,.F.);
#2526=EDGE_CURVE('NONE',#3121,#2968,#421,.T.);
#2527=EDGE_CURVE('NONE',#2968,#2967,#3394,.F.);
#2528=EDGE_CURVE('NONE',#3123,#2966,#234,.F.);
#2529=EDGE_CURVE('NONE',#2967,#3123,#3395,.F.);
#2530=EDGE_CURVE('NONE',#3124,#2965,#235,.T.);
#2531=EDGE_CURVE('NONE',#3123,#3124,#3396,.F.);
#2532=EDGE_CURVE('NONE',#3125,#2964,#236,.F.);
#2533=EDGE_CURVE('NONE',#3124,#3125,#3397,.F.);
#2534=EDGE_CURVE('NONE',#3125,#2963,#3398,.F.);
#2535=EDGE_CURVE('NONE',#2963,#2962,#3399,.F.);
#2536=EDGE_CURVE('NONE',#2962,#2961,#422,.T.);
#2537=EDGE_CURVE('NONE',#2961,#2960,#3400,.T.);
#2538=EDGE_CURVE('NONE',#3126,#2959,#237,.T.);
#2539=EDGE_CURVE('NONE',#2960,#3126,#238,.T.);
#2540=EDGE_CURVE('NONE',#3126,#2958,#3401,.T.);
#2541=EDGE_CURVE('NONE',#2958,#2957,#3402,.T.);
#2542=EDGE_CURVE('NONE',#2957,#3122,#3403,.T.);
#2543=EDGE_CURVE('NONE',#3127,#2980,#423,.F.);
#2544=EDGE_CURVE('NONE',#3128,#3127,#424,.T.);
#2545=EDGE_CURVE('NONE',#3128,#2979,#425,.F.);
#2546=EDGE_CURVE('NONE',#3129,#2990,#426,.F.);
#2547=EDGE_CURVE('NONE',#3127,#3129,#427,.T.);
#2548=EDGE_CURVE('NONE',#3130,#2989,#428,.F.);
#2549=EDGE_CURVE('NONE',#3129,#3130,#429,.T.);
#2550=EDGE_CURVE('NONE',#3131,#2988,#430,.F.);
#2551=EDGE_CURVE('NONE',#3130,#3131,#431,.T.);
#2552=EDGE_CURVE('NONE',#3132,#2987,#432,.F.);
#2553=EDGE_CURVE('NONE',#3131,#3132,#433,.T.);
#2554=EDGE_CURVE('NONE',#3133,#2986,#434,.F.);
#2555=EDGE_CURVE('NONE',#3132,#3133,#435,.T.);
#2556=EDGE_CURVE('NONE',#3134,#2985,#436,.F.);
#2557=EDGE_CURVE('NONE',#3133,#3134,#437,.T.);
#2558=EDGE_CURVE('NONE',#3135,#2984,#438,.F.);
#2559=EDGE_CURVE('NONE',#3134,#3135,#439,.T.);
#2560=EDGE_CURVE('NONE',#3136,#2983,#440,.F.);
#2561=EDGE_CURVE('NONE',#3135,#3136,#441,.T.);
#2562=EDGE_CURVE('NONE',#3137,#2982,#442,.F.);
#2563=EDGE_CURVE('NONE',#3136,#3137,#443,.T.);
#2564=EDGE_CURVE('NONE',#3138,#2981,#444,.F.);
#2565=EDGE_CURVE('NONE',#3137,#3138,#445,.T.);
#2566=EDGE_CURVE('NONE',#3138,#3128,#446,.T.);
#2567=EDGE_CURVE('NONE',#3139,#3140,#447,.T.);
#2568=EDGE_CURVE('NONE',#3140,#3141,#239,.T.);
#2569=EDGE_CURVE('NONE',#3141,#3142,#240,.T.);
#2570=EDGE_CURVE('NONE',#3142,#3143,#241,.T.);
#2571=EDGE_CURVE('NONE',#3143,#3144,#242,.T.);
#2572=EDGE_CURVE('NONE',#3144,#3145,#448,.T.);
#2573=EDGE_CURVE('NONE',#3145,#3139,#449,.T.);
#2574=EDGE_CURVE('NONE',#3146,#3147,#450,.F.);
#2575=EDGE_CURVE('NONE',#3148,#3146,#451,.F.);
#2576=EDGE_CURVE('NONE',#3149,#3148,#3404,.T.);
#2577=EDGE_CURVE('NONE',#3150,#3149,#243,.F.);
#2578=EDGE_CURVE('NONE',#3151,#3150,#3405,.T.);
#2579=EDGE_CURVE('NONE',#3152,#3151,#3406,.T.);
#2580=EDGE_CURVE('NONE',#3147,#3152,#452,.F.);
#2581=EDGE_CURVE('NONE',#3140,#2992,#453,.F.);
#2582=EDGE_CURVE('NONE',#3139,#2991,#454,.F.);
#2583=EDGE_CURVE('NONE',#3141,#2997,#455,.T.);
#2584=EDGE_CURVE('NONE',#3142,#2996,#456,.T.);
#2585=EDGE_CURVE('NONE',#3143,#2995,#457,.T.);
#2586=EDGE_CURVE('NONE',#3144,#2994,#458,.F.);
#2587=EDGE_CURVE('NONE',#3145,#2993,#459,.F.);
#2588=EDGE_CURVE('NONE',#3148,#3153,#460,.T.);
#2589=EDGE_CURVE('NONE',#3146,#3153,#461,.F.);
#2590=EDGE_CURVE('NONE',#3153,#3154,#462,.T.);
#2591=EDGE_CURVE('NONE',#3147,#3154,#463,.F.);
#2592=EDGE_CURVE('NONE',#3154,#3152,#464,.T.);
#2593=EDGE_CURVE('NONE',#3152,#3151,#3407,.T.);
#2594=EDGE_CURVE('NONE',#3151,#3155,#3408,.T.);
#2595=EDGE_CURVE('NONE',#3150,#3155,#244,.T.);
#2596=EDGE_CURVE('NONE',#3155,#3149,#245,.T.);
#2597=EDGE_CURVE('NONE',#3149,#3148,#3409,.T.);
#2598=EDGE_CURVE('NONE',#3156,#3157,#465,.T.);
#2599=EDGE_CURVE('NONE',#3157,#3158,#466,.T.);
#2600=EDGE_CURVE('NONE',#3158,#3159,#467,.T.);
#2601=EDGE_CURVE('NONE',#3159,#3160,#468,.T.);
#2602=EDGE_CURVE('NONE',#3160,#3161,#469,.T.);
#2603=EDGE_CURVE('NONE',#3161,#3162,#470,.T.);
#2604=EDGE_CURVE('NONE',#3162,#3163,#471,.T.);
#2605=EDGE_CURVE('NONE',#3163,#3156,#472,.T.);
#2606=EDGE_CURVE('NONE',#3164,#3165,#473,.F.);
#2607=EDGE_CURVE('NONE',#3166,#3164,#474,.F.);
#2608=EDGE_CURVE('NONE',#3167,#3166,#246,.F.);
#2609=EDGE_CURVE('NONE',#3168,#3167,#475,.F.);
#2610=EDGE_CURVE('NONE',#3169,#3168,#247,.F.);
#2611=EDGE_CURVE('NONE',#3165,#3169,#476,.F.);
#2612=EDGE_CURVE('NONE',#3157,#2999,#477,.F.);
#2613=EDGE_CURVE('NONE',#3156,#2998,#478,.F.);
#2614=EDGE_CURVE('NONE',#3158,#3005,#479,.F.);
#2615=EDGE_CURVE('NONE',#3159,#3004,#480,.F.);
#2616=EDGE_CURVE('NONE',#3160,#3003,#481,.F.);
#2617=EDGE_CURVE('NONE',#3161,#3002,#482,.F.);
#2618=EDGE_CURVE('NONE',#3162,#3001,#483,.F.);
#2619=EDGE_CURVE('NONE',#3163,#3000,#484,.F.);
#2620=EDGE_CURVE('NONE',#3170,#3171,#485,.T.);
#2621=EDGE_CURVE('NONE',#3164,#3170,#486,.F.);
#2622=EDGE_CURVE('NONE',#3165,#3171,#487,.F.);
#2623=EDGE_CURVE('NONE',#3171,#3172,#488,.T.);
#2624=EDGE_CURVE('NONE',#3169,#3172,#489,.F.);
#2625=EDGE_CURVE('NONE',#3172,#3173,#248,.T.);
#2626=EDGE_CURVE('NONE',#3168,#3173,#490,.F.);
#2627=EDGE_CURVE('NONE',#3173,#3174,#491,.T.);
#2628=EDGE_CURVE('NONE',#3167,#3174,#492,.F.);
#2629=EDGE_CURVE('NONE',#3174,#3175,#249,.T.);
#2630=EDGE_CURVE('NONE',#3166,#3175,#493,.F.);
#2631=EDGE_CURVE('NONE',#3175,#3170,#494,.T.);
#2632=EDGE_CURVE('NONE',#3176,#2944,#495,.F.);
#2633=EDGE_CURVE('NONE',#3177,#3176,#496,.T.);
#2634=EDGE_CURVE('NONE',#3177,#2943,#497,.F.);
#2635=EDGE_CURVE('NONE',#3178,#2954,#498,.F.);
#2636=EDGE_CURVE('NONE',#3176,#3178,#499,.T.);
#2637=EDGE_CURVE('NONE',#3179,#2953,#500,.F.);
#2638=EDGE_CURVE('NONE',#3178,#3179,#501,.T.);
#2639=EDGE_CURVE('NONE',#3180,#2952,#502,.F.);
#2640=EDGE_CURVE('NONE',#3179,#3180,#503,.T.);
#2641=EDGE_CURVE('NONE',#3181,#2951,#504,.F.);
#2642=EDGE_CURVE('NONE',#3180,#3181,#505,.T.);
#2643=EDGE_CURVE('NONE',#3182,#2950,#506,.F.);
#2644=EDGE_CURVE('NONE',#3181,#3182,#507,.T.);
#2645=EDGE_CURVE('NONE',#3183,#2949,#508,.F.);
#2646=EDGE_CURVE('NONE',#3182,#3183,#509,.T.);
#2647=EDGE_CURVE('NONE',#3184,#2948,#510,.F.);
#2648=EDGE_CURVE('NONE',#3183,#3184,#511,.T.);
#2649=EDGE_CURVE('NONE',#3185,#2947,#512,.F.);
#2650=EDGE_CURVE('NONE',#3184,#3185,#513,.T.);
#2651=EDGE_CURVE('NONE',#3186,#2946,#514,.F.);
#2652=EDGE_CURVE('NONE',#3185,#3186,#515,.T.);
#2653=EDGE_CURVE('NONE',#3187,#2945,#516,.F.);
#2654=EDGE_CURVE('NONE',#3186,#3187,#517,.T.);
#2655=EDGE_CURVE('NONE',#3187,#3177,#518,.T.);
#2656=EDGE_CURVE('NONE',#2929,#2930,#3410,.T.);
#2657=EDGE_CURVE('NONE',#2930,#2942,#519,.T.);
#2658=EDGE_CURVE('NONE',#2942,#2941,#3411,.F.);
#2659=EDGE_CURVE('NONE',#2941,#3188,#250,.T.);
#2660=EDGE_CURVE('NONE',#3188,#3189,#520,.T.);
#2661=EDGE_CURVE('NONE',#3189,#3190,#251,.T.);
#2662=EDGE_CURVE('NONE',#3190,#3191,#3412,.T.);
#2663=EDGE_CURVE('NONE',#3191,#3192,#3413,.T.);
#2664=EDGE_CURVE('NONE',#3192,#3193,#3414,.T.);
#2665=EDGE_CURVE('NONE',#3193,#3194,#521,.F.);
#2666=EDGE_CURVE('NONE',#3194,#3195,#522,.T.);
#2667=EDGE_CURVE('NONE',#3195,#3196,#523,.T.);
#2668=EDGE_CURVE('NONE',#3196,#3197,#524,.T.);
#2669=EDGE_CURVE('NONE',#3197,#2929,#252,.T.);
#2670=EDGE_CURVE('NONE',#3198,#3199,#3415,.T.);
#2671=EDGE_CURVE('NONE',#3200,#3198,#3416,.T.);
#2672=EDGE_CURVE('NONE',#3201,#3200,#525,.F.);
#2673=EDGE_CURVE('NONE',#3202,#3201,#526,.F.);
#2674=EDGE_CURVE('NONE',#3203,#3202,#3417,.T.);
#2675=EDGE_CURVE('NONE',#3204,#3203,#3418,.T.);
#2676=EDGE_CURVE('NONE',#3205,#3204,#3419,.T.);
#2677=EDGE_CURVE('NONE',#3199,#3205,#3420,.T.);
#2678=EDGE_CURVE('NONE',#3188,#2940,#527,.F.);
#2679=EDGE_CURVE('NONE',#3189,#2939,#528,.F.);
#2680=EDGE_CURVE('NONE',#3190,#2938,#253,.T.);
#2681=EDGE_CURVE('NONE',#3191,#2937,#254,.F.);
#2682=EDGE_CURVE('NONE',#3192,#2936,#255,.F.);
#2683=EDGE_CURVE('NONE',#3193,#2935,#529,.F.);
#2684=EDGE_CURVE('NONE',#3194,#2934,#530,.F.);
#2685=EDGE_CURVE('NONE',#3195,#2933,#531,.F.);
#2686=EDGE_CURVE('NONE',#3196,#2932,#532,.F.);
#2687=EDGE_CURVE('NONE',#3197,#2931,#533,.F.);
#2688=EDGE_CURVE('NONE',#3200,#3198,#3421,.T.);
#2689=EDGE_CURVE('NONE',#3198,#3206,#3422,.T.);
#2690=EDGE_CURVE('NONE',#3199,#3206,#256,.T.);
#2691=EDGE_CURVE('NONE',#3206,#3207,#3423,.T.);
#2692=EDGE_CURVE('NONE',#3205,#3207,#257,.T.);
#2693=EDGE_CURVE('NONE',#3207,#3208,#3424,.T.);
#2694=EDGE_CURVE('NONE',#3204,#3208,#534,.F.);
#2695=EDGE_CURVE('NONE',#3208,#3203,#3425,.T.);
#2696=EDGE_CURVE('NONE',#3203,#3202,#3426,.T.);
#2697=EDGE_CURVE('NONE',#3202,#3209,#535,.T.);
#2698=EDGE_CURVE('NONE',#3201,#3209,#536,.F.);
#2699=EDGE_CURVE('NONE',#3209,#3200,#537,.T.);
#2700=EDGE_CURVE('NONE',#3006,#3007,#3427,.F.);
#2701=EDGE_CURVE('NONE',#3007,#3026,#538,.T.);
#2702=EDGE_CURVE('NONE',#3026,#3025,#3428,.T.);
#2703=EDGE_CURVE('NONE',#3210,#3024,#258,.F.);
#2704=EDGE_CURVE('NONE',#3025,#3210,#3429,.T.);
#2705=EDGE_CURVE('NONE',#3211,#3023,#539,.F.);
#2706=EDGE_CURVE('NONE',#3210,#3211,#3430,.T.);
#2707=EDGE_CURVE('NONE',#3212,#3022,#259,.F.);
#2708=EDGE_CURVE('NONE',#3211,#3212,#3431,.T.);
#2709=EDGE_CURVE('NONE',#3213,#3021,#260,.F.);
#2710=EDGE_CURVE('NONE',#3212,#3213,#3432,.T.);
#2711=EDGE_CURVE('NONE',#3214,#3020,#261,.F.);
#2712=EDGE_CURVE('NONE',#3213,#3214,#3433,.F.);
#2713=EDGE_CURVE('NONE',#3215,#3019,#262,.F.);
#2714=EDGE_CURVE('NONE',#3214,#3215,#3434,.F.);
#2715=EDGE_CURVE('NONE',#3216,#3018,#263,.F.);
#2716=EDGE_CURVE('NONE',#3215,#3216,#3435,.F.);
#2717=EDGE_CURVE('NONE',#3216,#3017,#3436,.F.);
#2718=EDGE_CURVE('NONE',#3017,#3016,#3437,.F.);
#2719=EDGE_CURVE('NONE',#3016,#3015,#540,.T.);
#2720=EDGE_CURVE('NONE',#3015,#3014,#3438,.T.);
#2721=EDGE_CURVE('NONE',#3217,#3013,#264,.F.);
#2722=EDGE_CURVE('NONE',#3014,#3217,#3439,.T.);
#2723=EDGE_CURVE('NONE',#3218,#3012,#265,.F.);
#2724=EDGE_CURVE('NONE',#3217,#3218,#3440,.T.);
#2725=EDGE_CURVE('NONE',#3219,#3011,#266,.F.);
#2726=EDGE_CURVE('NONE',#3218,#3219,#3441,.T.);
#2727=EDGE_CURVE('NONE',#3219,#3010,#3442,.T.);
#2728=EDGE_CURVE('NONE',#3220,#3009,#267,.F.);
#2729=EDGE_CURVE('NONE',#3010,#3220,#3443,.F.);
#2730=EDGE_CURVE('NONE',#3221,#3008,#541,.T.);
#2731=EDGE_CURVE('NONE',#3220,#3221,#3444,.F.);
#2732=EDGE_CURVE('NONE',#3221,#3006,#268,.T.);
#2733=EDGE_CURVE('NONE',#3222,#2915,#542,.F.);
#2734=EDGE_CURVE('NONE',#3223,#3222,#543,.T.);
#2735=EDGE_CURVE('NONE',#3223,#2914,#544,.F.);
#2736=EDGE_CURVE('NONE',#3224,#2928,#269,.F.);
#2737=EDGE_CURVE('NONE',#3222,#3224,#545,.T.);
#2738=EDGE_CURVE('NONE',#3225,#2927,#546,.T.);
#2739=EDGE_CURVE('NONE',#3224,#3225,#547,.T.);
#2740=EDGE_CURVE('NONE',#3226,#2926,#548,.F.);
#2741=EDGE_CURVE('NONE',#3225,#3226,#549,.T.);
#2742=EDGE_CURVE('NONE',#3227,#2925,#550,.F.);
#2743=EDGE_CURVE('NONE',#3226,#3227,#551,.T.);
#2744=EDGE_CURVE('NONE',#3228,#2924,#552,.F.);
#2745=EDGE_CURVE('NONE',#3227,#3228,#553,.T.);
#2746=EDGE_CURVE('NONE',#3229,#2923,#554,.F.);
#2747=EDGE_CURVE('NONE',#3228,#3229,#555,.T.);
#2748=EDGE_CURVE('NONE',#3230,#2922,#556,.F.);
#2749=EDGE_CURVE('NONE',#3229,#3230,#557,.T.);
#2750=EDGE_CURVE('NONE',#3231,#2921,#558,.F.);
#2751=EDGE_CURVE('NONE',#3230,#3231,#559,.T.);
#2752=EDGE_CURVE('NONE',#3231,#2920,#270,.T.);
#2753=EDGE_CURVE('NONE',#2920,#2919,#3445,.F.);
#2754=EDGE_CURVE('NONE',#2919,#2918,#560,.T.);
#2755=EDGE_CURVE('NONE',#2918,#2917,#3446,.T.);
#2756=EDGE_CURVE('NONE',#3232,#2916,#561,.F.);
#2757=EDGE_CURVE('NONE',#2917,#3232,#271,.T.);
#2758=EDGE_CURVE('NONE',#3232,#3223,#562,.T.);
#2759=EDGE_CURVE('NONE',#3233,#3028,#563,.F.);
#2760=EDGE_CURVE('NONE',#3234,#3233,#564,.T.);
#2761=EDGE_CURVE('NONE',#3234,#3027,#565,.F.);
#2762=EDGE_CURVE('NONE',#3235,#3038,#566,.F.);
#2763=EDGE_CURVE('NONE',#3233,#3235,#567,.T.);
#2764=EDGE_CURVE('NONE',#3236,#3037,#568,.F.);
#2765=EDGE_CURVE('NONE',#3235,#3236,#569,.T.);
#2766=EDGE_CURVE('NONE',#3237,#3036,#570,.F.);
#2767=EDGE_CURVE('NONE',#3236,#3237,#571,.T.);
#2768=EDGE_CURVE('NONE',#3238,#3035,#572,.F.);
#2769=EDGE_CURVE('NONE',#3237,#3238,#573,.T.);
#2770=EDGE_CURVE('NONE',#3239,#3034,#574,.F.);
#2771=EDGE_CURVE('NONE',#3238,#3239,#575,.T.);
#2772=EDGE_CURVE('NONE',#3240,#3033,#576,.F.);
#2773=EDGE_CURVE('NONE',#3239,#3240,#577,.T.);
#2774=EDGE_CURVE('NONE',#3241,#3032,#578,.F.);
#2775=EDGE_CURVE('NONE',#3240,#3241,#579,.T.);
#2776=EDGE_CURVE('NONE',#3242,#3031,#580,.F.);
#2777=EDGE_CURVE('NONE',#3241,#3242,#581,.T.);
#2778=EDGE_CURVE('NONE',#3243,#3030,#582,.F.);
#2779=EDGE_CURVE('NONE',#3242,#3243,#583,.T.);
#2780=EDGE_CURVE('NONE',#3244,#3029,#584,.F.);
#2781=EDGE_CURVE('NONE',#3243,#3244,#585,.T.);
#2782=EDGE_CURVE('NONE',#3244,#3234,#586,.T.);
#2783=EDGE_CURVE('NONE',#3245,#3246,#587,.T.);
#2784=EDGE_CURVE('NONE',#3246,#3247,#272,.T.);
#2785=EDGE_CURVE('NONE',#3247,#3248,#273,.T.);
#2786=EDGE_CURVE('NONE',#3248,#3249,#274,.T.);
#2787=EDGE_CURVE('NONE',#3249,#3250,#275,.T.);
#2788=EDGE_CURVE('NONE',#3250,#3251,#588,.T.);
#2789=EDGE_CURVE('NONE',#3251,#3245,#589,.T.);
#2790=EDGE_CURVE('NONE',#3252,#3253,#590,.F.);
#2791=EDGE_CURVE('NONE',#3254,#3252,#591,.F.);
#2792=EDGE_CURVE('NONE',#3255,#3254,#3447,.T.);
#2793=EDGE_CURVE('NONE',#3256,#3255,#276,.F.);
#2794=EDGE_CURVE('NONE',#3257,#3256,#3448,.T.);
#2795=EDGE_CURVE('NONE',#3258,#3257,#3449,.T.);
#2796=EDGE_CURVE('NONE',#3253,#3258,#592,.F.);
#2797=EDGE_CURVE('NONE',#3246,#3040,#593,.F.);
#2798=EDGE_CURVE('NONE',#3245,#3039,#594,.F.);
#2799=EDGE_CURVE('NONE',#3247,#3045,#595,.T.);
#2800=EDGE_CURVE('NONE',#3248,#3044,#596,.T.);
#2801=EDGE_CURVE('NONE',#3249,#3043,#597,.T.);
#2802=EDGE_CURVE('NONE',#3250,#3042,#598,.F.);
#2803=EDGE_CURVE('NONE',#3251,#3041,#599,.F.);
#2804=EDGE_CURVE('NONE',#3254,#3259,#600,.T.);
#2805=EDGE_CURVE('NONE',#3252,#3259,#601,.F.);
#2806=EDGE_CURVE('NONE',#3259,#3260,#602,.T.);
#2807=EDGE_CURVE('NONE',#3253,#3260,#603,.F.);
#2808=EDGE_CURVE('NONE',#3260,#3258,#604,.T.);
#2809=EDGE_CURVE('NONE',#3258,#3257,#3450,.T.);
#2810=EDGE_CURVE('NONE',#3257,#3261,#3451,.T.);
#2811=EDGE_CURVE('NONE',#3256,#3261,#277,.T.);
#2812=EDGE_CURVE('NONE',#3261,#3255,#278,.T.);
#2813=EDGE_CURVE('NONE',#3255,#3254,#3452,.T.);
#2814=EDGE_CURVE('NONE',#3262,#3263,#605,.T.);
#2815=EDGE_CURVE('NONE',#3263,#3264,#606,.T.);
#2816=EDGE_CURVE('NONE',#3264,#3265,#607,.T.);
#2817=EDGE_CURVE('NONE',#3265,#3266,#608,.T.);
#2818=EDGE_CURVE('NONE',#3266,#3267,#609,.T.);
#2819=EDGE_CURVE('NONE',#3267,#3268,#610,.T.);
#2820=EDGE_CURVE('NONE',#3268,#3269,#611,.T.);
#2821=EDGE_CURVE('NONE',#3269,#3262,#612,.T.);
#2822=EDGE_CURVE('NONE',#3270,#3271,#613,.F.);
#2823=EDGE_CURVE('NONE',#3272,#3270,#614,.F.);
#2824=EDGE_CURVE('NONE',#3273,#3272,#279,.F.);
#2825=EDGE_CURVE('NONE',#3274,#3273,#615,.F.);
#2826=EDGE_CURVE('NONE',#3275,#3274,#280,.F.);
#2827=EDGE_CURVE('NONE',#3271,#3275,#616,.F.);
#2828=EDGE_CURVE('NONE',#3263,#3047,#617,.F.);
#2829=EDGE_CURVE('NONE',#3262,#3046,#618,.F.);
#2830=EDGE_CURVE('NONE',#3264,#3053,#619,.F.);
#2831=EDGE_CURVE('NONE',#3265,#3052,#620,.F.);
#2832=EDGE_CURVE('NONE',#3266,#3051,#621,.F.);
#2833=EDGE_CURVE('NONE',#3267,#3050,#622,.F.);
#2834=EDGE_CURVE('NONE',#3268,#3049,#623,.F.);
#2835=EDGE_CURVE('NONE',#3269,#3048,#624,.F.);
#2836=EDGE_CURVE('NONE',#3276,#3277,#625,.T.);
#2837=EDGE_CURVE('NONE',#3270,#3276,#626,.F.);
#2838=EDGE_CURVE('NONE',#3271,#3277,#627,.F.);
#2839=EDGE_CURVE('NONE',#3277,#3278,#628,.T.);
#2840=EDGE_CURVE('NONE',#3275,#3278,#629,.F.);
#2841=EDGE_CURVE('NONE',#3278,#3279,#281,.T.);
#2842=EDGE_CURVE('NONE',#3274,#3279,#630,.F.);
#2843=EDGE_CURVE('NONE',#3279,#3280,#631,.T.);
#2844=EDGE_CURVE('NONE',#3273,#3280,#632,.F.);
#2845=EDGE_CURVE('NONE',#3280,#3281,#282,.T.);
#2846=EDGE_CURVE('NONE',#3272,#3281,#633,.F.);
#2847=EDGE_CURVE('NONE',#3281,#3276,#634,.T.);
#2848=EDGE_CURVE('NONE',#3282,#3283,#283,.T.);
#2849=EDGE_CURVE('NONE',#3283,#3284,#3453,.T.);
#2850=EDGE_CURVE('NONE',#3284,#3285,#3454,.T.);
#2851=EDGE_CURVE('NONE',#3285,#3286,#3455,.T.);
#2852=EDGE_CURVE('NONE',#3286,#3287,#3456,.T.);
#2853=EDGE_CURVE('NONE',#3287,#3288,#3457,.T.);
#2854=EDGE_CURVE('NONE',#3288,#3289,#3458,.T.);
#2855=EDGE_CURVE('NONE',#3289,#3290,#3459,.T.);
#2856=EDGE_CURVE('NONE',#3290,#3291,#3460,.T.);
#2857=EDGE_CURVE('NONE',#3291,#3078,#3461,.T.);
#2858=EDGE_CURVE('NONE',#3078,#3077,#57,.F.);
#2859=EDGE_CURVE('NONE',#3077,#3076,#3462,.T.);
#2860=EDGE_CURVE('NONE',#3076,#3292,#635,.T.);
#2861=EDGE_CURVE('NONE',#3292,#3293,#636,.T.);
#2862=EDGE_CURVE('NONE',#3293,#3294,#637,.T.);
#2863=EDGE_CURVE('NONE',#3294,#3072,#638,.T.);
#2864=EDGE_CURVE('NONE',#3072,#3071,#3463,.T.);
#2865=EDGE_CURVE('NONE',#3071,#3295,#3464,.T.);
#2866=EDGE_CURVE('NONE',#3295,#3296,#3465,.F.);
#2867=EDGE_CURVE('NONE',#3296,#3297,#3466,.F.);
#2868=EDGE_CURVE('NONE',#3297,#3298,#3467,.F.);
#2869=EDGE_CURVE('NONE',#3298,#3066,#3468,.F.);
#2870=EDGE_CURVE('NONE',#3066,#3065,#3469,.F.);
#2871=EDGE_CURVE('NONE',#3065,#3064,#639,.T.);
#2872=EDGE_CURVE('NONE',#3064,#3063,#3470,.F.);
#2873=EDGE_CURVE('NONE',#3063,#3062,#3471,.F.);
#2874=EDGE_CURVE('NONE',#3062,#3061,#640,.T.);
#2875=EDGE_CURVE('NONE',#3061,#3060,#3472,.T.);
#2876=EDGE_CURVE('NONE',#3060,#3059,#3473,.T.);
#2877=EDGE_CURVE('NONE',#3059,#3058,#3474,.T.);
#2878=EDGE_CURVE('NONE',#3058,#3057,#641,.T.);
#2879=EDGE_CURVE('NONE',#3057,#3056,#3475,.T.);
#2880=EDGE_CURVE('NONE',#3056,#3282,#3476,.T.);
#2881=EDGE_CURVE('NONE',#3299,#3300,#3477,.T.);
#2882=EDGE_CURVE('NONE',#3300,#3299,#3478,.T.);
#2883=EDGE_CURVE('NONE',#3283,#3055,#284,.T.);
#2884=EDGE_CURVE('NONE',#3282,#3054,#285,.F.);
#2885=EDGE_CURVE('NONE',#3284,#3086,#286,.F.);
#2886=EDGE_CURVE('NONE',#3285,#3085,#287,.F.);
#2887=EDGE_CURVE('NONE',#3286,#3084,#288,.F.);
#2888=EDGE_CURVE('NONE',#3287,#3083,#642,.F.);
#2889=EDGE_CURVE('NONE',#3288,#3082,#289,.F.);
#2890=EDGE_CURVE('NONE',#3289,#3081,#290,.F.);
#2891=EDGE_CURVE('NONE',#3290,#3080,#291,.F.);
#2892=EDGE_CURVE('NONE',#3291,#3079,#292,.T.);
#2893=EDGE_CURVE('NONE',#3292,#3075,#643,.F.);
#2894=EDGE_CURVE('NONE',#3293,#3074,#644,.F.);
#2895=EDGE_CURVE('NONE',#3294,#3073,#645,.F.);
#2896=EDGE_CURVE('NONE',#3295,#3070,#293,.T.);
#2897=EDGE_CURVE('NONE',#3296,#3069,#294,.F.);
#2898=EDGE_CURVE('NONE',#3297,#3068,#295,.F.);
#2899=EDGE_CURVE('NONE',#3298,#3067,#646,.F.);
#2900=EDGE_CURVE('NONE',#3301,#3302,#3479,.T.);
#2901=EDGE_CURVE('NONE',#3299,#3301,#296,.F.);
#2902=EDGE_CURVE('NONE',#3300,#3302,#297,.T.);
#2903=EDGE_CURVE('NONE',#3302,#3301,#3480,.T.);
#2904=VERTEX_POINT('',#6277);
#2905=VERTEX_POINT('',#6278);
#2906=VERTEX_POINT('',#6280);
#2907=VERTEX_POINT('',#6287);
#2908=VERTEX_POINT('',#6292);
#2909=VERTEX_POINT('',#6296);
#2910=VERTEX_POINT('',#6297);
#2911=VERTEX_POINT('',#6299);
#2912=VERTEX_POINT('',#6304);
#2913=VERTEX_POINT('',#6311);
#2914=VERTEX_POINT('',#6315);
#2915=VERTEX_POINT('',#6316);
#2916=VERTEX_POINT('',#6318);
#2917=VERTEX_POINT('',#6323);
#2918=VERTEX_POINT('',#6325);
#2919=VERTEX_POINT('',#6327);
#2920=VERTEX_POINT('',#6329);
#2921=VERTEX_POINT('',#6334);
#2922=VERTEX_POINT('',#6336);
#2923=VERTEX_POINT('',#6338);
#2924=VERTEX_POINT('',#6340);
#2925=VERTEX_POINT('',#6342);
#2926=VERTEX_POINT('',#6344);
#2927=VERTEX_POINT('',#6346);
#2928=VERTEX_POINT('',#6348);
#2929=VERTEX_POINT('',#6351);
#2930=VERTEX_POINT('',#6352);
#2931=VERTEX_POINT('',#6357);
#2932=VERTEX_POINT('',#6359);
#2933=VERTEX_POINT('',#6361);
#2934=VERTEX_POINT('',#6363);
#2935=VERTEX_POINT('',#6365);
#2936=VERTEX_POINT('',#6367);
#2937=VERTEX_POINT('',#6369);
#2938=VERTEX_POINT('',#6371);
#2939=VERTEX_POINT('',#6376);
#2940=VERTEX_POINT('',#6378);
#2941=VERTEX_POINT('',#6383);
#2942=VERTEX_POINT('',#6385);
#2943=VERTEX_POINT('',#6388);
#2944=VERTEX_POINT('',#6389);
#2945=VERTEX_POINT('',#6391);
#2946=VERTEX_POINT('',#6393);
#2947=VERTEX_POINT('',#6395);
#2948=VERTEX_POINT('',#6397);
#2949=VERTEX_POINT('',#6399);
#2950=VERTEX_POINT('',#6401);
#2951=VERTEX_POINT('',#6403);
#2952=VERTEX_POINT('',#6405);
#2953=VERTEX_POINT('',#6407);
#2954=VERTEX_POINT('',#6409);
#2955=VERTEX_POINT('',#6415);
#2956=VERTEX_POINT('',#6416);
#2957=VERTEX_POINT('',#6418);
#2958=VERTEX_POINT('',#6420);
#2959=VERTEX_POINT('',#6422);
#2960=VERTEX_POINT('',#6427);
#2961=VERTEX_POINT('',#6429);
#2962=VERTEX_POINT('',#6431);
#2963=VERTEX_POINT('',#6433);
#2964=VERTEX_POINT('',#6435);
#2965=VERTEX_POINT('',#6437);
#2966=VERTEX_POINT('',#6439);
#2967=VERTEX_POINT('',#6441);
#2968=VERTEX_POINT('',#6443);
#2969=VERTEX_POINT('',#6446);
#2970=VERTEX_POINT('',#6447);
#2971=VERTEX_POINT('',#6449);
#2972=VERTEX_POINT('',#6451);
#2973=VERTEX_POINT('',#6454);
#2974=VERTEX_POINT('',#6455);
#2975=VERTEX_POINT('',#6457);
#2976=VERTEX_POINT('',#6459);
#2977=VERTEX_POINT('',#6461);
#2978=VERTEX_POINT('',#6463);
#2979=VERTEX_POINT('',#6466);
#2980=VERTEX_POINT('',#6467);
#2981=VERTEX_POINT('',#6469);
#2982=VERTEX_POINT('',#6471);
#2983=VERTEX_POINT('',#6473);
#2984=VERTEX_POINT('',#6475);
#2985=VERTEX_POINT('',#6477);
#2986=VERTEX_POINT('',#6479);
#2987=VERTEX_POINT('',#6481);
#2988=VERTEX_POINT('',#6483);
#2989=VERTEX_POINT('',#6485);
#2990=VERTEX_POINT('',#6487);
#2991=VERTEX_POINT('',#6490);
#2992=VERTEX_POINT('',#6491);
#2993=VERTEX_POINT('',#6493);
#2994=VERTEX_POINT('',#6495);
#2995=VERTEX_POINT('',#6500);
#2996=VERTEX_POINT('',#6505);
#2997=VERTEX_POINT('',#6510);
#2998=VERTEX_POINT('',#6516);
#2999=VERTEX_POINT('',#6517);
#3000=VERTEX_POINT('',#6519);
#3001=VERTEX_POINT('',#6521);
#3002=VERTEX_POINT('',#6523);
#3003=VERTEX_POINT('',#6525);
#3004=VERTEX_POINT('',#6527);
#3005=VERTEX_POINT('',#6529);
#3006=VERTEX_POINT('',#6532);
#3007=VERTEX_POINT('',#6533);
#3008=VERTEX_POINT('',#6538);
#3009=VERTEX_POINT('',#6540);
#3010=VERTEX_POINT('',#6542);
#3011=VERTEX_POINT('',#6544);
#3012=VERTEX_POINT('',#6546);
#3013=VERTEX_POINT('',#6548);
#3014=VERTEX_POINT('',#6550);
#3015=VERTEX_POINT('',#6552);
#3016=VERTEX_POINT('',#6554);
#3017=VERTEX_POINT('',#6556);
#3018=VERTEX_POINT('',#6558);
#3019=VERTEX_POINT('',#6560);
#3020=VERTEX_POINT('',#6562);
#3021=VERTEX_POINT('',#6564);
#3022=VERTEX_POINT('',#6566);
#3023=VERTEX_POINT('',#6568);
#3024=VERTEX_POINT('',#6570);
#3025=VERTEX_POINT('',#6572);
#3026=VERTEX_POINT('',#6574);
#3027=VERTEX_POINT('',#6577);
#3028=VERTEX_POINT('',#6578);
#3029=VERTEX_POINT('',#6580);
#3030=VERTEX_POINT('',#6582);
#3031=VERTEX_POINT('',#6584);
#3032=VERTEX_POINT('',#6586);
#3033=VERTEX_POINT('',#6588);
#3034=VERTEX_POINT('',#6590);
#3035=VERTEX_POINT('',#6592);
#3036=VERTEX_POINT('',#6594);
#3037=VERTEX_POINT('',#6596);
#3038=VERTEX_POINT('',#6598);
#3039=VERTEX_POINT('',#6601);
#3040=VERTEX_POINT('',#6602);
#3041=VERTEX_POINT('',#6604);
#3042=VERTEX_POINT('',#6606);
#3043=VERTEX_POINT('',#6611);
#3044=VERTEX_POINT('',#6616);
#3045=VERTEX_POINT('',#6621);
#3046=VERTEX_POINT('',#6627);
#3047=VERTEX_POINT('',#6628);
#3048=VERTEX_POINT('',#6630);
#3049=VERTEX_POINT('',#6632);
#3050=VERTEX_POINT('',#6634);
#3051=VERTEX_POINT('',#6636);
#3052=VERTEX_POINT('',#6638);
#3053=VERTEX_POINT('',#6640);
#3054=VERTEX_POINT('',#6646);
#3055=VERTEX_POINT('',#6647);
#3056=VERTEX_POINT('',#6649);
#3057=VERTEX_POINT('',#6651);
#3058=VERTEX_POINT('',#6653);
#3059=VERTEX_POINT('',#6655);
#3060=VERTEX_POINT('',#6657);
#3061=VERTEX_POINT('',#6659);
#3062=VERTEX_POINT('',#6661);
#3063=VERTEX_POINT('',#6663);
#3064=VERTEX_POINT('',#6665);
#3065=VERTEX_POINT('',#6667);
#3066=VERTEX_POINT('',#6669);
#3067=VERTEX_POINT('',#6671);
#3068=VERTEX_POINT('',#6673);
#3069=VERTEX_POINT('',#6675);
#3070=VERTEX_POINT('',#6677);
#3071=VERTEX_POINT('',#6679);
#3072=VERTEX_POINT('',#6681);
#3073=VERTEX_POINT('',#6683);
#3074=VERTEX_POINT('',#6685);
#3075=VERTEX_POINT('',#6687);
#3076=VERTEX_POINT('',#6689);
#3077=VERTEX_POINT('',#6691);
#3078=VERTEX_POINT('',#6693);
#3079=VERTEX_POINT('',#6695);
#3080=VERTEX_POINT('',#6697);
#3081=VERTEX_POINT('',#6699);
#3082=VERTEX_POINT('',#6701);
#3083=VERTEX_POINT('',#6703);
#3084=VERTEX_POINT('',#6705);
#3085=VERTEX_POINT('',#6707);
#3086=VERTEX_POINT('',#6709);
#3087=VERTEX_POINT('',#6713);
#3088=VERTEX_POINT('',#6714);
#3089=VERTEX_POINT('',#6716);
#3090=VERTEX_POINT('',#6718);
#3091=VERTEX_POINT('',#6720);
#3092=VERTEX_POINT('',#6722);
#3093=VERTEX_POINT('',#6726);
#3094=VERTEX_POINT('',#6727);
#3095=VERTEX_POINT('',#6729);
#3096=VERTEX_POINT('',#6731);
#3097=VERTEX_POINT('',#6733);
#3098=VERTEX_POINT('',#6735);
#3099=VERTEX_POINT('',#6739);
#3100=VERTEX_POINT('',#6740);
#3101=VERTEX_POINT('',#6742);
#3102=VERTEX_POINT('',#6744);
#3103=VERTEX_POINT('',#6748);
#3104=VERTEX_POINT('',#6749);
#3105=VERTEX_POINT('',#6754);
#3106=VERTEX_POINT('',#6757);
#3107=VERTEX_POINT('',#6764);
#3108=VERTEX_POINT('',#6773);
#3109=VERTEX_POINT('',#6777);
#3110=VERTEX_POINT('',#6779);
#3111=VERTEX_POINT('',#6786);
#3112=VERTEX_POINT('',#6813);
#3113=VERTEX_POINT('',#6838);
#3114=VERTEX_POINT('',#6850);
#3115=VERTEX_POINT('',#6906);
#3116=VERTEX_POINT('',#6908);
#3117=VERTEX_POINT('',#6912);
#3118=VERTEX_POINT('',#6916);
#3119=VERTEX_POINT('',#6920);
#3120=VERTEX_POINT('',#6924);
#3121=VERTEX_POINT('',#6938);
#3122=VERTEX_POINT('',#6943);
#3123=VERTEX_POINT('',#6957);
#3124=VERTEX_POINT('',#6964);
#3125=VERTEX_POINT('',#6971);
#3126=VERTEX_POINT('',#6993);
#3127=VERTEX_POINT('',#7007);
#3128=VERTEX_POINT('',#7009);
#3129=VERTEX_POINT('',#7013);
#3130=VERTEX_POINT('',#7017);
#3131=VERTEX_POINT('',#7021);
#3132=VERTEX_POINT('',#7025);
#3133=VERTEX_POINT('',#7029);
#3134=VERTEX_POINT('',#7033);
#3135=VERTEX_POINT('',#7037);
#3136=VERTEX_POINT('',#7041);
#3137=VERTEX_POINT('',#7045);
#3138=VERTEX_POINT('',#7049);
#3139=VERTEX_POINT('',#7056);
#3140=VERTEX_POINT('',#7057);
#3141=VERTEX_POINT('',#7062);
#3142=VERTEX_POINT('',#7067);
#3143=VERTEX_POINT('',#7072);
#3144=VERTEX_POINT('',#7077);
#3145=VERTEX_POINT('',#7079);
#3146=VERTEX_POINT('',#7082);
#3147=VERTEX_POINT('',#7083);
#3148=VERTEX_POINT('',#7085);
#3149=VERTEX_POINT('',#7087);
#3150=VERTEX_POINT('',#7092);
#3151=VERTEX_POINT('',#7094);
#3152=VERTEX_POINT('',#7096);
#3153=VERTEX_POINT('',#7142);
#3154=VERTEX_POINT('',#7146);
#3155=VERTEX_POINT('',#7154);
#3156=VERTEX_POINT('',#7176);
#3157=VERTEX_POINT('',#7177);
#3158=VERTEX_POINT('',#7179);
#3159=VERTEX_POINT('',#7181);
#3160=VERTEX_POINT('',#7183);
#3161=VERTEX_POINT('',#7185);
#3162=VERTEX_POINT('',#7187);
#3163=VERTEX_POINT('',#7189);
#3164=VERTEX_POINT('',#7192);
#3165=VERTEX_POINT('',#7193);
#3166=VERTEX_POINT('',#7195);
#3167=VERTEX_POINT('',#7200);
#3168=VERTEX_POINT('',#7202);
#3169=VERTEX_POINT('',#7207);
#3170=VERTEX_POINT('',#7227);
#3171=VERTEX_POINT('',#7228);
#3172=VERTEX_POINT('',#7233);
#3173=VERTEX_POINT('',#7247);
#3174=VERTEX_POINT('',#7251);
#3175=VERTEX_POINT('',#7265);
#3176=VERTEX_POINT('',#7272);
#3177=VERTEX_POINT('',#7274);
#3178=VERTEX_POINT('',#7278);
#3179=VERTEX_POINT('',#7282);
#3180=VERTEX_POINT('',#7286);
#3181=VERTEX_POINT('',#7290);
#3182=VERTEX_POINT('',#7294);
#3183=VERTEX_POINT('',#7298);
#3184=VERTEX_POINT('',#7302);
#3185=VERTEX_POINT('',#7306);
#3186=VERTEX_POINT('',#7310);
#3187=VERTEX_POINT('',#7314);
#3188=VERTEX_POINT('',#7327);
#3189=VERTEX_POINT('',#7329);
#3190=VERTEX_POINT('',#7334);
#3191=VERTEX_POINT('',#7336);
#3192=VERTEX_POINT('',#7338);
#3193=VERTEX_POINT('',#7340);
#3194=VERTEX_POINT('',#7342);
#3195=VERTEX_POINT('',#7344);
#3196=VERTEX_POINT('',#7346);
#3197=VERTEX_POINT('',#7348);
#3198=VERTEX_POINT('',#7354);
#3199=VERTEX_POINT('',#7355);
#3200=VERTEX_POINT('',#7357);
#3201=VERTEX_POINT('',#7359);
#3202=VERTEX_POINT('',#7361);
#3203=VERTEX_POINT('',#7363);
#3204=VERTEX_POINT('',#7365);
#3205=VERTEX_POINT('',#7367);
#3206=VERTEX_POINT('',#7427);
#3207=VERTEX_POINT('',#7434);
#3208=VERTEX_POINT('',#7441);
#3209=VERTEX_POINT('',#7449);
#3210=VERTEX_POINT('',#7465);
#3211=VERTEX_POINT('',#7469);
#3212=VERTEX_POINT('',#7476);
#3213=VERTEX_POINT('',#7483);
#3214=VERTEX_POINT('',#7490);
#3215=VERTEX_POINT('',#7497);
#3216=VERTEX_POINT('',#7504);
#3217=VERTEX_POINT('',#7519);
#3218=VERTEX_POINT('',#7526);
#3219=VERTEX_POINT('',#7533);
#3220=VERTEX_POINT('',#7542);
#3221=VERTEX_POINT('',#7546);
#3222=VERTEX_POINT('',#7563);
#3223=VERTEX_POINT('',#7565);
#3224=VERTEX_POINT('',#7572);
#3225=VERTEX_POINT('',#7576);
#3226=VERTEX_POINT('',#7580);
#3227=VERTEX_POINT('',#7584);
#3228=VERTEX_POINT('',#7588);
#3229=VERTEX_POINT('',#7592);
#3230=VERTEX_POINT('',#7596);
#3231=VERTEX_POINT('',#7600);
#3232=VERTEX_POINT('',#7629);
#3233=VERTEX_POINT('',#7639);
#3234=VERTEX_POINT('',#7641);
#3235=VERTEX_POINT('',#7645);
#3236=VERTEX_POINT('',#7649);
#3237=VERTEX_POINT('',#7653);
#3238=VERTEX_POINT('',#7657);
#3239=VERTEX_POINT('',#7661);
#3240=VERTEX_POINT('',#7665);
#3241=VERTEX_POINT('',#7669);
#3242=VERTEX_POINT('',#7673);
#3243=VERTEX_POINT('',#7677);
#3244=VERTEX_POINT('',#7681);
#3245=VERTEX_POINT('',#7688);
#3246=VERTEX_POINT('',#7689);
#3247=VERTEX_POINT('',#7694);
#3248=VERTEX_POINT('',#7699);
#3249=VERTEX_POINT('',#7704);
#3250=VERTEX_POINT('',#7709);
#3251=VERTEX_POINT('',#7711);
#3252=VERTEX_POINT('',#7714);
#3253=VERTEX_POINT('',#7715);
#3254=VERTEX_POINT('',#7717);
#3255=VERTEX_POINT('',#7719);
#3256=VERTEX_POINT('',#7724);
#3257=VERTEX_POINT('',#7726);
#3258=VERTEX_POINT('',#7728);
#3259=VERTEX_POINT('',#7774);
#3260=VERTEX_POINT('',#7778);
#3261=VERTEX_POINT('',#7786);
#3262=VERTEX_POINT('',#7808);
#3263=VERTEX_POINT('',#7809);
#3264=VERTEX_POINT('',#7811);
#3265=VERTEX_POINT('',#7813);
#3266=VERTEX_POINT('',#7815);
#3267=VERTEX_POINT('',#7817);
#3268=VERTEX_POINT('',#7819);
#3269=VERTEX_POINT('',#7821);
#3270=VERTEX_POINT('',#7824);
#3271=VERTEX_POINT('',#7825);
#3272=VERTEX_POINT('',#7827);
#3273=VERTEX_POINT('',#7832);
#3274=VERTEX_POINT('',#7834);
#3275=VERTEX_POINT('',#7839);
#3276=VERTEX_POINT('',#7859);
#3277=VERTEX_POINT('',#7860);
#3278=VERTEX_POINT('',#7865);
#3279=VERTEX_POINT('',#7879);
#3280=VERTEX_POINT('',#7883);
#3281=VERTEX_POINT('',#7897);
#3282=VERTEX_POINT('',#7907);
#3283=VERTEX_POINT('',#7908);
#3284=VERTEX_POINT('',#7910);
#3285=VERTEX_POINT('',#7912);
#3286=VERTEX_POINT('',#7914);
#3287=VERTEX_POINT('',#7916);
#3288=VERTEX_POINT('',#7918);
#3289=VERTEX_POINT('',#7920);
#3290=VERTEX_POINT('',#7922);
#3291=VERTEX_POINT('',#7924);
#3292=VERTEX_POINT('',#7929);
#3293=VERTEX_POINT('',#7931);
#3294=VERTEX_POINT('',#7933);
#3295=VERTEX_POINT('',#7937);
#3296=VERTEX_POINT('',#7939);
#3297=VERTEX_POINT('',#7941);
#3298=VERTEX_POINT('',#7943);
#3299=VERTEX_POINT('',#7957);
#3300=VERTEX_POINT('',#7958);
#3301=VERTEX_POINT('',#8055);
#3302=VERTEX_POINT('',#8056);
#3303=CIRCLE('',#4676,0.000399999999999);
#3304=CIRCLE('',#4678,0.0004);
#3305=CIRCLE('',#4680,5.84568116249428E-5);
#3306=CIRCLE('',#4681,3.89770687676767E-5);
#3307=CIRCLE('',#4682,9.2055894944638E-5);
#3308=CIRCLE('',#4683,4.7240659128226E-5);
#3309=CIRCLE('',#4684,4.80825202566331E-5);
#3310=CIRCLE('',#4685,3.97196052878061E-5);
#3311=CIRCLE('',#4686,7.37702092428792E-5);
#3312=CIRCLE('',#4687,9.13455895429086E-5);
#3313=CIRCLE('',#4688,0.000103126364038723);
#3314=CIRCLE('',#4689,0.000107916371023894);
#3315=CIRCLE('',#4690,0.000122939143118967);
#3316=CIRCLE('',#4691,9.66192380291237E-5);
#3317=CIRCLE('',#4692,7.2736682174753E-5);
#3318=CIRCLE('',#4693,8.59851337174595E-5);
#3319=CIRCLE('',#4694,8.2236033516279E-5);
#3320=CIRCLE('',#4695,6.81084799973836E-5);
#3321=CIRCLE('',#4696,9.92266617143337E-5);
#3322=CIRCLE('',#4697,7.01951635333565E-5);
#3323=CIRCLE('',#4698,1.71208806381429E-5);
#3324=CIRCLE('',#4699,0.000110968585368248);
#3325=CIRCLE('',#4700,8.08229003581465E-5);
#3326=CIRCLE('',#4701,3.68496497600624E-5);
#3327=CIRCLE('',#4702,3.61991285979717E-5);
#3328=CIRCLE('',#4703,6.82320584269167E-5);
#3329=CIRCLE('',#4704,8.93471505376298E-5);
#3330=CIRCLE('',#4705,6.6800767607709E-5);
#3331=CIRCLE('',#4706,3.42872401009659E-5);
#3332=CIRCLE('',#4707,1.64278065686348E-5);
#3333=CIRCLE('',#4708,1.69652270811557E-5);
#3334=CIRCLE('',#4709,0.00010359851341614);
#3335=CIRCLE('',#4710,8.83730322340204E-5);
#3336=CIRCLE('',#4711,3.50570020303131E-5);
#3337=CIRCLE('',#4712,3.6074357109009E-5);
#3338=CIRCLE('',#4713,7.21840827727291E-5);
#3339=CIRCLE('',#4714,8.71926974183791E-5);
#3340=CIRCLE('',#4715,0.000202413801595394);
#3341=CIRCLE('',#4716,0.0002016805848149);
#3342=CIRCLE('',#4717,4.56360570406949E-5);
#3343=CIRCLE('',#4718,4.5080137837595E-5);
#3344=CIRCLE('',#4719,1.75273150392273);
#3345=CIRCLE('',#4720,0.000112260432380606);
#3346=CIRCLE('',#4721,0.000112950849585549);
#3347=CIRCLE('',#4722,0.000204831177311673);
#3348=CIRCLE('',#4723,0.000203204510023609);
#3349=CIRCLE('',#4724,0.000152771744575478);
#3350=CIRCLE('',#4725,0.000145078472353129);
#3351=CIRCLE('',#4726,0.000146924015722112);
#3352=CIRCLE('',#4727,0.000146125188453947);
#3353=CIRCLE('',#4728,0.00014220288453534);
#3354=CIRCLE('',#4729,0.000145078472355558);
#3355=CIRCLE('',#4731,0.000233341831218722);
#3356=CIRCLE('',#4732,0.000236283898578775);
#3357=CIRCLE('',#4733,0.000233054177609462);
#3358=CIRCLE('',#4734,0.00023416529431968);
#3359=CIRCLE('',#4735,0.000257747384898814);
#3360=CIRCLE('',#4736,0.000295027884812568);
#3361=CIRCLE('',#4737,0.000295939202364412);
#3362=CIRCLE('',#4738,0.000300554661131055);
#3363=CIRCLE('',#4739,0.000293718395457116);
#3364=CIRCLE('',#4741,0.001);
#3365=CIRCLE('',#4742,0.001);
#3366=CIRCLE('',#4743,0.001);
#3367=CIRCLE('',#4744,0.001);
#3368=CIRCLE('',#4746,0.001);
#3369=CIRCLE('',#4747,0.001);
#3370=CIRCLE('',#4748,0.001);
#3371=CIRCLE('',#4749,0.001);
#3372=CIRCLE('',#4752,0.003);
#3373=CIRCLE('',#4753,0.003);
#3374=CIRCLE('',#4755,0.003);
#3375=CIRCLE('',#4756,0.003);
#3376=CIRCLE('',#4758,0.003);
#3377=CIRCLE('',#4759,0.003);
#3378=CIRCLE('',#4761,0.003);
#3379=CIRCLE('',#4762,0.003);
#3380=CIRCLE('',#4764,0.002);
#3381=CIRCLE('',#4765,0.002);
#3382=CIRCLE('',#4767,0.002);
#3383=CIRCLE('',#4769,0.002);
#3384=CIRCLE('',#4771,0.002);
#3385=CIRCLE('',#4773,0.002);
#3386=CIRCLE('',#4776,0.002);
#3387=CIRCLE('',#4777,0.002);
#3388=CIRCLE('',#4779,0.002);
#3389=CIRCLE('',#4781,0.002);
#3390=CIRCLE('',#4783,0.002);
#3391=CIRCLE('',#4785,0.002);
#3392=CIRCLE('',#4788,0.0004);
#3393=CIRCLE('',#4791,0.000399999999999);
#3394=CIRCLE('',#4810,9.92266617143337E-5);
#3395=CIRCLE('',#4812,6.81084799973836E-5);
#3396=CIRCLE('',#4814,8.2236033516279E-5);
#3397=CIRCLE('',#4816,8.59851337174595E-5);
#3398=CIRCLE('',#4818,7.2736682174753E-5);
#3399=CIRCLE('',#4820,9.66192380291237E-5);
#3400=CIRCLE('',#4823,0.000122939143118967);
#3401=CIRCLE('',#4825,0.000107916371023894);
#3402=CIRCLE('',#4827,0.000103126364038723);
#3403=CIRCLE('',#4829,9.13455895429086E-5);
#3404=CIRCLE('',#4845,8.72101561376264E-5);
#3405=CIRCLE('',#4846,7.88606184814418E-5);
#3406=CIRCLE('',#4847,8.32329803795265E-5);
#3407=CIRCLE('',#4855,8.32329803795265E-5);
#3408=CIRCLE('',#4857,7.88606184814418E-5);
#3409=CIRCLE('',#4859,8.72101561376264E-5);
#3410=CIRCLE('',#4889,9.2055894944638E-5);
#3411=CIRCLE('',#4890,7.37702092428792E-5);
#3412=CIRCLE('',#4891,3.97196052878061E-5);
#3413=CIRCLE('',#4892,4.80825202566331E-5);
#3414=CIRCLE('',#4893,4.7240659128226E-5);
#3415=CIRCLE('',#4894,2.46703733011139E-5);
#3416=CIRCLE('',#4895,4.7194279210256E-5);
#3417=CIRCLE('',#4896,4.16874599645993E-5);
#3418=CIRCLE('',#4897,3.57712932277411E-5);
#3419=CIRCLE('',#4898,2.82096695590789E-5);
#3420=CIRCLE('',#4899,2.14386177291134E-5);
#3421=CIRCLE('',#4912,4.7194279210256E-5);
#3422=CIRCLE('',#4914,2.46703733011139E-5);
#3423=CIRCLE('',#4916,2.14386177291134E-5);
#3424=CIRCLE('',#4918,2.82096695590789E-5);
#3425=CIRCLE('',#4920,3.57712932277411E-5);
#3426=CIRCLE('',#4922,4.16874599645993E-5);
#3427=CIRCLE('',#4927,7.01951635333565E-5);
#3428=CIRCLE('',#4930,8.71926974183791E-5);
#3429=CIRCLE('',#4932,7.21840827727291E-5);
#3430=CIRCLE('',#4934,3.6074357109009E-5);
#3431=CIRCLE('',#4936,3.50570020303131E-5);
#3432=CIRCLE('',#4938,8.83730322340204E-5);
#3433=CIRCLE('',#4940,0.00010359851341614);
#3434=CIRCLE('',#4942,1.69652270811557E-5);
#3435=CIRCLE('',#4944,1.64278065686348E-5);
#3436=CIRCLE('',#4946,3.42872401009659E-5);
#3437=CIRCLE('',#4948,6.6800767607709E-5);
#3438=CIRCLE('',#4951,8.93471505376298E-5);
#3439=CIRCLE('',#4953,6.82320584269167E-5);
#3440=CIRCLE('',#4955,3.61991285979717E-5);
#3441=CIRCLE('',#4957,3.68496497600624E-5);
#3442=CIRCLE('',#4959,8.08229003581465E-5);
#3443=CIRCLE('',#4961,0.000110968585368248);
#3444=CIRCLE('',#4963,1.71208806381429E-5);
#3445=CIRCLE('',#4975,3.89770687676767E-5);
#3446=CIRCLE('',#4978,5.84568116249428E-5);
#3447=CIRCLE('',#4995,8.72101561393352E-5);
#3448=CIRCLE('',#4996,7.8860618479527E-5);
#3449=CIRCLE('',#4997,8.32329803668255E-5);
#3450=CIRCLE('',#5005,8.32329803668255E-5);
#3451=CIRCLE('',#5007,7.8860618479527E-5);
#3452=CIRCLE('',#5009,8.72101561393352E-5);
#3453=CIRCLE('',#5026,0.000293718395457116);
#3454=CIRCLE('',#5027,0.000300554661131055);
#3455=CIRCLE('',#5028,0.000295939202364412);
#3456=CIRCLE('',#5029,0.000295027884812568);
#3457=CIRCLE('',#5030,0.000257747384898814);
#3458=CIRCLE('',#5031,0.00023416529431968);
#3459=CIRCLE('',#5032,0.000233054177609462);
#3460=CIRCLE('',#5033,0.000236283898578775);
#3461=CIRCLE('',#5034,0.000233341831218722);
#3462=CIRCLE('',#5036,0.000145078472355558);
#3463=CIRCLE('',#5037,0.00014220288453534);
#3464=CIRCLE('',#5038,0.000146125188453947);
#3465=CIRCLE('',#5039,0.000146924015722112);
#3466=CIRCLE('',#5040,0.000145078472353129);
#3467=CIRCLE('',#5041,0.000152771744575478);
#3468=CIRCLE('',#5042,0.000203204510023609);
#3469=CIRCLE('',#5043,0.000204831177311673);
#3470=CIRCLE('',#5044,0.000112950849585549);
#3471=CIRCLE('',#5045,0.000112260432380606);
#3472=CIRCLE('',#5046,1.75273150392273);
#3473=CIRCLE('',#5047,4.5080137837595E-5);
#3474=CIRCLE('',#5048,4.56360570406949E-5);
#3475=CIRCLE('',#5049,0.0002016805848149);
#3476=CIRCLE('',#5050,0.000202413801595394);
#3477=CIRCLE('',#5051,5.63910820202103E-5);
#3478=CIRCLE('',#5052,5.63723073725633E-5);
#3479=CIRCLE('',#5086,5.63910820202103E-5);
#3480=CIRCLE('',#5088,5.63723073725633E-5);
#3481=EDGE_LOOP('',(#996,#997,#998,#999,#1000));
#3482=EDGE_LOOP('',(#1001,#1002,#1003,#1004,#1005));
#3483=EDGE_LOOP('',(#1006,#1007,#1008,#1009,#1010,#1011,#1012,#1013,#1014,
#1015,#1016,#1017,#1018,#1019,#1020));
#3484=EDGE_LOOP('',(#1021,#1022,#1023,#1024,#1025,#1026,#1027,#1028,#1029,
#1030,#1031,#1032,#1033,#1034));
#3485=EDGE_LOOP('',(#1035,#1036,#1037,#1038,#1039,#1040,#1041,#1042,#1043,
#1044,#1045,#1046));
#3486=EDGE_LOOP('',(#1047,#1048,#1049,#1050,#1051,#1052,#1053,#1054,#1055,
#1056,#1057,#1058,#1059,#1060));
#3487=EDGE_LOOP('',(#1061,#1062,#1063,#1064));
#3488=EDGE_LOOP('',(#1065,#1066,#1067,#1068,#1069,#1070));
#3489=EDGE_LOOP('',(#1071,#1072,#1073,#1074,#1075,#1076,#1077,#1078,#1079,
#1080,#1081,#1082));
#3490=EDGE_LOOP('',(#1083,#1084,#1085,#1086,#1087,#1088,#1089));
#3491=EDGE_LOOP('',(#1090,#1091,#1092,#1093,#1094,#1095,#1096,#1097));
#3492=EDGE_LOOP('',(#1098,#1099,#1100,#1101,#1102,#1103,#1104,#1105,#1106,
#1107,#1108,#1109,#1110,#1111,#1112,#1113,#1114,#1115,#1116,#1117,#1118));
#3493=EDGE_LOOP('',(#1119,#1120,#1121,#1122,#1123,#1124,#1125,#1126,#1127,
#1128,#1129,#1130));
#3494=EDGE_LOOP('',(#1131,#1132,#1133,#1134,#1135,#1136,#1137));
#3495=EDGE_LOOP('',(#1138,#1139,#1140,#1141,#1142,#1143,#1144,#1145));
#3496=EDGE_LOOP('',(#1146,#1147,#1148,#1149,#1150,#1151,#1152,#1153,#1154,
#1155,#1156,#1157,#1158,#1159,#1160,#1161,#1162,#1163,#1164,#1165,#1166,
#1167,#1168,#1169,#1170,#1171,#1172,#1173,#1174,#1175,#1176,#1177,#1178));
#3497=EDGE_LOOP('',(#1179,#1180,#1181,#1182,#1183,#1184));
#3498=EDGE_LOOP('',(#1185,#1186,#1187,#1188,#1189,#1190));
#3499=EDGE_LOOP('',(#1191,#1192,#1193,#1194));
#3500=EDGE_LOOP('',(#1195,#1196,#1197,#1198,#1199,#1200));
#3501=EDGE_LOOP('',(#1201,#1202,#1203,#1204,#1205,#1206));
#3502=EDGE_LOOP('',(#1207,#1208,#1209,#1210));
#3503=EDGE_LOOP('',(#1211,#1212,#1213,#1214));
#3504=EDGE_LOOP('',(#1215,#1216,#1217,#1218,#1219));
#3505=EDGE_LOOP('',(#1220,#1221,#1222,#1223));
#3506=EDGE_LOOP('',(#1224,#1225,#1226,#1227,#1228));
#3507=EDGE_LOOP('',(#1229,#1230,#1231,#1232));
#3508=EDGE_LOOP('',(#1233,#1234,#1235,#1236));
#3509=EDGE_LOOP('',(#1237,#1238,#1239,#1240));
#3510=EDGE_LOOP('',(#1241,#1242,#1243,#1244,#1245));
#3511=EDGE_LOOP('',(#1246,#1247,#1248,#1249,#1250));
#3512=EDGE_LOOP('',(#1251,#1252,#1253,#1254));
#3513=EDGE_LOOP('',(#1255,#1256,#1257,#1258));
#3514=EDGE_LOOP('',(#1259,#1260,#1261,#1262));
#3515=EDGE_LOOP('',(#1263,#1264,#1265,#1266));
#3516=EDGE_LOOP('',(#1267,#1268,#1269,#1270,#1271));
#3517=EDGE_LOOP('',(#1272,#1273));
#3518=EDGE_LOOP('',(#1274,#1275,#1276,#1277,#1278));
#3519=EDGE_LOOP('',(#1279,#1280));
#3520=EDGE_LOOP('',(#1281,#1282,#1283,#1284));
#3521=EDGE_LOOP('',(#1285,#1286,#1287,#1288));
#3522=EDGE_LOOP('',(#1289,#1290,#1291,#1292));
#3523=EDGE_LOOP('',(#1293,#1294,#1295,#1296));
#3524=EDGE_LOOP('',(#1297,#1298,#1299,#1300));
#3525=EDGE_LOOP('',(#1301,#1302,#1303,#1304));
#3526=EDGE_LOOP('',(#1305,#1306,#1307,#1308));
#3527=EDGE_LOOP('',(#1309,#1310,#1311,#1312));
#3528=EDGE_LOOP('',(#1313,#1314,#1315,#1316));
#3529=EDGE_LOOP('',(#1317,#1318,#1319,#1320));
#3530=EDGE_LOOP('',(#1321,#1322,#1323,#1324));
#3531=EDGE_LOOP('',(#1325,#1326,#1327,#1328));
#3532=EDGE_LOOP('',(#1329,#1330,#1331,#1332));
#3533=EDGE_LOOP('',(#1333,#1334,#1335,#1336));
#3534=EDGE_LOOP('',(#1337,#1338,#1339,#1340,#1341,#1342));
#3535=EDGE_LOOP('',(#1343,#1344,#1345,#1346));
#3536=EDGE_LOOP('',(#1347,#1348,#1349));
#3537=EDGE_LOOP('',(#1350,#1351));
#3538=EDGE_LOOP('',(#1352,#1353,#1354));
#3539=EDGE_LOOP('',(#1355,#1356,#1357,#1358));
#3540=EDGE_LOOP('',(#1359,#1360,#1361,#1362));
#3541=EDGE_LOOP('',(#1363,#1364,#1365));
#3542=EDGE_LOOP('',(#1366,#1367));
#3543=EDGE_LOOP('',(#1368,#1369));
#3544=EDGE_LOOP('',(#1370,#1371));
#3545=EDGE_LOOP('',(#1372,#1373,#1374));
#3546=EDGE_LOOP('',(#1375,#1376,#1377));
#3547=EDGE_LOOP('',(#1378,#1379));
#3548=EDGE_LOOP('',(#1380,#1381,#1382));
#3549=EDGE_LOOP('',(#1383,#1384,#1385,#1386,#1387,#1388,#1389,#1390,#1391,
#1392,#1393,#1394,#1395,#1396));
#3550=EDGE_LOOP('',(#1397,#1398,#1399,#1400));
#3551=EDGE_LOOP('',(#1401,#1402,#1403,#1404));
#3552=EDGE_LOOP('',(#1405,#1406,#1407,#1408));
#3553=EDGE_LOOP('',(#1409,#1410,#1411,#1412));
#3554=EDGE_LOOP('',(#1413,#1414,#1415,#1416));
#3555=EDGE_LOOP('',(#1417,#1418,#1419,#1420));
#3556=EDGE_LOOP('',(#1421,#1422,#1423,#1424));
#3557=EDGE_LOOP('',(#1425,#1426,#1427,#1428));
#3558=EDGE_LOOP('',(#1429,#1430,#1431,#1432));
#3559=EDGE_LOOP('',(#1433,#1434,#1435,#1436));
#3560=EDGE_LOOP('',(#1437,#1438,#1439,#1440));
#3561=EDGE_LOOP('',(#1441,#1442,#1443,#1444));
#3562=EDGE_LOOP('',(#1445,#1446,#1447,#1448,#1449,#1450,#1451,#1452,#1453,
#1454,#1455,#1456));
#3563=EDGE_LOOP('',(#1457,#1458,#1459,#1460,#1461,#1462,#1463));
#3564=EDGE_LOOP('',(#1464,#1465,#1466,#1467,#1468,#1469,#1470));
#3565=EDGE_LOOP('',(#1471,#1472,#1473,#1474));
#3566=EDGE_LOOP('',(#1475,#1476,#1477,#1478));
#3567=EDGE_LOOP('',(#1479,#1480,#1481,#1482));
#3568=EDGE_LOOP('',(#1483,#1484,#1485,#1486));
#3569=EDGE_LOOP('',(#1487,#1488,#1489,#1490));
#3570=EDGE_LOOP('',(#1491,#1492,#1493,#1494));
#3571=EDGE_LOOP('',(#1495,#1496,#1497,#1498));
#3572=EDGE_LOOP('',(#1499,#1500,#1501));
#3573=EDGE_LOOP('',(#1502,#1503,#1504,#1505));
#3574=EDGE_LOOP('',(#1506,#1507,#1508));
#3575=EDGE_LOOP('',(#1509,#1510));
#3576=EDGE_LOOP('',(#1511,#1512,#1513));
#3577=EDGE_LOOP('',(#1514,#1515,#1516));
#3578=EDGE_LOOP('',(#1517,#1518));
#3579=EDGE_LOOP('',(#1519,#1520,#1521,#1522,#1523,#1524,#1525));
#3580=EDGE_LOOP('',(#1526,#1527,#1528,#1529,#1530,#1531,#1532,#1533));
#3581=EDGE_LOOP('',(#1534,#1535,#1536,#1537,#1538,#1539));
#3582=EDGE_LOOP('',(#1540,#1541,#1542,#1543));
#3583=EDGE_LOOP('',(#1544,#1545,#1546,#1547));
#3584=EDGE_LOOP('',(#1548,#1549,#1550,#1551));
#3585=EDGE_LOOP('',(#1552,#1553,#1554,#1555));
#3586=EDGE_LOOP('',(#1556,#1557,#1558,#1559));
#3587=EDGE_LOOP('',(#1560,#1561,#1562,#1563));
#3588=EDGE_LOOP('',(#1564,#1565,#1566,#1567));
#3589=EDGE_LOOP('',(#1568,#1569,#1570,#1571));
#3590=EDGE_LOOP('',(#1572,#1573,#1574,#1575));
#3591=EDGE_LOOP('',(#1576,#1577,#1578,#1579));
#3592=EDGE_LOOP('',(#1580,#1581,#1582,#1583));
#3593=EDGE_LOOP('',(#1584,#1585,#1586,#1587));
#3594=EDGE_LOOP('',(#1588,#1589,#1590,#1591));
#3595=EDGE_LOOP('',(#1592,#1593,#1594,#1595));
#3596=EDGE_LOOP('',(#1596,#1597,#1598,#1599,#1600,#1601));
#3597=EDGE_LOOP('',(#1602,#1603,#1604,#1605));
#3598=EDGE_LOOP('',(#1606,#1607,#1608,#1609));
#3599=EDGE_LOOP('',(#1610,#1611,#1612,#1613));
#3600=EDGE_LOOP('',(#1614,#1615,#1616,#1617));
#3601=EDGE_LOOP('',(#1618,#1619,#1620,#1621));
#3602=EDGE_LOOP('',(#1622,#1623,#1624,#1625));
#3603=EDGE_LOOP('',(#1626,#1627,#1628,#1629));
#3604=EDGE_LOOP('',(#1630,#1631,#1632,#1633));
#3605=EDGE_LOOP('',(#1634,#1635,#1636,#1637));
#3606=EDGE_LOOP('',(#1638,#1639,#1640,#1641));
#3607=EDGE_LOOP('',(#1642,#1643,#1644,#1645));
#3608=EDGE_LOOP('',(#1646,#1647,#1648,#1649));
#3609=EDGE_LOOP('',(#1650,#1651,#1652,#1653,#1654,#1655,#1656,#1657,#1658,
#1659,#1660,#1661));
#3610=EDGE_LOOP('',(#1662,#1663,#1664,#1665,#1666,#1667,#1668,#1669,#1670,
#1671,#1672,#1673,#1674,#1675));
#3611=EDGE_LOOP('',(#1676,#1677,#1678,#1679,#1680,#1681,#1682,#1683));
#3612=EDGE_LOOP('',(#1684,#1685));
#3613=EDGE_LOOP('',(#1686,#1687));
#3614=EDGE_LOOP('',(#1688,#1689));
#3615=EDGE_LOOP('',(#1690,#1691,#1692));
#3616=EDGE_LOOP('',(#1693,#1694,#1695,#1696));
#3617=EDGE_LOOP('',(#1697,#1698,#1699,#1700));
#3618=EDGE_LOOP('',(#1701,#1702,#1703,#1704));
#3619=EDGE_LOOP('',(#1705,#1706,#1707,#1708));
#3620=EDGE_LOOP('',(#1709,#1710,#1711,#1712));
#3621=EDGE_LOOP('',(#1713,#1714,#1715,#1716));
#3622=EDGE_LOOP('',(#1717,#1718,#1719,#1720));
#3623=EDGE_LOOP('',(#1721,#1722,#1723,#1724));
#3624=EDGE_LOOP('',(#1725,#1726,#1727,#1728));
#3625=EDGE_LOOP('',(#1729,#1730,#1731));
#3626=EDGE_LOOP('',(#1732,#1733));
#3627=EDGE_LOOP('',(#1734,#1735,#1736));
#3628=EDGE_LOOP('',(#1737,#1738,#1739,#1740));
#3629=EDGE_LOOP('',(#1741,#1742,#1743,#1744));
#3630=EDGE_LOOP('',(#1745,#1746,#1747));
#3631=EDGE_LOOP('',(#1748,#1749));
#3632=EDGE_LOOP('',(#1750,#1751,#1752));
#3633=EDGE_LOOP('',(#1753,#1754,#1755));
#3634=EDGE_LOOP('',(#1756,#1757,#1758,#1759,#1760,#1761,#1762,#1763));
#3635=EDGE_LOOP('',(#1764,#1765));
#3636=EDGE_LOOP('',(#1766,#1767));
#3637=EDGE_LOOP('',(#1768,#1769));
#3638=EDGE_LOOP('',(#1770,#1771,#1772));
#3639=EDGE_LOOP('',(#1773,#1774,#1775,#1776));
#3640=EDGE_LOOP('',(#1777,#1778,#1779,#1780));
#3641=EDGE_LOOP('',(#1781,#1782,#1783,#1784));
#3642=EDGE_LOOP('',(#1785,#1786,#1787,#1788));
#3643=EDGE_LOOP('',(#1789,#1790,#1791,#1792));
#3644=EDGE_LOOP('',(#1793,#1794,#1795,#1796));
#3645=EDGE_LOOP('',(#1797,#1798,#1799));
#3646=EDGE_LOOP('',(#1800,#1801));
#3647=EDGE_LOOP('',(#1802,#1803));
#3648=EDGE_LOOP('',(#1804,#1805));
#3649=EDGE_LOOP('',(#1806,#1807,#1808));
#3650=EDGE_LOOP('',(#1809,#1810,#1811,#1812));
#3651=EDGE_LOOP('',(#1813,#1814,#1815,#1816));
#3652=EDGE_LOOP('',(#1817,#1818,#1819));
#3653=EDGE_LOOP('',(#1820,#1821,#1822));
#3654=EDGE_LOOP('',(#1823,#1824,#1825,#1826));
#3655=EDGE_LOOP('',(#1827,#1828,#1829));
#3656=EDGE_LOOP('',(#1830,#1831,#1832,#1833,#1834,#1835,#1836,#1837,#1838,
#1839,#1840,#1841,#1842,#1843,#1844,#1845,#1846,#1847,#1848,#1849,#1850));
#3657=EDGE_LOOP('',(#1851,#1852,#1853,#1854));
#3658=EDGE_LOOP('',(#1855,#1856,#1857,#1858));
#3659=EDGE_LOOP('',(#1859,#1860,#1861,#1862));
#3660=EDGE_LOOP('',(#1863,#1864,#1865,#1866));
#3661=EDGE_LOOP('',(#1867,#1868,#1869,#1870));
#3662=EDGE_LOOP('',(#1871,#1872,#1873,#1874));
#3663=EDGE_LOOP('',(#1875,#1876,#1877,#1878));
#3664=EDGE_LOOP('',(#1879,#1880,#1881,#1882));
#3665=EDGE_LOOP('',(#1883,#1884,#1885,#1886));
#3666=EDGE_LOOP('',(#1887,#1888,#1889));
#3667=EDGE_LOOP('',(#1890,#1891));
#3668=EDGE_LOOP('',(#1892,#1893));
#3669=EDGE_LOOP('',(#1894,#1895));
#3670=EDGE_LOOP('',(#1896,#1897,#1898));
#3671=EDGE_LOOP('',(#1899,#1900,#1901,#1902));
#3672=EDGE_LOOP('',(#1903,#1904,#1905,#1906,#1907,#1908,#1909,#1910,#1911,
#1912,#1913,#1914,#1915,#1916,#1917));
#3673=EDGE_LOOP('',(#1918,#1919,#1920,#1921));
#3674=EDGE_LOOP('',(#1922,#1923,#1924,#1925));
#3675=EDGE_LOOP('',(#1926,#1927,#1928,#1929));
#3676=EDGE_LOOP('',(#1930,#1931,#1932,#1933));
#3677=EDGE_LOOP('',(#1934,#1935,#1936,#1937));
#3678=EDGE_LOOP('',(#1938,#1939,#1940,#1941));
#3679=EDGE_LOOP('',(#1942,#1943,#1944,#1945));
#3680=EDGE_LOOP('',(#1946,#1947,#1948,#1949));
#3681=EDGE_LOOP('',(#1950,#1951,#1952,#1953));
#3682=EDGE_LOOP('',(#1954,#1955,#1956,#1957));
#3683=EDGE_LOOP('',(#1958,#1959,#1960,#1961));
#3684=EDGE_LOOP('',(#1962,#1963,#1964,#1965));
#3685=EDGE_LOOP('',(#1966,#1967,#1968,#1969,#1970,#1971,#1972,#1973,#1974,
#1975,#1976,#1977));
#3686=EDGE_LOOP('',(#1978,#1979,#1980,#1981,#1982,#1983,#1984));
#3687=EDGE_LOOP('',(#1985,#1986,#1987,#1988,#1989,#1990,#1991));
#3688=EDGE_LOOP('',(#1992,#1993,#1994,#1995));
#3689=EDGE_LOOP('',(#1996,#1997,#1998,#1999));
#3690=EDGE_LOOP('',(#2000,#2001,#2002,#2003));
#3691=EDGE_LOOP('',(#2004,#2005,#2006,#2007));
#3692=EDGE_LOOP('',(#2008,#2009,#2010,#2011));
#3693=EDGE_LOOP('',(#2012,#2013,#2014,#2015));
#3694=EDGE_LOOP('',(#2016,#2017,#2018,#2019));
#3695=EDGE_LOOP('',(#2020,#2021,#2022));
#3696=EDGE_LOOP('',(#2023,#2024,#2025,#2026));
#3697=EDGE_LOOP('',(#2027,#2028,#2029));
#3698=EDGE_LOOP('',(#2030,#2031));
#3699=EDGE_LOOP('',(#2032,#2033,#2034));
#3700=EDGE_LOOP('',(#2035,#2036,#2037));
#3701=EDGE_LOOP('',(#2038,#2039));
#3702=EDGE_LOOP('',(#2040,#2041,#2042,#2043,#2044,#2045,#2046));
#3703=EDGE_LOOP('',(#2047,#2048,#2049,#2050,#2051,#2052,#2053,#2054));
#3704=EDGE_LOOP('',(#2055,#2056,#2057,#2058,#2059,#2060));
#3705=EDGE_LOOP('',(#2061,#2062,#2063,#2064));
#3706=EDGE_LOOP('',(#2065,#2066,#2067,#2068));
#3707=EDGE_LOOP('',(#2069,#2070,#2071,#2072));
#3708=EDGE_LOOP('',(#2073,#2074,#2075,#2076));
#3709=EDGE_LOOP('',(#2077,#2078,#2079,#2080));
#3710=EDGE_LOOP('',(#2081,#2082,#2083,#2084));
#3711=EDGE_LOOP('',(#2085,#2086,#2087,#2088));
#3712=EDGE_LOOP('',(#2089,#2090,#2091,#2092));
#3713=EDGE_LOOP('',(#2093,#2094,#2095,#2096));
#3714=EDGE_LOOP('',(#2097,#2098,#2099,#2100));
#3715=EDGE_LOOP('',(#2101,#2102,#2103,#2104));
#3716=EDGE_LOOP('',(#2105,#2106,#2107,#2108));
#3717=EDGE_LOOP('',(#2109,#2110,#2111,#2112));
#3718=EDGE_LOOP('',(#2113,#2114,#2115,#2116));
#3719=EDGE_LOOP('',(#2117,#2118,#2119,#2120,#2121,#2122));
#3720=EDGE_LOOP('',(#2123,#2124,#2125,#2126,#2127,#2128,#2129,#2130,#2131,
#2132,#2133,#2134,#2135,#2136,#2137,#2138,#2139,#2140,#2141,#2142,#2143,
#2144,#2145,#2146,#2147,#2148,#2149,#2150,#2151,#2152,#2153,#2154,#2155));
#3721=EDGE_LOOP('',(#2156,#2157));
#3722=EDGE_LOOP('',(#2158,#2159,#2160,#2161));
#3723=EDGE_LOOP('',(#2162,#2163,#2164,#2165));
#3724=EDGE_LOOP('',(#2166,#2167,#2168,#2169));
#3725=EDGE_LOOP('',(#2170,#2171,#2172,#2173));
#3726=EDGE_LOOP('',(#2174,#2175,#2176,#2177));
#3727=EDGE_LOOP('',(#2178,#2179,#2180,#2181));
#3728=EDGE_LOOP('',(#2182,#2183,#2184,#2185));
#3729=EDGE_LOOP('',(#2186,#2187,#2188,#2189));
#3730=EDGE_LOOP('',(#2190,#2191,#2192,#2193));
#3731=EDGE_LOOP('',(#2194,#2195,#2196));
#3732=EDGE_LOOP('',(#2197,#2198));
#3733=EDGE_LOOP('',(#2199,#2200));
#3734=EDGE_LOOP('',(#2201,#2202,#2203));
#3735=EDGE_LOOP('',(#2204,#2205,#2206,#2207));
#3736=EDGE_LOOP('',(#2208,#2209,#2210,#2211));
#3737=EDGE_LOOP('',(#2212,#2213,#2214));
#3738=EDGE_LOOP('',(#2215,#2216));
#3739=EDGE_LOOP('',(#2217,#2218,#2219));
#3740=EDGE_LOOP('',(#2220,#2221,#2222,#2223));
#3741=EDGE_LOOP('',(#2224,#2225,#2226,#2227));
#3742=EDGE_LOOP('',(#2228,#2229,#2230,#2231));
#3743=EDGE_LOOP('',(#2232,#2233,#2234));
#3744=EDGE_LOOP('',(#2235,#2236));
#3745=EDGE_LOOP('',(#2237,#2238));
#3746=EDGE_LOOP('',(#2239,#2240));
#3747=EDGE_LOOP('',(#2241,#2242));
#3748=EDGE_LOOP('',(#2243,#2244));
#3749=EDGE_LOOP('',(#2245,#2246));
#3750=EDGE_LOOP('',(#2247,#2248));
#3751=EDGE_LOOP('',(#2249,#2250));
#3752=EDGE_LOOP('',(#2251,#2252));
#3753=EDGE_LOOP('',(#2253,#2254));
#3754=EDGE_LOOP('',(#2255,#2256,#2257));
#3755=EDGE_LOOP('',(#2258,#2259,#2260,#2261));
#3756=EDGE_LOOP('',(#2262,#2263,#2264,#2265));
#3757=EDGE_LOOP('',(#2266,#2267));
#3758=FACE_BOUND('',#3481,.T.);
#3759=FACE_BOUND('',#3482,.T.);
#3760=FACE_BOUND('',#3483,.T.);
#3761=FACE_BOUND('',#3484,.T.);
#3762=FACE_BOUND('',#3485,.T.);
#3763=FACE_BOUND('',#3486,.T.);
#3764=FACE_BOUND('',#3487,.T.);
#3765=FACE_BOUND('',#3488,.T.);
#3766=FACE_BOUND('',#3489,.T.);
#3767=FACE_BOUND('',#3490,.T.);
#3768=FACE_BOUND('',#3491,.T.);
#3769=FACE_BOUND('',#3492,.T.);
#3770=FACE_BOUND('',#3493,.T.);
#3771=FACE_BOUND('',#3494,.T.);
#3772=FACE_BOUND('',#3495,.T.);
#3773=FACE_BOUND('',#3496,.T.);
#3774=FACE_BOUND('',#3497,.T.);
#3775=FACE_BOUND('',#3498,.T.);
#3776=FACE_BOUND('',#3499,.T.);
#3777=FACE_BOUND('',#3500,.T.);
#3778=FACE_BOUND('',#3501,.T.);
#3779=FACE_BOUND('',#3502,.T.);
#3780=FACE_BOUND('',#3503,.T.);
#3781=FACE_BOUND('',#3504,.T.);
#3782=FACE_BOUND('',#3505,.T.);
#3783=FACE_BOUND('',#3506,.T.);
#3784=FACE_BOUND('',#3507,.T.);
#3785=FACE_BOUND('',#3508,.T.);
#3786=FACE_BOUND('',#3509,.T.);
#3787=FACE_BOUND('',#3510,.T.);
#3788=FACE_BOUND('',#3511,.T.);
#3789=FACE_BOUND('',#3512,.T.);
#3790=FACE_BOUND('',#3513,.T.);
#3791=FACE_BOUND('',#3514,.T.);
#3792=FACE_BOUND('',#3515,.T.);
#3793=FACE_BOUND('',#3516,.T.);
#3794=FACE_BOUND('',#3517,.T.);
#3795=FACE_BOUND('',#3518,.T.);
#3796=FACE_BOUND('',#3519,.T.);
#3797=FACE_BOUND('',#3520,.T.);
#3798=FACE_BOUND('',#3521,.T.);
#3799=FACE_BOUND('',#3522,.T.);
#3800=FACE_BOUND('',#3523,.T.);
#3801=FACE_BOUND('',#3524,.T.);
#3802=FACE_BOUND('',#3525,.T.);
#3803=FACE_BOUND('',#3526,.T.);
#3804=FACE_BOUND('',#3527,.T.);
#3805=FACE_BOUND('',#3528,.T.);
#3806=FACE_BOUND('',#3529,.T.);
#3807=FACE_BOUND('',#3530,.T.);
#3808=FACE_BOUND('',#3531,.T.);
#3809=FACE_BOUND('',#3532,.T.);
#3810=FACE_BOUND('',#3533,.T.);
#3811=FACE_BOUND('',#3534,.T.);
#3812=FACE_BOUND('',#3535,.T.);
#3813=FACE_BOUND('',#3536,.T.);
#3814=FACE_BOUND('',#3537,.T.);
#3815=FACE_BOUND('',#3538,.T.);
#3816=FACE_BOUND('',#3539,.T.);
#3817=FACE_BOUND('',#3540,.T.);
#3818=FACE_BOUND('',#3541,.T.);
#3819=FACE_BOUND('',#3542,.T.);
#3820=FACE_BOUND('',#3543,.T.);
#3821=FACE_BOUND('',#3544,.T.);
#3822=FACE_BOUND('',#3545,.T.);
#3823=FACE_BOUND('',#3546,.T.);
#3824=FACE_BOUND('',#3547,.T.);
#3825=FACE_BOUND('',#3548,.T.);
#3826=FACE_BOUND('',#3549,.T.);
#3827=FACE_BOUND('',#3550,.T.);
#3828=FACE_BOUND('',#3551,.T.);
#3829=FACE_BOUND('',#3552,.T.);
#3830=FACE_BOUND('',#3553,.T.);
#3831=FACE_BOUND('',#3554,.T.);
#3832=FACE_BOUND('',#3555,.T.);
#3833=FACE_BOUND('',#3556,.T.);
#3834=FACE_BOUND('',#3557,.T.);
#3835=FACE_BOUND('',#3558,.T.);
#3836=FACE_BOUND('',#3559,.T.);
#3837=FACE_BOUND('',#3560,.T.);
#3838=FACE_BOUND('',#3561,.T.);
#3839=FACE_BOUND('',#3562,.T.);
#3840=FACE_BOUND('',#3563,.T.);
#3841=FACE_BOUND('',#3564,.T.);
#3842=FACE_BOUND('',#3565,.T.);
#3843=FACE_BOUND('',#3566,.T.);
#3844=FACE_BOUND('',#3567,.T.);
#3845=FACE_BOUND('',#3568,.T.);
#3846=FACE_BOUND('',#3569,.T.);
#3847=FACE_BOUND('',#3570,.T.);
#3848=FACE_BOUND('',#3571,.T.);
#3849=FACE_BOUND('',#3572,.T.);
#3850=FACE_BOUND('',#3573,.T.);
#3851=FACE_BOUND('',#3574,.T.);
#3852=FACE_BOUND('',#3575,.T.);
#3853=FACE_BOUND('',#3576,.T.);
#3854=FACE_BOUND('',#3577,.T.);
#3855=FACE_BOUND('',#3578,.T.);
#3856=FACE_BOUND('',#3579,.T.);
#3857=FACE_BOUND('',#3580,.T.);
#3858=FACE_BOUND('',#3581,.T.);
#3859=FACE_BOUND('',#3582,.T.);
#3860=FACE_BOUND('',#3583,.T.);
#3861=FACE_BOUND('',#3584,.T.);
#3862=FACE_BOUND('',#3585,.T.);
#3863=FACE_BOUND('',#3586,.T.);
#3864=FACE_BOUND('',#3587,.T.);
#3865=FACE_BOUND('',#3588,.T.);
#3866=FACE_BOUND('',#3589,.T.);
#3867=FACE_BOUND('',#3590,.T.);
#3868=FACE_BOUND('',#3591,.T.);
#3869=FACE_BOUND('',#3592,.T.);
#3870=FACE_BOUND('',#3593,.T.);
#3871=FACE_BOUND('',#3594,.T.);
#3872=FACE_BOUND('',#3595,.T.);
#3873=FACE_BOUND('',#3596,.T.);
#3874=FACE_BOUND('',#3597,.T.);
#3875=FACE_BOUND('',#3598,.T.);
#3876=FACE_BOUND('',#3599,.T.);
#3877=FACE_BOUND('',#3600,.T.);
#3878=FACE_BOUND('',#3601,.T.);
#3879=FACE_BOUND('',#3602,.T.);
#3880=FACE_BOUND('',#3603,.T.);
#3881=FACE_BOUND('',#3604,.T.);
#3882=FACE_BOUND('',#3605,.T.);
#3883=FACE_BOUND('',#3606,.T.);
#3884=FACE_BOUND('',#3607,.T.);
#3885=FACE_BOUND('',#3608,.T.);
#3886=FACE_BOUND('',#3609,.T.);
#3887=FACE_BOUND('',#3610,.T.);
#3888=FACE_BOUND('',#3611,.T.);
#3889=FACE_BOUND('',#3612,.T.);
#3890=FACE_BOUND('',#3613,.T.);
#3891=FACE_BOUND('',#3614,.T.);
#3892=FACE_BOUND('',#3615,.T.);
#3893=FACE_BOUND('',#3616,.T.);
#3894=FACE_BOUND('',#3617,.T.);
#3895=FACE_BOUND('',#3618,.T.);
#3896=FACE_BOUND('',#3619,.T.);
#3897=FACE_BOUND('',#3620,.T.);
#3898=FACE_BOUND('',#3621,.T.);
#3899=FACE_BOUND('',#3622,.T.);
#3900=FACE_BOUND('',#3623,.T.);
#3901=FACE_BOUND('',#3624,.T.);
#3902=FACE_BOUND('',#3625,.T.);
#3903=FACE_BOUND('',#3626,.T.);
#3904=FACE_BOUND('',#3627,.T.);
#3905=FACE_BOUND('',#3628,.T.);
#3906=FACE_BOUND('',#3629,.T.);
#3907=FACE_BOUND('',#3630,.T.);
#3908=FACE_BOUND('',#3631,.T.);
#3909=FACE_BOUND('',#3632,.T.);
#3910=FACE_BOUND('',#3633,.T.);
#3911=FACE_BOUND('',#3634,.T.);
#3912=FACE_BOUND('',#3635,.T.);
#3913=FACE_BOUND('',#3636,.T.);
#3914=FACE_BOUND('',#3637,.T.);
#3915=FACE_BOUND('',#3638,.T.);
#3916=FACE_BOUND('',#3639,.T.);
#3917=FACE_BOUND('',#3640,.T.);
#3918=FACE_BOUND('',#3641,.T.);
#3919=FACE_BOUND('',#3642,.T.);
#3920=FACE_BOUND('',#3643,.T.);
#3921=FACE_BOUND('',#3644,.T.);
#3922=FACE_BOUND('',#3645,.T.);
#3923=FACE_BOUND('',#3646,.T.);
#3924=FACE_BOUND('',#3647,.T.);
#3925=FACE_BOUND('',#3648,.T.);
#3926=FACE_BOUND('',#3649,.T.);
#3927=FACE_BOUND('',#3650,.T.);
#3928=FACE_BOUND('',#3651,.T.);
#3929=FACE_BOUND('',#3652,.T.);
#3930=FACE_BOUND('',#3653,.T.);
#3931=FACE_BOUND('',#3654,.T.);
#3932=FACE_BOUND('',#3655,.T.);
#3933=FACE_BOUND('',#3656,.T.);
#3934=FACE_BOUND('',#3657,.T.);
#3935=FACE_BOUND('',#3658,.T.);
#3936=FACE_BOUND('',#3659,.T.);
#3937=FACE_BOUND('',#3660,.T.);
#3938=FACE_BOUND('',#3661,.T.);
#3939=FACE_BOUND('',#3662,.T.);
#3940=FACE_BOUND('',#3663,.T.);
#3941=FACE_BOUND('',#3664,.T.);
#3942=FACE_BOUND('',#3665,.T.);
#3943=FACE_BOUND('',#3666,.T.);
#3944=FACE_BOUND('',#3667,.T.);
#3945=FACE_BOUND('',#3668,.T.);
#3946=FACE_BOUND('',#3669,.T.);
#3947=FACE_BOUND('',#3670,.T.);
#3948=FACE_BOUND('',#3671,.T.);
#3949=FACE_BOUND('',#3672,.T.);
#3950=FACE_BOUND('',#3673,.T.);
#3951=FACE_BOUND('',#3674,.T.);
#3952=FACE_BOUND('',#3675,.T.);
#3953=FACE_BOUND('',#3676,.T.);
#3954=FACE_BOUND('',#3677,.T.);
#3955=FACE_BOUND('',#3678,.T.);
#3956=FACE_BOUND('',#3679,.T.);
#3957=FACE_BOUND('',#3680,.T.);
#3958=FACE_BOUND('',#3681,.T.);
#3959=FACE_BOUND('',#3682,.T.);
#3960=FACE_BOUND('',#3683,.T.);
#3961=FACE_BOUND('',#3684,.T.);
#3962=FACE_BOUND('',#3685,.T.);
#3963=FACE_BOUND('',#3686,.T.);
#3964=FACE_BOUND('',#3687,.T.);
#3965=FACE_BOUND('',#3688,.T.);
#3966=FACE_BOUND('',#3689,.T.);
#3967=FACE_BOUND('',#3690,.T.);
#3968=FACE_BOUND('',#3691,.T.);
#3969=FACE_BOUND('',#3692,.T.);
#3970=FACE_BOUND('',#3693,.T.);
#3971=FACE_BOUND('',#3694,.T.);
#3972=FACE_BOUND('',#3695,.T.);
#3973=FACE_BOUND('',#3696,.T.);
#3974=FACE_BOUND('',#3697,.T.);
#3975=FACE_BOUND('',#3698,.T.);
#3976=FACE_BOUND('',#3699,.T.);
#3977=FACE_BOUND('',#3700,.T.);
#3978=FACE_BOUND('',#3701,.T.);
#3979=FACE_BOUND('',#3702,.T.);
#3980=FACE_BOUND('',#3703,.T.);
#3981=FACE_BOUND('',#3704,.T.);
#3982=FACE_BOUND('',#3705,.T.);
#3983=FACE_BOUND('',#3706,.T.);
#3984=FACE_BOUND('',#3707,.T.);
#3985=FACE_BOUND('',#3708,.T.);
#3986=FACE_BOUND('',#3709,.T.);
#3987=FACE_BOUND('',#3710,.T.);
#3988=FACE_BOUND('',#3711,.T.);
#3989=FACE_BOUND('',#3712,.T.);
#3990=FACE_BOUND('',#3713,.T.);
#3991=FACE_BOUND('',#3714,.T.);
#3992=FACE_BOUND('',#3715,.T.);
#3993=FACE_BOUND('',#3716,.T.);
#3994=FACE_BOUND('',#3717,.T.);
#3995=FACE_BOUND('',#3718,.T.);
#3996=FACE_BOUND('',#3719,.T.);
#3997=FACE_BOUND('',#3720,.T.);
#3998=FACE_BOUND('',#3721,.T.);
#3999=FACE_BOUND('',#3722,.T.);
#4000=FACE_BOUND('',#3723,.T.);
#4001=FACE_BOUND('',#3724,.T.);
#4002=FACE_BOUND('',#3725,.T.);
#4003=FACE_BOUND('',#3726,.T.);
#4004=FACE_BOUND('',#3727,.T.);
#4005=FACE_BOUND('',#3728,.T.);
#4006=FACE_BOUND('',#3729,.T.);
#4007=FACE_BOUND('',#3730,.T.);
#4008=FACE_BOUND('',#3731,.T.);
#4009=FACE_BOUND('',#3732,.T.);
#4010=FACE_BOUND('',#3733,.T.);
#4011=FACE_BOUND('',#3734,.T.);
#4012=FACE_BOUND('',#3735,.T.);
#4013=FACE_BOUND('',#3736,.T.);
#4014=FACE_BOUND('',#3737,.T.);
#4015=FACE_BOUND('',#3738,.T.);
#4016=FACE_BOUND('',#3739,.T.);
#4017=FACE_BOUND('',#3740,.T.);
#4018=FACE_BOUND('',#3741,.T.);
#4019=FACE_BOUND('',#3742,.T.);
#4020=FACE_BOUND('',#3743,.T.);
#4021=FACE_BOUND('',#3744,.T.);
#4022=FACE_BOUND('',#3745,.T.);
#4023=FACE_BOUND('',#3746,.T.);
#4024=FACE_BOUND('',#3747,.T.);
#4025=FACE_BOUND('',#3748,.T.);
#4026=FACE_BOUND('',#3749,.T.);
#4027=FACE_BOUND('',#3750,.T.);
#4028=FACE_BOUND('',#3751,.T.);
#4029=FACE_BOUND('',#3752,.T.);
#4030=FACE_BOUND('',#3753,.T.);
#4031=FACE_BOUND('',#3754,.T.);
#4032=FACE_BOUND('',#3755,.T.);
#4033=FACE_BOUND('',#3756,.T.);
#4034=FACE_BOUND('',#3757,.T.);
#4035=CYLINDRICAL_SURFACE('',#4675,0.000399999999999);
#4036=CYLINDRICAL_SURFACE('',#4677,0.0004);
#4037=CYLINDRICAL_SURFACE('',#4751,0.003);
#4038=CYLINDRICAL_SURFACE('',#4754,0.003);
#4039=CYLINDRICAL_SURFACE('',#4757,0.003);
#4040=CYLINDRICAL_SURFACE('',#4760,0.003);
#4041=CYLINDRICAL_SURFACE('',#4766,0.002);
#4042=CYLINDRICAL_SURFACE('',#4772,0.002);
#4043=CYLINDRICAL_SURFACE('',#4780,0.002);
#4044=CYLINDRICAL_SURFACE('',#4782,0.002);
#4045=CYLINDRICAL_SURFACE('',#4787,0.0004);
#4046=CYLINDRICAL_SURFACE('',#4790,0.000399999999999);
#4047=CYLINDRICAL_SURFACE('',#4809,9.92266617143337E-5);
#4048=CYLINDRICAL_SURFACE('',#4811,6.81084799973836E-5);
#4049=CYLINDRICAL_SURFACE('',#4813,8.2236033516279E-5);
#4050=CYLINDRICAL_SURFACE('',#4815,8.59851337174595E-5);
#4051=CYLINDRICAL_SURFACE('',#4817,7.2736682174753E-5);
#4052=CYLINDRICAL_SURFACE('',#4819,9.66192380291237E-5);
#4053=CYLINDRICAL_SURFACE('',#4822,0.000122939143118967);
#4054=CYLINDRICAL_SURFACE('',#4824,0.000107916371023894);
#4055=CYLINDRICAL_SURFACE('',#4826,0.000103126364038723);
#4056=CYLINDRICAL_SURFACE('',#4828,9.13455895429086E-5);
#4057=CYLINDRICAL_SURFACE('',#4854,8.32329803795265E-5);
#4058=CYLINDRICAL_SURFACE('',#4856,7.88606184814418E-5);
#4059=CYLINDRICAL_SURFACE('',#4858,8.72101561376264E-5);
#4060=CYLINDRICAL_SURFACE('',#4900,9.2055894944638E-5);
#4061=CYLINDRICAL_SURFACE('',#4902,7.37702092428792E-5);
#4062=CYLINDRICAL_SURFACE('',#4904,3.97196052878061E-5);
#4063=CYLINDRICAL_SURFACE('',#4905,4.80825202566331E-5);
#4064=CYLINDRICAL_SURFACE('',#4906,4.7240659128226E-5);
#4065=CYLINDRICAL_SURFACE('',#4911,4.7194279210256E-5);
#4066=CYLINDRICAL_SURFACE('',#4913,2.46703733011139E-5);
#4067=CYLINDRICAL_SURFACE('',#4915,2.14386177291134E-5);
#4068=CYLINDRICAL_SURFACE('',#4917,2.82096695590789E-5);
#4069=CYLINDRICAL_SURFACE('',#4919,3.57712932277411E-5);
#4070=CYLINDRICAL_SURFACE('',#4921,4.16874599645993E-5);
#4071=CYLINDRICAL_SURFACE('',#4926,7.01951635333565E-5);
#4072=CYLINDRICAL_SURFACE('',#4929,8.71926974183791E-5);
#4073=CYLINDRICAL_SURFACE('',#4931,7.21840827727291E-5);
#4074=CYLINDRICAL_SURFACE('',#4933,3.6074357109009E-5);
#4075=CYLINDRICAL_SURFACE('',#4935,3.50570020303131E-5);
#4076=CYLINDRICAL_SURFACE('',#4937,8.83730322340204E-5);
#4077=CYLINDRICAL_SURFACE('',#4939,0.00010359851341614);
#4078=CYLINDRICAL_SURFACE('',#4941,1.69652270811557E-5);
#4079=CYLINDRICAL_SURFACE('',#4943,1.64278065686348E-5);
#4080=CYLINDRICAL_SURFACE('',#4945,3.42872401009659E-5);
#4081=CYLINDRICAL_SURFACE('',#4947,6.6800767607709E-5);
#4082=CYLINDRICAL_SURFACE('',#4950,8.93471505376298E-5);
#4083=CYLINDRICAL_SURFACE('',#4952,6.82320584269167E-5);
#4084=CYLINDRICAL_SURFACE('',#4954,3.61991285979717E-5);
#4085=CYLINDRICAL_SURFACE('',#4956,3.68496497600624E-5);
#4086=CYLINDRICAL_SURFACE('',#4958,8.08229003581465E-5);
#4087=CYLINDRICAL_SURFACE('',#4960,0.000110968585368248);
#4088=CYLINDRICAL_SURFACE('',#4962,1.71208806381429E-5);
#4089=CYLINDRICAL_SURFACE('',#4974,3.89770687676767E-5);
#4090=CYLINDRICAL_SURFACE('',#4977,5.84568116249428E-5);
#4091=CYLINDRICAL_SURFACE('',#5004,8.32329803668255E-5);
#4092=CYLINDRICAL_SURFACE('',#5006,7.8860618479527E-5);
#4093=CYLINDRICAL_SURFACE('',#5008,8.72101561393352E-5);
#4094=CYLINDRICAL_SURFACE('',#5053,0.000293718395457116);
#4095=CYLINDRICAL_SURFACE('',#5054,0.000300554661131055);
#4096=CYLINDRICAL_SURFACE('',#5055,0.000295939202364412);
#4097=CYLINDRICAL_SURFACE('',#5056,0.000295027884812568);
#4098=CYLINDRICAL_SURFACE('',#5057,0.000257747384898814);
#4099=CYLINDRICAL_SURFACE('',#5058,0.00023416529431968);
#4100=CYLINDRICAL_SURFACE('',#5059,0.000233054177609462);
#4101=CYLINDRICAL_SURFACE('',#5060,0.000236283898578775);
#4102=CYLINDRICAL_SURFACE('',#5061,0.000233341831218722);
#4103=CYLINDRICAL_SURFACE('',#5062,0.000139736582829852);
#4104=CYLINDRICAL_SURFACE('',#5063,0.000145078472355558);
#4105=CYLINDRICAL_SURFACE('',#5068,0.00014220288453534);
#4106=CYLINDRICAL_SURFACE('',#5069,0.000146125188453947);
#4107=CYLINDRICAL_SURFACE('',#5070,0.000146924015722112);
#4108=CYLINDRICAL_SURFACE('',#5071,0.000145078472353129);
#4109=CYLINDRICAL_SURFACE('',#5072,0.000152771744575478);
#4110=CYLINDRICAL_SURFACE('',#5073,0.000203204510023609);
#4111=CYLINDRICAL_SURFACE('',#5074,0.000204831177311673);
#4112=CYLINDRICAL_SURFACE('',#5076,0.000112950849585549);
#4113=CYLINDRICAL_SURFACE('',#5077,0.000112260432380606);
#4114=CYLINDRICAL_SURFACE('',#5080,4.5080137837595E-5);
#4115=CYLINDRICAL_SURFACE('',#5081,4.56360570406949E-5);
#4116=CYLINDRICAL_SURFACE('',#5083,0.0002016805848149);
#4117=CYLINDRICAL_SURFACE('',#5084,0.000202413801595394);
#4118=CYLINDRICAL_SURFACE('',#5085,5.63910820202103E-5);
#4119=CYLINDRICAL_SURFACE('',#5087,5.63723073725633E-5);
#4120=OVER_RIDING_STYLED_ITEM('',(#4421),#4160,#4419);
#4121=OVER_RIDING_STYLED_ITEM('',(#4422),#4161,#4419);
#4122=OVER_RIDING_STYLED_ITEM('',(#4423),#4162,#4419);
#4123=OVER_RIDING_STYLED_ITEM('',(#4424),#4163,#4419);
#4124=OVER_RIDING_STYLED_ITEM('',(#4425),#4164,#4419);
#4125=OVER_RIDING_STYLED_ITEM('',(#4426),#4165,#4419);
#4126=OVER_RIDING_STYLED_ITEM('',(#4427),#4166,#4419);
#4127=OVER_RIDING_STYLED_ITEM('',(#4428),#4167,#4419);
#4128=OVER_RIDING_STYLED_ITEM('',(#4429),#4168,#4419);
#4129=OVER_RIDING_STYLED_ITEM('',(#4430),#4169,#4419);
#4130=OVER_RIDING_STYLED_ITEM('',(#4431),#4170,#4419);
#4131=OVER_RIDING_STYLED_ITEM('',(#4432),#4171,#4419);
#4132=OVER_RIDING_STYLED_ITEM('',(#4433),#4172,#4419);
#4133=OVER_RIDING_STYLED_ITEM('',(#4434),#4173,#4419);
#4134=OVER_RIDING_STYLED_ITEM('',(#4435),#4174,#4419);
#4135=OVER_RIDING_STYLED_ITEM('',(#4436),#4175,#4419);
#4136=OVER_RIDING_STYLED_ITEM('',(#4437),#4176,#4419);
#4137=OVER_RIDING_STYLED_ITEM('',(#4438),#4177,#4419);
#4138=OVER_RIDING_STYLED_ITEM('',(#4439),#4178,#4419);
#4139=OVER_RIDING_STYLED_ITEM('',(#4440),#4179,#4419);
#4140=OVER_RIDING_STYLED_ITEM('',(#4441),#4180,#4419);
#4141=OVER_RIDING_STYLED_ITEM('',(#4442),#4181,#4419);
#4142=OVER_RIDING_STYLED_ITEM('',(#4443),#4182,#4419);
#4143=OVER_RIDING_STYLED_ITEM('',(#4444),#4183,#4419);
#4144=OVER_RIDING_STYLED_ITEM('',(#4445),#4184,#4419);
#4145=OVER_RIDING_STYLED_ITEM('',(#4446),#4185,#4419);
#4146=OVER_RIDING_STYLED_ITEM('',(#4447),#4186,#4419);
#4147=OVER_RIDING_STYLED_ITEM('',(#4448),#4187,#4419);
#4148=OVER_RIDING_STYLED_ITEM('',(#4449),#4188,#4419);
#4149=OVER_RIDING_STYLED_ITEM('',(#4450),#4189,#4419);
#4150=OVER_RIDING_STYLED_ITEM('',(#4451),#4190,#4419);
#4151=OVER_RIDING_STYLED_ITEM('',(#4452),#4191,#4419);
#4152=OVER_RIDING_STYLED_ITEM('',(#4453),#4192,#4419);
#4153=OVER_RIDING_STYLED_ITEM('',(#4454),#4193,#4419);
#4154=OVER_RIDING_STYLED_ITEM('',(#4455),#4244,#4419);
#4155=OVER_RIDING_STYLED_ITEM('',(#4456),#4260,#4419);
#4156=OVER_RIDING_STYLED_ITEM('',(#4457),#4297,#4419);
#4157=OVER_RIDING_STYLED_ITEM('',(#4458),#4364,#4419);
#4158=OVER_RIDING_STYLED_ITEM('',(#4459),#4380,#4419);
#4159=OVER_RIDING_STYLED_ITEM('',(#4460),#4417,#4419);
#4160=ADVANCED_FACE('NONE',(#3758),#4035,.T.);
#4161=ADVANCED_FACE('NONE',(#3759),#4036,.T.);
#4162=ADVANCED_FACE('NONE',(#3760,#3761,#3762,#3763,#3764,#3765,#3766,#3767,
#3768,#3769,#3770,#3771,#3772,#3773),#58,.F.);
#4163=ADVANCED_FACE('NONE',(#3774),#59,.F.);
#4164=ADVANCED_FACE('NONE',(#3775),#60,.F.);
#4165=ADVANCED_FACE('NONE',(#3776),#61,.F.);
#4166=ADVANCED_FACE('NONE',(#3777),#4037,.T.);
#4167=ADVANCED_FACE('NONE',(#3778),#4038,.T.);
#4168=ADVANCED_FACE('NONE',(#3779),#4039,.T.);
#4169=ADVANCED_FACE('NONE',(#3780),#4040,.T.);
#4170=ADVANCED_FACE('NONE',(#3781),#48,.T.);
#4171=ADVANCED_FACE('NONE',(#3782),#4041,.T.);
#4172=ADVANCED_FACE('NONE',(#3783),#49,.T.);
#4173=ADVANCED_FACE('NONE',(#3784),#50,.T.);
#4174=ADVANCED_FACE('NONE',(#3785),#4042,.T.);
#4175=ADVANCED_FACE('NONE',(#3786),#51,.T.);
#4176=ADVANCED_FACE('NONE',(#3787),#52,.T.);
#4177=ADVANCED_FACE('NONE',(#3788),#53,.T.);
#4178=ADVANCED_FACE('NONE',(#3789),#4043,.T.);
#4179=ADVANCED_FACE('NONE',(#3790),#4044,.T.);
#4180=ADVANCED_FACE('NONE',(#3791),#54,.T.);
#4181=ADVANCED_FACE('NONE',(#3792),#55,.T.);
#4182=ADVANCED_FACE('NONE',(#3793),#4045,.T.);
#4183=ADVANCED_FACE('NONE',(#3794),#62,.F.);
#4184=ADVANCED_FACE('NONE',(#3795),#4046,.T.);
#4185=ADVANCED_FACE('NONE',(#3796),#63,.F.);
#4186=ADVANCED_FACE('NONE',(#3797),#40,.F.);
#4187=ADVANCED_FACE('NONE',(#3798),#41,.F.);
#4188=ADVANCED_FACE('NONE',(#3799),#42,.F.);
#4189=ADVANCED_FACE('NONE',(#3800),#43,.F.);
#4190=ADVANCED_FACE('NONE',(#3801),#44,.F.);
#4191=ADVANCED_FACE('NONE',(#3802),#45,.F.);
#4192=ADVANCED_FACE('NONE',(#3803),#46,.F.);
#4193=ADVANCED_FACE('NONE',(#3804),#47,.F.);
#4194=ADVANCED_FACE('NONE',(#3805),#64,.F.);
#4195=ADVANCED_FACE('NONE',(#3806),#65,.F.);
#4196=ADVANCED_FACE('NONE',(#3807),#66,.F.);
#4197=ADVANCED_FACE('NONE',(#3808),#67,.F.);
#4198=ADVANCED_FACE('NONE',(#3809),#68,.F.);
#4199=ADVANCED_FACE('NONE',(#3810),#69,.F.);
#4200=ADVANCED_FACE('NONE',(#3811),#70,.F.);
#4201=ADVANCED_FACE('NONE',(#3812),#17,.F.);
#4202=ADVANCED_FACE('NONE',(#3813),#71,.F.);
#4203=ADVANCED_FACE('NONE',(#3814),#4047,.F.);
#4204=ADVANCED_FACE('NONE',(#3815),#4048,.F.);
#4205=ADVANCED_FACE('NONE',(#3816),#4049,.F.);
#4206=ADVANCED_FACE('NONE',(#3817),#4050,.F.);
#4207=ADVANCED_FACE('NONE',(#3818),#4051,.F.);
#4208=ADVANCED_FACE('NONE',(#3819),#4052,.F.);
#4209=ADVANCED_FACE('NONE',(#3820),#72,.F.);
#4210=ADVANCED_FACE('NONE',(#3821),#4053,.T.);
#4211=ADVANCED_FACE('NONE',(#3822),#18,.F.);
#4212=ADVANCED_FACE('NONE',(#3823),#4054,.T.);
#4213=ADVANCED_FACE('NONE',(#3824),#4055,.T.);
#4214=ADVANCED_FACE('NONE',(#3825),#4056,.T.);
#4215=ADVANCED_FACE('NONE',(#3826),#73,.T.);
#4216=ADVANCED_FACE('NONE',(#3827),#74,.F.);
#4217=ADVANCED_FACE('NONE',(#3828),#75,.F.);
#4218=ADVANCED_FACE('NONE',(#3829),#76,.F.);
#4219=ADVANCED_FACE('NONE',(#3830),#77,.F.);
#4220=ADVANCED_FACE('NONE',(#3831),#78,.F.);
#4221=ADVANCED_FACE('NONE',(#3832),#79,.F.);
#4222=ADVANCED_FACE('NONE',(#3833),#80,.F.);
#4223=ADVANCED_FACE('NONE',(#3834),#81,.F.);
#4224=ADVANCED_FACE('NONE',(#3835),#82,.F.);
#4225=ADVANCED_FACE('NONE',(#3836),#83,.F.);
#4226=ADVANCED_FACE('NONE',(#3837),#84,.F.);
#4227=ADVANCED_FACE('NONE',(#3838),#85,.F.);
#4228=ADVANCED_FACE('NONE',(#3839),#86,.F.);
#4229=ADVANCED_FACE('NONE',(#3840,#3841),#87,.T.);
#4230=ADVANCED_FACE('NONE',(#3842),#88,.F.);
#4231=ADVANCED_FACE('NONE',(#3843),#19,.F.);
#4232=ADVANCED_FACE('NONE',(#3844),#20,.F.);
#4233=ADVANCED_FACE('NONE',(#3845),#21,.F.);
#4234=ADVANCED_FACE('NONE',(#3846),#22,.F.);
#4235=ADVANCED_FACE('NONE',(#3847),#89,.F.);
#4236=ADVANCED_FACE('NONE',(#3848),#90,.F.);
#4237=ADVANCED_FACE('NONE',(#3849),#91,.T.);
#4238=ADVANCED_FACE('NONE',(#3850),#92,.T.);
#4239=ADVANCED_FACE('NONE',(#3851),#93,.T.);
#4240=ADVANCED_FACE('NONE',(#3852),#4057,.F.);
#4241=ADVANCED_FACE('NONE',(#3853),#4058,.F.);
#4242=ADVANCED_FACE('NONE',(#3854),#23,.T.);
#4243=ADVANCED_FACE('NONE',(#3855),#4059,.F.);
#4244=ADVANCED_FACE('NONE',(#3856),#94,.F.);
#4245=ADVANCED_FACE('NONE',(#3857,#3858),#95,.F.);
#4246=ADVANCED_FACE('NONE',(#3859),#96,.F.);
#4247=ADVANCED_FACE('NONE',(#3860),#97,.F.);
#4248=ADVANCED_FACE('NONE',(#3861),#98,.F.);
#4249=ADVANCED_FACE('NONE',(#3862),#99,.F.);
#4250=ADVANCED_FACE('NONE',(#3863),#100,.F.);
#4251=ADVANCED_FACE('NONE',(#3864),#101,.F.);
#4252=ADVANCED_FACE('NONE',(#3865),#102,.F.);
#4253=ADVANCED_FACE('NONE',(#3866),#103,.F.);
#4254=ADVANCED_FACE('NONE',(#3867),#104,.T.);
#4255=ADVANCED_FACE('NONE',(#3868),#105,.T.);
#4256=ADVANCED_FACE('NONE',(#3869),#24,.T.);
#4257=ADVANCED_FACE('NONE',(#3870),#106,.T.);
#4258=ADVANCED_FACE('NONE',(#3871),#25,.T.);
#4259=ADVANCED_FACE('NONE',(#3872),#107,.T.);
#4260=ADVANCED_FACE('NONE',(#3873),#108,.F.);
#4261=ADVANCED_FACE('NONE',(#3874),#109,.F.);
#4262=ADVANCED_FACE('NONE',(#3875),#110,.F.);
#4263=ADVANCED_FACE('NONE',(#3876),#111,.F.);
#4264=ADVANCED_FACE('NONE',(#3877),#112,.F.);
#4265=ADVANCED_FACE('NONE',(#3878),#113,.F.);
#4266=ADVANCED_FACE('NONE',(#3879),#114,.F.);
#4267=ADVANCED_FACE('NONE',(#3880),#115,.F.);
#4268=ADVANCED_FACE('NONE',(#3881),#116,.F.);
#4269=ADVANCED_FACE('NONE',(#3882),#117,.F.);
#4270=ADVANCED_FACE('NONE',(#3883),#118,.F.);
#4271=ADVANCED_FACE('NONE',(#3884),#119,.F.);
#4272=ADVANCED_FACE('NONE',(#3885),#120,.F.);
#4273=ADVANCED_FACE('NONE',(#3886),#121,.F.);
#4274=ADVANCED_FACE('NONE',(#3887,#3888),#122,.T.);
#4275=ADVANCED_FACE('NONE',(#3889),#4060,.T.);
#4276=ADVANCED_FACE('NONE',(#3890),#123,.F.);
#4277=ADVANCED_FACE('NONE',(#3891),#4061,.F.);
#4278=ADVANCED_FACE('NONE',(#3892),#26,.F.);
#4279=ADVANCED_FACE('NONE',(#3893),#124,.F.);
#4280=ADVANCED_FACE('NONE',(#3894),#27,.F.);
#4281=ADVANCED_FACE('NONE',(#3895),#4062,.T.);
#4282=ADVANCED_FACE('NONE',(#3896),#4063,.T.);
#4283=ADVANCED_FACE('NONE',(#3897),#4064,.T.);
#4284=ADVANCED_FACE('NONE',(#3898),#125,.F.);
#4285=ADVANCED_FACE('NONE',(#3899),#126,.F.);
#4286=ADVANCED_FACE('NONE',(#3900),#127,.F.);
#4287=ADVANCED_FACE('NONE',(#3901),#128,.F.);
#4288=ADVANCED_FACE('NONE',(#3902),#28,.F.);
#4289=ADVANCED_FACE('NONE',(#3903),#4065,.F.);
#4290=ADVANCED_FACE('NONE',(#3904),#4066,.F.);
#4291=ADVANCED_FACE('NONE',(#3905),#4067,.F.);
#4292=ADVANCED_FACE('NONE',(#3906),#4068,.F.);
#4293=ADVANCED_FACE('NONE',(#3907),#4069,.F.);
#4294=ADVANCED_FACE('NONE',(#3908),#4070,.F.);
#4295=ADVANCED_FACE('NONE',(#3909),#129,.T.);
#4296=ADVANCED_FACE('NONE',(#3910),#130,.T.);
#4297=ADVANCED_FACE('NONE',(#3911),#131,.F.);
#4298=ADVANCED_FACE('NONE',(#3912),#4071,.F.);
#4299=ADVANCED_FACE('NONE',(#3913),#132,.F.);
#4300=ADVANCED_FACE('NONE',(#3914),#4072,.T.);
#4301=ADVANCED_FACE('NONE',(#3915),#4073,.T.);
#4302=ADVANCED_FACE('NONE',(#3916),#4074,.T.);
#4303=ADVANCED_FACE('NONE',(#3917),#4075,.T.);
#4304=ADVANCED_FACE('NONE',(#3918),#4076,.T.);
#4305=ADVANCED_FACE('NONE',(#3919),#4077,.F.);
#4306=ADVANCED_FACE('NONE',(#3920),#4078,.F.);
#4307=ADVANCED_FACE('NONE',(#3921),#4079,.F.);
#4308=ADVANCED_FACE('NONE',(#3922),#4080,.F.);
#4309=ADVANCED_FACE('NONE',(#3923),#4081,.F.);
#4310=ADVANCED_FACE('NONE',(#3924),#133,.F.);
#4311=ADVANCED_FACE('NONE',(#3925),#4082,.T.);
#4312=ADVANCED_FACE('NONE',(#3926),#4083,.T.);
#4313=ADVANCED_FACE('NONE',(#3927),#4084,.T.);
#4314=ADVANCED_FACE('NONE',(#3928),#4085,.T.);
#4315=ADVANCED_FACE('NONE',(#3929),#4086,.T.);
#4316=ADVANCED_FACE('NONE',(#3930),#4087,.F.);
#4317=ADVANCED_FACE('NONE',(#3931),#4088,.F.);
#4318=ADVANCED_FACE('NONE',(#3932),#29,.F.);
#4319=ADVANCED_FACE('NONE',(#3933),#134,.F.);
#4320=ADVANCED_FACE('NONE',(#3934),#135,.F.);
#4321=ADVANCED_FACE('NONE',(#3935),#136,.F.);
#4322=ADVANCED_FACE('NONE',(#3936),#137,.F.);
#4323=ADVANCED_FACE('NONE',(#3937),#138,.F.);
#4324=ADVANCED_FACE('NONE',(#3938),#139,.F.);
#4325=ADVANCED_FACE('NONE',(#3939),#140,.F.);
#4326=ADVANCED_FACE('NONE',(#3940),#141,.F.);
#4327=ADVANCED_FACE('NONE',(#3941),#142,.F.);
#4328=ADVANCED_FACE('NONE',(#3942),#143,.F.);
#4329=ADVANCED_FACE('NONE',(#3943),#30,.F.);
#4330=ADVANCED_FACE('NONE',(#3944),#4089,.F.);
#4331=ADVANCED_FACE('NONE',(#3945),#144,.F.);
#4332=ADVANCED_FACE('NONE',(#3946),#4090,.T.);
#4333=ADVANCED_FACE('NONE',(#3947),#31,.F.);
#4334=ADVANCED_FACE('NONE',(#3948),#145,.F.);
#4335=ADVANCED_FACE('NONE',(#3949),#146,.T.);
#4336=ADVANCED_FACE('NONE',(#3950),#147,.F.);
#4337=ADVANCED_FACE('NONE',(#3951),#148,.F.);
#4338=ADVANCED_FACE('NONE',(#3952),#149,.F.);
#4339=ADVANCED_FACE('NONE',(#3953),#150,.F.);
#4340=ADVANCED_FACE('NONE',(#3954),#151,.F.);
#4341=ADVANCED_FACE('NONE',(#3955),#152,.F.);
#4342=ADVANCED_FACE('NONE',(#3956),#153,.F.);
#4343=ADVANCED_FACE('NONE',(#3957),#154,.F.);
#4344=ADVANCED_FACE('NONE',(#3958),#155,.F.);
#4345=ADVANCED_FACE('NONE',(#3959),#156,.F.);
#4346=ADVANCED_FACE('NONE',(#3960),#157,.F.);
#4347=ADVANCED_FACE('NONE',(#3961),#158,.F.);
#4348=ADVANCED_FACE('NONE',(#3962),#159,.F.);
#4349=ADVANCED_FACE('NONE',(#3963,#3964),#160,.T.);
#4350=ADVANCED_FACE('NONE',(#3965),#161,.F.);
#4351=ADVANCED_FACE('NONE',(#3966),#32,.F.);
#4352=ADVANCED_FACE('NONE',(#3967),#33,.F.);
#4353=ADVANCED_FACE('NONE',(#3968),#34,.F.);
#4354=ADVANCED_FACE('NONE',(#3969),#35,.F.);
#4355=ADVANCED_FACE('NONE',(#3970),#162,.F.);
#4356=ADVANCED_FACE('NONE',(#3971),#163,.F.);
#4357=ADVANCED_FACE('NONE',(#3972),#164,.T.);
#4358=ADVANCED_FACE('NONE',(#3973),#165,.T.);
#4359=ADVANCED_FACE('NONE',(#3974),#166,.T.);
#4360=ADVANCED_FACE('NONE',(#3975),#4091,.F.);
#4361=ADVANCED_FACE('NONE',(#3976),#4092,.F.);
#4362=ADVANCED_FACE('NONE',(#3977),#36,.T.);
#4363=ADVANCED_FACE('NONE',(#3978),#4093,.F.);
#4364=ADVANCED_FACE('NONE',(#3979),#167,.F.);
#4365=ADVANCED_FACE('NONE',(#3980,#3981),#168,.F.);
#4366=ADVANCED_FACE('NONE',(#3982),#169,.F.);
#4367=ADVANCED_FACE('NONE',(#3983),#170,.F.);
#4368=ADVANCED_FACE('NONE',(#3984),#171,.F.);
#4369=ADVANCED_FACE('NONE',(#3985),#172,.F.);
#4370=ADVANCED_FACE('NONE',(#3986),#173,.F.);
#4371=ADVANCED_FACE('NONE',(#3987),#174,.F.);
#4372=ADVANCED_FACE('NONE',(#3988),#175,.F.);
#4373=ADVANCED_FACE('NONE',(#3989),#176,.F.);
#4374=ADVANCED_FACE('NONE',(#3990),#177,.T.);
#4375=ADVANCED_FACE('NONE',(#3991),#178,.T.);
#4376=ADVANCED_FACE('NONE',(#3992),#37,.T.);
#4377=ADVANCED_FACE('NONE',(#3993),#179,.T.);
#4378=ADVANCED_FACE('NONE',(#3994),#38,.T.);
#4379=ADVANCED_FACE('NONE',(#3995),#180,.T.);
#4380=ADVANCED_FACE('NONE',(#3996),#181,.F.);
#4381=ADVANCED_FACE('NONE',(#3997,#3998),#182,.F.);
#4382=ADVANCED_FACE('NONE',(#3999),#39,.F.);
#4383=ADVANCED_FACE('NONE',(#4000),#4094,.T.);
#4384=ADVANCED_FACE('NONE',(#4001),#4095,.T.);
#4385=ADVANCED_FACE('NONE',(#4002),#4096,.T.);
#4386=ADVANCED_FACE('NONE',(#4003),#4097,.T.);
#4387=ADVANCED_FACE('NONE',(#4004),#4098,.T.);
#4388=ADVANCED_FACE('NONE',(#4005),#4099,.T.);
#4389=ADVANCED_FACE('NONE',(#4006),#4100,.T.);
#4390=ADVANCED_FACE('NONE',(#4007),#4101,.T.);
#4391=ADVANCED_FACE('NONE',(#4008),#4102,.T.);
#4392=ADVANCED_FACE('NONE',(#4009),#4103,.T.);
#4393=ADVANCED_FACE('NONE',(#4010),#4104,.T.);
#4394=ADVANCED_FACE('NONE',(#4011),#183,.F.);
#4395=ADVANCED_FACE('NONE',(#4012),#184,.F.);
#4396=ADVANCED_FACE('NONE',(#4013),#185,.F.);
#4397=ADVANCED_FACE('NONE',(#4014),#186,.F.);
#4398=ADVANCED_FACE('NONE',(#4015),#4105,.T.);
#4399=ADVANCED_FACE('NONE',(#4016),#4106,.T.);
#4400=ADVANCED_FACE('NONE',(#4017),#4107,.F.);
#4401=ADVANCED_FACE('NONE',(#4018),#4108,.F.);
#4402=ADVANCED_FACE('NONE',(#4019),#4109,.F.);
#4403=ADVANCED_FACE('NONE',(#4020),#4110,.F.);
#4404=ADVANCED_FACE('NONE',(#4021),#4111,.F.);
#4405=ADVANCED_FACE('NONE',(#4022),#187,.F.);
#4406=ADVANCED_FACE('NONE',(#4023),#4112,.F.);
#4407=ADVANCED_FACE('NONE',(#4024),#4113,.F.);
#4408=ADVANCED_FACE('NONE',(#4025),#188,.F.);
#4409=ADVANCED_FACE('NONE',(#4026),#16,.T.);
#4410=ADVANCED_FACE('NONE',(#4027),#4114,.T.);
#4411=ADVANCED_FACE('NONE',(#4028),#4115,.T.);
#4412=ADVANCED_FACE('NONE',(#4029),#189,.F.);
#4413=ADVANCED_FACE('NONE',(#4030),#4116,.T.);
#4414=ADVANCED_FACE('NONE',(#4031),#4117,.T.);
#4415=ADVANCED_FACE('NONE',(#4032),#4118,.F.);
#4416=ADVANCED_FACE('NONE',(#4033),#4119,.F.);
#4417=ADVANCED_FACE('NONE',(#4034),#190,.F.);
#4418=CLOSED_SHELL('',(#4160,#4161,#4162,#4163,#4164,#4165,#4166,#4167,
#4168,#4169,#4170,#4171,#4172,#4173,#4174,#4175,#4176,#4177,#4178,#4179,
#4180,#4181,#4182,#4183,#4184,#4185,#4186,#4187,#4188,#4189,#4190,#4191,
#4192,#4193,#4194,#4195,#4196,#4197,#4198,#4199,#4200,#4201,#4202,#4203,
#4204,#4205,#4206,#4207,#4208,#4209,#4210,#4211,#4212,#4213,#4214,#4215,
#4216,#4217,#4218,#4219,#4220,#4221,#4222,#4223,#4224,#4225,#4226,#4227,
#4228,#4229,#4230,#4231,#4232,#4233,#4234,#4235,#4236,#4237,#4238,#4239,
#4240,#4241,#4242,#4243,#4244,#4245,#4246,#4247,#4248,#4249,#4250,#4251,
#4252,#4253,#4254,#4255,#4256,#4257,#4258,#4259,#4260,#4261,#4262,#4263,
#4264,#4265,#4266,#4267,#4268,#4269,#4270,#4271,#4272,#4273,#4274,#4275,
#4276,#4277,#4278,#4279,#4280,#4281,#4282,#4283,#4284,#4285,#4286,#4287,
#4288,#4289,#4290,#4291,#4292,#4293,#4294,#4295,#4296,#4297,#4298,#4299,
#4300,#4301,#4302,#4303,#4304,#4305,#4306,#4307,#4308,#4309,#4310,#4311,
#4312,#4313,#4314,#4315,#4316,#4317,#4318,#4319,#4320,#4321,#4322,#4323,
#4324,#4325,#4326,#4327,#4328,#4329,#4330,#4331,#4332,#4333,#4334,#4335,
#4336,#4337,#4338,#4339,#4340,#4341,#4342,#4343,#4344,#4345,#4346,#4347,
#4348,#4349,#4350,#4351,#4352,#4353,#4354,#4355,#4356,#4357,#4358,#4359,
#4360,#4361,#4362,#4363,#4364,#4365,#4366,#4367,#4368,#4369,#4370,#4371,
#4372,#4373,#4374,#4375,#4376,#4377,#4378,#4379,#4380,#4381,#4382,#4383,
#4384,#4385,#4386,#4387,#4388,#4389,#4390,#4391,#4392,#4393,#4394,#4395,
#4396,#4397,#4398,#4399,#4400,#4401,#4402,#4403,#4404,#4405,#4406,#4407,
#4408,#4409,#4410,#4411,#4412,#4413,#4414,#4415,#4416,#4417));
#4419=STYLED_ITEM('',(#4420),#4669);
#4420=PRESENTATION_STYLE_ASSIGNMENT((#4461));
#4421=PRESENTATION_STYLE_ASSIGNMENT((#4462));
#4422=PRESENTATION_STYLE_ASSIGNMENT((#4463));
#4423=PRESENTATION_STYLE_ASSIGNMENT((#4464));
#4424=PRESENTATION_STYLE_ASSIGNMENT((#4465));
#4425=PRESENTATION_STYLE_ASSIGNMENT((#4466));
#4426=PRESENTATION_STYLE_ASSIGNMENT((#4467));
#4427=PRESENTATION_STYLE_ASSIGNMENT((#4468));
#4428=PRESENTATION_STYLE_ASSIGNMENT((#4469));
#4429=PRESENTATION_STYLE_ASSIGNMENT((#4470));
#4430=PRESENTATION_STYLE_ASSIGNMENT((#4471));
#4431=PRESENTATION_STYLE_ASSIGNMENT((#4472));
#4432=PRESENTATION_STYLE_ASSIGNMENT((#4473));
#4433=PRESENTATION_STYLE_ASSIGNMENT((#4474));
#4434=PRESENTATION_STYLE_ASSIGNMENT((#4475));
#4435=PRESENTATION_STYLE_ASSIGNMENT((#4476));
#4436=PRESENTATION_STYLE_ASSIGNMENT((#4477));
#4437=PRESENTATION_STYLE_ASSIGNMENT((#4478));
#4438=PRESENTATION_STYLE_ASSIGNMENT((#4479));
#4439=PRESENTATION_STYLE_ASSIGNMENT((#4480));
#4440=PRESENTATION_STYLE_ASSIGNMENT((#4481));
#4441=PRESENTATION_STYLE_ASSIGNMENT((#4482));
#4442=PRESENTATION_STYLE_ASSIGNMENT((#4483));
#4443=PRESENTATION_STYLE_ASSIGNMENT((#4484));
#4444=PRESENTATION_STYLE_ASSIGNMENT((#4485));
#4445=PRESENTATION_STYLE_ASSIGNMENT((#4486));
#4446=PRESENTATION_STYLE_ASSIGNMENT((#4487));
#4447=PRESENTATION_STYLE_ASSIGNMENT((#4488));
#4448=PRESENTATION_STYLE_ASSIGNMENT((#4489));
#4449=PRESENTATION_STYLE_ASSIGNMENT((#4490));
#4450=PRESENTATION_STYLE_ASSIGNMENT((#4491));
#4451=PRESENTATION_STYLE_ASSIGNMENT((#4492));
#4452=PRESENTATION_STYLE_ASSIGNMENT((#4493));
#4453=PRESENTATION_STYLE_ASSIGNMENT((#4494));
#4454=PRESENTATION_STYLE_ASSIGNMENT((#4495));
#4455=PRESENTATION_STYLE_ASSIGNMENT((#4496));
#4456=PRESENTATION_STYLE_ASSIGNMENT((#4497));
#4457=PRESENTATION_STYLE_ASSIGNMENT((#4498));
#4458=PRESENTATION_STYLE_ASSIGNMENT((#4499));
#4459=PRESENTATION_STYLE_ASSIGNMENT((#4500));
#4460=PRESENTATION_STYLE_ASSIGNMENT((#4501));
#4461=SURFACE_STYLE_USAGE(.BOTH.,#4502);
#4462=SURFACE_STYLE_USAGE(.BOTH.,#4503);
#4463=SURFACE_STYLE_USAGE(.BOTH.,#4504);
#4464=SURFACE_STYLE_USAGE(.BOTH.,#4505);
#4465=SURFACE_STYLE_USAGE(.BOTH.,#4506);
#4466=SURFACE_STYLE_USAGE(.BOTH.,#4507);
#4467=SURFACE_STYLE_USAGE(.BOTH.,#4508);
#4468=SURFACE_STYLE_USAGE(.BOTH.,#4509);
#4469=SURFACE_STYLE_USAGE(.BOTH.,#4510);
#4470=SURFACE_STYLE_USAGE(.BOTH.,#4511);
#4471=SURFACE_STYLE_USAGE(.BOTH.,#4512);
#4472=SURFACE_STYLE_USAGE(.BOTH.,#4513);
#4473=SURFACE_STYLE_USAGE(.BOTH.,#4514);
#4474=SURFACE_STYLE_USAGE(.BOTH.,#4515);
#4475=SURFACE_STYLE_USAGE(.BOTH.,#4516);
#4476=SURFACE_STYLE_USAGE(.BOTH.,#4517);
#4477=SURFACE_STYLE_USAGE(.BOTH.,#4518);
#4478=SURFACE_STYLE_USAGE(.BOTH.,#4519);
#4479=SURFACE_STYLE_USAGE(.BOTH.,#4520);
#4480=SURFACE_STYLE_USAGE(.BOTH.,#4521);
#4481=SURFACE_STYLE_USAGE(.BOTH.,#4522);
#4482=SURFACE_STYLE_USAGE(.BOTH.,#4523);
#4483=SURFACE_STYLE_USAGE(.BOTH.,#4524);
#4484=SURFACE_STYLE_USAGE(.BOTH.,#4525);
#4485=SURFACE_STYLE_USAGE(.BOTH.,#4526);
#4486=SURFACE_STYLE_USAGE(.BOTH.,#4527);
#4487=SURFACE_STYLE_USAGE(.BOTH.,#4528);
#4488=SURFACE_STYLE_USAGE(.BOTH.,#4529);
#4489=SURFACE_STYLE_USAGE(.BOTH.,#4530);
#4490=SURFACE_STYLE_USAGE(.BOTH.,#4531);
#4491=SURFACE_STYLE_USAGE(.BOTH.,#4532);
#4492=SURFACE_STYLE_USAGE(.BOTH.,#4533);
#4493=SURFACE_STYLE_USAGE(.BOTH.,#4534);
#4494=SURFACE_STYLE_USAGE(.BOTH.,#4535);
#4495=SURFACE_STYLE_USAGE(.BOTH.,#4536);
#4496=SURFACE_STYLE_USAGE(.BOTH.,#4537);
#4497=SURFACE_STYLE_USAGE(.BOTH.,#4538);
#4498=SURFACE_STYLE_USAGE(.BOTH.,#4539);
#4499=SURFACE_STYLE_USAGE(.BOTH.,#4540);
#4500=SURFACE_STYLE_USAGE(.BOTH.,#4541);
#4501=SURFACE_STYLE_USAGE(.BOTH.,#4542);
#4502=SURFACE_SIDE_STYLE('',(#4543));
#4503=SURFACE_SIDE_STYLE('',(#4544));
#4504=SURFACE_SIDE_STYLE('',(#4545));
#4505=SURFACE_SIDE_STYLE('',(#4546));
#4506=SURFACE_SIDE_STYLE('',(#4547));
#4507=SURFACE_SIDE_STYLE('',(#4548));
#4508=SURFACE_SIDE_STYLE('',(#4549));
#4509=SURFACE_SIDE_STYLE('',(#4550));
#4510=SURFACE_SIDE_STYLE('',(#4551));
#4511=SURFACE_SIDE_STYLE('',(#4552));
#4512=SURFACE_SIDE_STYLE('',(#4553));
#4513=SURFACE_SIDE_STYLE('',(#4554));
#4514=SURFACE_SIDE_STYLE('',(#4555));
#4515=SURFACE_SIDE_STYLE('',(#4556));
#4516=SURFACE_SIDE_STYLE('',(#4557));
#4517=SURFACE_SIDE_STYLE('',(#4558));
#4518=SURFACE_SIDE_STYLE('',(#4559));
#4519=SURFACE_SIDE_STYLE('',(#4560));
#4520=SURFACE_SIDE_STYLE('',(#4561));
#4521=SURFACE_SIDE_STYLE('',(#4562));
#4522=SURFACE_SIDE_STYLE('',(#4563));
#4523=SURFACE_SIDE_STYLE('',(#4564));
#4524=SURFACE_SIDE_STYLE('',(#4565));
#4525=SURFACE_SIDE_STYLE('',(#4566));
#4526=SURFACE_SIDE_STYLE('',(#4567));
#4527=SURFACE_SIDE_STYLE('',(#4568));
#4528=SURFACE_SIDE_STYLE('',(#4569));
#4529=SURFACE_SIDE_STYLE('',(#4570));
#4530=SURFACE_SIDE_STYLE('',(#4571));
#4531=SURFACE_SIDE_STYLE('',(#4572));
#4532=SURFACE_SIDE_STYLE('',(#4573));
#4533=SURFACE_SIDE_STYLE('',(#4574));
#4534=SURFACE_SIDE_STYLE('',(#4575));
#4535=SURFACE_SIDE_STYLE('',(#4576));
#4536=SURFACE_SIDE_STYLE('',(#4577));
#4537=SURFACE_SIDE_STYLE('',(#4578));
#4538=SURFACE_SIDE_STYLE('',(#4579));
#4539=SURFACE_SIDE_STYLE('',(#4580));
#4540=SURFACE_SIDE_STYLE('',(#4581));
#4541=SURFACE_SIDE_STYLE('',(#4582));
#4542=SURFACE_SIDE_STYLE('',(#4583));
#4543=SURFACE_STYLE_FILL_AREA(#4584);
#4544=SURFACE_STYLE_FILL_AREA(#4585);
#4545=SURFACE_STYLE_FILL_AREA(#4586);
#4546=SURFACE_STYLE_FILL_AREA(#4587);
#4547=SURFACE_STYLE_FILL_AREA(#4588);
#4548=SURFACE_STYLE_FILL_AREA(#4589);
#4549=SURFACE_STYLE_FILL_AREA(#4590);
#4550=SURFACE_STYLE_FILL_AREA(#4591);
#4551=SURFACE_STYLE_FILL_AREA(#4592);
#4552=SURFACE_STYLE_FILL_AREA(#4593);
#4553=SURFACE_STYLE_FILL_AREA(#4594);
#4554=SURFACE_STYLE_FILL_AREA(#4595);
#4555=SURFACE_STYLE_FILL_AREA(#4596);
#4556=SURFACE_STYLE_FILL_AREA(#4597);
#4557=SURFACE_STYLE_FILL_AREA(#4598);
#4558=SURFACE_STYLE_FILL_AREA(#4599);
#4559=SURFACE_STYLE_FILL_AREA(#4600);
#4560=SURFACE_STYLE_FILL_AREA(#4601);
#4561=SURFACE_STYLE_FILL_AREA(#4602);
#4562=SURFACE_STYLE_FILL_AREA(#4603);
#4563=SURFACE_STYLE_FILL_AREA(#4604);
#4564=SURFACE_STYLE_FILL_AREA(#4605);
#4565=SURFACE_STYLE_FILL_AREA(#4606);
#4566=SURFACE_STYLE_FILL_AREA(#4607);
#4567=SURFACE_STYLE_FILL_AREA(#4608);
#4568=SURFACE_STYLE_FILL_AREA(#4609);
#4569=SURFACE_STYLE_FILL_AREA(#4610);
#4570=SURFACE_STYLE_FILL_AREA(#4611);
#4571=SURFACE_STYLE_FILL_AREA(#4612);
#4572=SURFACE_STYLE_FILL_AREA(#4613);
#4573=SURFACE_STYLE_FILL_AREA(#4614);
#4574=SURFACE_STYLE_FILL_AREA(#4615);
#4575=SURFACE_STYLE_FILL_AREA(#4616);
#4576=SURFACE_STYLE_FILL_AREA(#4617);
#4577=SURFACE_STYLE_FILL_AREA(#4618);
#4578=SURFACE_STYLE_FILL_AREA(#4619);
#4579=SURFACE_STYLE_FILL_AREA(#4620);
#4580=SURFACE_STYLE_FILL_AREA(#4621);
#4581=SURFACE_STYLE_FILL_AREA(#4622);
#4582=SURFACE_STYLE_FILL_AREA(#4623);
#4583=SURFACE_STYLE_FILL_AREA(#4624);
#4584=FILL_AREA_STYLE('',(#4625));
#4585=FILL_AREA_STYLE('',(#4626));
#4586=FILL_AREA_STYLE('',(#4627));
#4587=FILL_AREA_STYLE('',(#4628));
#4588=FILL_AREA_STYLE('',(#4629));
#4589=FILL_AREA_STYLE('',(#4630));
#4590=FILL_AREA_STYLE('',(#4631));
#4591=FILL_AREA_STYLE('',(#4632));
#4592=FILL_AREA_STYLE('',(#4633));
#4593=FILL_AREA_STYLE('',(#4634));
#4594=FILL_AREA_STYLE('',(#4635));
#4595=FILL_AREA_STYLE('',(#4636));
#4596=FILL_AREA_STYLE('',(#4637));
#4597=FILL_AREA_STYLE('',(#4638));
#4598=FILL_AREA_STYLE('',(#4639));
#4599=FILL_AREA_STYLE('',(#4640));
#4600=FILL_AREA_STYLE('',(#4641));
#4601=FILL_AREA_STYLE('',(#4642));
#4602=FILL_AREA_STYLE('',(#4643));
#4603=FILL_AREA_STYLE('',(#4644));
#4604=FILL_AREA_STYLE('',(#4645));
#4605=FILL_AREA_STYLE('',(#4646));
#4606=FILL_AREA_STYLE('',(#4647));
#4607=FILL_AREA_STYLE('',(#4648));
#4608=FILL_AREA_STYLE('',(#4649));
#4609=FILL_AREA_STYLE('',(#4650));
#4610=FILL_AREA_STYLE('',(#4651));
#4611=FILL_AREA_STYLE('',(#4652));
#4612=FILL_AREA_STYLE('',(#4653));
#4613=FILL_AREA_STYLE('',(#4654));
#4614=FILL_AREA_STYLE('',(#4655));
#4615=FILL_AREA_STYLE('',(#4656));
#4616=FILL_AREA_STYLE('',(#4657));
#4617=FILL_AREA_STYLE('',(#4658));
#4618=FILL_AREA_STYLE('',(#4659));
#4619=FILL_AREA_STYLE('',(#4660));
#4620=FILL_AREA_STYLE('',(#4661));
#4621=FILL_AREA_STYLE('',(#4662));
#4622=FILL_AREA_STYLE('',(#4663));
#4623=FILL_AREA_STYLE('',(#4664));
#4624=FILL_AREA_STYLE('',(#4665));
#4625=FILL_AREA_STYLE_COLOUR('',#4666);
#4626=FILL_AREA_STYLE_COLOUR('',#4667);
#4627=FILL_AREA_STYLE_COLOUR('',#4667);
#4628=FILL_AREA_STYLE_COLOUR('',#4668);
#4629=FILL_AREA_STYLE_COLOUR('',#4668);
#4630=FILL_AREA_STYLE_COLOUR('',#4668);
#4631=FILL_AREA_STYLE_COLOUR('',#4668);
#4632=FILL_AREA_STYLE_COLOUR('',#4668);
#4633=FILL_AREA_STYLE_COLOUR('',#4668);
#4634=FILL_AREA_STYLE_COLOUR('',#4668);
#4635=FILL_AREA_STYLE_COLOUR('',#4668);
#4636=FILL_AREA_STYLE_COLOUR('',#4668);
#4637=FILL_AREA_STYLE_COLOUR('',#4668);
#4638=FILL_AREA_STYLE_COLOUR('',#4668);
#4639=FILL_AREA_STYLE_COLOUR('',#4668);
#4640=FILL_AREA_STYLE_COLOUR('',#4668);
#4641=FILL_AREA_STYLE_COLOUR('',#4668);
#4642=FILL_AREA_STYLE_COLOUR('',#4668);
#4643=FILL_AREA_STYLE_COLOUR('',#4668);
#4644=FILL_AREA_STYLE_COLOUR('',#4668);
#4645=FILL_AREA_STYLE_COLOUR('',#4668);
#4646=FILL_AREA_STYLE_COLOUR('',#4668);
#4647=FILL_AREA_STYLE_COLOUR('',#4668);
#4648=FILL_AREA_STYLE_COLOUR('',#4667);
#4649=FILL_AREA_STYLE_COLOUR('',#4667);
#4650=FILL_AREA_STYLE_COLOUR('',#4667);
#4651=FILL_AREA_STYLE_COLOUR('',#4667);
#4652=FILL_AREA_STYLE_COLOUR('',#4668);
#4653=FILL_AREA_STYLE_COLOUR('',#4668);
#4654=FILL_AREA_STYLE_COLOUR('',#4668);
#4655=FILL_AREA_STYLE_COLOUR('',#4668);
#4656=FILL_AREA_STYLE_COLOUR('',#4668);
#4657=FILL_AREA_STYLE_COLOUR('',#4668);
#4658=FILL_AREA_STYLE_COLOUR('',#4668);
#4659=FILL_AREA_STYLE_COLOUR('',#4668);
#4660=FILL_AREA_STYLE_COLOUR('',#4668);
#4661=FILL_AREA_STYLE_COLOUR('',#4668);
#4662=FILL_AREA_STYLE_COLOUR('',#4668);
#4663=FILL_AREA_STYLE_COLOUR('',#4668);
#4664=FILL_AREA_STYLE_COLOUR('',#4668);
#4665=FILL_AREA_STYLE_COLOUR('',#4668);
#4666=COLOUR_RGB('',0.223529411764706,0.223529411764706,0.223529411764706);
#4667=COLOUR_RGB('',0.850980392156863,0.850980392156863,0.850980392156863);
#4668=COLOUR_RGB('',0.968627450980392,0.258823529411765,0.258823529411765);
#4669=MANIFOLD_SOLID_BREP(
'CAP-TH_L7.5-W6.0-P5.00-D0.5~CAP-TH_L7.5-W6.0-H10.0-P5.0~5Kgn__\X\CD\X\B9
\X\CC\X\A8-\X\EF\X\BF\X\BD\X\EF\X\BF\X\BD\X\EF\X\BF\X\BD\X\EF\X\BF\X\BD
3',#4418);
#4670=SHAPE_DEFINITION_REPRESENTATION(#8077,#4672);
#4671=SHAPE_DEFINITION_REPRESENTATION(#8078,#4673);
#4672=SHAPE_REPRESENTATION(
'C1~CAP-TH_L7.5-W6.0-P5.00-D0.5~CAP-TH_L7.5-W6.0-H10.0-P5.0~Z3Cq',(#4674,
#5090),#8070);
#4673=SHAPE_REPRESENTATION(
'CAP-TH_L7.5-W6.0-P5.00-D0.5~CAP-TH_L7.5-W6.0-H10.0-P5.0~5Kgn__\X\CD\X\B9
\X\CC\X\A8-\X\EF\X\BF\X\BD\X\EF\X\BF\X\BD\X\EF\X\BF\X\BD\X\EF\X\BF\X\BD
3',(#4674),#8071);
#4674=AXIS2_PLACEMENT_3D('',#6274,#5091,#5092);
#4675=AXIS2_PLACEMENT_3D('',#6275,#5093,#5094);
#4676=AXIS2_PLACEMENT_3D('',#6276,#5095,#5096);
#4677=AXIS2_PLACEMENT_3D('',#6294,#5099,#5100);
#4678=AXIS2_PLACEMENT_3D('',#6295,#5101,#5102);
#4679=AXIS2_PLACEMENT_3D('',#6313,#5105,#5106);
#4680=AXIS2_PLACEMENT_3D('',#6324,#5109,#5110);
#4681=AXIS2_PLACEMENT_3D('',#6328,#5112,#5113);
#4682=AXIS2_PLACEMENT_3D('',#6350,#5122,#5123);
#4683=AXIS2_PLACEMENT_3D('',#6366,#5128,#5129);
#4684=AXIS2_PLACEMENT_3D('',#6368,#5130,#5131);
#4685=AXIS2_PLACEMENT_3D('',#6370,#5132,#5133);
#4686=AXIS2_PLACEMENT_3D('',#6384,#5135,#5136);
#4687=AXIS2_PLACEMENT_3D('',#6417,#5150,#5151);
#4688=AXIS2_PLACEMENT_3D('',#6419,#5152,#5153);
#4689=AXIS2_PLACEMENT_3D('',#6421,#5154,#5155);
#4690=AXIS2_PLACEMENT_3D('',#6428,#5156,#5157);
#4691=AXIS2_PLACEMENT_3D('',#6432,#5159,#5160);
#4692=AXIS2_PLACEMENT_3D('',#6434,#5161,#5162);
#4693=AXIS2_PLACEMENT_3D('',#6436,#5163,#5164);
#4694=AXIS2_PLACEMENT_3D('',#6438,#5165,#5166);
#4695=AXIS2_PLACEMENT_3D('',#6440,#5167,#5168);
#4696=AXIS2_PLACEMENT_3D('',#6442,#5169,#5170);
#4697=AXIS2_PLACEMENT_3D('',#6531,#5205,#5206);
#4698=AXIS2_PLACEMENT_3D('',#6539,#5207,#5208);
#4699=AXIS2_PLACEMENT_3D('',#6541,#5209,#5210);
#4700=AXIS2_PLACEMENT_3D('',#6543,#5211,#5212);
#4701=AXIS2_PLACEMENT_3D('',#6545,#5213,#5214);
#4702=AXIS2_PLACEMENT_3D('',#6547,#5215,#5216);
#4703=AXIS2_PLACEMENT_3D('',#6549,#5217,#5218);
#4704=AXIS2_PLACEMENT_3D('',#6551,#5219,#5220);
#4705=AXIS2_PLACEMENT_3D('',#6555,#5222,#5223);
#4706=AXIS2_PLACEMENT_3D('',#6557,#5224,#5225);
#4707=AXIS2_PLACEMENT_3D('',#6559,#5226,#5227);
#4708=AXIS2_PLACEMENT_3D('',#6561,#5228,#5229);
#4709=AXIS2_PLACEMENT_3D('',#6563,#5230,#5231);
#4710=AXIS2_PLACEMENT_3D('',#6565,#5232,#5233);
#4711=AXIS2_PLACEMENT_3D('',#6567,#5234,#5235);
#4712=AXIS2_PLACEMENT_3D('',#6569,#5236,#5237);
#4713=AXIS2_PLACEMENT_3D('',#6571,#5238,#5239);
#4714=AXIS2_PLACEMENT_3D('',#6573,#5240,#5241);
#4715=AXIS2_PLACEMENT_3D('',#6648,#5266,#5267);
#4716=AXIS2_PLACEMENT_3D('',#6650,#5268,#5269);
#4717=AXIS2_PLACEMENT_3D('',#6654,#5271,#5272);
#4718=AXIS2_PLACEMENT_3D('',#6656,#5273,#5274);
#4719=AXIS2_PLACEMENT_3D('',#6658,#5275,#5276);
#4720=AXIS2_PLACEMENT_3D('',#6662,#5278,#5279);
#4721=AXIS2_PLACEMENT_3D('',#6664,#5280,#5281);
#4722=AXIS2_PLACEMENT_3D('',#6668,#5283,#5284);
#4723=AXIS2_PLACEMENT_3D('',#6670,#5285,#5286);
#4724=AXIS2_PLACEMENT_3D('',#6672,#5287,#5288);
#4725=AXIS2_PLACEMENT_3D('',#6674,#5289,#5290);
#4726=AXIS2_PLACEMENT_3D('',#6676,#5291,#5292);
#4727=AXIS2_PLACEMENT_3D('',#6678,#5293,#5294);
#4728=AXIS2_PLACEMENT_3D('',#6680,#5295,#5296);
#4729=AXIS2_PLACEMENT_3D('',#6690,#5301,#5302);
#4730=AXIS2_PLACEMENT_3D('',#6692,#5303,#5304);
#4731=AXIS2_PLACEMENT_3D('',#6694,#5305,#5306);
#4732=AXIS2_PLACEMENT_3D('',#6696,#5307,#5308);
#4733=AXIS2_PLACEMENT_3D('',#6698,#5309,#5310);
#4734=AXIS2_PLACEMENT_3D('',#6700,#5311,#5312);
#4735=AXIS2_PLACEMENT_3D('',#6702,#5313,#5314);
#4736=AXIS2_PLACEMENT_3D('',#6704,#5315,#5316);
#4737=AXIS2_PLACEMENT_3D('',#6706,#5317,#5318);
#4738=AXIS2_PLACEMENT_3D('',#6708,#5319,#5320);
#4739=AXIS2_PLACEMENT_3D('',#6710,#5321,#5322);
#4740=AXIS2_PLACEMENT_3D('',#6711,#5323,#5324);
#4741=AXIS2_PLACEMENT_3D('',#6715,#5326,#5327);
#4742=AXIS2_PLACEMENT_3D('',#6717,#5328,#5329);
#4743=AXIS2_PLACEMENT_3D('',#6721,#5331,#5332);
#4744=AXIS2_PLACEMENT_3D('',#6723,#5333,#5334);
#4745=AXIS2_PLACEMENT_3D('',#6724,#5335,#5336);
#4746=AXIS2_PLACEMENT_3D('',#6725,#5337,#5338);
#4747=AXIS2_PLACEMENT_3D('',#6728,#5339,#5340);
#4748=AXIS2_PLACEMENT_3D('',#6732,#5342,#5343);
#4749=AXIS2_PLACEMENT_3D('',#6734,#5344,#5345);
#4750=AXIS2_PLACEMENT_3D('',#6737,#5347,#5348);
#4751=AXIS2_PLACEMENT_3D('',#6746,#5353,#5354);
#4752=AXIS2_PLACEMENT_3D('',#6755,#5356,#5357);
#4753=AXIS2_PLACEMENT_3D('',#6756,#5358,#5359);
#4754=AXIS2_PLACEMENT_3D('',#6762,#5360,#5361);
#4755=AXIS2_PLACEMENT_3D('',#6763,#5362,#5363);
#4756=AXIS2_PLACEMENT_3D('',#6774,#5364,#5365);
#4757=AXIS2_PLACEMENT_3D('',#6775,#5366,#5367);
#4758=AXIS2_PLACEMENT_3D('',#6776,#5368,#5369);
#4759=AXIS2_PLACEMENT_3D('',#6780,#5371,#5372);
#4760=AXIS2_PLACEMENT_3D('',#6781,#5373,#5374);
#4761=AXIS2_PLACEMENT_3D('',#6782,#5375,#5376);
#4762=AXIS2_PLACEMENT_3D('',#6783,#5377,#5378);
#4763=AXIS2_PLACEMENT_3D('',#6784,#5379,#5380);
#4764=AXIS2_PLACEMENT_3D('',#6785,#5381,#5382);
#4765=AXIS2_PLACEMENT_3D('',#6792,#5383,#5384);
#4766=AXIS2_PLACEMENT_3D('',#6793,#5385,#5386);
#4767=AXIS2_PLACEMENT_3D('',#6794,#5387,#5388);
#4768=AXIS2_PLACEMENT_3D('',#6795,#5389,#5390);
#4769=AXIS2_PLACEMENT_3D('',#6801,#5391,#5392);
#4770=AXIS2_PLACEMENT_3D('',#6802,#5393,#5394);
#4771=AXIS2_PLACEMENT_3D('',#6803,#5395,#5396);
#4772=AXIS2_PLACEMENT_3D('',#6804,#5397,#5398);
#4773=AXIS2_PLACEMENT_3D('',#6805,#5399,#5400);
#4774=AXIS2_PLACEMENT_3D('',#6806,#5401,#5402);
#4775=AXIS2_PLACEMENT_3D('',#6807,#5403,#5404);
#4776=AXIS2_PLACEMENT_3D('',#6814,#5405,#5406);
#4777=AXIS2_PLACEMENT_3D('',#6815,#5407,#5408);
#4778=AXIS2_PLACEMENT_3D('',#6816,#5409,#5410);
#4779=AXIS2_PLACEMENT_3D('',#6822,#5411,#5412);
#4780=AXIS2_PLACEMENT_3D('',#6823,#5413,#5414);
#4781=AXIS2_PLACEMENT_3D('',#6824,#5415,#5416);
#4782=AXIS2_PLACEMENT_3D('',#6825,#5417,#5418);
#4783=AXIS2_PLACEMENT_3D('',#6826,#5419,#5420);
#4784=AXIS2_PLACEMENT_3D('',#6827,#5421,#5422);
#4785=AXIS2_PLACEMENT_3D('',#6828,#5423,#5424);
#4786=AXIS2_PLACEMENT_3D('',#6829,#5425,#5426);
#4787=AXIS2_PLACEMENT_3D('',#6830,#5427,#5428);
#4788=AXIS2_PLACEMENT_3D('',#6831,#5429,#5430);
#4789=AXIS2_PLACEMENT_3D('',#6843,#5431,#5432);
#4790=AXIS2_PLACEMENT_3D('',#6844,#5433,#5434);
#4791=AXIS2_PLACEMENT_3D('',#6845,#5435,#5436);
#4792=AXIS2_PLACEMENT_3D('',#6857,#5437,#5438);
#4793=AXIS2_PLACEMENT_3D('',#6858,#5439,#5440);
#4794=AXIS2_PLACEMENT_3D('',#6867,#5441,#5442);
#4795=AXIS2_PLACEMENT_3D('',#6874,#5443,#5444);
#4796=AXIS2_PLACEMENT_3D('',#6879,#5445,#5446);
#4797=AXIS2_PLACEMENT_3D('',#6880,#5447,#5448);
#4798=AXIS2_PLACEMENT_3D('',#6893,#5449,#5450);
#4799=AXIS2_PLACEMENT_3D('',#6898,#5451,#5452);
#4800=AXIS2_PLACEMENT_3D('',#6903,#5453,#5454);
#4801=AXIS2_PLACEMENT_3D('',#6904,#5455,#5456);
#4802=AXIS2_PLACEMENT_3D('',#6910,#5460,#5461);
#4803=AXIS2_PLACEMENT_3D('',#6914,#5464,#5465);
#4804=AXIS2_PLACEMENT_3D('',#6918,#5468,#5469);
#4805=AXIS2_PLACEMENT_3D('',#6922,#5472,#5473);
#4806=AXIS2_PLACEMENT_3D('',#6926,#5476,#5477);
#4807=AXIS2_PLACEMENT_3D('',#6928,#5479,#5480);
#4808=AXIS2_PLACEMENT_3D('',#6948,#5482,#5483);
#4809=AXIS2_PLACEMENT_3D('',#6950,#5485,#5486);
#4810=AXIS2_PLACEMENT_3D('',#6951,#5487,#5488);
#4811=AXIS2_PLACEMENT_3D('',#6952,#5489,#5490);
#4812=AXIS2_PLACEMENT_3D('',#6958,#5491,#5492);
#4813=AXIS2_PLACEMENT_3D('',#6959,#5493,#5494);
#4814=AXIS2_PLACEMENT_3D('',#6965,#5495,#5496);
#4815=AXIS2_PLACEMENT_3D('',#6966,#5497,#5498);
#4816=AXIS2_PLACEMENT_3D('',#6972,#5499,#5500);
#4817=AXIS2_PLACEMENT_3D('',#6973,#5501,#5502);
#4818=AXIS2_PLACEMENT_3D('',#6974,#5503,#5504);
#4819=AXIS2_PLACEMENT_3D('',#6975,#5505,#5506);
#4820=AXIS2_PLACEMENT_3D('',#6976,#5507,#5508);
#4821=AXIS2_PLACEMENT_3D('',#6977,#5509,#5510);
#4822=AXIS2_PLACEMENT_3D('',#6979,#5512,#5513);
#4823=AXIS2_PLACEMENT_3D('',#6980,#5514,#5515);
#4824=AXIS2_PLACEMENT_3D('',#6998,#5516,#5517);
#4825=AXIS2_PLACEMENT_3D('',#6999,#5518,#5519);
#4826=AXIS2_PLACEMENT_3D('',#7000,#5520,#5521);
#4827=AXIS2_PLACEMENT_3D('',#7001,#5522,#5523);
#4828=AXIS2_PLACEMENT_3D('',#7002,#5524,#5525);
#4829=AXIS2_PLACEMENT_3D('',#7003,#5526,#5527);
#4830=AXIS2_PLACEMENT_3D('',#7004,#5528,#5529);
#4831=AXIS2_PLACEMENT_3D('',#7005,#5530,#5531);
#4832=AXIS2_PLACEMENT_3D('',#7011,#5535,#5536);
#4833=AXIS2_PLACEMENT_3D('',#7015,#5539,#5540);
#4834=AXIS2_PLACEMENT_3D('',#7019,#5543,#5544);
#4835=AXIS2_PLACEMENT_3D('',#7023,#5547,#5548);
#4836=AXIS2_PLACEMENT_3D('',#7027,#5551,#5552);
#4837=AXIS2_PLACEMENT_3D('',#7031,#5555,#5556);
#4838=AXIS2_PLACEMENT_3D('',#7035,#5559,#5560);
#4839=AXIS2_PLACEMENT_3D('',#7039,#5563,#5564);
#4840=AXIS2_PLACEMENT_3D('',#7043,#5567,#5568);
#4841=AXIS2_PLACEMENT_3D('',#7047,#5571,#5572);
#4842=AXIS2_PLACEMENT_3D('',#7051,#5575,#5576);
#4843=AXIS2_PLACEMENT_3D('',#7053,#5578,#5579);
#4844=AXIS2_PLACEMENT_3D('',#7054,#5580,#5581);
#4845=AXIS2_PLACEMENT_3D('',#7086,#5587,#5588);
#4846=AXIS2_PLACEMENT_3D('',#7093,#5589,#5590);
#4847=AXIS2_PLACEMENT_3D('',#7095,#5591,#5592);
#4848=AXIS2_PLACEMENT_3D('',#7098,#5594,#5595);
#4849=AXIS2_PLACEMENT_3D('',#7137,#5602,#5603);
#4850=AXIS2_PLACEMENT_3D('',#7139,#5605,#5606);
#4851=AXIS2_PLACEMENT_3D('',#7140,#5607,#5608);
#4852=AXIS2_PLACEMENT_3D('',#7144,#5611,#5612);
#4853=AXIS2_PLACEMENT_3D('',#7148,#5615,#5616);
#4854=AXIS2_PLACEMENT_3D('',#7150,#5618,#5619);
#4855=AXIS2_PLACEMENT_3D('',#7151,#5620,#5621);
#4856=AXIS2_PLACEMENT_3D('',#7152,#5622,#5623);
#4857=AXIS2_PLACEMENT_3D('',#7153,#5624,#5625);
#4858=AXIS2_PLACEMENT_3D('',#7171,#5626,#5627);
#4859=AXIS2_PLACEMENT_3D('',#7172,#5628,#5629);
#4860=AXIS2_PLACEMENT_3D('',#7173,#5630,#5631);
#4861=AXIS2_PLACEMENT_3D('',#7174,#5632,#5633);
#4862=AXIS2_PLACEMENT_3D('',#7209,#5646,#5647);
#4863=AXIS2_PLACEMENT_3D('',#7212,#5650,#5651);
#4864=AXIS2_PLACEMENT_3D('',#7214,#5653,#5654);
#4865=AXIS2_PLACEMENT_3D('',#7216,#5656,#5657);
#4866=AXIS2_PLACEMENT_3D('',#7218,#5659,#5660);
#4867=AXIS2_PLACEMENT_3D('',#7220,#5662,#5663);
#4868=AXIS2_PLACEMENT_3D('',#7222,#5665,#5666);
#4869=AXIS2_PLACEMENT_3D('',#7224,#5668,#5669);
#4870=AXIS2_PLACEMENT_3D('',#7225,#5670,#5671);
#4871=AXIS2_PLACEMENT_3D('',#7231,#5675,#5676);
#4872=AXIS2_PLACEMENT_3D('',#7249,#5680,#5681);
#4873=AXIS2_PLACEMENT_3D('',#7267,#5685,#5686);
#4874=AXIS2_PLACEMENT_3D('',#7269,#5688,#5689);
#4875=AXIS2_PLACEMENT_3D('',#7270,#5690,#5691);
#4876=AXIS2_PLACEMENT_3D('',#7276,#5695,#5696);
#4877=AXIS2_PLACEMENT_3D('',#7280,#5699,#5700);
#4878=AXIS2_PLACEMENT_3D('',#7284,#5703,#5704);
#4879=AXIS2_PLACEMENT_3D('',#7288,#5707,#5708);
#4880=AXIS2_PLACEMENT_3D('',#7292,#5711,#5712);
#4881=AXIS2_PLACEMENT_3D('',#7296,#5715,#5716);
#4882=AXIS2_PLACEMENT_3D('',#7300,#5719,#5720);
#4883=AXIS2_PLACEMENT_3D('',#7304,#5723,#5724);
#4884=AXIS2_PLACEMENT_3D('',#7308,#5727,#5728);
#4885=AXIS2_PLACEMENT_3D('',#7312,#5731,#5732);
#4886=AXIS2_PLACEMENT_3D('',#7316,#5735,#5736);
#4887=AXIS2_PLACEMENT_3D('',#7318,#5738,#5739);
#4888=AXIS2_PLACEMENT_3D('',#7319,#5740,#5741);
#4889=AXIS2_PLACEMENT_3D('',#7320,#5742,#5743);
#4890=AXIS2_PLACEMENT_3D('',#7322,#5745,#5746);
#4891=AXIS2_PLACEMENT_3D('',#7335,#5748,#5749);
#4892=AXIS2_PLACEMENT_3D('',#7337,#5750,#5751);
#4893=AXIS2_PLACEMENT_3D('',#7339,#5752,#5753);
#4894=AXIS2_PLACEMENT_3D('',#7353,#5758,#5759);
#4895=AXIS2_PLACEMENT_3D('',#7356,#5760,#5761);
#4896=AXIS2_PLACEMENT_3D('',#7362,#5764,#5765);
#4897=AXIS2_PLACEMENT_3D('',#7364,#5766,#5767);
#4898=AXIS2_PLACEMENT_3D('',#7366,#5768,#5769);
#4899=AXIS2_PLACEMENT_3D('',#7368,#5770,#5771);
#4900=AXIS2_PLACEMENT_3D('',#7369,#5772,#5773);
#4901=AXIS2_PLACEMENT_3D('',#7370,#5774,#5775);
#4902=AXIS2_PLACEMENT_3D('',#7371,#5776,#5777);
#4903=AXIS2_PLACEMENT_3D('',#7381,#5779,#5780);
#4904=AXIS2_PLACEMENT_3D('',#7395,#5782,#5783);
#4905=AXIS2_PLACEMENT_3D('',#7400,#5784,#5785);
#4906=AXIS2_PLACEMENT_3D('',#7405,#5786,#5787);
#4907=AXIS2_PLACEMENT_3D('',#7407,#5789,#5790);
#4908=AXIS2_PLACEMENT_3D('',#7409,#5792,#5793);
#4909=AXIS2_PLACEMENT_3D('',#7411,#5795,#5796);
#4910=AXIS2_PLACEMENT_3D('',#7413,#5798,#5799);
#4911=AXIS2_PLACEMENT_3D('',#7423,#5801,#5802);
#4912=AXIS2_PLACEMENT_3D('',#7424,#5803,#5804);
#4913=AXIS2_PLACEMENT_3D('',#7425,#5805,#5806);
#4914=AXIS2_PLACEMENT_3D('',#7426,#5807,#5808);
#4915=AXIS2_PLACEMENT_3D('',#7432,#5809,#5810);
#4916=AXIS2_PLACEMENT_3D('',#7433,#5811,#5812);
#4917=AXIS2_PLACEMENT_3D('',#7439,#5813,#5814);
#4918=AXIS2_PLACEMENT_3D('',#7440,#5815,#5816);
#4919=AXIS2_PLACEMENT_3D('',#7443,#5818,#5819);
#4920=AXIS2_PLACEMENT_3D('',#7444,#5820,#5821);
#4921=AXIS2_PLACEMENT_3D('',#7445,#5822,#5823);
#4922=AXIS2_PLACEMENT_3D('',#7446,#5824,#5825);
#4923=AXIS2_PLACEMENT_3D('',#7447,#5826,#5827);
#4924=AXIS2_PLACEMENT_3D('',#7451,#5830,#5831);
#4925=AXIS2_PLACEMENT_3D('',#7453,#5833,#5834);
#4926=AXIS2_PLACEMENT_3D('',#7454,#5835,#5836);
#4927=AXIS2_PLACEMENT_3D('',#7455,#5837,#5838);
#4928=AXIS2_PLACEMENT_3D('',#7456,#5839,#5840);
#4929=AXIS2_PLACEMENT_3D('',#7458,#5842,#5843);
#4930=AXIS2_PLACEMENT_3D('',#7459,#5844,#5845);
#4931=AXIS2_PLACEMENT_3D('',#7460,#5846,#5847);
#4932=AXIS2_PLACEMENT_3D('',#7466,#5848,#5849);
#4933=AXIS2_PLACEMENT_3D('',#7467,#5850,#5851);
#4934=AXIS2_PLACEMENT_3D('',#7470,#5853,#5854);
#4935=AXIS2_PLACEMENT_3D('',#7471,#5855,#5856);
#4936=AXIS2_PLACEMENT_3D('',#7477,#5857,#5858);
#4937=AXIS2_PLACEMENT_3D('',#7478,#5859,#5860);
#4938=AXIS2_PLACEMENT_3D('',#7484,#5861,#5862);
#4939=AXIS2_PLACEMENT_3D('',#7485,#5863,#5864);
#4940=AXIS2_PLACEMENT_3D('',#7491,#5865,#5866);
#4941=AXIS2_PLACEMENT_3D('',#7492,#5867,#5868);
#4942=AXIS2_PLACEMENT_3D('',#7498,#5869,#5870);
#4943=AXIS2_PLACEMENT_3D('',#7499,#5871,#5872);
#4944=AXIS2_PLACEMENT_3D('',#7505,#5873,#5874);
#4945=AXIS2_PLACEMENT_3D('',#7506,#5875,#5876);
#4946=AXIS2_PLACEMENT_3D('',#7507,#5877,#5878);
#4947=AXIS2_PLACEMENT_3D('',#7508,#5879,#5880);
#4948=AXIS2_PLACEMENT_3D('',#7509,#5881,#5882);
#4949=AXIS2_PLACEMENT_3D('',#7510,#5883,#5884);
#4950=AXIS2_PLACEMENT_3D('',#7512,#5886,#5887);
#4951=AXIS2_PLACEMENT_3D('',#7513,#5888,#5889);
#4952=AXIS2_PLACEMENT_3D('',#7514,#5890,#5891);
#4953=AXIS2_PLACEMENT_3D('',#7520,#5892,#5893);
#4954=AXIS2_PLACEMENT_3D('',#7521,#5894,#5895);
#4955=AXIS2_PLACEMENT_3D('',#7527,#5896,#5897);
#4956=AXIS2_PLACEMENT_3D('',#7528,#5898,#5899);
#4957=AXIS2_PLACEMENT_3D('',#7534,#5900,#5901);
#4958=AXIS2_PLACEMENT_3D('',#7535,#5902,#5903);
#4959=AXIS2_PLACEMENT_3D('',#7536,#5904,#5905);
#4960=AXIS2_PLACEMENT_3D('',#7537,#5906,#5907);
#4961=AXIS2_PLACEMENT_3D('',#7543,#5908,#5909);
#4962=AXIS2_PLACEMENT_3D('',#7544,#5910,#5911);
#4963=AXIS2_PLACEMENT_3D('',#7547,#5913,#5914);
#4964=AXIS2_PLACEMENT_3D('',#7560,#5915,#5916);
#4965=AXIS2_PLACEMENT_3D('',#7561,#5917,#5918);
#4966=AXIS2_PLACEMENT_3D('',#7567,#5922,#5923);
#4967=AXIS2_PLACEMENT_3D('',#7574,#5925,#5926);
#4968=AXIS2_PLACEMENT_3D('',#7578,#5929,#5930);
#4969=AXIS2_PLACEMENT_3D('',#7582,#5933,#5934);
#4970=AXIS2_PLACEMENT_3D('',#7586,#5937,#5938);
#4971=AXIS2_PLACEMENT_3D('',#7590,#5941,#5942);
#4972=AXIS2_PLACEMENT_3D('',#7594,#5945,#5946);
#4973=AXIS2_PLACEMENT_3D('',#7598,#5949,#5950);
#4974=AXIS2_PLACEMENT_3D('',#7614,#5953,#5954);
#4975=AXIS2_PLACEMENT_3D('',#7615,#5955,#5956);
#4976=AXIS2_PLACEMENT_3D('',#7616,#5957,#5958);
#4977=AXIS2_PLACEMENT_3D('',#7618,#5960,#5961);
#4978=AXIS2_PLACEMENT_3D('',#7619,#5962,#5963);
#4979=AXIS2_PLACEMENT_3D('',#7634,#5965,#5966);
#4980=AXIS2_PLACEMENT_3D('',#7636,#5968,#5969);
#4981=AXIS2_PLACEMENT_3D('',#7637,#5970,#5971);
#4982=AXIS2_PLACEMENT_3D('',#7643,#5975,#5976);
#4983=AXIS2_PLACEMENT_3D('',#7647,#5979,#5980);
#4984=AXIS2_PLACEMENT_3D('',#7651,#5983,#5984);
#4985=AXIS2_PLACEMENT_3D('',#7655,#5987,#5988);
#4986=AXIS2_PLACEMENT_3D('',#7659,#5991,#5992);
#4987=AXIS2_PLACEMENT_3D('',#7663,#5995,#5996);
#4988=AXIS2_PLACEMENT_3D('',#7667,#5999,#6000);
#4989=AXIS2_PLACEMENT_3D('',#7671,#6003,#6004);
#4990=AXIS2_PLACEMENT_3D('',#7675,#6007,#6008);
#4991=AXIS2_PLACEMENT_3D('',#7679,#6011,#6012);
#4992=AXIS2_PLACEMENT_3D('',#7683,#6015,#6016);
#4993=AXIS2_PLACEMENT_3D('',#7685,#6018,#6019);
#4994=AXIS2_PLACEMENT_3D('',#7686,#6020,#6021);
#4995=AXIS2_PLACEMENT_3D('',#7718,#6027,#6028);
#4996=AXIS2_PLACEMENT_3D('',#7725,#6029,#6030);
#4997=AXIS2_PLACEMENT_3D('',#7727,#6031,#6032);
#4998=AXIS2_PLACEMENT_3D('',#7730,#6034,#6035);
#4999=AXIS2_PLACEMENT_3D('',#7769,#6042,#6043);
#5000=AXIS2_PLACEMENT_3D('',#7771,#6045,#6046);
#5001=AXIS2_PLACEMENT_3D('',#7772,#6047,#6048);
#5002=AXIS2_PLACEMENT_3D('',#7776,#6051,#6052);
#5003=AXIS2_PLACEMENT_3D('',#7780,#6055,#6056);
#5004=AXIS2_PLACEMENT_3D('',#7782,#6058,#6059);
#5005=AXIS2_PLACEMENT_3D('',#7783,#6060,#6061);
#5006=AXIS2_PLACEMENT_3D('',#7784,#6062,#6063);
#5007=AXIS2_PLACEMENT_3D('',#7785,#6064,#6065);
#5008=AXIS2_PLACEMENT_3D('',#7803,#6066,#6067);
#5009=AXIS2_PLACEMENT_3D('',#7804,#6068,#6069);
#5010=AXIS2_PLACEMENT_3D('',#7805,#6070,#6071);
#5011=AXIS2_PLACEMENT_3D('',#7806,#6072,#6073);
#5012=AXIS2_PLACEMENT_3D('',#7841,#6086,#6087);
#5013=AXIS2_PLACEMENT_3D('',#7844,#6090,#6091);
#5014=AXIS2_PLACEMENT_3D('',#7846,#6093,#6094);
#5015=AXIS2_PLACEMENT_3D('',#7848,#6096,#6097);
#5016=AXIS2_PLACEMENT_3D('',#7850,#6099,#6100);
#5017=AXIS2_PLACEMENT_3D('',#7852,#6102,#6103);
#5018=AXIS2_PLACEMENT_3D('',#7854,#6105,#6106);
#5019=AXIS2_PLACEMENT_3D('',#7856,#6108,#6109);
#5020=AXIS2_PLACEMENT_3D('',#7857,#6110,#6111);
#5021=AXIS2_PLACEMENT_3D('',#7863,#6115,#6116);
#5022=AXIS2_PLACEMENT_3D('',#7881,#6120,#6121);
#5023=AXIS2_PLACEMENT_3D('',#7899,#6125,#6126);
#5024=AXIS2_PLACEMENT_3D('',#7901,#6128,#6129);
#5025=AXIS2_PLACEMENT_3D('',#7902,#6130,#6131);
#5026=AXIS2_PLACEMENT_3D('',#7909,#6132,#6133);
#5027=AXIS2_PLACEMENT_3D('',#7911,#6134,#6135);
#5028=AXIS2_PLACEMENT_3D('',#7913,#6136,#6137);
#5029=AXIS2_PLACEMENT_3D('',#7915,#6138,#6139);
#5030=AXIS2_PLACEMENT_3D('',#7917,#6140,#6141);
#5031=AXIS2_PLACEMENT_3D('',#7919,#6142,#6143);
#5032=AXIS2_PLACEMENT_3D('',#7921,#6144,#6145);
#5033=AXIS2_PLACEMENT_3D('',#7923,#6146,#6147);
#5034=AXIS2_PLACEMENT_3D('',#7925,#6148,#6149);
#5035=AXIS2_PLACEMENT_3D('',#7926,#6150,#6151);
#5036=AXIS2_PLACEMENT_3D('',#7927,#6152,#6153);
#5037=AXIS2_PLACEMENT_3D('',#7935,#6158,#6159);
#5038=AXIS2_PLACEMENT_3D('',#7936,#6160,#6161);
#5039=AXIS2_PLACEMENT_3D('',#7938,#6162,#6163);
#5040=AXIS2_PLACEMENT_3D('',#7940,#6164,#6165);
#5041=AXIS2_PLACEMENT_3D('',#7942,#6166,#6167);
#5042=AXIS2_PLACEMENT_3D('',#7944,#6168,#6169);
#5043=AXIS2_PLACEMENT_3D('',#7945,#6170,#6171);
#5044=AXIS2_PLACEMENT_3D('',#7947,#6173,#6174);
#5045=AXIS2_PLACEMENT_3D('',#7948,#6175,#6176);
#5046=AXIS2_PLACEMENT_3D('',#7950,#6178,#6179);
#5047=AXIS2_PLACEMENT_3D('',#7951,#6180,#6181);
#5048=AXIS2_PLACEMENT_3D('',#7952,#6182,#6183);
#5049=AXIS2_PLACEMENT_3D('',#7954,#6185,#6186);
#5050=AXIS2_PLACEMENT_3D('',#7955,#6187,#6188);
#5051=AXIS2_PLACEMENT_3D('',#7956,#6189,#6190);
#5052=AXIS2_PLACEMENT_3D('',#7959,#6191,#6192);
#5053=AXIS2_PLACEMENT_3D('',#7976,#6193,#6194);
#5054=AXIS2_PLACEMENT_3D('',#7981,#6195,#6196);
#5055=AXIS2_PLACEMENT_3D('',#7986,#6197,#6198);
#5056=AXIS2_PLACEMENT_3D('',#7991,#6199,#6200);
#5057=AXIS2_PLACEMENT_3D('',#7993,#6202,#6203);
#5058=AXIS2_PLACEMENT_3D('',#7998,#6204,#6205);
#5059=AXIS2_PLACEMENT_3D('',#8003,#6206,#6207);
#5060=AXIS2_PLACEMENT_3D('',#8008,#6208,#6209);
#5061=AXIS2_PLACEMENT_3D('',#8013,#6210,#6211);
#5062=AXIS2_PLACEMENT_3D('',#8014,#6212,#6213);
#5063=AXIS2_PLACEMENT_3D('',#8015,#6214,#6215);
#5064=AXIS2_PLACEMENT_3D('',#8016,#6216,#6217);
#5065=AXIS2_PLACEMENT_3D('',#8018,#6219,#6220);
#5066=AXIS2_PLACEMENT_3D('',#8020,#6222,#6223);
#5067=AXIS2_PLACEMENT_3D('',#8022,#6225,#6226);
#5068=AXIS2_PLACEMENT_3D('',#8023,#6227,#6228);
#5069=AXIS2_PLACEMENT_3D('',#8024,#6229,#6230);
#5070=AXIS2_PLACEMENT_3D('',#8029,#6231,#6232);
#5071=AXIS2_PLACEMENT_3D('',#8034,#6233,#6234);
#5072=AXIS2_PLACEMENT_3D('',#8039,#6235,#6236);
#5073=AXIS2_PLACEMENT_3D('',#8041,#6238,#6239);
#5074=AXIS2_PLACEMENT_3D('',#8042,#6240,#6241);
#5075=AXIS2_PLACEMENT_3D('',#8043,#6242,#6243);
#5076=AXIS2_PLACEMENT_3D('',#8044,#6244,#6245);
#5077=AXIS2_PLACEMENT_3D('',#8045,#6246,#6247);
#5078=AXIS2_PLACEMENT_3D('',#8046,#6248,#6249);
#5079=AXIS2_PLACEMENT_3D('',#8047,#6250,#6251);
#5080=AXIS2_PLACEMENT_3D('',#8048,#6252,#6253);
#5081=AXIS2_PLACEMENT_3D('',#8049,#6254,#6255);
#5082=AXIS2_PLACEMENT_3D('',#8050,#6256,#6257);
#5083=AXIS2_PLACEMENT_3D('',#8051,#6258,#6259);
#5084=AXIS2_PLACEMENT_3D('',#8052,#6260,#6261);
#5085=AXIS2_PLACEMENT_3D('',#8053,#6262,#6263);
#5086=AXIS2_PLACEMENT_3D('',#8054,#6264,#6265);
#5087=AXIS2_PLACEMENT_3D('',#8065,#6266,#6267);
#5088=AXIS2_PLACEMENT_3D('',#8066,#6268,#6269);
#5089=AXIS2_PLACEMENT_3D('',#8067,#6270,#6271);
#5090=AXIS2_PLACEMENT_3D('',#8068,#6272,#6273);
#5091=DIRECTION('',(0.,0.,1.));
#5092=DIRECTION('',(1.,0.,0.));
#5093=DIRECTION('',(0.,0.,1.));
#5094=DIRECTION('',(1.,0.,0.));
#5095=DIRECTION('',(0.,0.,1.));
#5096=DIRECTION('',(1.,0.,0.));
#5097=DIRECTION('',(0.,0.,1.));
#5098=DIRECTION('',(0.,0.,1.));
#5099=DIRECTION('',(0.,0.,1.));
#5100=DIRECTION('',(1.,0.,0.));
#5101=DIRECTION('',(0.,0.,1.));
#5102=DIRECTION('',(1.,0.,0.));
#5103=DIRECTION('',(0.,0.,1.));
#5104=DIRECTION('',(0.,0.,1.));
#5105=DIRECTION('',(0.,-1.,0.));
#5106=DIRECTION('',(0.,0.,-1.));
#5107=DIRECTION('',(-0.999974850185742,0.,-0.00709217850900526));
#5108=DIRECTION('',(0.373386312957189,0.,-0.927675946274471));
#5109=DIRECTION('',(3.7559434280091E-15,1.,1.0927357430063E-13));
#5110=DIRECTION('',(0.,-1.0927357430063E-13,1.));
#5111=DIRECTION('',(-0.00709217850900526,0.,0.999974850185742));
#5112=DIRECTION('',(-4.73859335995201E-15,1.,7.87114109738639E-15));
#5113=DIRECTION('',(0.,-7.87114109738639E-15,1.));
#5114=DIRECTION('',(-0.39627977191406,0.,0.91812980692914));
#5115=DIRECTION('',(0.359249240323363,0.,0.933241653231941));
#5116=DIRECTION('',(-0.999974850185742,0.,-0.00709217850900526));
#5117=DIRECTION('',(-0.321638936845218,0.,-0.946862394598644));
#5118=DIRECTION('',(-0.245553034398101,0.,-0.969383158146398));
#5119=DIRECTION('',(-0.999974850185742,0.,-0.00709217850900526));
#5120=DIRECTION('',(-0.262917788216393,0.,0.964818240208694));
#5121=DIRECTION('',(-0.347576530354304,0.,0.93765161736482));
#5122=DIRECTION('',(-1.95940475970293E-13,1.,6.9671695939415E-14));
#5123=DIRECTION('',(-1.,-1.95940475970293E-13,0.));
#5124=DIRECTION('',(0.00709217850900526,0.,-0.999974850185742));
#5125=DIRECTION('',(0.999974850185742,0.,0.00709217850900526));
#5126=DIRECTION('',(-0.00709217850900526,0.,0.999974850185742));
#5127=DIRECTION('',(0.999974850185735,0.,0.00709217851000521));
#5128=DIRECTION('',(0.,1.,0.));
#5129=DIRECTION('',(0.,0.,1.));
#5130=DIRECTION('',(-5.41284480479694E-13,1.,-4.44901978862924E-14));
#5131=DIRECTION('',(-1.,-5.41284480479694E-13,0.));
#5132=DIRECTION('',(3.32763066230351E-14,1.,1.36434967348979E-13));
#5133=DIRECTION('',(0.,-1.36434967348979E-13,1.));
#5134=DIRECTION('',(-0.991287678229244,0.,0.131714611911032));
#5135=DIRECTION('',(-1.12403204206999E-13,1.,4.5193043435613E-14));
#5136=DIRECTION('',(-1.,-1.12403204206999E-13,0.));
#5137=DIRECTION('',(-0.00709217850900526,0.,0.999974850185742));
#5138=DIRECTION('',(0.00709217850900526,0.,-0.999974850185742));
#5139=DIRECTION('',(0.999974850185742,0.,0.00709217850900526));
#5140=DIRECTION('',(-0.00709217850900526,0.,0.999974850185742));
#5141=DIRECTION('',(-0.999974850185742,0.,-0.00709217850900526));
#5142=DIRECTION('',(0.00709217850900526,0.,-0.999974850185742));
#5143=DIRECTION('',(0.999974850185742,0.,0.00709217850900526));
#5144=DIRECTION('',(0.00709217850900526,0.,-0.999974850185742));
#5145=DIRECTION('',(-0.999974850185742,0.,-0.00709217850900526));
#5146=DIRECTION('',(0.00709217850900526,0.,-0.999974850185742));
#5147=DIRECTION('',(0.999974850185742,0.,0.00709217850900526));
#5148=DIRECTION('',(0.00709217850900526,0.,-0.999974850185742));
#5149=DIRECTION('',(-0.999974850185742,0.,-0.00709217850900526));
#5150=DIRECTION('',(4.91077873237196E-11,1.,2.08910036950933E-11));
#5151=DIRECTION('',(-1.,4.91077873237196E-11,0.));
#5152=DIRECTION('',(1.50346209190796E-11,1.,1.28663845903734E-10));
#5153=DIRECTION('',(0.,-1.28663845903734E-10,1.));
#5154=DIRECTION('',(7.13397717160652E-11,1.,-1.55042101719769E-10));
#5155=DIRECTION('',(0.,1.55042101719769E-10,1.));
#5156=DIRECTION('',(1.56590539534102E-13,1.,4.58014804549821E-14));
#5157=DIRECTION('',(-1.,1.56590539534102E-13,0.));
#5158=DIRECTION('',(0.00709217850900526,0.,-0.999974850185742));
#5159=DIRECTION('',(-2.46954084070501E-13,1.,-3.67192542833938E-16));
#5160=DIRECTION('',(-1.,-2.46954084070501E-13,0.));
#5161=DIRECTION('',(1.90011827755262E-12,1.,1.83376300123836E-14));
#5162=DIRECTION('',(-1.,1.90011827755262E-12,0.));
#5163=DIRECTION('',(-5.26099858513921E-12,1.,6.07423996586117E-11));
#5164=DIRECTION('',(0.,-6.07423996586117E-11,1.));
#5165=DIRECTION('',(2.56813499090991E-11,1.,1.28527066427101E-10));
#5166=DIRECTION('',(0.,-1.28527066427101E-10,1.));
#5167=DIRECTION('',(1.65343308461236E-13,1.,3.21255978598975E-13));
#5168=DIRECTION('',(0.,-3.21255978598975E-13,1.));
#5169=DIRECTION('',(-1.30693299736235E-12,1.,2.55495453046452E-13));
#5170=DIRECTION('',(-1.,-1.30693299736235E-12,0.));
#5171=DIRECTION('',(0.00709217850900526,0.,-0.999974850185742));
#5172=DIRECTION('',(1.,0.,0.));
#5173=DIRECTION('',(0.,0.,-1.));
#5174=DIRECTION('',(1.,0.,0.));
#5175=DIRECTION('',(0.,0.,-1.));
#5176=DIRECTION('',(0.00709217850900526,0.,-0.999974850185742));
#5177=DIRECTION('',(0.999974850185742,0.,0.00709217850900526));
#5178=DIRECTION('',(-0.00709217850900526,0.,0.999974850185742));
#5179=DIRECTION('',(-0.999974850185742,0.,-0.00709217850900526));
#5180=DIRECTION('',(0.00709217850900526,0.,-0.999974850185742));
#5181=DIRECTION('',(-0.999974850185742,0.,-0.00709217850900526));
#5182=DIRECTION('',(0.00709217850900526,0.,-0.999974850185742));
#5183=DIRECTION('',(0.999974850185742,0.,0.00709217850900526));
#5184=DIRECTION('',(-0.00709217850900526,0.,0.999974850185742));
#5185=DIRECTION('',(-0.999974850185742,0.,-0.00709217850900526));
#5186=DIRECTION('',(0.00709217850900526,0.,-0.999974850185742));
#5187=DIRECTION('',(0.999974850185742,0.,0.00709217850900526));
#5188=DIRECTION('',(0.00709217850900526,0.,-0.999974850185742));
#5189=DIRECTION('',(-0.999974850185742,0.,-0.00709217850900526));
#5190=DIRECTION('',(0.00709217850900526,0.,-0.999974850185742));
#5191=DIRECTION('',(0.999974850185742,0.,0.00709217850900526));
#5192=DIRECTION('',(0.00709217850900526,0.,-0.999974850185742));
#5193=DIRECTION('',(-0.999974850185742,0.,-0.00709217850900526));
#5194=DIRECTION('',(0.999974850185742,0.,0.00709217850900526));
#5195=DIRECTION('',(-0.00709217850900526,0.,0.999974850185742));
#5196=DIRECTION('',(-0.999974850185742,0.,-0.00709217850900526));
#5197=DIRECTION('',(-0.349299057801094,0.,-0.937011295673253));
#5198=DIRECTION('',(0.999974850185742,0.,0.00709217850900526));
#5199=DIRECTION('',(0.342741495824264,0.,0.939429756309723));
#5200=DIRECTION('',(0.999974850185742,0.,0.00709217850900526));
#5201=DIRECTION('',(0.338211162479089,0.,-0.941070246886248));
#5202=DIRECTION('',(0.999974850185742,0.,0.00709217850900526));
#5203=DIRECTION('',(-0.36255448749734,0.,0.931962576284875));
#5204=DIRECTION('',(-0.999974850185742,0.,-0.00709217850900526));
#5205=DIRECTION('',(2.86137046620734E-13,1.,1.69890684338574E-13));
#5206=DIRECTION('',(-1.,2.86137046620734E-13,0.));
#5207=DIRECTION('',(3.02049617723983E-14,1.,6.9155452056695E-14));
#5208=DIRECTION('',(0.,-6.9155452056695E-14,1.));
#5209=DIRECTION('',(-2.11553179912867E-13,1.,-1.18104591289123E-13));
#5210=DIRECTION('',(-1.,-2.11553179912867E-13,0.));
#5211=DIRECTION('',(-1.29430254591419E-12,1.,-6.48656796400969E-13));
#5212=DIRECTION('',(-1.,-1.29430254591419E-12,0.));
#5213=DIRECTION('',(-2.9749784879287E-14,1.,3.45164936883901E-14));
#5214=DIRECTION('',(0.,-3.45164936883901E-14,1.));
#5215=DIRECTION('',(3.62857172504985E-14,1.,8.71410650556226E-14));
#5216=DIRECTION('',(0.,-8.71410650556226E-14,1.));
#5217=DIRECTION('',(5.8332820991888E-13,1.,-6.74185478467411E-14));
#5218=DIRECTION('',(-1.,5.8332820991888E-13,0.));
#5219=DIRECTION('',(-7.71338797719551E-13,1.,-1.33047602765693E-13));
#5220=DIRECTION('',(-1.,-7.71338797719551E-13,0.));
#5221=DIRECTION('',(0.00709217850900526,0.,-0.999974850185742));
#5222=DIRECTION('',(-1.10928105597198E-13,1.,-3.87582259368702E-14));
#5223=DIRECTION('',(-1.,-1.10928105597198E-13,0.));
#5224=DIRECTION('',(2.01369489675548E-13,1.,-2.93751109451848E-14));
#5225=DIRECTION('',(-1.,2.01369489675548E-13,0.));
#5226=DIRECTION('',(-1.33192489564234E-14,1.,5.4944597341493E-14));
#5227=DIRECTION('',(0.,-5.4944597341493E-14,1.));
#5228=DIRECTION('',(7.54041128217057E-15,1.,5.41918254325026E-15));
#5229=DIRECTION('',(-1.,7.54041128217057E-15,0.));
#5230=DIRECTION('',(2.39967423882618E-14,1.,1.56309964873522E-14));
#5231=DIRECTION('',(-1.,2.39967423882618E-14,0.));
#5232=DIRECTION('',(1.69750226848006E-14,1.,6.9070519839292E-15));
#5233=DIRECTION('',(-1.,1.69750226848006E-14,0.));
#5234=DIRECTION('',(-5.22112095444072E-15,1.,8.2417763783242E-14));
#5235=DIRECTION('',(0.,-8.2417763783242E-14,1.));
#5236=DIRECTION('',(-1.1051032005612E-14,1.,-1.75773494831673E-14));
#5237=DIRECTION('',(0.,1.75773494831673E-14,1.));
#5238=DIRECTION('',(1.06068241806653E-13,1.,1.15534349398985E-14));
#5239=DIRECTION('',(-1.,1.06068241806653E-13,0.));
#5240=DIRECTION('',(1.90426653066039E-13,1.,1.96154348610355E-14));
#5241=DIRECTION('',(-1.,1.90426653066039E-13,0.));
#5242=DIRECTION('',(-0.00709217850900526,0.,0.999974850185742));
#5243=DIRECTION('',(0.00709217850900526,0.,-0.999974850185742));
#5244=DIRECTION('',(0.999974850185742,0.,0.00709217850900526));
#5245=DIRECTION('',(-0.00709217850900526,0.,0.999974850185742));
#5246=DIRECTION('',(-0.999974850185742,0.,-0.00709217850900526));
#5247=DIRECTION('',(0.00709217850900526,0.,-0.999974850185742));
#5248=DIRECTION('',(0.999974850185742,0.,0.00709217850900526));
#5249=DIRECTION('',(0.00709217850900526,0.,-0.999974850185742));
#5250=DIRECTION('',(-0.999974850185742,0.,-0.00709217850900526));
#5251=DIRECTION('',(0.00709217850900526,0.,-0.999974850185742));
#5252=DIRECTION('',(0.999974850185742,0.,0.00709217850900526));
#5253=DIRECTION('',(0.00709217850900526,0.,-0.999974850185742));
#5254=DIRECTION('',(-0.999974850185742,0.,-0.00709217850900526));
#5255=DIRECTION('',(0.999974850185742,0.,0.00709217850900526));
#5256=DIRECTION('',(-0.00709217850900526,0.,0.999974850185742));
#5257=DIRECTION('',(-0.999974850185742,0.,-0.00709217850900526));
#5258=DIRECTION('',(-0.349299057795172,0.,-0.937011295675461));
#5259=DIRECTION('',(0.999974850185742,0.,0.00709217850900526));
#5260=DIRECTION('',(0.342741495853077,0.,0.939429756299211));
#5261=DIRECTION('',(0.999974850185742,0.,0.00709217850900526));
#5262=DIRECTION('',(0.338211162486243,0.,-0.941070246883677));
#5263=DIRECTION('',(0.999974850185742,0.,0.00709217850900526));
#5264=DIRECTION('',(-0.362554487503227,0.,0.931962576282584));
#5265=DIRECTION('',(-0.999974850185742,0.,-0.00709217850900526));
#5266=DIRECTION('',(-1.39759993920654E-14,1.,2.38583526519886E-14));
#5267=DIRECTION('',(0.,-2.38583526519886E-14,1.));
#5268=DIRECTION('',(-1.24768786005538E-14,1.,1.78492050062467E-14));
#5269=DIRECTION('',(0.,-1.78492050062467E-14,1.));
#5270=DIRECTION('',(0.999974850185742,0.,0.00709217850900526));
#5271=DIRECTION('',(-4.66076881966432E-14,1.,-1.07435420803374E-13));
#5272=DIRECTION('',(0.,1.07435420803374E-13,1.));
#5273=DIRECTION('',(1.29146032599693E-14,1.,-9.00424887691599E-15));
#5274=DIRECTION('',(-1.,1.29146032599693E-14,0.));
#5275=DIRECTION('',(0.,0.999999999964065,-8.47765072233701E-6));
#5276=DIRECTION('',(0.,8.47765072233701E-6,0.999999999964065));
#5277=DIRECTION('',(-0.999974850185742,0.,-0.00709217850900526));
#5278=DIRECTION('',(-1.64451632909892E-11,1.,1.38322073688029E-11));
#5279=DIRECTION('',(-1.,-1.64451632909892E-11,0.));
#5280=DIRECTION('',(-7.25388761455645E-14,1.,-1.66309182062763E-13));
#5281=DIRECTION('',(0.,1.66309182062763E-13,1.));
#5282=DIRECTION('',(0.999974850185742,0.,0.00709217850900526));
#5283=DIRECTION('',(-8.67365707633825E-13,1.,-2.58797957952799E-12));
#5284=DIRECTION('',(0.,2.58797957952799E-12,1.));
#5285=DIRECTION('',(9.87068882227184E-13,1.,3.85613642469704E-12));
#5286=DIRECTION('',(0.,-3.85613642469704E-12,1.));
#5287=DIRECTION('',(2.21240214759659E-13,1.,6.4280064622853E-14));
#5288=DIRECTION('',(-1.,2.21240214759659E-13,0.));
#5289=DIRECTION('',(2.42260044191522E-13,1.,-2.36048856501868E-13));
#5290=DIRECTION('',(-1.,2.42260044191522E-13,0.));
#5291=DIRECTION('',(2.07138679528539E-10,1.,4.01560218070277E-10));
#5292=DIRECTION('',(0.,-4.01560218070277E-10,1.));
#5293=DIRECTION('',(-2.71535319156386E-12,1.,2.55045144926469E-12));
#5294=DIRECTION('',(-1.,-2.71535319156386E-12,0.));
#5295=DIRECTION('',(-5.31413829835594E-13,1.,-6.98444706263746E-14));
#5296=DIRECTION('',(-1.,-5.31413829835594E-13,0.));
#5297=DIRECTION('',(-0.889610358060177,0.,0.456720276353091));
#5298=DIRECTION('',(-0.498748469260284,0.,-0.866746770637494));
#5299=DIRECTION('',(0.88738694226275,0.,-0.461025394855389));
#5300=DIRECTION('',(0.00709217850900526,0.,-0.999974850185742));
#5301=DIRECTION('',(7.11530209417777E-13,1.,-7.29002709221157E-13));
#5302=DIRECTION('',(0.,7.29002709221157E-13,1.));
#5303=DIRECTION('',(0.,-1.,0.));
#5304=DIRECTION('',(-0.970081691732446,0.,-0.242778729227904));
#5305=DIRECTION('',(1.01427722371925E-13,1.,-2.52135050364433E-14));
#5306=DIRECTION('',(-1.,1.01427722371925E-13,0.));
#5307=DIRECTION('',(-2.25467786799581E-15,1.,3.05196907997396E-14));
#5308=DIRECTION('',(0.,-3.05196907997396E-14,1.));
#5309=DIRECTION('',(4.27872095971391E-14,1.,-5.07499262237962E-14));
#5310=DIRECTION('',(0.,5.07499262237962E-14,1.));
#5311=DIRECTION('',(-4.48022772108473E-13,1.,7.82524380580037E-14));
#5312=DIRECTION('',(-1.,-4.48022772108473E-13,0.));
#5313=DIRECTION('',(-2.26851746382104E-13,1.,1.62785084972627E-14));
#5314=DIRECTION('',(-1.,-2.26851746382104E-13,0.));
#5315=DIRECTION('',(-1.48658689673413E-12,1.,1.78755864957151E-12));
#5316=DIRECTION('',(0.,-1.78755864957151E-12,1.));
#5317=DIRECTION('',(-9.06756083462593E-12,1.,6.63688813657431E-12));
#5318=DIRECTION('',(-1.,-9.06756083462593E-12,0.));
#5319=DIRECTION('',(-1.85840666320004E-9,1.,-1.20830720068245E-9));
#5320=DIRECTION('',(-1.,-1.85840666320004E-9,0.));
#5321=DIRECTION('',(-1.94642850035203E-12,1.,-2.2687103408339E-12));
#5322=DIRECTION('',(0.,2.2687103408339E-12,1.));
#5323=DIRECTION('',(-1.,0.,0.));
#5324=DIRECTION('',(0.,0.,1.));
#5325=DIRECTION('',(0.,0.,1.));
#5326=DIRECTION('',(-1.,0.,0.));
#5327=DIRECTION('',(0.,0.,1.));
#5328=DIRECTION('',(-1.,0.,0.));
#5329=DIRECTION('',(0.,0.,1.));
#5330=DIRECTION('',(0.,0.,1.));
#5331=DIRECTION('',(-1.,0.,0.));
#5332=DIRECTION('',(0.,0.,1.));
#5333=DIRECTION('',(-1.,0.,0.));
#5334=DIRECTION('',(0.,0.,1.));
#5335=DIRECTION('',(1.,0.,0.));
#5336=DIRECTION('',(0.,0.,-1.));
#5337=DIRECTION('',(1.,0.,0.));
#5338=DIRECTION('',(0.,0.,-1.));
#5339=DIRECTION('',(1.,0.,0.));
#5340=DIRECTION('',(0.,0.,-1.));
#5341=DIRECTION('',(0.,0.,-1.));
#5342=DIRECTION('',(1.,0.,0.));
#5343=DIRECTION('',(0.,0.,-1.));
#5344=DIRECTION('',(1.,0.,0.));
#5345=DIRECTION('',(0.,0.,-1.));
#5346=DIRECTION('',(0.,0.,-1.));
#5347=DIRECTION('',(0.,1.,0.));
#5348=DIRECTION('',(0.,0.,1.));
#5349=DIRECTION('',(1.,0.,0.));
#5350=DIRECTION('',(0.,0.,1.));
#5351=DIRECTION('',(1.,0.,0.));
#5352=DIRECTION('',(0.,0.,1.));
#5353=DIRECTION('',(1.,0.,0.));
#5354=DIRECTION('',(0.,0.,-1.));
#5355=DIRECTION('',(-1.,0.,0.));
#5356=DIRECTION('',(1.,0.,0.));
#5357=DIRECTION('',(0.,0.,-1.));
#5358=DIRECTION('',(1.,0.,0.));
#5359=DIRECTION('',(0.,0.,-1.));
#5360=DIRECTION('',(-1.,0.,0.));
#5361=DIRECTION('',(0.,0.,1.));
#5362=DIRECTION('',(-1.,0.,0.));
#5363=DIRECTION('',(0.,0.,1.));
#5364=DIRECTION('',(-1.,0.,0.));
#5365=DIRECTION('',(0.,0.,1.));
#5366=DIRECTION('',(-1.,0.,0.));
#5367=DIRECTION('',(0.,0.,1.));
#5368=DIRECTION('',(-1.,0.,0.));
#5369=DIRECTION('',(0.,0.,1.));
#5370=DIRECTION('',(1.,0.,0.));
#5371=DIRECTION('',(-1.,0.,0.));
#5372=DIRECTION('',(0.,0.,1.));
#5373=DIRECTION('',(1.,0.,0.));
#5374=DIRECTION('',(0.,0.,-1.));
#5375=DIRECTION('',(1.,0.,0.));
#5376=DIRECTION('',(0.,0.,-1.));
#5377=DIRECTION('',(1.,0.,0.));
#5378=DIRECTION('',(0.,0.,-1.));
#5379=DIRECTION('',(1.,0.,0.));
#5380=DIRECTION('',(0.,0.,-1.));
#5381=DIRECTION('',(0.,-1.,-5.00020827874517E-13));
#5382=DIRECTION('',(0.,5.00020827874517E-13,-1.));
#5383=DIRECTION('',(0.,0.,-1.));
#5384=DIRECTION('',(-1.,0.,0.));
#5385=DIRECTION('',(0.,0.,-1.));
#5386=DIRECTION('',(-1.,0.,0.));
#5387=DIRECTION('',(0.,1.83697019872103E-16,1.));
#5388=DIRECTION('',(0.,-1.,1.83697019872103E-16));
#5389=DIRECTION('',(1.,0.,0.));
#5390=DIRECTION('',(0.,0.,-1.));
#5391=DIRECTION('',(0.,0.,-1.));
#5392=DIRECTION('',(-1.,0.,0.));
#5393=DIRECTION('',(1.,0.,0.));
#5394=DIRECTION('',(0.,0.,-1.));
#5395=DIRECTION('',(0.,1.,-1.22464679914735E-16));
#5396=DIRECTION('',(0.,1.22464679914735E-16,1.));
#5397=DIRECTION('',(0.,0.,-1.));
#5398=DIRECTION('',(-1.,0.,0.));
#5399=DIRECTION('',(0.,3.82856869892695E-16,-1.));
#5400=DIRECTION('',(0.,1.,3.82856869892695E-16));
#5401=DIRECTION('',(1.,0.,0.));
#5402=DIRECTION('',(0.,0.,-1.));
#5403=DIRECTION('',(-1.,0.,0.));
#5404=DIRECTION('',(0.,0.,1.));
#5405=DIRECTION('',(0.,1.,1.22464679914735E-16));
#5406=DIRECTION('',(0.,-1.22464679914735E-16,1.));
#5407=DIRECTION('',(0.,0.,-1.));
#5408=DIRECTION('',(-1.,0.,0.));
#5409=DIRECTION('',(-1.,0.,0.));
#5410=DIRECTION('',(0.,0.,1.));
#5411=DIRECTION('',(0.,0.,-1.));
#5412=DIRECTION('',(-1.,0.,0.));
#5413=DIRECTION('',(0.,0.,-1.));
#5414=DIRECTION('',(-1.,0.,0.));
#5415=DIRECTION('',(0.,1.83697019872103E-16,-1.));
#5416=DIRECTION('',(0.,1.,1.83697019872103E-16));
#5417=DIRECTION('',(0.,0.,-1.));
#5418=DIRECTION('',(-1.,0.,0.));
#5419=DIRECTION('',(0.,3.82856869892695E-16,1.));
#5420=DIRECTION('',(0.,-1.,3.82856869892695E-16));
#5421=DIRECTION('',(-1.,0.,0.));
#5422=DIRECTION('',(0.,0.,1.));
#5423=DIRECTION('',(0.,-1.,0.));
#5424=DIRECTION('',(0.,0.,-1.));
#5425=DIRECTION('',(-1.,0.,0.));
#5426=DIRECTION('',(0.,0.,1.));
#5427=DIRECTION('',(0.,0.,1.));
#5428=DIRECTION('',(1.,0.,0.));
#5429=DIRECTION('',(0.,0.,1.));
#5430=DIRECTION('',(1.,0.,0.));
#5431=DIRECTION('',(0.,0.,1.));
#5432=DIRECTION('',(1.,0.,0.));
#5433=DIRECTION('',(0.,0.,1.));
#5434=DIRECTION('',(1.,0.,0.));
#5435=DIRECTION('',(0.,0.,1.));
#5436=DIRECTION('',(1.,0.,0.));
#5437=DIRECTION('',(0.,0.,1.));
#5438=DIRECTION('',(1.,0.,0.));
#5439=DIRECTION('',(0.314285607197817,0.0979443816258605,0.944262386848183));
#5440=DIRECTION('',(0.948824439033001,0.,-0.315804027671769));
#5441=DIRECTION('',(0.214419899709565,-0.0061226070272887,0.976722386500755));
#5442=DIRECTION('',(0.976740693877871,0.,-0.214423918728705));
#5443=DIRECTION('',(0.314285607197687,-0.0979443816258197,0.94426238684823));
#5444=DIRECTION('',(0.948824439033045,0.,-0.315804027671637));
#5445=DIRECTION('',(0.214129854285454,0.00621504837250536,0.976785431237289));
#5446=DIRECTION('',(0.976804296844409,0.,-0.214133989983606));
#5447=DIRECTION('',(-0.214129854303134,-0.00621504836824364,0.976785431233441));
#5448=DIRECTION('',(0.976804296840535,0.,0.214133990001281));
#5449=DIRECTION('',(-0.314285607039887,0.0979443807754647,0.944262386988956));
#5450=DIRECTION('',(0.948824439094659,0.,0.315804027486517));
#5451=DIRECTION('',(-0.214419899698571,0.0061226070301854,0.97672238650315));
#5452=DIRECTION('',(0.976740693880284,0.,0.214423918717714));
#5453=DIRECTION('',(-0.31428560704006,-0.0979443807753442,0.944262386988911));
#5454=DIRECTION('',(0.948824439094602,0.,0.315804027486688));
#5455=DIRECTION('',(0.999974850185742,0.,0.00709217850900526));
#5456=DIRECTION('',(0.00709217850900526,0.,-0.999974850185742));
#5457=DIRECTION('',(0.,1.,0.));
#5458=DIRECTION('',(-0.00709217850493821,0.,0.99997485018577));
#5459=DIRECTION('',(0.,1.,0.));
#5460=DIRECTION('',(0.00709217850900526,0.,-0.999974850185742));
#5461=DIRECTION('',(-0.999974850185742,0.,-0.00709217850900526));
#5462=DIRECTION('',(0.,1.,0.));
#5463=DIRECTION('',(0.9999748501857,0.,0.00709217851483111));
#5464=DIRECTION('',(0.999974850185742,0.,0.00709217850900526));
#5465=DIRECTION('',(0.00709217850900526,0.,-0.999974850185742));
#5466=DIRECTION('',(0.,1.,0.));
#5467=DIRECTION('',(-0.00709217851377201,0.,0.999974850185708));
#5468=DIRECTION('',(0.00709217850900526,0.,-0.999974850185742));
#5469=DIRECTION('',(-0.999974850185742,0.,-0.00709217850900526));
#5470=DIRECTION('',(0.,1.,0.));
#5471=DIRECTION('',(0.999974850185719,0.,0.00709217851228251));
#5472=DIRECTION('',(-0.999974850185742,0.,-0.00709217850900526));
#5473=DIRECTION('',(-0.00709217850900526,0.,0.999974850185742));
#5474=DIRECTION('',(0.,1.,0.));
#5475=DIRECTION('',(0.00709217850293124,0.,-0.999974850185785));
#5476=DIRECTION('',(-0.00709217850900526,0.,0.999974850185742));
#5477=DIRECTION('',(0.999974850185742,0.,0.00709217850900526));
#5478=DIRECTION('',(-0.999974850185704,0.,-0.0070921785143314));
#5479=DIRECTION('',(0.,-1.,0.));
#5480=DIRECTION('',(0.,0.,-1.));
#5481=DIRECTION('',(0.,1.,0.));
#5482=DIRECTION('',(0.999974850185742,0.,0.00709217850900526));
#5483=DIRECTION('',(0.00709217850900526,0.,-0.999974850185742));
#5484=DIRECTION('',(-0.00709217848038931,0.,0.999974850185945));
#5485=DIRECTION('',(-1.30693299736235E-12,1.,2.55495453046452E-13));
#5486=DIRECTION('',(-1.,-1.30693299736235E-12,0.));
#5487=DIRECTION('',(-1.30693299736235E-12,1.,2.55495453046452E-13));
#5488=DIRECTION('',(-1.,-1.30693299736235E-12,0.));
#5489=DIRECTION('',(1.65343308461236E-13,1.,3.21255978598975E-13));
#5490=DIRECTION('',(0.,-3.21255978598975E-13,1.));
#5491=DIRECTION('',(1.65343308461236E-13,1.,3.21255978598975E-13));
#5492=DIRECTION('',(0.,-3.21255978598975E-13,1.));
#5493=DIRECTION('',(2.56813499090991E-11,1.,1.28527066427101E-10));
#5494=DIRECTION('',(0.,-1.28527066427101E-10,1.));
#5495=DIRECTION('',(2.56813499090991E-11,1.,1.28527066427101E-10));
#5496=DIRECTION('',(0.,-1.28527066427101E-10,1.));
#5497=DIRECTION('',(-5.26099858513921E-12,1.,6.07423996586117E-11));
#5498=DIRECTION('',(0.,-6.07423996586117E-11,1.));
#5499=DIRECTION('',(-5.26099858513921E-12,1.,6.07423996586117E-11));
#5500=DIRECTION('',(0.,-6.07423996586117E-11,1.));
#5501=DIRECTION('',(1.90011827755262E-12,1.,1.83376300123836E-14));
#5502=DIRECTION('',(-1.,1.90011827755262E-12,0.));
#5503=DIRECTION('',(1.90011827755262E-12,1.,1.83376300123836E-14));
#5504=DIRECTION('',(-1.,1.90011827755262E-12,0.));
#5505=DIRECTION('',(-2.46954084070501E-13,1.,-3.67192542833938E-16));
#5506=DIRECTION('',(-1.,-2.46954084070501E-13,0.));
#5507=DIRECTION('',(-2.46954084070501E-13,1.,-3.67192542833938E-16));
#5508=DIRECTION('',(-1.,-2.46954084070501E-13,0.));
#5509=DIRECTION('',(0.999974850185742,0.,0.00709217850900526));
#5510=DIRECTION('',(0.00709217850900526,0.,-0.999974850185742));
#5511=DIRECTION('',(-0.00709217851059583,0.,0.99997485018573));
#5512=DIRECTION('',(1.56590539534102E-13,1.,4.58014804549821E-14));
#5513=DIRECTION('',(-1.,1.56590539534102E-13,0.));
#5514=DIRECTION('',(1.56590539534102E-13,1.,4.58014804549821E-14));
#5515=DIRECTION('',(-1.,1.56590539534102E-13,0.));
#5516=DIRECTION('',(7.13397717160652E-11,1.,-1.55042101719769E-10));
#5517=DIRECTION('',(0.,1.55042101719769E-10,1.));
#5518=DIRECTION('',(7.13397717160652E-11,1.,-1.55042101719769E-10));
#5519=DIRECTION('',(0.,1.55042101719769E-10,1.));
#5520=DIRECTION('',(1.50346209190796E-11,1.,1.28663845903734E-10));
#5521=DIRECTION('',(0.,-1.28663845903734E-10,1.));
#5522=DIRECTION('',(1.50346209190796E-11,1.,1.28663845903734E-10));
#5523=DIRECTION('',(0.,-1.28663845903734E-10,1.));
#5524=DIRECTION('',(4.91077873237196E-11,1.,2.08910036950933E-11));
#5525=DIRECTION('',(-1.,4.91077873237196E-11,0.));
#5526=DIRECTION('',(4.91077873237196E-11,1.,2.08910036950933E-11));
#5527=DIRECTION('',(-1.,4.91077873237196E-11,0.));
#5528=DIRECTION('',(0.,1.,0.));
#5529=DIRECTION('',(0.,0.,1.));
#5530=DIRECTION('',(0.999974850185742,0.,0.00709217850900526));
#5531=DIRECTION('',(0.00709217850900526,0.,-0.999974850185742));
#5532=DIRECTION('',(0.,1.,0.));
#5533=DIRECTION('',(-0.00709217850493795,0.,0.999974850185771));
#5534=DIRECTION('',(0.,1.,0.));
#5535=DIRECTION('',(0.00709217850900526,0.,-0.999974850185742));
#5536=DIRECTION('',(-0.999974850185742,0.,-0.00709217850900526));
#5537=DIRECTION('',(0.,1.,0.));
#5538=DIRECTION('',(0.99997485018578,0.,0.00709217850355899));
#5539=DIRECTION('',(0.999974850185742,0.,0.00709217850900526));
#5540=DIRECTION('',(0.00709217850900526,0.,-0.999974850185742));
#5541=DIRECTION('',(0.,1.,0.));
#5542=DIRECTION('',(-0.00709217851395549,0.,0.999974850185707));
#5543=DIRECTION('',(-0.00709217850900526,0.,0.999974850185742));
#5544=DIRECTION('',(0.999974850185742,0.,0.00709217850900526));
#5545=DIRECTION('',(0.,1.,0.));
#5546=DIRECTION('',(-0.999974850185738,0.,-0.00709217850948526));
#5547=DIRECTION('',(0.999974850185742,0.,0.00709217850900526));
#5548=DIRECTION('',(0.00709217850900526,0.,-0.999974850185742));
#5549=DIRECTION('',(0.,1.,0.));
#5550=DIRECTION('',(-0.00709217851023128,0.,0.999974850185733));
#5551=DIRECTION('',(0.00709217850900526,0.,-0.999974850185742));
#5552=DIRECTION('',(-0.999974850185742,0.,-0.00709217850900526));
#5553=DIRECTION('',(0.,1.,0.));
#5554=DIRECTION('',(0.999974850185738,0.,0.00709217850947331));
#5555=DIRECTION('',(0.999974850185742,0.,0.00709217850900526));
#5556=DIRECTION('',(0.00709217850900526,0.,-0.999974850185742));
#5557=DIRECTION('',(0.,1.,0.));
#5558=DIRECTION('',(-0.00709217849876736,0.,0.999974850185814));
#5559=DIRECTION('',(-0.00709217850900526,0.,0.999974850185742));
#5560=DIRECTION('',(0.999974850185742,0.,0.00709217850900526));
#5561=DIRECTION('',(0.,1.,0.));
#5562=DIRECTION('',(-0.999974850185789,0.,-0.00709217850234097));
#5563=DIRECTION('',(0.999974850185742,0.,0.00709217850900526));
#5564=DIRECTION('',(0.00709217850900526,0.,-0.999974850185742));
#5565=DIRECTION('',(0.,1.,0.));
#5566=DIRECTION('',(-0.00709217851576736,0.,0.999974850185694));
#5567=DIRECTION('',(0.00709217850900526,0.,-0.999974850185742));
#5568=DIRECTION('',(-0.999974850185742,0.,-0.00709217850900526));
#5569=DIRECTION('',(0.,1.,0.));
#5570=DIRECTION('',(0.999974850185703,0.,0.00709217851450584));
#5571=DIRECTION('',(-0.999974850185742,0.,-0.00709217850900526));
#5572=DIRECTION('',(-0.00709217850900526,0.,0.999974850185742));
#5573=DIRECTION('',(0.,1.,0.));
#5574=DIRECTION('',(0.00709217851272921,0.,-0.999974850185715));
#5575=DIRECTION('',(-0.00709217850900526,0.,0.999974850185742));
#5576=DIRECTION('',(0.999974850185742,0.,0.00709217850900526));
#5577=DIRECTION('',(-0.999974850185765,0.,-0.00709217850572557));
#5578=DIRECTION('',(0.,-1.,0.));
#5579=DIRECTION('',(0.,0.,-1.));
#5580=DIRECTION('',(0.,1.,0.));
#5581=DIRECTION('',(0.,0.,1.));
#5582=DIRECTION('',(-0.999974850185828,0.,-0.00709217849687134));
#5583=DIRECTION('',(0.999974850185763,0.,0.00709217850600037));
#5584=DIRECTION('',(0.00709217851272971,0.,-0.999974850185715));
#5585=DIRECTION('',(-0.00709217850900526,0.,0.999974850185742));
#5586=DIRECTION('',(-0.999974850185742,0.,-0.00709217850900526));
#5587=DIRECTION('',(-1.61974877656147E-10,1.,-2.30100495759462E-11));
#5588=DIRECTION('',(-1.,-1.61974877656147E-10,0.));
#5589=DIRECTION('',(-2.03291623506933E-11,1.,7.3687600125741E-11));
#5590=DIRECTION('',(0.,-7.3687600125741E-11,1.));
#5591=DIRECTION('',(7.82179059990739E-11,1.,-8.18861781601259E-12));
#5592=DIRECTION('',(-1.,7.82179059990739E-11,0.));
#5593=DIRECTION('',(0.999974850185742,0.,0.00709217850900526));
#5594=DIRECTION('',(-0.00709217850900526,0.,0.999974850185742));
#5595=DIRECTION('',(0.999974850185742,0.,0.00709217850900526));
#5596=DIRECTION('',(0.,1.,0.));
#5597=DIRECTION('',(0.,1.,0.));
#5598=DIRECTION('',(0.,-1.,0.));
#5599=DIRECTION('',(0.,-1.,0.));
#5600=DIRECTION('',(0.,-1.,0.));
#5601=DIRECTION('',(0.,1.,0.));
#5602=DIRECTION('',(0.00709217850900526,0.,-0.999974850185742));
#5603=DIRECTION('',(-0.999974850185742,0.,-0.00709217850900526));
#5604=DIRECTION('',(0.,1.,0.));
#5605=DIRECTION('',(-0.999974850185742,0.,-0.00709217850900526));
#5606=DIRECTION('',(-0.00709217850900526,0.,0.999974850185742));
#5607=DIRECTION('',(0.00709217850900526,0.,-0.999974850185742));
#5608=DIRECTION('',(-0.999974850185742,0.,-0.00709217850900526));
#5609=DIRECTION('',(0.999974850185628,0.,0.00709217852497087));
#5610=DIRECTION('',(0.,1.,0.));
#5611=DIRECTION('',(-0.999974850185742,0.,-0.00709217850900526));
#5612=DIRECTION('',(-0.00709217850900526,0.,0.999974850185742));
#5613=DIRECTION('',(0.00709217851342737,0.,-0.99997485018571));
#5614=DIRECTION('',(0.,1.,0.));
#5615=DIRECTION('',(-0.00709217850900526,0.,0.999974850185742));
#5616=DIRECTION('',(0.999974850185742,0.,0.00709217850900526));
#5617=DIRECTION('',(-0.999974850185852,0.,-0.00709217849345851));
#5618=DIRECTION('',(7.82179059990739E-11,1.,-8.18861781601259E-12));
#5619=DIRECTION('',(-1.,7.82179059990739E-11,0.));
#5620=DIRECTION('',(7.82179059990739E-11,1.,-8.18861781601259E-12));
#5621=DIRECTION('',(-1.,7.82179059990739E-11,0.));
#5622=DIRECTION('',(-2.03291623506933E-11,1.,7.3687600125741E-11));
#5623=DIRECTION('',(0.,-7.3687600125741E-11,1.));
#5624=DIRECTION('',(-2.03291623506933E-11,1.,7.3687600125741E-11));
#5625=DIRECTION('',(0.,-7.3687600125741E-11,1.));
#5626=DIRECTION('',(-1.61974877656147E-10,1.,-2.30100495759462E-11));
#5627=DIRECTION('',(-1.,-1.61974877656147E-10,0.));
#5628=DIRECTION('',(-1.61974877656147E-10,1.,-2.30100495759462E-11));
#5629=DIRECTION('',(-1.,-1.61974877656147E-10,0.));
#5630=DIRECTION('',(0.,-1.,0.));
#5631=DIRECTION('',(0.,0.,-1.));
#5632=DIRECTION('',(0.,-1.,0.));
#5633=DIRECTION('',(0.,0.,-1.));
#5634=DIRECTION('',(0.349299057799514,0.,0.937011295673842));
#5635=DIRECTION('',(0.999974850185544,0.,0.00709217853681909));
#5636=DIRECTION('',(0.362554487496957,0.,-0.931962576285024));
#5637=DIRECTION('',(-0.999974850185761,0.,-0.00709217850624487));
#5638=DIRECTION('',(-0.338211162478104,0.,0.941070246886602));
#5639=DIRECTION('',(-0.999974850185707,0.,-0.0070921785139233));
#5640=DIRECTION('',(-0.342741495832602,0.,-0.939429756306681));
#5641=DIRECTION('',(-0.999974850185763,0.,-0.00709217850600035));
#5642=DIRECTION('',(0.999974850185742,0.,0.00709217850900526));
#5643=DIRECTION('',(-0.345199932452357,0.,0.938529171967972));
#5644=DIRECTION('',(-0.999974850185742,0.,-0.00709217850900526));
#5645=DIRECTION('',(-0.334929697692339,0.,-0.942243120220954));
#5646=DIRECTION('',(0.937011295673253,0.,-0.349299057801094));
#5647=DIRECTION('',(-0.349299057801094,0.,-0.937011295673253));
#5648=DIRECTION('',(0.,1.,0.));
#5649=DIRECTION('',(0.,1.,0.));
#5650=DIRECTION('',(0.00709217850900526,0.,-0.999974850185742));
#5651=DIRECTION('',(-0.999974850185742,0.,-0.00709217850900526));
#5652=DIRECTION('',(0.,1.,0.));
#5653=DIRECTION('',(-0.931962576284875,0.,-0.36255448749734));
#5654=DIRECTION('',(-0.36255448749734,0.,0.931962576284875));
#5655=DIRECTION('',(0.,1.,0.));
#5656=DIRECTION('',(-0.00709217850900526,0.,0.999974850185742));
#5657=DIRECTION('',(0.999974850185742,0.,0.00709217850900526));
#5658=DIRECTION('',(0.,1.,0.));
#5659=DIRECTION('',(0.941070246886248,0.,0.338211162479089));
#5660=DIRECTION('',(0.338211162479089,0.,-0.941070246886248));
#5661=DIRECTION('',(0.,1.,0.));
#5662=DIRECTION('',(-0.00709217850900526,0.,0.999974850185742));
#5663=DIRECTION('',(0.999974850185742,0.,0.00709217850900526));
#5664=DIRECTION('',(0.,1.,0.));
#5665=DIRECTION('',(-0.939429756309723,0.,0.342741495824264));
#5666=DIRECTION('',(0.342741495824264,0.,0.939429756309723));
#5667=DIRECTION('',(0.,1.,0.));
#5668=DIRECTION('',(-0.00709217850900526,0.,0.999974850185742));
#5669=DIRECTION('',(0.999974850185742,0.,0.00709217850900526));
#5670=DIRECTION('',(-0.00709217850900526,0.,0.999974850185742));
#5671=DIRECTION('',(0.999974850185742,0.,0.00709217850900526));
#5672=DIRECTION('',(-0.999974850185674,0.,-0.0070921785185399));
#5673=DIRECTION('',(0.,1.,0.));
#5674=DIRECTION('',(0.,1.,0.));
#5675=DIRECTION('',(0.942243120220954,0.,-0.334929697692339));
#5676=DIRECTION('',(-0.334929697692339,0.,-0.942243120220954));
#5677=DIRECTION('',(0.334929697687677,0.,0.942243120222611));
#5678=DIRECTION('',(0.,1.,0.));
#5679=DIRECTION('',(0.,1.,0.));
#5680=DIRECTION('',(0.00709217850900526,0.,-0.999974850185742));
#5681=DIRECTION('',(-0.999974850185742,0.,-0.00709217850900526));
#5682=DIRECTION('',(1.,0.,0.));
#5683=DIRECTION('',(0.,1.,0.));
#5684=DIRECTION('',(0.,1.,0.));
#5685=DIRECTION('',(-0.938529171967972,0.,-0.345199932452357));
#5686=DIRECTION('',(-0.345199932452357,0.,0.938529171967972));
#5687=DIRECTION('',(0.345199932448834,0.,-0.938529171969268));
#5688=DIRECTION('',(0.,-1.,0.));
#5689=DIRECTION('',(0.,0.,-1.));
#5690=DIRECTION('',(0.999974850185742,0.,0.00709217850900526));
#5691=DIRECTION('',(0.00709217850900526,0.,-0.999974850185742));
#5692=DIRECTION('',(0.,1.,0.));
#5693=DIRECTION('',(-0.00709217850493795,0.,0.999974850185771));
#5694=DIRECTION('',(0.,1.,0.));
#5695=DIRECTION('',(0.00709217850900526,0.,-0.999974850185742));
#5696=DIRECTION('',(-0.999974850185742,0.,-0.00709217850900526));
#5697=DIRECTION('',(0.,1.,0.));
#5698=DIRECTION('',(0.999974850185696,0.,0.00709217851550344));
#5699=DIRECTION('',(0.999974850185742,0.,0.00709217850900526));
#5700=DIRECTION('',(0.00709217850900526,0.,-0.999974850185742));
#5701=DIRECTION('',(0.,1.,0.));
#5702=DIRECTION('',(-0.00709217851405964,0.,0.999974850185706));
#5703=DIRECTION('',(-0.00709217850900526,0.,0.999974850185742));
#5704=DIRECTION('',(0.999974850185742,0.,0.00709217850900526));
#5705=DIRECTION('',(0.,1.,0.));
#5706=DIRECTION('',(-0.999974850185739,0.,-0.0070921785093758));
#5707=DIRECTION('',(0.999974850185742,0.,0.00709217850900526));
#5708=DIRECTION('',(0.00709217850900526,0.,-0.999974850185742));
#5709=DIRECTION('',(0.,1.,0.));
#5710=DIRECTION('',(-0.0070921785102243,0.,0.999974850185733));
#5711=DIRECTION('',(0.00709217850900526,0.,-0.999974850185742));
#5712=DIRECTION('',(-0.999974850185742,0.,-0.00709217850900526));
#5713=DIRECTION('',(0.,1.,0.));
#5714=DIRECTION('',(0.999974850185739,0.,0.00709217850936387));
#5715=DIRECTION('',(0.999974850185742,0.,0.00709217850900526));
#5716=DIRECTION('',(0.00709217850900526,0.,-0.999974850185742));
#5717=DIRECTION('',(0.,1.,0.));
#5718=DIRECTION('',(-0.00709217851402177,0.,0.999974850185706));
#5719=DIRECTION('',(-0.00709217850900526,0.,0.999974850185742));
#5720=DIRECTION('',(0.999974850185742,0.,0.00709217850900526));
#5721=DIRECTION('',(0.,1.,0.));
#5722=DIRECTION('',(-0.999974850185699,0.,-0.00709217851507978));
#5723=DIRECTION('',(0.999974850185742,0.,0.00709217850900526));
#5724=DIRECTION('',(0.00709217850900526,0.,-0.999974850185742));
#5725=DIRECTION('',(0.,1.,0.));
#5726=DIRECTION('',(-0.00709217851576994,0.,0.999974850185694));
#5727=DIRECTION('',(0.00709217850900526,0.,-0.999974850185742));
#5728=DIRECTION('',(-0.999974850185742,0.,-0.00709217850900526));
#5729=DIRECTION('',(0.,1.,0.));
#5730=DIRECTION('',(0.999974850185703,0.,0.00709217851444642));
#5731=DIRECTION('',(-0.999974850185742,0.,-0.00709217850900526));
#5732=DIRECTION('',(-0.00709217850900526,0.,0.999974850185742));
#5733=DIRECTION('',(0.,1.,0.));
#5734=DIRECTION('',(0.00709217850781304,0.,-0.99997485018575));
#5735=DIRECTION('',(-0.00709217850900526,0.,0.999974850185742));
#5736=DIRECTION('',(0.999974850185742,0.,0.00709217850900526));
#5737=DIRECTION('',(-0.999974850185765,0.,-0.00709217850571764));
#5738=DIRECTION('',(0.,-1.,0.));
#5739=DIRECTION('',(0.,0.,-1.));
#5740=DIRECTION('',(0.,1.,0.));
#5741=DIRECTION('',(0.,0.,1.));
#5742=DIRECTION('',(-1.95940475970293E-13,1.,6.9671695939415E-14));
#5743=DIRECTION('',(-1.,-1.95940475970293E-13,0.));
#5744=DIRECTION('',(0.00709217849990722,0.,-0.999974850185806));
#5745=DIRECTION('',(-1.12403204206999E-13,1.,4.5193043435613E-14));
#5746=DIRECTION('',(-1.,-1.12403204206999E-13,0.));
#5747=DIRECTION('',(0.991287678229819,0.,-0.131714611906711));
#5748=DIRECTION('',(3.32763066230351E-14,1.,1.36434967348979E-13));
#5749=DIRECTION('',(0.,-1.36434967348979E-13,1.));
#5750=DIRECTION('',(-5.41284480479694E-13,1.,-4.44901978862924E-14));
#5751=DIRECTION('',(-1.,-5.41284480479694E-13,0.));
#5752=DIRECTION('',(0.,1.,0.));
#5753=DIRECTION('',(0.,0.,1.));
#5754=DIRECTION('',(1.,0.,0.));
#5755=DIRECTION('',(0.00709217851045058,0.,-0.999974850185731));
#5756=DIRECTION('',(-0.999974850185836,0.,-0.0070921784957221));
#5757=DIRECTION('',(-0.00709217851438584,0.,0.999974850185703));
#5758=DIRECTION('',(-3.45222536481978E-14,1.,2.54923447265572E-13));
#5759=DIRECTION('',(0.,-2.54923447265572E-13,1.));
#5760=DIRECTION('',(1.08270942240221E-12,1.,-1.86461158911837E-13));
#5761=DIRECTION('',(-1.,1.08270942240221E-12,0.));
#5762=DIRECTION('',(-0.99198921691233,0.,0.126322577276042));
#5763=DIRECTION('',(0.00709217850900526,0.,-0.999974850185742));
#5764=DIRECTION('',(-1.57359314469608E-15,1.,8.00356376980216E-14));
#5765=DIRECTION('',(0.,-8.00356376980216E-14,1.));
#5766=DIRECTION('',(-8.83755436192582E-14,1.,7.71915394239668E-14));
#5767=DIRECTION('',(-1.,-8.83755436192582E-14,0.));
#5768=DIRECTION('',(9.98705124832404E-14,1.,6.67075368160648E-14));
#5769=DIRECTION('',(-1.,9.98705124832404E-14,0.));
#5770=DIRECTION('',(-2.1283967386858E-14,1.,-5.07486346028219E-14));
#5771=DIRECTION('',(0.,5.07486346028219E-14,1.));
#5772=DIRECTION('',(-1.95940475970293E-13,1.,6.9671695939415E-14));
#5773=DIRECTION('',(-1.,-1.95940475970293E-13,0.));
#5774=DIRECTION('',(-0.999974850185742,0.,-0.00709217850900526));
#5775=DIRECTION('',(-0.00709217850900526,0.,0.999974850185742));
#5776=DIRECTION('',(-1.12403204206999E-13,1.,4.5193043435613E-14));
#5777=DIRECTION('',(-1.,-1.12403204206999E-13,0.));
#5778=DIRECTION('',(0.,1.,0.));
#5779=DIRECTION('',(-0.131714611911032,0.,-0.991287678229244));
#5780=DIRECTION('',(-0.991287678229244,0.,0.131714611911032));
#5781=DIRECTION('',(0.,1.,0.));
#5782=DIRECTION('',(3.32763066230351E-14,1.,1.36434967348979E-13));
#5783=DIRECTION('',(0.,-1.36434967348979E-13,1.));
#5784=DIRECTION('',(-5.41284480479694E-13,1.,-4.44901978862924E-14));
#5785=DIRECTION('',(-1.,-5.41284480479694E-13,0.));
#5786=DIRECTION('',(0.,1.,0.));
#5787=DIRECTION('',(0.,0.,1.));
#5788=DIRECTION('',(0.,1.,0.));
#5789=DIRECTION('',(-0.00709217851000521,0.,0.999974850185735));
#5790=DIRECTION('',(0.999974850185735,0.,0.00709217851000521));
#5791=DIRECTION('',(0.,1.,0.));
#5792=DIRECTION('',(-0.999974850185742,0.,-0.00709217850900526));
#5793=DIRECTION('',(-0.00709217850900526,0.,0.999974850185742));
#5794=DIRECTION('',(0.,1.,0.));
#5795=DIRECTION('',(-0.00709217850900526,0.,0.999974850185742));
#5796=DIRECTION('',(0.999974850185742,0.,0.00709217850900526));
#5797=DIRECTION('',(0.,1.,0.));
#5798=DIRECTION('',(0.999974850185742,0.,0.00709217850900526));
#5799=DIRECTION('',(0.00709217850900526,0.,-0.999974850185742));
#5800=DIRECTION('',(0.,1.,0.));
#5801=DIRECTION('',(1.08270942240221E-12,1.,-1.86461158911837E-13));
#5802=DIRECTION('',(-1.,1.08270942240221E-12,0.));
#5803=DIRECTION('',(1.08270942240221E-12,1.,-1.86461158911837E-13));
#5804=DIRECTION('',(-1.,1.08270942240221E-12,0.));
#5805=DIRECTION('',(-3.45222536481978E-14,1.,2.54923447265572E-13));
#5806=DIRECTION('',(0.,-2.54923447265572E-13,1.));
#5807=DIRECTION('',(-3.45222536481978E-14,1.,2.54923447265572E-13));
#5808=DIRECTION('',(0.,-2.54923447265572E-13,1.));
#5809=DIRECTION('',(-2.1283967386858E-14,1.,-5.07486346028219E-14));
#5810=DIRECTION('',(0.,5.07486346028219E-14,1.));
#5811=DIRECTION('',(-2.1283967386858E-14,1.,-5.07486346028219E-14));
#5812=DIRECTION('',(0.,5.07486346028219E-14,1.));
#5813=DIRECTION('',(9.98705124832404E-14,1.,6.67075368160648E-14));
#5814=DIRECTION('',(-1.,9.98705124832404E-14,0.));
#5815=DIRECTION('',(9.98705124832404E-14,1.,6.67075368160648E-14));
#5816=DIRECTION('',(-1.,9.98705124832404E-14,0.));
#5817=DIRECTION('',(-8.83755436192582E-14,1.,7.71915394239668E-14));
#5818=DIRECTION('',(-8.83755436192582E-14,1.,7.71915394239668E-14));
#5819=DIRECTION('',(-1.,-8.83755436192582E-14,0.));
#5820=DIRECTION('',(-8.83755436192582E-14,1.,7.71915394239668E-14));
#5821=DIRECTION('',(-1.,-8.83755436192582E-14,0.));
#5822=DIRECTION('',(-1.57359314469608E-15,1.,8.00356376980216E-14));
#5823=DIRECTION('',(0.,-8.00356376980216E-14,1.));
#5824=DIRECTION('',(-1.57359314469608E-15,1.,8.00356376980216E-14));
#5825=DIRECTION('',(0.,-8.00356376980216E-14,1.));
#5826=DIRECTION('',(0.999974850185742,0.,0.00709217850900526));
#5827=DIRECTION('',(0.00709217850900526,0.,-0.999974850185742));
#5828=DIRECTION('',(-0.00709217849152634,0.,0.999974850185866));
#5829=DIRECTION('',(0.,1.,0.));
#5830=DIRECTION('',(-0.126322577276042,0.,-0.99198921691233));
#5831=DIRECTION('',(-0.99198921691233,0.,0.126322577276042));
#5832=DIRECTION('',(0.991989216909335,0.,-0.126322577299561));
#5833=DIRECTION('',(0.,-1.,0.));
#5834=DIRECTION('',(0.,0.,-1.));
#5835=DIRECTION('',(2.86137046620734E-13,1.,1.69890684338574E-13));
#5836=DIRECTION('',(-1.,2.86137046620734E-13,0.));
#5837=DIRECTION('',(2.86137046620734E-13,1.,1.69890684338574E-13));
#5838=DIRECTION('',(-1.,2.86137046620734E-13,0.));
#5839=DIRECTION('',(-0.999974850185742,0.,-0.00709217850900526));
#5840=DIRECTION('',(-0.00709217850900526,0.,0.999974850185742));
#5841=DIRECTION('',(0.0070921785342948,0.,-0.999974850185562));
#5842=DIRECTION('',(1.90426653066039E-13,1.,1.96154348610355E-14));
#5843=DIRECTION('',(-1.,1.90426653066039E-13,0.));
#5844=DIRECTION('',(1.90426653066039E-13,1.,1.96154348610355E-14));
#5845=DIRECTION('',(-1.,1.90426653066039E-13,0.));
#5846=DIRECTION('',(1.06068241806653E-13,1.,1.15534349398985E-14));
#5847=DIRECTION('',(-1.,1.06068241806653E-13,0.));
#5848=DIRECTION('',(1.06068241806653E-13,1.,1.15534349398985E-14));
#5849=DIRECTION('',(-1.,1.06068241806653E-13,0.));
#5850=DIRECTION('',(-1.1051032005612E-14,1.,-1.75773494831673E-14));
#5851=DIRECTION('',(0.,1.75773494831673E-14,1.));
#5852=DIRECTION('',(-5.22112095444072E-15,1.,8.2417763783242E-14));
#5853=DIRECTION('',(-1.1051032005612E-14,1.,-1.75773494831673E-14));
#5854=DIRECTION('',(0.,1.75773494831673E-14,1.));
#5855=DIRECTION('',(-5.22112095444072E-15,1.,8.2417763783242E-14));
#5856=DIRECTION('',(0.,-8.2417763783242E-14,1.));
#5857=DIRECTION('',(-5.22112095444072E-15,1.,8.2417763783242E-14));
#5858=DIRECTION('',(0.,-8.2417763783242E-14,1.));
#5859=DIRECTION('',(1.69750226848006E-14,1.,6.9070519839292E-15));
#5860=DIRECTION('',(-1.,1.69750226848006E-14,0.));
#5861=DIRECTION('',(1.69750226848006E-14,1.,6.9070519839292E-15));
#5862=DIRECTION('',(-1.,1.69750226848006E-14,0.));
#5863=DIRECTION('',(2.39967423882618E-14,1.,1.56309964873522E-14));
#5864=DIRECTION('',(-1.,2.39967423882618E-14,0.));
#5865=DIRECTION('',(2.39967423882618E-14,1.,1.56309964873522E-14));
#5866=DIRECTION('',(-1.,2.39967423882618E-14,0.));
#5867=DIRECTION('',(7.54041128217057E-15,1.,5.41918254325026E-15));
#5868=DIRECTION('',(-1.,7.54041128217057E-15,0.));
#5869=DIRECTION('',(7.54041128217057E-15,1.,5.41918254325026E-15));
#5870=DIRECTION('',(-1.,7.54041128217057E-15,0.));
#5871=DIRECTION('',(-1.33192489564234E-14,1.,5.4944597341493E-14));
#5872=DIRECTION('',(0.,-5.4944597341493E-14,1.));
#5873=DIRECTION('',(-1.33192489564234E-14,1.,5.4944597341493E-14));
#5874=DIRECTION('',(0.,-5.4944597341493E-14,1.));
#5875=DIRECTION('',(2.01369489675548E-13,1.,-2.93751109451848E-14));
#5876=DIRECTION('',(-1.,2.01369489675548E-13,0.));
#5877=DIRECTION('',(2.01369489675548E-13,1.,-2.93751109451848E-14));
#5878=DIRECTION('',(-1.,2.01369489675548E-13,0.));
#5879=DIRECTION('',(-1.10928105597198E-13,1.,-3.87582259368702E-14));
#5880=DIRECTION('',(-1.,-1.10928105597198E-13,0.));
#5881=DIRECTION('',(-1.10928105597198E-13,1.,-3.87582259368702E-14));
#5882=DIRECTION('',(-1.,-1.10928105597198E-13,0.));
#5883=DIRECTION('',(0.999974850185742,0.,0.00709217850900526));
#5884=DIRECTION('',(0.00709217850900526,0.,-0.999974850185742));
#5885=DIRECTION('',(-0.00709217850019164,0.,0.999974850185804));
#5886=DIRECTION('',(-7.71338797719551E-13,1.,-1.33047602765693E-13));
#5887=DIRECTION('',(-1.,-7.71338797719551E-13,0.));
#5888=DIRECTION('',(-7.71338797719551E-13,1.,-1.33047602765693E-13));
#5889=DIRECTION('',(-1.,-7.71338797719551E-13,0.));
#5890=DIRECTION('',(5.8332820991888E-13,1.,-6.74185478467411E-14));
#5891=DIRECTION('',(-1.,5.8332820991888E-13,0.));
#5892=DIRECTION('',(5.8332820991888E-13,1.,-6.74185478467411E-14));
#5893=DIRECTION('',(-1.,5.8332820991888E-13,0.));
#5894=DIRECTION('',(3.62857172504985E-14,1.,8.71410650556226E-14));
#5895=DIRECTION('',(0.,-8.71410650556226E-14,1.));
#5896=DIRECTION('',(3.62857172504985E-14,1.,8.71410650556226E-14));
#5897=DIRECTION('',(0.,-8.71410650556226E-14,1.));
#5898=DIRECTION('',(-2.9749784879287E-14,1.,3.45164936883901E-14));
#5899=DIRECTION('',(0.,-3.45164936883901E-14,1.));
#5900=DIRECTION('',(-2.9749784879287E-14,1.,3.45164936883901E-14));
#5901=DIRECTION('',(0.,-3.45164936883901E-14,1.));
#5902=DIRECTION('',(-1.29430254591419E-12,1.,-6.48656796400969E-13));
#5903=DIRECTION('',(-1.,-1.29430254591419E-12,0.));
#5904=DIRECTION('',(-1.29430254591419E-12,1.,-6.48656796400969E-13));
#5905=DIRECTION('',(-1.,-1.29430254591419E-12,0.));
#5906=DIRECTION('',(-2.11553179912867E-13,1.,-1.18104591289123E-13));
#5907=DIRECTION('',(-1.,-2.11553179912867E-13,0.));
#5908=DIRECTION('',(-2.11553179912867E-13,1.,-1.18104591289123E-13));
#5909=DIRECTION('',(-1.,-2.11553179912867E-13,0.));
#5910=DIRECTION('',(3.02049617723983E-14,1.,6.9155452056695E-14));
#5911=DIRECTION('',(0.,-6.9155452056695E-14,1.));
#5912=DIRECTION('',(0.,-1.,0.));
#5913=DIRECTION('',(3.02049617723983E-14,1.,6.9155452056695E-14));
#5914=DIRECTION('',(0.,-6.9155452056695E-14,1.));
#5915=DIRECTION('',(0.,-1.,0.));
#5916=DIRECTION('',(0.,0.,-1.));
#5917=DIRECTION('',(0.00709217850900526,0.,-0.999974850185742));
#5918=DIRECTION('',(-0.999974850185742,0.,-0.00709217850900526));
#5919=DIRECTION('',(0.,1.,0.));
#5920=DIRECTION('',(0.999974850185797,0.,0.00709217850122446));
#5921=DIRECTION('',(0.,1.,0.));
#5922=DIRECTION('',(-0.93765161736482,0.,-0.347576530354304));
#5923=DIRECTION('',(-0.347576530354304,0.,0.93765161736482));
#5924=DIRECTION('',(0.347576530357694,0.,-0.937651617363564));
#5925=DIRECTION('',(-0.964818240208694,0.,-0.262917788216393));
#5926=DIRECTION('',(-0.262917788216393,0.,0.964818240208694));
#5927=DIRECTION('',(0.,-1.,0.));
#5928=DIRECTION('',(0.262917788216393,0.,-0.964818240208694));
#5929=DIRECTION('',(0.00709217850900526,0.,-0.999974850185742));
#5930=DIRECTION('',(-0.999974850185742,0.,-0.00709217850900526));
#5931=DIRECTION('',(0.,1.,0.));
#5932=DIRECTION('',(1.,0.,0.));
#5933=DIRECTION('',(0.969383158146398,0.,-0.245553034398101));
#5934=DIRECTION('',(-0.245553034398101,0.,-0.969383158146398));
#5935=DIRECTION('',(0.,1.,0.));
#5936=DIRECTION('',(0.245553034423347,0.,0.969383158140003));
#5937=DIRECTION('',(0.946862394598644,0.,-0.321638936845218));
#5938=DIRECTION('',(-0.321638936845218,0.,-0.946862394598644));
#5939=DIRECTION('',(0.,1.,0.));
#5940=DIRECTION('',(0.321638936845139,0.,0.946862394598671));
#5941=DIRECTION('',(0.00709217850900526,0.,-0.999974850185742));
#5942=DIRECTION('',(-0.999974850185742,0.,-0.00709217850900526));
#5943=DIRECTION('',(0.,1.,0.));
#5944=DIRECTION('',(0.999974850185919,0.,0.00709217848392902));
#5945=DIRECTION('',(-0.933241653231941,0.,0.359249240323363));
#5946=DIRECTION('',(0.359249240323363,0.,0.933241653231941));
#5947=DIRECTION('',(0.,1.,0.));
#5948=DIRECTION('',(-0.359249240328553,0.,-0.933241653229943));
#5949=DIRECTION('',(-0.91812980692914,0.,-0.39627977191406));
#5950=DIRECTION('',(-0.39627977191406,0.,0.91812980692914));
#5951=DIRECTION('',(0.,1.,0.));
#5952=DIRECTION('',(0.396279771925067,0.,-0.91812980692439));
#5953=DIRECTION('',(-4.73859335995201E-15,1.,7.87114109738639E-15));
#5954=DIRECTION('',(0.,-7.87114109738639E-15,1.));
#5955=DIRECTION('',(-4.73859335995201E-15,1.,7.87114109738639E-15));
#5956=DIRECTION('',(0.,-7.87114109738639E-15,1.));
#5957=DIRECTION('',(-0.999974850185742,0.,-0.00709217850900526));
#5958=DIRECTION('',(-0.00709217850900526,0.,0.999974850185742));
#5959=DIRECTION('',(0.00709217847683542,0.,-0.99997485018597));
#5960=DIRECTION('',(3.7559434280091E-15,1.,1.0927357430063E-13));
#5961=DIRECTION('',(0.,-1.0927357430063E-13,1.));
#5962=DIRECTION('',(3.7559434280091E-15,1.,1.0927357430063E-13));
#5963=DIRECTION('',(0.,-1.0927357430063E-13,1.));
#5964=DIRECTION('',(0.,1.,0.));
#5965=DIRECTION('',(0.927675946274471,0.,0.373386312957189));
#5966=DIRECTION('',(0.373386312957189,0.,-0.927675946274471));
#5967=DIRECTION('',(-0.373386312957021,0.,0.927675946274539));
#5968=DIRECTION('',(0.,1.,0.));
#5969=DIRECTION('',(0.,0.,1.));
#5970=DIRECTION('',(0.999974850185742,0.,0.00709217850900526));
#5971=DIRECTION('',(0.00709217850900526,0.,-0.999974850185742));
#5972=DIRECTION('',(0.,1.,0.));
#5973=DIRECTION('',(-0.00709217850493768,0.,0.999974850185771));
#5974=DIRECTION('',(0.,1.,0.));
#5975=DIRECTION('',(0.00709217850900526,0.,-0.999974850185742));
#5976=DIRECTION('',(-0.999974850185742,0.,-0.00709217850900526));
#5977=DIRECTION('',(0.,1.,0.));
#5978=DIRECTION('',(0.999974850185695,0.,0.00709217851558876));
#5979=DIRECTION('',(0.999974850185742,0.,0.00709217850900526));
#5980=DIRECTION('',(0.00709217850900526,0.,-0.999974850185742));
#5981=DIRECTION('',(0.,1.,0.));
#5982=DIRECTION('',(-0.00709217851395558,0.,0.999974850185706));
#5983=DIRECTION('',(-0.00709217850900526,0.,0.999974850185742));
#5984=DIRECTION('',(0.999974850185742,0.,0.00709217850900526));
#5985=DIRECTION('',(0.,1.,0.));
#5986=DIRECTION('',(-0.999974850185738,0.,-0.00709217850957083));
#5987=DIRECTION('',(0.999974850185742,0.,0.00709217850900526));
#5988=DIRECTION('',(0.00709217850900526,0.,-0.999974850185742));
#5989=DIRECTION('',(0.,1.,0.));
#5990=DIRECTION('',(-0.00709217851053168,0.,0.999974850185731));
#5991=DIRECTION('',(0.00709217850900526,0.,-0.999974850185742));
#5992=DIRECTION('',(-0.999974850185742,0.,-0.00709217850900526));
#5993=DIRECTION('',(0.,1.,0.));
#5994=DIRECTION('',(0.999974850185737,0.,0.00709217850958274));
#5995=DIRECTION('',(0.999974850185742,0.,0.00709217850900526));
#5996=DIRECTION('',(0.00709217850900526,0.,-0.999974850185742));
#5997=DIRECTION('',(0.,1.,0.));
#5998=DIRECTION('',(-0.00709217849866015,0.,0.999974850185815));
#5999=DIRECTION('',(-0.00709217850900526,0.,0.999974850185742));
#6000=DIRECTION('',(0.999974850185742,0.,0.00709217850900526));
#6001=DIRECTION('',(0.,1.,0.));
#6002=DIRECTION('',(-0.999974850185699,0.,-0.00709217851507978));
#6003=DIRECTION('',(0.999974850185742,0.,0.00709217850900526));
#6004=DIRECTION('',(0.00709217850900526,0.,-0.999974850185742));
#6005=DIRECTION('',(0.,1.,0.));
#6006=DIRECTION('',(-0.00709217851546857,0.,0.999974850185696));
#6007=DIRECTION('',(0.00709217850900526,0.,-0.999974850185742));
#6008=DIRECTION('',(-0.999974850185742,0.,-0.00709217850900526));
#6009=DIRECTION('',(0.,1.,0.));
#6010=DIRECTION('',(0.999974850185771,0.,0.00709217850489194));
#6011=DIRECTION('',(-0.999974850185742,0.,-0.00709217850900526));
#6012=DIRECTION('',(-0.00709217850900526,0.,0.999974850185742));
#6013=DIRECTION('',(0.,1.,0.));
#6014=DIRECTION('',(0.00709217850784805,0.,-0.99997485018575));
#6015=DIRECTION('',(-0.00709217850900526,0.,0.999974850185742));
#6016=DIRECTION('',(0.999974850185742,0.,0.00709217850900526));
#6017=DIRECTION('',(-0.9999748501857,0.,-0.00709217851486003));
#6018=DIRECTION('',(0.,-1.,0.));
#6019=DIRECTION('',(0.,0.,-1.));
#6020=DIRECTION('',(0.,1.,0.));
#6021=DIRECTION('',(0.,0.,1.));
#6022=DIRECTION('',(-0.999974850185701,0.,-0.0070921785147638));
#6023=DIRECTION('',(0.999974850185762,0.,0.00709217850612261));
#6024=DIRECTION('',(0.00709217851276459,0.,-0.999974850185715));
#6025=DIRECTION('',(-0.00709217850900526,0.,0.999974850185742));
#6026=DIRECTION('',(-0.999974850185742,0.,-0.00709217850900526));
#6027=DIRECTION('',(-2.47487402157209E-11,1.,-3.01949495453502E-12));
#6028=DIRECTION('',(-1.,-2.47487402157209E-11,0.));
#6029=DIRECTION('',(-1.69258605897865E-11,1.,1.52291834358412E-10));
#6030=DIRECTION('',(0.,-1.52291834358412E-10,1.));
#6031=DIRECTION('',(8.1137111635341E-11,1.,-1.59049761453498E-11));
#6032=DIRECTION('',(-1.,8.1137111635341E-11,0.));
#6033=DIRECTION('',(0.999974850185742,0.,0.00709217850900526));
#6034=DIRECTION('',(-0.00709217850900526,0.,0.999974850185742));
#6035=DIRECTION('',(0.999974850185742,0.,0.00709217850900526));
#6036=DIRECTION('',(0.,1.,0.));
#6037=DIRECTION('',(0.,1.,0.));
#6038=DIRECTION('',(0.,-1.,0.));
#6039=DIRECTION('',(0.,-1.,0.));
#6040=DIRECTION('',(0.,-1.,0.));
#6041=DIRECTION('',(0.,1.,0.));
#6042=DIRECTION('',(0.00709217850900526,0.,-0.999974850185742));
#6043=DIRECTION('',(-0.999974850185742,0.,-0.00709217850900526));
#6044=DIRECTION('',(0.,1.,0.));
#6045=DIRECTION('',(-0.999974850185742,0.,-0.00709217850900526));
#6046=DIRECTION('',(-0.00709217850900526,0.,0.999974850185742));
#6047=DIRECTION('',(0.00709217850900526,0.,-0.999974850185742));
#6048=DIRECTION('',(-0.999974850185742,0.,-0.00709217850900526));
#6049=DIRECTION('',(0.999974850185861,0.,0.00709217849222084));
#6050=DIRECTION('',(0.,1.,0.));
#6051=DIRECTION('',(-0.999974850185742,0.,-0.00709217850900526));
#6052=DIRECTION('',(-0.00709217850900526,0.,0.999974850185742));
#6053=DIRECTION('',(0.00709217851347533,0.,-0.99997485018571));
#6054=DIRECTION('',(0.,1.,0.));
#6055=DIRECTION('',(-0.00709217850900526,0.,0.999974850185742));
#6056=DIRECTION('',(0.999974850185742,0.,0.00709217850900526));
#6057=DIRECTION('',(-0.999974850185852,0.,-0.00709217849345851));
#6058=DIRECTION('',(8.1137111635341E-11,1.,-1.59049761453498E-11));
#6059=DIRECTION('',(-1.,8.1137111635341E-11,0.));
#6060=DIRECTION('',(8.1137111635341E-11,1.,-1.59049761453498E-11));
#6061=DIRECTION('',(-1.,8.1137111635341E-11,0.));
#6062=DIRECTION('',(-1.69258605897865E-11,1.,1.52291834358412E-10));
#6063=DIRECTION('',(0.,-1.52291834358412E-10,1.));
#6064=DIRECTION('',(-1.69258605897865E-11,1.,1.52291834358412E-10));
#6065=DIRECTION('',(0.,-1.52291834358412E-10,1.));
#6066=DIRECTION('',(-2.47487402157209E-11,1.,-3.01949495453502E-12));
#6067=DIRECTION('',(-1.,-2.47487402157209E-11,0.));
#6068=DIRECTION('',(-2.47487402157209E-11,1.,-3.01949495453502E-12));
#6069=DIRECTION('',(-1.,-2.47487402157209E-11,0.));
#6070=DIRECTION('',(0.,-1.,0.));
#6071=DIRECTION('',(0.,0.,-1.));
#6072=DIRECTION('',(0.,-1.,0.));
#6073=DIRECTION('',(0.,0.,-1.));
#6074=DIRECTION('',(0.349299057795477,0.,0.937011295675347));
#6075=DIRECTION('',(0.999974850185799,0.,0.0070921785008832));
#6076=DIRECTION('',(0.362554487502501,0.,-0.931962576282867));
#6077=DIRECTION('',(-0.999974850185519,0.,-0.00709217854044289));
#6078=DIRECTION('',(-0.338211162483499,0.,0.941070246884663));
#6079=DIRECTION('',(-0.999974850185707,0.,-0.00709217851392332));
#6080=DIRECTION('',(-0.342741495858308,0.,-0.939429756297303));
#6081=DIRECTION('',(-0.999974850185761,0.,-0.00709217850624485));
#6082=DIRECTION('',(0.999974850185742,0.,0.00709217850900526));
#6083=DIRECTION('',(-0.345199932434234,0.,0.938529171974638));
#6084=DIRECTION('',(-0.999974850185742,0.,-0.00709217850900526));
#6085=DIRECTION('',(-0.334929697701276,0.,-0.942243120217777));
#6086=DIRECTION('',(0.937011295675461,0.,-0.349299057795172));
#6087=DIRECTION('',(-0.349299057795172,0.,-0.937011295675461));
#6088=DIRECTION('',(0.,1.,0.));
#6089=DIRECTION('',(0.,1.,0.));
#6090=DIRECTION('',(0.00709217850900526,0.,-0.999974850185742));
#6091=DIRECTION('',(-0.999974850185742,0.,-0.00709217850900526));
#6092=DIRECTION('',(0.,1.,0.));
#6093=DIRECTION('',(-0.931962576282584,0.,-0.362554487503227));
#6094=DIRECTION('',(-0.362554487503227,0.,0.931962576282584));
#6095=DIRECTION('',(0.,1.,0.));
#6096=DIRECTION('',(-0.00709217850900526,0.,0.999974850185742));
#6097=DIRECTION('',(0.999974850185742,0.,0.00709217850900526));
#6098=DIRECTION('',(0.,1.,0.));
#6099=DIRECTION('',(0.941070246883677,0.,0.338211162486243));
#6100=DIRECTION('',(0.338211162486243,0.,-0.941070246883677));
#6101=DIRECTION('',(0.,1.,0.));
#6102=DIRECTION('',(-0.00709217850900526,0.,0.999974850185742));
#6103=DIRECTION('',(0.999974850185742,0.,0.00709217850900526));
#6104=DIRECTION('',(0.,1.,0.));
#6105=DIRECTION('',(-0.939429756299211,0.,0.342741495853077));
#6106=DIRECTION('',(0.342741495853077,0.,0.939429756299211));
#6107=DIRECTION('',(0.,1.,0.));
#6108=DIRECTION('',(-0.00709217850900526,0.,0.999974850185742));
#6109=DIRECTION('',(0.999974850185742,0.,0.00709217850900526));
#6110=DIRECTION('',(-0.00709217850900526,0.,0.999974850185742));
#6111=DIRECTION('',(0.999974850185742,0.,0.00709217850900526));
#6112=DIRECTION('',(-0.999974850185778,0.,-0.0070921785039025));
#6113=DIRECTION('',(0.,1.,0.));
#6114=DIRECTION('',(0.,1.,0.));
#6115=DIRECTION('',(0.942243120217777,0.,-0.334929697701276));
#6116=DIRECTION('',(-0.334929697701276,0.,-0.942243120217777));
#6117=DIRECTION('',(0.334929697707417,0.,0.942243120215594));
#6118=DIRECTION('',(0.,1.,0.));
#6119=DIRECTION('',(0.,1.,0.));
#6120=DIRECTION('',(0.00709217850900526,0.,-0.999974850185742));
#6121=DIRECTION('',(-0.999974850185742,0.,-0.00709217850900526));
#6122=DIRECTION('',(1.,0.,0.));
#6123=DIRECTION('',(0.,1.,0.));
#6124=DIRECTION('',(0.,1.,0.));
#6125=DIRECTION('',(-0.938529171974638,0.,-0.345199932434234));
#6126=DIRECTION('',(-0.345199932434234,0.,0.938529171974638));
#6127=DIRECTION('',(0.345199932435426,0.,-0.9385291719742));
#6128=DIRECTION('',(0.,-1.,0.));
#6129=DIRECTION('',(0.,0.,-1.));
#6130=DIRECTION('',(0.,-1.,0.));
#6131=DIRECTION('',(0.,0.,-1.));
#6132=DIRECTION('',(-1.94642850035203E-12,1.,-2.2687103408339E-12));
#6133=DIRECTION('',(0.,2.2687103408339E-12,1.));
#6134=DIRECTION('',(-1.85840666320004E-9,1.,-1.20830720068245E-9));
#6135=DIRECTION('',(-1.,-1.85840666320004E-9,0.));
#6136=DIRECTION('',(-9.06756083462593E-12,1.,6.63688813657431E-12));
#6137=DIRECTION('',(-1.,-9.06756083462593E-12,0.));
#6138=DIRECTION('',(-1.48658689673413E-12,1.,1.78755864957151E-12));
#6139=DIRECTION('',(0.,-1.78755864957151E-12,1.));
#6140=DIRECTION('',(-2.26851746382104E-13,1.,1.62785084972627E-14));
#6141=DIRECTION('',(-1.,-2.26851746382104E-13,0.));
#6142=DIRECTION('',(-4.48022772108473E-13,1.,7.82524380580037E-14));
#6143=DIRECTION('',(-1.,-4.48022772108473E-13,0.));
#6144=DIRECTION('',(4.27872095971391E-14,1.,-5.07499262237962E-14));
#6145=DIRECTION('',(0.,5.07499262237962E-14,1.));
#6146=DIRECTION('',(-2.25467786799581E-15,1.,3.05196907997396E-14));
#6147=DIRECTION('',(0.,-3.05196907997396E-14,1.));
#6148=DIRECTION('',(1.01427722371925E-13,1.,-2.52135050364433E-14));
#6149=DIRECTION('',(-1.,1.01427722371925E-13,0.));
#6150=DIRECTION('',(0.,-1.,0.));
#6151=DIRECTION('',(-0.970081691732446,0.,-0.242778729227904));
#6152=DIRECTION('',(7.11530209417777E-13,1.,-7.29002709221157E-13));
#6153=DIRECTION('',(0.,7.29002709221157E-13,1.));
#6154=DIRECTION('',(-0.00709217848432404,0.,0.999974850185917));
#6155=DIRECTION('',(-0.887386942261333,0.,0.461025394858115));
#6156=DIRECTION('',(0.498748469264595,0.,0.866746770635013));
#6157=DIRECTION('',(0.889610358059103,0.,-0.456720276355182));
#6158=DIRECTION('',(-5.31413829835594E-13,1.,-6.98444706263746E-14));
#6159=DIRECTION('',(-1.,-5.31413829835594E-13,0.));
#6160=DIRECTION('',(-2.71535319156386E-12,1.,2.55045144926469E-12));
#6161=DIRECTION('',(-1.,-2.71535319156386E-12,0.));
#6162=DIRECTION('',(2.07138679528539E-10,1.,4.01560218070277E-10));
#6163=DIRECTION('',(0.,-4.01560218070277E-10,1.));
#6164=DIRECTION('',(2.42260044191522E-13,1.,-2.36048856501868E-13));
#6165=DIRECTION('',(-1.,2.42260044191522E-13,0.));
#6166=DIRECTION('',(2.21240214759659E-13,1.,6.4280064622853E-14));
#6167=DIRECTION('',(-1.,2.21240214759659E-13,0.));
#6168=DIRECTION('',(9.87068882227184E-13,1.,3.85613642469704E-12));
#6169=DIRECTION('',(0.,-3.85613642469704E-12,1.));
#6170=DIRECTION('',(-8.67365707633825E-13,1.,-2.58797957952799E-12));
#6171=DIRECTION('',(0.,2.58797957952799E-12,1.));
#6172=DIRECTION('',(-0.999974850185644,0.,-0.00709217852279536));
#6173=DIRECTION('',(-7.25388761455645E-14,1.,-1.66309182062763E-13));
#6174=DIRECTION('',(0.,1.66309182062763E-13,1.));
#6175=DIRECTION('',(-1.64451632909892E-11,1.,1.38322073688029E-11));
#6176=DIRECTION('',(-1.,-1.64451632909892E-11,0.));
#6177=DIRECTION('',(0.999974850185643,0.,0.00709217852289439));
#6178=DIRECTION('',(0.,0.99999999995898,-9.05758689739717E-6));
#6179=DIRECTION('',(0.,9.05758689739717E-6,0.99999999995898));
#6180=DIRECTION('',(1.29146032599693E-14,1.,-9.00424887691599E-15));
#6181=DIRECTION('',(-1.,1.29146032599693E-14,0.));
#6182=DIRECTION('',(-4.66076881966432E-14,1.,-1.07435420803374E-13));
#6183=DIRECTION('',(0.,1.07435420803374E-13,1.));
#6184=DIRECTION('',(-0.999974850185681,0.,-0.007092178517538));
#6185=DIRECTION('',(-1.24768786005538E-14,1.,1.78492050062467E-14));
#6186=DIRECTION('',(0.,-1.78492050062467E-14,1.));
#6187=DIRECTION('',(-1.39759993920654E-14,1.,2.38583526519886E-14));
#6188=DIRECTION('',(0.,-2.38583526519886E-14,1.));
#6189=DIRECTION('',(-4.62167152768715E-14,1.,1.38663454303622E-14));
#6190=DIRECTION('',(-1.,-4.62167152768715E-14,0.));
#6191=DIRECTION('',(7.81792758816019E-14,1.,2.09798136933558E-15));
#6192=DIRECTION('',(-1.,7.81792758816019E-14,0.));
#6193=DIRECTION('',(-1.94642850035203E-12,1.,-2.2687103408339E-12));
#6194=DIRECTION('',(0.,2.2687103408339E-12,1.));
#6195=DIRECTION('',(-1.85840666320004E-9,1.,-1.20830720068245E-9));
#6196=DIRECTION('',(-1.,-1.85840666320004E-9,0.));
#6197=DIRECTION('',(-9.06756083462593E-12,1.,6.63688813657431E-12));
#6198=DIRECTION('',(-1.,-9.06756083462593E-12,0.));
#6199=DIRECTION('',(-1.48658689673413E-12,1.,1.78755864957151E-12));
#6200=DIRECTION('',(0.,-1.78755864957151E-12,1.));
#6201=DIRECTION('',(-2.26851746382104E-13,1.,1.62785084972627E-14));
#6202=DIRECTION('',(-2.26851746382104E-13,1.,1.62785084972627E-14));
#6203=DIRECTION('',(-1.,-2.26851746382104E-13,0.));
#6204=DIRECTION('',(-4.48022772108473E-13,1.,7.82524380580037E-14));
#6205=DIRECTION('',(-1.,-4.48022772108473E-13,0.));
#6206=DIRECTION('',(4.27872095971391E-14,1.,-5.07499262237962E-14));
#6207=DIRECTION('',(0.,5.07499262237962E-14,1.));
#6208=DIRECTION('',(-2.25467786799581E-15,1.,3.05196907997396E-14));
#6209=DIRECTION('',(0.,-3.05196907997396E-14,1.));
#6210=DIRECTION('',(1.01427722371925E-13,1.,-2.52135050364433E-14));
#6211=DIRECTION('',(-1.,1.01427722371925E-13,0.));
#6212=DIRECTION('',(-0.191310104498033,0.980361207073729,-0.0478784667872076));
#6213=DIRECTION('',(-0.981486806964682,-0.191529756837608,0.));
#6214=DIRECTION('',(7.11530209417777E-13,1.,-7.29002709221157E-13));
#6215=DIRECTION('',(0.,7.29002709221157E-13,1.));
#6216=DIRECTION('',(0.999974850185742,0.,0.00709217850900526));
#6217=DIRECTION('',(0.00709217850900526,0.,-0.999974850185742));
#6218=DIRECTION('',(0.,1.,0.));
#6219=DIRECTION('',(0.461025394855389,0.,0.88738694226275));
#6220=DIRECTION('',(0.88738694226275,0.,-0.461025394855389));
#6221=DIRECTION('',(0.,1.,0.));
#6222=DIRECTION('',(0.866746770637494,0.,-0.498748469260284));
#6223=DIRECTION('',(-0.498748469260284,0.,-0.866746770637494));
#6224=DIRECTION('',(0.,1.,0.));
#6225=DIRECTION('',(-0.456720276353091,0.,-0.889610358060177));
#6226=DIRECTION('',(-0.889610358060177,0.,0.456720276353091));
#6227=DIRECTION('',(-5.31413829835594E-13,1.,-6.98444706263746E-14));
#6228=DIRECTION('',(-1.,-5.31413829835594E-13,0.));
#6229=DIRECTION('',(-2.71535319156386E-12,1.,2.55045144926469E-12));
#6230=DIRECTION('',(-1.,-2.71535319156386E-12,0.));
#6231=DIRECTION('',(2.07138679528539E-10,1.,4.01560218070277E-10));
#6232=DIRECTION('',(0.,-4.01560218070277E-10,1.));
#6233=DIRECTION('',(2.42260044191522E-13,1.,-2.36048856501868E-13));
#6234=DIRECTION('',(-1.,2.42260044191522E-13,0.));
#6235=DIRECTION('',(2.21240214759659E-13,1.,6.4280064622853E-14));
#6236=DIRECTION('',(-1.,2.21240214759659E-13,0.));
#6237=DIRECTION('',(2.21240214759659E-13,1.,6.4280064622853E-14));
#6238=DIRECTION('',(9.87068882227184E-13,1.,3.85613642469704E-12));
#6239=DIRECTION('',(0.,-3.85613642469704E-12,1.));
#6240=DIRECTION('',(-8.67365707633825E-13,1.,-2.58797957952799E-12));
#6241=DIRECTION('',(0.,2.58797957952799E-12,1.));
#6242=DIRECTION('',(-0.00709217850900526,0.,0.999974850185742));
#6243=DIRECTION('',(0.999974850185742,0.,0.00709217850900526));
#6244=DIRECTION('',(-7.25388761455645E-14,1.,-1.66309182062763E-13));
#6245=DIRECTION('',(0.,1.66309182062763E-13,1.));
#6246=DIRECTION('',(-1.64451632909892E-11,1.,1.38322073688029E-11));
#6247=DIRECTION('',(-1.,-1.64451632909892E-11,0.));
#6248=DIRECTION('',(0.00709217850900526,0.,-0.999974850185742));
#6249=DIRECTION('',(-0.999974850185742,0.,-0.00709217850900526));
#6250=DIRECTION('',(1.,0.,0.));
#6251=DIRECTION('',(0.,0.,-1.));
#6252=DIRECTION('',(1.29146032599693E-14,1.,-9.00424887691599E-15));
#6253=DIRECTION('',(-1.,1.29146032599693E-14,0.));
#6254=DIRECTION('',(-4.66076881966432E-14,1.,-1.07435420803374E-13));
#6255=DIRECTION('',(0.,1.07435420803374E-13,1.));
#6256=DIRECTION('',(-0.00709217850900526,0.,0.999974850185742));
#6257=DIRECTION('',(0.999974850185742,0.,0.00709217850900526));
#6258=DIRECTION('',(-1.24768786005538E-14,1.,1.78492050062467E-14));
#6259=DIRECTION('',(0.,-1.78492050062467E-14,1.));
#6260=DIRECTION('',(-1.39759993920654E-14,1.,2.38583526519886E-14));
#6261=DIRECTION('',(0.,-2.38583526519886E-14,1.));
#6262=DIRECTION('',(-4.62167152768715E-14,1.,1.38663454303622E-14));
#6263=DIRECTION('',(-1.,-4.62167152768715E-14,0.));
#6264=DIRECTION('',(-4.62167152768715E-14,1.,1.38663454303622E-14));
#6265=DIRECTION('',(-1.,-4.62167152768715E-14,0.));
#6266=DIRECTION('',(7.81792758816019E-14,1.,2.09798136933558E-15));
#6267=DIRECTION('',(-1.,7.81792758816019E-14,0.));
#6268=DIRECTION('',(7.81792758816019E-14,1.,2.09798136933558E-15));
#6269=DIRECTION('',(-1.,7.81792758816019E-14,0.));
#6270=DIRECTION('',(0.,-1.,0.));
#6271=DIRECTION('',(0.,0.,-1.));
#6272=DIRECTION('',(0.,0.,1.));
#6273=DIRECTION('',(1.,0.,0.));
#6274=CARTESIAN_POINT('',(0.,0.,0.));
#6275=CARTESIAN_POINT('',(-0.0025,-7.65404249467E-19,-0.004));
#6276=CARTESIAN_POINT('',(-0.0025,-7.65404249467E-19,-0.004));
#6277=CARTESIAN_POINT('',(-0.0021000000000005,-7.65404249467E-19,-0.004));
#6278=CARTESIAN_POINT('',(-0.002899999999999,-7.16418377501228E-19,-0.004));
#6279=CARTESIAN_POINT('',(-0.002899999999999,-7.16418377501228E-19,-0.004));
#6280=CARTESIAN_POINT('',(-0.00289999999999949,5.92071133695621E-14,0.000121835877951499));
#6281=CARTESIAN_POINT('',(-0.002899999999999,-1.60459679719913E-18,0.0001218360029));
#6282=CARTESIAN_POINT('',(-0.002899999999999,0.000100952591017155,0.0001218360029));
#6283=CARTESIAN_POINT('',(-0.00282263655294886,0.000275518179902256,2.26764206334641E-5));
#6284=CARTESIAN_POINT('',(-0.00256417374864089,0.000446017360904687,-0.000236830962134348));
#6285=CARTESIAN_POINT('',(-0.00227399440754496,0.000382910073486741,-0.000412184273261493));
#6286=CARTESIAN_POINT('',(-0.00216666723520909,0.000221109176462771,-0.000464462163333655));
#6287=CARTESIAN_POINT('',(-0.00216666723519728,0.00022110917643481,-0.000464462163221945));
#6288=CARTESIAN_POINT('',(-0.00216666666666728,0.000221108319356148,-0.000464462440264));
#6289=CARTESIAN_POINT('',(-0.0021240240046603,0.000156822087565499,-0.000485233192834003));
#6290=CARTESIAN_POINT('',(-0.002100000000001,8.00213241097993E-5,-0.000499999999999001));
#6291=CARTESIAN_POINT('',(-0.002100000000001,-7.65404249467E-19,-0.0005));
#6292=CARTESIAN_POINT('',(-0.00210000000000026,8.26226327481642E-14,-0.000500000124911141));
#6293=CARTESIAN_POINT('',(-0.002100000000001,-7.65404249467E-19,-0.004));
#6294=CARTESIAN_POINT('',(0.0025,7.65404249467E-19,-0.004));
#6295=CARTESIAN_POINT('',(0.0025,7.65404249467E-19,-0.004));
#6296=CARTESIAN_POINT('',(0.0029,7.65404249467E-19,-0.004));
#6297=CARTESIAN_POINT('',(0.0021,8.14390121432894E-19,-0.004));
#6298=CARTESIAN_POINT('',(0.0021,8.14390121432894E-19,-0.004));
#6299=CARTESIAN_POINT('',(0.00209999999999952,-8.26227647580362E-14,-0.000500000124906226));
#6300=CARTESIAN_POINT('',(0.0021,-7.37882982672312E-20,-0.0005));
#6301=CARTESIAN_POINT('',(0.0021,7.99810284438095E-5,-0.0005));
#6302=CARTESIAN_POINT('',(0.00212405340049322,0.00015686640345286,-0.000485218874459998));
#6303=CARTESIAN_POINT('',(0.00216666666666645,0.000221108319356702,-0.000464462440263));
#6304=CARTESIAN_POINT('',(0.00216666666653766,0.000221108319163157,-0.000464462440209195));
#6305=CARTESIAN_POINT('',(0.00216666666666645,0.000221108319356702,-0.000464462440263));
#6306=CARTESIAN_POINT('',(0.00227394936943823,0.000382843079170328,-0.00041220626371413));
#6307=CARTESIAN_POINT('',(0.00256401701957424,0.000445875131122444,-0.000236914759623228));
#6308=CARTESIAN_POINT('',(0.00282236098678967,0.000275947912086753,2.23555618845901E-5));
#6309=CARTESIAN_POINT('',(0.0029,0.000100887092212904,0.0001218360029));
#6310=CARTESIAN_POINT('',(0.0029,7.65404249467E-19,0.0001218360029));
#6311=CARTESIAN_POINT('',(0.0029,-5.92071133695667E-14,0.000121835877951499));
#6312=CARTESIAN_POINT('',(0.0029,7.65404249467E-19,-0.004));
#6313=CARTESIAN_POINT('',(-0.003749999999999,0.003,0.01));
#6314=CARTESIAN_POINT('',(-0.000710398778087,0.003,0.004149752482643));
#6315=CARTESIAN_POINT('',(-0.000736807964956958,0.003,0.00414956517926479));
#6316=CARTESIAN_POINT('',(-0.00071039877808658,0.003,0.00414975248264308));
#6317=CARTESIAN_POINT('',(-0.000736807964957,0.003,0.004149565179265));
#6318=CARTESIAN_POINT('',(-0.000669703207835985,0.003,0.003982843832227));
#6319=CARTESIAN_POINT('',(-0.000669703207836,0.003,0.003982843832227));
#6320=CARTESIAN_POINT('',(-0.000657214623358,0.003,0.003951946840537));
#6321=CARTESIAN_POINT('',(-0.000639845201215,0.003,0.003936577248084));
#6322=CARTESIAN_POINT('',(-0.000617542954822,0.003,0.003936735423574));
#6323=CARTESIAN_POINT('',(-0.000617542954825977,0.0030005,0.00393673542357397));
#6324=CARTESIAN_POINT('',(-0.000616823515648365,0.003,0.00399521309945114));
#6325=CARTESIAN_POINT('',(-0.000601130031717332,0.0030005,0.00393893154009181));
#6326=CARTESIAN_POINT('',(-0.000601129941208,0.003,0.003938931398658));
#6327=CARTESIAN_POINT('',(-0.000601290826894007,0.0030005,0.00396159732550065));
#6328=CARTESIAN_POINT('',(-0.00061639947820221,0.003,0.0039975428463404));
#6329=CARTESIAN_POINT('',(-0.000615722321590741,0.0030005,0.00395858380155599));
#6330=CARTESIAN_POINT('',(-0.000615722321589,0.003,0.003958583801556));
#6331=CARTESIAN_POINT('',(-0.000627367317375,0.003,0.00395850121109));
#6332=CARTESIAN_POINT('',(-0.000636097009593,0.003,0.003965197893431));
#6333=CARTESIAN_POINT('',(-0.000641964859661,0.003,0.003978881426224));
#6334=CARTESIAN_POINT('',(-0.000641964878924477,0.003,0.00397888147085503));
#6335=CARTESIAN_POINT('',(-0.000641964859661,0.003,0.003978881426224));
#6336=CARTESIAN_POINT('',(-0.000653329279530754,0.003,0.0040052113409973));
#6337=CARTESIAN_POINT('',(-0.000653329279531,0.003,0.004005211340997));
#6338=CARTESIAN_POINT('',(-0.00059737993505687,0.003,0.00415055405261215));
#6339=CARTESIAN_POINT('',(-0.000597379935056,0.003,0.004150554052612));
#6340=CARTESIAN_POINT('',(-0.000625868585461119,0.003,0.00415035200093629));
#6341=CARTESIAN_POINT('',(-0.000625868585461,0.003,0.004150352000937));
#6342=CARTESIAN_POINT('',(-0.00066304450932299,0.003,0.00404091100901406));
#6343=CARTESIAN_POINT('',(-0.000663044509323,0.003,0.004040911009014));
#6344=CARTESIAN_POINT('',(-0.000666078901912678,0.003,0.00402893197125196));
#6345=CARTESIAN_POINT('',(-0.000666078901913,0.003,0.004028931971252));
#6346=CARTESIAN_POINT('',(-0.000666605825576966,0.003,0.00402892823412132));
#6347=CARTESIAN_POINT('',(-0.00066795972953525,0.003,0.00403389659797112));
#6348=CARTESIAN_POINT('',(-0.000669884395244818,0.003,0.00404067306591272));
#6349=CARTESIAN_POINT('',(-0.000669957250742,0.003,0.004040654024572));
#6350=CARTESIAN_POINT('',(-0.000396151049578398,0.003,0.00406319017328206));
#6351=CARTESIAN_POINT('',(-0.000399022711270016,0.0030005,0.00415528818184697));
#6352=CARTESIAN_POINT('',(-0.000348915832517195,0.0030005,0.0041421262419288));
#6353=CARTESIAN_POINT('',(-0.000399022711266,0.003,0.004155288181847));
#6354=CARTESIAN_POINT('',(-0.000434009685211,0.003,0.004155040041742));
#6355=CARTESIAN_POINT('',(-0.000451399380461,0.003,0.004136616508243));
#6356=CARTESIAN_POINT('',(-0.000451138335595,0.003,0.004099810003705));
#6357=CARTESIAN_POINT('',(-0.000451138335250247,0.003,0.00409980995509588));
#6358=CARTESIAN_POINT('',(-0.000451138335595,0.003,0.004099810003705));
#6359=CARTESIAN_POINT('',(-0.000450475399622503,0.003,0.004006338117889));
#6360=CARTESIAN_POINT('',(-0.000450475399622,0.003,0.004006338117889));
#6361=CARTESIAN_POINT('',(-0.000425001971341003,0.003,0.00400651878453334));
#6362=CARTESIAN_POINT('',(-0.000425001971341,0.003,0.004006518784533));
#6363=CARTESIAN_POINT('',(-0.000425161252953967,0.003,0.004028976990691));
#6364=CARTESIAN_POINT('',(-0.000425161252954,0.003,0.004028976990691));
#6365=CARTESIAN_POINT('',(-0.000424191462285911,0.003,0.00402898380631195));
#6366=CARTESIAN_POINT('',(-0.000382287105251494,0.003,0.00405079459812531));
#6367=CARTESIAN_POINT('',(-0.00037979817102179,0.003,0.00400358879636627));
#6368=CARTESIAN_POINT('',(-0.000377410498989613,0.003,0.00405158132849107));
#6369=CARTESIAN_POINT('',(-0.000346311160689572,0.00300000024559106,0.00401498994349231));
#6370=CARTESIAN_POINT('',(-0.000373811982795973,0.003,0.0040436236549419));
#6371=CARTESIAN_POINT('',(-0.000334041301985025,0.003,0.00404605183416054));
#6372=CARTESIAN_POINT('',(-0.000334041301985,0.003,0.004046051834157));
#6373=CARTESIAN_POINT('',(-0.000334233767266999,0.003,0.004073188833264));
#6374=CARTESIAN_POINT('',(-0.000350409710122,0.003,0.004088878825518));
#6375=CARTESIAN_POINT('',(-0.000382569130549,0.003,0.004093121810919));
#6376=CARTESIAN_POINT('',(-0.000382569178735926,0.003,0.00409312181732171));
#6377=CARTESIAN_POINT('',(-0.000382569130549,0.003,0.004093121810919));
#6378=CARTESIAN_POINT('',(-0.000425656795749988,0.003,0.0040988469654071));
#6379=CARTESIAN_POINT('',(-0.00042565679575,0.003,0.004098846965407));
#6380=CARTESIAN_POINT('',(-0.000425824926341,0.003,0.004122552849685));
#6381=CARTESIAN_POINT('',(-0.000416083526442999,0.003,0.00413447547753));
#6382=CARTESIAN_POINT('',(-0.000396484582641999,0.003,0.004134614480234));
#6383=CARTESIAN_POINT('',(-0.000396484582642546,0.0030005,0.00413461448023399));
#6384=CARTESIAN_POINT('',(-0.000396299502407011,0.003,0.00406088258277127));
#6385=CARTESIAN_POINT('',(-0.000348740359387467,0.0030005,0.0041173810307649));
#6386=CARTESIAN_POINT('',(-0.000348740244618,0.003,0.00411738074939));
#6387=CARTESIAN_POINT('',(-0.000309548242412,0.003,0.004030524808269));
#6388=CARTESIAN_POINT('',(-0.000309383798894906,0.003,0.004007338789874));
#6389=CARTESIAN_POINT('',(-0.000309548242412004,0.003,0.00403052480826954));
#6390=CARTESIAN_POINT('',(-0.000309383798895,0.003,0.004007338789874));
#6391=CARTESIAN_POINT('',(-0.000200004017049003,0.003,0.00400811455032236));
#6392=CARTESIAN_POINT('',(-0.000200004017049,0.003,0.004008114550322));
#6393=CARTESIAN_POINT('',(-0.000201446400544243,0.003,0.004211486083869));
#6394=CARTESIAN_POINT('',(-0.000201446400544,0.003,0.004211486083869));
#6395=CARTESIAN_POINT('',(-0.000306199376029004,0.003,0.00421074313838257));
#6396=CARTESIAN_POINT('',(-0.000306199376029,0.003,0.004210743138382));
#6397=CARTESIAN_POINT('',(-0.000306033457682158,0.003,0.004187349173634));
#6398=CARTESIAN_POINT('',(-0.000306033457682,0.003,0.004187349173634));
#6399=CARTESIAN_POINT('',(-0.000227533709303996,0.003,0.00418790592186453));
#6400=CARTESIAN_POINT('',(-0.000227533709304,0.003,0.004187905921865));
#6401=CARTESIAN_POINT('',(-0.000227072087592326,0.003,0.00412281871327499));
#6402=CARTESIAN_POINT('',(-0.000227072087592,0.003,0.004122818713275));
#6403=CARTESIAN_POINT('',(-0.000299801324666,0.003,0.00412230289157003));
#6404=CARTESIAN_POINT('',(-0.000299801324666,0.003,0.00412230289157));
#6405=CARTESIAN_POINT('',(-0.000299636143734029,0.003,0.004099012899998));
#6406=CARTESIAN_POINT('',(-0.000299636143734,0.003,0.004099012899998));
#6407=CARTESIAN_POINT('',(-0.00022690690666,0.003,0.00409952872170297));
#6408=CARTESIAN_POINT('',(-0.00022690690666,0.003,0.004099528721703));
#6409=CARTESIAN_POINT('',(-0.000226421687672346,0.003,0.00403111437146199));
#6410=CARTESIAN_POINT('',(-0.000226421687672,0.003,0.004031114371462));
#6411=CARTESIAN_POINT('',(-0.000470186849087,0.003,0.004337265564089));
#6412=CARTESIAN_POINT('',(-0.000455158668116999,0.003,0.004329469790404));
#6413=CARTESIAN_POINT('',(-0.000436363487963999,0.003,0.004325651913077));
#6414=CARTESIAN_POINT('',(-0.000413801308629,0.003,0.004325811932104));
#6415=CARTESIAN_POINT('',(-0.00041380130862735,0.003,0.00432581193210402));
#6416=CARTESIAN_POINT('',(-0.00047018684908664,0.003,0.00433726556408901));
#6417=CARTESIAN_POINT('',(-0.00040979140470696,0.0030000000000019,0.00441733488485014));
#6418=CARTESIAN_POINT('',(-0.000344101526793217,0.00300050043735519,0.00435399825814761));
#6419=CARTESIAN_POINT('',(-0.000421793261287659,0.00300000000000235,0.00442156423804749));
#6420=CARTESIAN_POINT('',(-0.000318627359156203,0.0030005,0.004427758415574));
#6421=CARTESIAN_POINT('',(-0.000426669214267973,0.00299999999999411,0.0044324931417101));
#6422=CARTESIAN_POINT('',(-0.000348331678556565,0.00300000024732266,0.00450656595815129));
#6423=CARTESIAN_POINT('',(-0.000348485166372,0.003,0.00450657373466));
#6424=CARTESIAN_POINT('',(-0.000368225693828,0.003,0.004526397581875));
#6425=CARTESIAN_POINT('',(-0.000393198061466999,0.003,0.004536202395972));
#6426=CARTESIAN_POINT('',(-0.000423402269286,0.003,0.004535988176951));
#6427=CARTESIAN_POINT('',(-0.000423402269283309,0.0030005,0.00453598817695102));
#6428=CARTESIAN_POINT('',(-0.000426833443988869,0.003,0.00441296155396585));
#6429=CARTESIAN_POINT('',(-0.00047153475572962,0.0030005,0.00452732839830739));
#6430=CARTESIAN_POINT('',(-0.000471534843478,0.003,0.004527328531023));
#6431=CARTESIAN_POINT('',(-0.000471340084212905,0.0030005,0.00449987983812916));
#6432=CARTESIAN_POINT('',(-0.000424107850557417,0.003,0.00441562059381849));
#6433=CARTESIAN_POINT('',(-0.000423494071634688,0.0030005,0.00451228044913401));
#6434=CARTESIAN_POINT('',(-0.000420035181120062,0.0030000000000001,0.00443947034330297));
#6435=CARTESIAN_POINT('',(-0.000367916349449013,0.003,0.00449011131192798));
#6436=CARTESIAN_POINT('',(-0.000432267174807725,0.00299999999999928,0.00443341130895315));
#6437=CARTESIAN_POINT('',(-0.000346386117315351,0.003,0.00442917403089827));
#6438=CARTESIAN_POINT('',(-0.000428443104347125,0.00299999999999483,0.0044237503913338));
#6439=CARTESIAN_POINT('',(-0.000365667634117,0.003,0.00437096800657703));
#6440=CARTESIAN_POINT('',(-0.000415399352072662,0.003,0.00441739999883502));
#6441=CARTESIAN_POINT('',(-0.000417762247923649,0.0030005,0.00434917898121001));
#6442=CARTESIAN_POINT('',(-0.000421085107215366,0.00300000000000005,0.00444845265916189));
#6443=CARTESIAN_POINT('',(-0.000470365218508482,0.0030005,0.00436242684185924));
#6444=CARTESIAN_POINT('',(-0.000470365303486,0.003,0.004362427072841));
#6445=CARTESIAN_POINT('',(-0.003749999999999,0.003,0.003));
#6446=CARTESIAN_POINT('',(0.00175,0.003,0.003));
#6447=CARTESIAN_POINT('',(-0.001749999999999,0.003,0.003));
#6448=CARTESIAN_POINT('',(-0.001749999999999,0.003,0.01));
#6449=CARTESIAN_POINT('',(-0.001749999999999,0.003,0.007));
#6450=CARTESIAN_POINT('',(-0.003749999999999,0.003,0.007));
#6451=CARTESIAN_POINT('',(0.00175,0.003,0.007));
#6452=CARTESIAN_POINT('',(0.00175,0.003,0.01));
#6453=CARTESIAN_POINT('',(-0.000309704990648,0.003,0.004353168692449));
#6454=CARTESIAN_POINT('',(-0.000309540547130905,0.003,0.004329982674054));
#6455=CARTESIAN_POINT('',(-0.000309704990648004,0.003,0.00435316869244947));
#6456=CARTESIAN_POINT('',(-0.000309540547131,0.003,0.004329982674054));
#6457=CARTESIAN_POINT('',(-0.000202292215405996,0.003,0.00433074331749743));
#6458=CARTESIAN_POINT('',(-0.000202292215406,0.003,0.004330743317498));
#6459=CARTESIAN_POINT('',(-0.000203734598901236,0.003,0.004534114851044));
#6460=CARTESIAN_POINT('',(-0.0002037345989,0.003,0.004534114851044));
#6461=CARTESIAN_POINT('',(-0.000229987826007501,0.003,0.00453392865378809));
#6462=CARTESIAN_POINT('',(-0.000229987826008,0.003,0.004533928653788));
#6463=CARTESIAN_POINT('',(-0.000228709886029859,0.003,0.00435374313863699));
#6464=CARTESIAN_POINT('',(-0.000228709886029,0.003,0.004353743138637));
#6465=CARTESIAN_POINT('',(-0.000620376842507,0.003,0.004350965296803));
#6466=CARTESIAN_POINT('',(-0.000620212398989906,0.003,0.004327779278408));
#6467=CARTESIAN_POINT('',(-0.000620376842506997,0.003,0.00435096529680254));
#6468=CARTESIAN_POINT('',(-0.00062021239899,0.003,0.004327779278408));
#6469=CARTESIAN_POINT('',(-0.000510832617144003,0.003,0.00432855503885636));
#6470=CARTESIAN_POINT('',(-0.000510832617144,0.003,0.004328555038856));
#6471=CARTESIAN_POINT('',(-0.000512275000639243,0.003,0.00453192657240301));
#6472=CARTESIAN_POINT('',(-0.00051227500064,0.003,0.004531926572403));
#6473=CARTESIAN_POINT('',(-0.000617027976124004,0.003,0.00453118362691658));
#6474=CARTESIAN_POINT('',(-0.000617027976124,0.003,0.004531183626916));
#6475=CARTESIAN_POINT('',(-0.000616862057777158,0.003,0.004507789662168));
#6476=CARTESIAN_POINT('',(-0.000616862057777,0.003,0.004507789662168));
#6477=CARTESIAN_POINT('',(-0.000538362309399004,0.003,0.00450834641039852));
#6478=CARTESIAN_POINT('',(-0.000538362309399,0.003,0.004508346410398));
#6479=CARTESIAN_POINT('',(-0.000537900687687334,0.003,0.00444325920180901));
#6480=CARTESIAN_POINT('',(-0.000537900687688,0.003,0.004443259201809));
#6481=CARTESIAN_POINT('',(-0.000610629924761,0.003,0.00444274338010403));
#6482=CARTESIAN_POINT('',(-0.000610629924761,0.003,0.004442743380104));
#6483=CARTESIAN_POINT('',(-0.000610464743829028,0.003,0.004419453388532));
#6484=CARTESIAN_POINT('',(-0.000610464743829,0.003,0.004419453388532));
#6485=CARTESIAN_POINT('',(-0.000537735506756,0.003,0.00441996921023697));
#6486=CARTESIAN_POINT('',(-0.000537735506756,0.003,0.004419969210237));
#6487=CARTESIAN_POINT('',(-0.000537250287768339,0.003,0.004351554859995));
#6488=CARTESIAN_POINT('',(-0.000537250287768,0.003,0.004351554859995));
#6489=CARTESIAN_POINT('',(-0.000714568056809,0.003,0.004327110074409));
#6490=CARTESIAN_POINT('',(-0.000658630487766005,0.003,0.00432750680361168));
#6491=CARTESIAN_POINT('',(-0.000714568008199782,0.003,0.00432711007475375));
#6492=CARTESIAN_POINT('',(-0.000658630487766,0.003,0.004327506803611));
#6493=CARTESIAN_POINT('',(-0.000660072871261243,0.003,0.00453087833715801));
#6494=CARTESIAN_POINT('',(-0.000660072871262,0.003,0.004530878337158));
#6495=CARTESIAN_POINT('',(-0.000718089903837999,0.003,0.00453046685965791));
#6496=CARTESIAN_POINT('',(-0.000718089903838,0.003,0.004530466859658));
#6497=CARTESIAN_POINT('',(-0.000748917950717,0.003,0.004530248216147));
#6498=CARTESIAN_POINT('',(-0.000774483921085,0.003,0.004521124750188));
#6499=CARTESIAN_POINT('',(-0.000794787077525,0.003,0.004502992488603));
#6500=CARTESIAN_POINT('',(-0.000794787077525,0.003,0.004502992488603));
#6501=CARTESIAN_POINT('',(-0.000794787077525,0.003,0.004502992488603));
#6502=CARTESIAN_POINT('',(-0.000815090233966,0.003,0.004484860227017));
#6503=CARTESIAN_POINT('',(-0.00082516124903,0.003,0.004460769787843));
#6504=CARTESIAN_POINT('',(-0.000824947398716,0.003,0.004430617566613));
#6505=CARTESIAN_POINT('',(-0.000824947398716,0.003,0.004430617566613));
#6506=CARTESIAN_POINT('',(-0.000824947398716,0.003,0.004430617566613));
#6507=CARTESIAN_POINT('',(-0.000824723962009,0.003,0.004399113694085));
#6508=CARTESIAN_POINT('',(-0.000814303412294,0.003,0.004373920847522));
#6509=CARTESIAN_POINT('',(-0.000793737736158,0.003,0.004355038658215));
#6510=CARTESIAN_POINT('',(-0.000793737736158,0.003,0.004355038658215));
#6511=CARTESIAN_POINT('',(-0.000793737736158,0.003,0.004355038658215));
#6512=CARTESIAN_POINT('',(-0.000773172060022,0.003,0.00433615646891));
#6513=CARTESIAN_POINT('',(-0.000746747754985,0.003,0.004326881844505));
#6514=CARTESIAN_POINT('',(-0.000714568056809,0.003,0.004327110074409));
#6515=CARTESIAN_POINT('',(-0.00094246401907,0.003,0.004528875518357));
#6516=CARTESIAN_POINT('',(-0.00101848165218637,0.003,0.00432495461072907));
#6517=CARTESIAN_POINT('',(-0.000942464019069857,0.003,0.00452887551835778));
#6518=CARTESIAN_POINT('',(-0.001018481652186,0.003,0.004324954610729));
#6519=CARTESIAN_POINT('',(-0.000989473135897984,0.003,0.00432516034947909));
#6520=CARTESIAN_POINT('',(-0.000989473135898,0.003,0.004325160349479));
#6521=CARTESIAN_POINT('',(-0.000969125004112529,0.003,0.00438093311326009));
#6522=CARTESIAN_POINT('',(-0.000969125004112,0.003,0.00438093311326));
#6523=CARTESIAN_POINT('',(-0.000884438851721924,0.003,0.00438153373767558));
#6524=CARTESIAN_POINT('',(-0.000884438851722,0.003,0.004381533737676));
#6525=CARTESIAN_POINT('',(-0.000864497377551938,0.003,0.00432604672215901));
#6526=CARTESIAN_POINT('',(-0.000864497377552,0.003,0.004326046722159));
#6527=CARTESIAN_POINT('',(-0.000835488861265016,0.003,0.00432625246090908));
#6528=CARTESIAN_POINT('',(-0.000835488861265,0.003,0.004326252460909));
#6529=CARTESIAN_POINT('',(-0.000914391261371089,0.003,0.00452907462037398));
#6530=CARTESIAN_POINT('',(-0.000914391261371,0.003,0.004529074620374));
#6531=CARTESIAN_POINT('',(-0.000527870169231536,0.003,0.00409331890077863));
#6532=CARTESIAN_POINT('',(-0.000527030086188998,0.0030005,0.00402315980959435));
#6533=CARTESIAN_POINT('',(-0.000485217303596121,0.0030005,0.0040374929281089));
#6534=CARTESIAN_POINT('',(-0.000527030084407262,0.003,0.00402315955934644));
#6535=CARTESIAN_POINT('',(-0.00054703744696422,0.003,0.00402302011478972));
#6536=CARTESIAN_POINT('',(-0.000557113555355693,0.003,0.00402949929082199));
#6537=CARTESIAN_POINT('',(-0.000557206452217,0.003,0.004042597455947));
#6538=CARTESIAN_POINT('',(-0.000557206452216987,0.003,0.00404259745594513));
#6539=CARTESIAN_POINT('',(-0.000540082307025362,0.003,0.00404305565327705));
#6540=CARTESIAN_POINT('',(-0.000550787139037599,0.00300000024630639,0.00405642984418264));
#6541=CARTESIAN_POINT('',(-0.000489592856203016,0.003,0.0039640872762773));
#6542=CARTESIAN_POINT('',(-0.000524193453054821,0.0030005,0.00406971713875736));
#6543=CARTESIAN_POINT('',(-0.00054911916836694,0.00299999999999996,0.00414679376397228));
#6544=CARTESIAN_POINT('',(-0.000492858750799463,0.00300000011801516,0.00408895912852543));
#6545=CARTESIAN_POINT('',(-0.000522777778731881,0.003,0.00411070900260543));
#6546=CARTESIAN_POINT('',(-0.000485928382977004,0.00300000024600723,0.00411206657831265));
#6547=CARTESIAN_POINT('',(-0.000522106822480592,0.003,0.00411251942860106));
#6548=CARTESIAN_POINT('',(-0.000502447407305642,0.00300000024529748,0.00414296434201394));
#6549=CARTESIAN_POINT('',(-0.000539741899176481,0.003,0.00408599002569847));
#6550=CARTESIAN_POINT('',(-0.00054276873242561,0.00300050713423922,0.00415421243102681));
#6551=CARTESIAN_POINT('',(-0.000543364191946303,0.003,0.00406488975417883));
#6552=CARTESIAN_POINT('',(-0.000577134941594256,0.0030005,0.0041475781502477));
#6553=CARTESIAN_POINT('',(-0.00057713502975,0.003,0.004147578284505));
#6554=CARTESIAN_POINT('',(-0.000576959443347817,0.0030005,0.00412283290479902));
#6555=CARTESIAN_POINT('',(-0.000540684401927255,0.003,0.00406676036651529));
#6556=CARTESIAN_POINT('',(-0.000540123526199391,0.0030005,0.00413359574158399));
#6557=CARTESIAN_POINT('',(-0.000538083854090514,0.003,0.0040992850788895));
#6558=CARTESIAN_POINT('',(-0.000520018357529,0.003,0.00412833145746803));
#6559=CARTESIAN_POINT('',(-0.000528592082398936,0.003,0.00411426433299215));
#6560=CARTESIAN_POINT('',(-0.000512172067445,0.003,0.004114246042851));
#6561=CARTESIAN_POINT('',(-0.000529160837091628,0.003,0.00411308860816828));
#6562=CARTESIAN_POINT('',(-0.000517638768462013,0.003,0.00410069007818998));
#6563=CARTESIAN_POINT('',(-0.000575810911681976,0.003,0.00418619681080371));
#6564=CARTESIAN_POINT('',(-0.000542288700547378,0.003,0.00408804065889215));
#6565=CARTESIAN_POINT('',(-0.000516193615275108,0.003,0.00400338973219022));
#6566=CARTESIAN_POINT('',(-0.000575017946453348,0.003,0.00406898562417473));
#6567=CARTESIAN_POINT('',(-0.000548287993055382,0.003,0.00404635588924024));
#6568=CARTESIAN_POINT('',(-0.000583320121133436,0.003,0.00404503551290074));
#6569=CARTESIAN_POINT('',(-0.000547260192876201,0.003,0.00404401530953225));
#6570=CARTESIAN_POINT('',(-0.000566774929488013,0.003,0.00401362359583698));
#6571=CARTESIAN_POINT('',(-0.000528471562076303,0.003,0.00407461798879907));
#6572=CARTESIAN_POINT('',(-0.000524375993537559,0.0030005,0.004002382701082));
#6573=CARTESIAN_POINT('',(-0.000522950543255086,0.003,0.0040896331283276));
#6574=CARTESIAN_POINT('',(-0.000485030711864482,0.0030005,0.00401118811209255));
#6575=CARTESIAN_POINT('',(-0.000485030627602,0.003,0.004011187981806));
#6576=CARTESIAN_POINT('',(-0.000872770940379,0.003,0.004026530231891));
#6577=CARTESIAN_POINT('',(-0.000872606496861906,0.003,0.004003344213496));
#6578=CARTESIAN_POINT('',(-0.000872770940379004,0.003,0.00402653023189155));
#6579=CARTESIAN_POINT('',(-0.000872606496862,0.003,0.004003344213496));
#6580=CARTESIAN_POINT('',(-0.000763226715015996,0.003,0.00400411997394436));
#6581=CARTESIAN_POINT('',(-0.000763226715016,0.003,0.004004119973945));
#6582=CARTESIAN_POINT('',(-0.000764669098511235,0.003,0.004207491507491));
#6583=CARTESIAN_POINT('',(-0.000764669098511,0.003,0.004207491507491));
#6584=CARTESIAN_POINT('',(-0.000869422073995997,0.003,0.00420674856200457));
#6585=CARTESIAN_POINT('',(-0.000869422073996,0.003,0.004206748562005));
#6586=CARTESIAN_POINT('',(-0.000869256155649151,0.003,0.004183354597256));
#6587=CARTESIAN_POINT('',(-0.000869256155649,0.003,0.004183354597256));
#6588=CARTESIAN_POINT('',(-0.000790756407270997,0.003,0.00418391134548653));
#6589=CARTESIAN_POINT('',(-0.000790756407271,0.003,0.004183911345487));
#6590=CARTESIAN_POINT('',(-0.000790294785559327,0.003,0.004118824136897));
#6591=CARTESIAN_POINT('',(-0.00079029478556,0.003,0.004118824136897));
#6592=CARTESIAN_POINT('',(-0.000863024022632,0.003,0.00411830831519204));
#6593=CARTESIAN_POINT('',(-0.000863024022632,0.003,0.004118308315192));
#6594=CARTESIAN_POINT('',(-0.000862858841700036,0.003,0.004095018323621));
#6595=CARTESIAN_POINT('',(-0.0008628588417,0.003,0.004095018323621));
#6596=CARTESIAN_POINT('',(-0.000790129604628,0.003,0.00409553414532596));
#6597=CARTESIAN_POINT('',(-0.000790129604628,0.003,0.004095534145326));
#6598=CARTESIAN_POINT('',(-0.000789644385640339,0.003,0.004027119795084));
#6599=CARTESIAN_POINT('',(-0.00078964438564,0.003,0.004027119795084));
#6600=CARTESIAN_POINT('',(-0.000966962154681,0.003,0.004002675009497));
#6601=CARTESIAN_POINT('',(-0.000911024585637998,0.003,0.00400307173869968));
#6602=CARTESIAN_POINT('',(-0.000966962106071782,0.003,0.00400267500984175));
#6603=CARTESIAN_POINT('',(-0.000911024585638,0.003,0.0040030717387));
#6604=CARTESIAN_POINT('',(-0.000912466969133235,0.003,0.004206443272246));
#6605=CARTESIAN_POINT('',(-0.000912466969134,0.003,0.004206443272246));
#6606=CARTESIAN_POINT('',(-0.000970484001708999,0.003,0.00420603179474591));
#6607=CARTESIAN_POINT('',(-0.000970484001708999,0.003,0.004206031794746));
#6608=CARTESIAN_POINT('',(-0.001001312048588,0.003,0.004205813151236));
#6609=CARTESIAN_POINT('',(-0.001026878018957,0.003,0.004196689685275));
#6610=CARTESIAN_POINT('',(-0.001047181175396,0.003,0.004178557423691));
#6611=CARTESIAN_POINT('',(-0.001047181175396,0.003,0.004178557423691));
#6612=CARTESIAN_POINT('',(-0.001047181175396,0.003,0.004178557423691));
#6613=CARTESIAN_POINT('',(-0.001067484331837,0.003,0.004160425162106));
#6614=CARTESIAN_POINT('',(-0.001077555346902,0.003,0.004136334722932));
#6615=CARTESIAN_POINT('',(-0.001077341496589,0.003,0.0041061825017));
#6616=CARTESIAN_POINT('',(-0.001077341496589,0.003,0.0041061825017));
#6617=CARTESIAN_POINT('',(-0.001077341496589,0.003,0.0041061825017));
#6618=CARTESIAN_POINT('',(-0.001077118059881,0.003,0.004074678629172));
#6619=CARTESIAN_POINT('',(-0.001066697510165,0.003,0.00404948578261));
#6620=CARTESIAN_POINT('',(-0.001046131834029,0.003,0.004030603593304));
#6621=CARTESIAN_POINT('',(-0.001046131834029,0.003,0.004030603593304));
#6622=CARTESIAN_POINT('',(-0.001046131834029,0.003,0.004030603593304));
#6623=CARTESIAN_POINT('',(-0.001025566157894,0.003,0.004011721403998));
#6624=CARTESIAN_POINT('',(-0.000999141852857,0.003,0.004002446779593));
#6625=CARTESIAN_POINT('',(-0.000966962154681,0.003,0.004002675009497));
#6626=CARTESIAN_POINT('',(-0.001194858116942,0.003,0.004204440453446));
#6627=CARTESIAN_POINT('',(-0.00127087575005693,0.003,0.00400051954581799));
#6628=CARTESIAN_POINT('',(-0.00119485811694204,0.003,0.00420444045344578));
#6629=CARTESIAN_POINT('',(-0.001270875750057,0.003,0.004000519545818));
#6630=CARTESIAN_POINT('',(-0.00124186723376999,0.003,0.00400072528456808));
#6631=CARTESIAN_POINT('',(-0.00124186723377,0.003,0.004000725284568));
#6632=CARTESIAN_POINT('',(-0.00122151910198333,0.003,0.00405649804834706));
#6633=CARTESIAN_POINT('',(-0.001221519101983,0.003,0.004056498048347));
#6634=CARTESIAN_POINT('',(-0.00113683294959292,0.003,0.00405709867276259));
#6635=CARTESIAN_POINT('',(-0.001136832949593,0.003,0.004057098672763));
#6636=CARTESIAN_POINT('',(-0.00111689147542283,0.003,0.00400161165724703));
#6637=CARTESIAN_POINT('',(-0.001116891475423,0.003,0.004001611657247));
#6638=CARTESIAN_POINT('',(-0.00108788295913482,0.003,0.00400181739599709));
#6639=CARTESIAN_POINT('',(-0.001087882959135,0.003,0.004001817395998));
#6640=CARTESIAN_POINT('',(-0.00116678535924217,0.003,0.00420463955546197));
#6641=CARTESIAN_POINT('',(-0.001166785359242,0.003,0.004204639555462));
#6642=CARTESIAN_POINT('',(0.000106928264588,0.003,0.004401458391519));
#6643=CARTESIAN_POINT('',(2.46937063790006E-5,0.003,0.004374846742035));
#6644=CARTESIAN_POINT('',(-3.40467840189997E-5,0.003,0.004297790869462));
#6645=CARTESIAN_POINT('',(-3.48774012029996E-5,0.003,0.004211023621323));
#6646=CARTESIAN_POINT('',(-3.48774012027025E-5,0.003,0.00421102362133204));
#6647=CARTESIAN_POINT('',(0.000106784790706878,0.003,0.00440141190350655));
#6648=CARTESIAN_POINT('',(0.000167551472207061,0.003,0.00421214394671499));
#6649=CARTESIAN_POINT('',(1.96025663788084E-5,0.00300051685637896,0.00407403201054586));
#6650=CARTESIAN_POINT('',(0.000167822732872362,0.003,0.00421089731105506));
#6651=CARTESIAN_POINT('',(0.000151639652232323,0.00300049999305556,0.00400990325990827));
#6652=CARTESIAN_POINT('',(0.000155977859971,0.003,0.004009933939655));
#6653=CARTESIAN_POINT('',(0.000236953781107986,0.00300050004861111,0.00401050847391838));
#6654=CARTESIAN_POINT('',(0.000232962918038852,0.003,0.00405590810608512));
#6655=CARTESIAN_POINT('',(0.000278573874939983,0.0030004999242449,0.00405565324172337));
#6656=CARTESIAN_POINT('',(0.000233509141477531,0.003,0.00405507668502262));
#6657=CARTESIAN_POINT('',(0.000233456662257612,0.00300050000007611,0.00410014550320202));
#6658=CARTESIAN_POINT('',(0.314617967505808,0.0029853819517793,-1.72020550870726));
#6659=CARTESIAN_POINT('',(0.000224757561431045,0.0030005,0.00409862916358647));
#6660=CARTESIAN_POINT('',(0.000159690189519,0.003,0.004098167682563));
#6661=CARTESIAN_POINT('',(0.000159689681955536,0.00300050000694445,0.00409816776808392));
#6662=CARTESIAN_POINT('',(0.000167119148212919,0.00300000000000185,0.00421013797171084));
#6663=CARTESIAN_POINT('',(5.47764017726083E-5,0.0030005,0.00421021304371818));
#6664=CARTESIAN_POINT('',(0.000167708827505237,0.003,0.00421087251679082));
#6665=CARTESIAN_POINT('',(0.000166766377784237,0.0030005,0.00432379751924715));
#6666=CARTESIAN_POINT('',(0.000178333656775,0.003,0.004323879558518));
#6667=CARTESIAN_POINT('',(0.00017833349850522,0.0030005,0.0043238796407563));
#6668=CARTESIAN_POINT('',(0.000381888962149368,0.00299999999999948,0.0043013394462115));
#6669=CARTESIAN_POINT('',(0.000379484869476747,0.0030005,0.00450605913692998));
#6670=CARTESIAN_POINT('',(0.000381884493962457,0.00300000000000045,0.00430285356643883));
#6671=CARTESIAN_POINT('',(0.000574226787504804,0.003,0.00436862225850642));
#6672=CARTESIAN_POINT('',(0.000653781653373117,0.003,0.00423817486022231));
#6673=CARTESIAN_POINT('',(0.000650708296347014,0.003,0.00439085492093209));
#6674=CARTESIAN_POINT('',(0.000651302223076018,0.00300000000000004,0.0042458220815797));
#6675=CARTESIAN_POINT('',(0.000796328896672964,0.003,0.00424728536042506));
#6676=CARTESIAN_POINT('',(0.000649534294035864,0.0029999999999589,0.00424744954998048));
#6677=CARTESIAN_POINT('',(0.000710432971796521,0.00300000000000029,0.00411374084628878));
#6678=CARTESIAN_POINT('',(0.000573737992917246,0.00300000000000037,0.00406209732346262));
#6679=CARTESIAN_POINT('',(0.000573919113553699,0.0030005,0.00420811133336503));
#6680=CARTESIAN_POINT('',(0.000573908877931553,0.00300000000000005,0.00406585050863117));
#6681=CARTESIAN_POINT('',(0.000465821384943635,0.0030005,0.00415818001406698));
#6682=CARTESIAN_POINT('',(0.000271346213766,0.003,0.004258022231254));
#6683=CARTESIAN_POINT('',(0.000271346213765804,0.003,0.0042580222312541));
#6684=CARTESIAN_POINT('',(0.000227065286568,0.003,0.004181068911064));
#6685=CARTESIAN_POINT('',(0.000227065286567824,0.003,0.0041810689110637));
#6686=CARTESIAN_POINT('',(0.000430257283862,0.003,0.004075504284943));
#6687=CARTESIAN_POINT('',(0.000430257283861821,0.003,0.0040755042849431));
#6688=CARTESIAN_POINT('',(0.000430359835853,0.003,0.0040610447769));
#6689=CARTESIAN_POINT('',(0.000430359833613396,0.0030005,0.00406104509267716));
#6690=CARTESIAN_POINT('',(0.000575386509452342,0.00300000000000011,0.00406250805574272));
#6691=CARTESIAN_POINT('',(0.000575981156212608,0.00300050037287315,0.00391748300632867));
#6692=CARTESIAN_POINT('',(0.000576924853968798,0.003,0.00405743288271123));
#6693=CARTESIAN_POINT('',(0.00071264848850372,0.0030005,0.00401677403514953));
#6694=CARTESIAN_POINT('',(0.000653952452128294,0.003,0.00424264479419822));
#6695=CARTESIAN_POINT('',(0.000827821957342993,0.00300000009722222,0.00408699580668126));
#6696=CARTESIAN_POINT('',(0.000651189578633966,0.003,0.0042439527971533));
#6697=CARTESIAN_POINT('',(0.000887445403033541,0.00300000000049734,0.00424487035483158));
#6698=CARTESIAN_POINT('',(0.000654369398659429,0.003,0.0042437961262336));
#6699=CARTESIAN_POINT('',(0.000818415141820217,0.00300000024926991,0.00440925612582677));
#6700=CARTESIAN_POINT('',(0.000652979835704995,0.003,0.00424348879061139));
#6701=CARTESIAN_POINT('',(0.000651709328345194,0.00300000024999991,0.00447765786221494));
#6702=CARTESIAN_POINT('',(0.000660138073846142,0.003,0.0042200875760505));
#6703=CARTESIAN_POINT('',(0.000618182312408169,0.00300000000000011,0.00447439728586186));
#6704=CARTESIAN_POINT('',(0.000380857631212517,0.00300000000000017,0.00429913049347848));
#6705=CARTESIAN_POINT('',(0.00055422953555446,0.003,0.00453766498138365));
#6706=CARTESIAN_POINT('',(0.000381939091760424,0.00300000000000198,0.00429693678909761));
#6707=CARTESIAN_POINT('',(0.000380507665936642,0.00300000024983895,0.00459289928462979));
#6708=CARTESIAN_POINT('',(0.000385047371438037,0.00300000000010284,0.00429245235441698));
#6709=CARTESIAN_POINT('',(0.000184201627812246,0.003,0.00451624418877491));
#6710=CARTESIAN_POINT('',(0.000382087424814447,0.0030000000000003,0.00429904513407752));
#6711=CARTESIAN_POINT('',(0.00375,-0.003,0.01));
#6712=CARTESIAN_POINT('',(0.00375,0.001,0.01));
#6713=CARTESIAN_POINT('',(0.00375,0.001,0.003));
#6714=CARTESIAN_POINT('',(0.00375,0.001,0.007));
#6715=CARTESIAN_POINT('',(0.00375,0.,0.007));
#6716=CARTESIAN_POINT('',(0.00375,-1.22464679914735E-19,0.008));
#6717=CARTESIAN_POINT('',(0.00375,0.,0.007));
#6718=CARTESIAN_POINT('',(0.00375,-0.001,0.007));
#6719=CARTESIAN_POINT('',(0.00375,-0.001,0.01));
#6720=CARTESIAN_POINT('',(0.00375,-0.001,0.003));
#6721=CARTESIAN_POINT('',(0.00375,0.,0.003));
#6722=CARTESIAN_POINT('',(0.00375,1.22464679914735E-19,0.002));
#6723=CARTESIAN_POINT('',(0.00375,0.,0.003));
#6724=CARTESIAN_POINT('',(-0.003749999999999,-0.003,0.01));
#6725=CARTESIAN_POINT('',(-0.003749999999999,0.,0.007));
#6726=CARTESIAN_POINT('',(-0.003749999999999,-0.001,0.007));
#6727=CARTESIAN_POINT('',(-0.003749999999999,1.22464679914735E-19,0.008));
#6728=CARTESIAN_POINT('',(-0.003749999999999,0.,0.007));
#6729=CARTESIAN_POINT('',(-0.003749999999999,0.001,0.007));
#6730=CARTESIAN_POINT('',(-0.003749999999999,0.001,0.01));
#6731=CARTESIAN_POINT('',(-0.003749999999999,0.001,0.003));
#6732=CARTESIAN_POINT('',(-0.003749999999999,0.,0.003));
#6733=CARTESIAN_POINT('',(-0.003749999999999,2.49887949257344E-16,0.002));
#6734=CARTESIAN_POINT('',(-0.003749999999999,0.,0.003));
#6735=CARTESIAN_POINT('',(-0.003749999999999,-0.001,0.003));
#6736=CARTESIAN_POINT('',(-0.003749999999999,-0.001,0.01));
#6737=CARTESIAN_POINT('',(-0.003749999999999,-0.003,0.01));
#6738=CARTESIAN_POINT('',(-0.003749999999999,-0.003,0.007));
#6739=CARTESIAN_POINT('',(0.00175,-0.003,0.007));
#6740=CARTESIAN_POINT('',(-0.001749999999999,-0.003,0.007));
#6741=CARTESIAN_POINT('',(-0.001749999999999,-0.003,0.01));
#6742=CARTESIAN_POINT('',(-0.001749999999999,-0.003,0.003));
#6743=CARTESIAN_POINT('',(-0.003749999999999,-0.003,0.003));
#6744=CARTESIAN_POINT('',(0.00175,-0.003,0.003));
#6745=CARTESIAN_POINT('',(0.00175,-0.003,0.01));
#6746=CARTESIAN_POINT('',(-0.003749999999999,0.,0.003));
#6747=CARTESIAN_POINT('',(-0.003749999999999,3.67394039744206E-19,0.));
#6748=CARTESIAN_POINT('',(-0.00159999987509264,1.53941209759317E-13,8.34484493812266E-18));
#6749=CARTESIAN_POINT('',(0.00159999987508744,-1.53941066460414E-13,8.3448467314159E-18));
#6750=CARTESIAN_POINT('',(-0.001599999999999,0.,0.));
#6751=CARTESIAN_POINT('',(-0.0016,0.00015555604028,0.));
#6752=CARTESIAN_POINT('',(-0.001655566528857,0.00030439706079891,1.2937922479603E-5));
#6753=CARTESIAN_POINT('',(-0.001749999999999,0.000426423187330867,3.04607654879213E-5));
#6754=CARTESIAN_POINT('',(-0.00174999993033692,0.000426423187111999,3.04607654560471E-5));
#6755=CARTESIAN_POINT('',(-0.001749999999999,0.,0.003));
#6756=CARTESIAN_POINT('',(0.00175,0.,0.003));
#6757=CARTESIAN_POINT('',(0.00174999993061875,0.000426423187346579,3.04607654902325E-5));
#6758=CARTESIAN_POINT('',(0.00175,0.000426423187330867,3.04607654879213E-5));
#6759=CARTESIAN_POINT('',(0.00165563104993,0.000304480434379934,1.29498948515273E-5));
#6760=CARTESIAN_POINT('',(0.001599999999999,0.000155498533215,0.));
#6761=CARTESIAN_POINT('',(0.001599999999999,0.,0.));
#6762=CARTESIAN_POINT('',(-0.003749999999999,0.,0.003));
#6763=CARTESIAN_POINT('',(-0.001749999999999,0.,0.003));
#6764=CARTESIAN_POINT('',(-0.00174999993061628,-0.000426423187347557,3.04607654898731E-5));
#6765=CARTESIAN_POINT('',(-0.001749999999999,-0.000426423187330863,3.04607654879204E-5));
#6766=CARTESIAN_POINT('',(-0.00165563104993,-0.000304480434379981,1.2949894851534E-5));
#6767=CARTESIAN_POINT('',(-0.001599999999999,-0.000155498533215002,3.2623302564407E-19));
#6768=CARTESIAN_POINT('',(-0.001599999999999,-6.29394410800673E-18,0.));
#6769=CARTESIAN_POINT('',(0.001599999999999,-6.29394410800673E-18,0.));
#6770=CARTESIAN_POINT('',(0.001599999999999,-0.000155556040279914,3.26353674394862E-19));
#6771=CARTESIAN_POINT('',(0.00165556652885704,-0.000304397060798924,1.29379224796049E-5));
#6772=CARTESIAN_POINT('',(0.00175,-0.000426423187330863,3.04607654879204E-5));
#6773=CARTESIAN_POINT('',(0.0017499999303366,-0.000426423187112585,3.04607654561313E-5));
#6774=CARTESIAN_POINT('',(0.00175,0.,0.003));
#6775=CARTESIAN_POINT('',(0.,0.,0.007));
#6776=CARTESIAN_POINT('',(-0.001749999999999,0.,0.007));
#6777=CARTESIAN_POINT('',(-0.001749999999999,3.67394039744206E-19,0.01));
#6778=CARTESIAN_POINT('',(0.,3.67394039744206E-19,0.01));
#6779=CARTESIAN_POINT('',(0.00175,1.83697019872103E-19,0.01));
#6780=CARTESIAN_POINT('',(0.00175,0.,0.007));
#6781=CARTESIAN_POINT('',(0.,0.,0.007));
#6782=CARTESIAN_POINT('',(-0.001749999999999,0.,0.007));
#6783=CARTESIAN_POINT('',(0.00175,0.,0.007));
#6784=CARTESIAN_POINT('',(-0.001749999999999,0.,0.003));
#6785=CARTESIAN_POINT('',(-0.001749999999999,5.00020827874518E-16,0.002));
#6786=CARTESIAN_POINT('',(-0.00307000000007807,3.12551607003065E-16,0.000497468802389758));
#6787=CARTESIAN_POINT('',(-0.00306999999999872,1.0500527657826E-17,0.000497468802320319));
#6788=CARTESIAN_POINT('',(-0.00306999999999872,-0.000330257989930115,0.000497468802320318));
#6789=CARTESIAN_POINT('',(-0.00264513559145269,-0.000957447815824096,0.000264372148690613));
#6790=CARTESIAN_POINT('',(-0.001922562765095,-0.000705153355159173,7.04861691563597E-5));
#6791=CARTESIAN_POINT('',(-0.001749999999999,-0.000426423187330863,3.04607654879204E-5));
#6792=CARTESIAN_POINT('',(-0.001749999999999,-0.001,0.003));
#6793=CARTESIAN_POINT('',(-0.001749999999999,-0.001,0.01));
#6794=CARTESIAN_POINT('',(-0.001749999999999,-0.001,0.007));
#6795=CARTESIAN_POINT('',(-0.001749999999999,0.,0.003));
#6796=CARTESIAN_POINT('',(-0.001749999999999,0.000426423187330867,3.04607654879213E-5));
#6797=CARTESIAN_POINT('',(-0.001922562765095,0.000705153355159101,7.04861691563501E-5));
#6798=CARTESIAN_POINT('',(-0.00264513559145221,0.000957447815818684,0.000264372148690112));
#6799=CARTESIAN_POINT('',(-0.00306999999999968,0.000330257989941009,0.000497468802321328));
#6800=CARTESIAN_POINT('',(-0.00306999999999872,1.2513177212456E-15,0.000497468802320319));
#6801=CARTESIAN_POINT('',(-0.001749999999999,0.001,0.003));
#6802=CARTESIAN_POINT('',(-0.001749999999999,0.,0.007));
#6803=CARTESIAN_POINT('',(-0.001749999999999,1.22464679914735E-19,0.008));
#6804=CARTESIAN_POINT('',(-0.001749999999999,0.001,0.01));
#6805=CARTESIAN_POINT('',(-0.001749999999999,0.001,0.007));
#6806=CARTESIAN_POINT('',(-0.001749999999999,0.,0.007));
#6807=CARTESIAN_POINT('',(0.00175,0.,0.003));
#6808=CARTESIAN_POINT('',(0.00175,-0.000426423187330863,3.04607654879204E-5));
#6809=CARTESIAN_POINT('',(0.001922562765094,-0.000705153355159083,7.04861691563469E-5));
#6810=CARTESIAN_POINT('',(0.00264513559145293,-0.000957447815825328,0.000264372148690104));
#6811=CARTESIAN_POINT('',(0.00306999999999972,-0.000330257989930006,0.00049746880232032));
#6812=CARTESIAN_POINT('',(0.00306999999999972,-5.25026382891302E-18,0.000497468802320319));
#6813=CARTESIAN_POINT('',(0.00307000000007925,4.2105308757386E-19,0.000497468802389911));
#6814=CARTESIAN_POINT('',(0.00175,1.22464679914735E-19,0.002));
#6815=CARTESIAN_POINT('',(0.00175,-0.001,0.003));
#6816=CARTESIAN_POINT('',(0.00175,0.,0.003));
#6817=CARTESIAN_POINT('',(0.00306999999999972,-5.25026382891302E-18,0.000497468802320319));
#6818=CARTESIAN_POINT('',(0.00306999999999972,0.000330257989930005,0.000497468802320318));
#6819=CARTESIAN_POINT('',(0.00264513559145303,0.000957447815824404,0.0002643721486899));
#6820=CARTESIAN_POINT('',(0.001922562765094,0.000705153355159072,7.04861691563459E-5));
#6821=CARTESIAN_POINT('',(0.00175,0.000426423187330867,3.04607654879213E-5));
#6822=CARTESIAN_POINT('',(0.00175,0.001,0.003));
#6823=CARTESIAN_POINT('',(0.00175,-0.001,0.01));
#6824=CARTESIAN_POINT('',(0.00175,-0.001,0.007));
#6825=CARTESIAN_POINT('',(0.00175,0.001,0.01));
#6826=CARTESIAN_POINT('',(0.00175,0.001,0.007));
#6827=CARTESIAN_POINT('',(0.00175,0.,0.007));
#6828=CARTESIAN_POINT('',(0.00175,0.,0.008));
#6829=CARTESIAN_POINT('',(0.00175,0.,0.007));
#6830=CARTESIAN_POINT('',(0.0025,7.65404249467E-19,-0.004));
#6831=CARTESIAN_POINT('',(0.0025,7.65404249467E-19,-0.004));
#6832=CARTESIAN_POINT('',(0.0029,2.44378934493546E-18,0.0001218360029));
#6833=CARTESIAN_POINT('',(0.0029,-0.00010095259101714,0.0001218360029));
#6834=CARTESIAN_POINT('',(0.00282263655294968,-0.000275518179903046,2.26764206334869E-5));
#6835=CARTESIAN_POINT('',(0.00256417374864108,-0.000446017360905655,-0.000236830962134289));
#6836=CARTESIAN_POINT('',(0.00227399440754466,-0.000382910073487978,-0.000412184273261436));
#6837=CARTESIAN_POINT('',(0.00216666723520833,-0.000221109176463442,-0.000464462163333615));
#6838=CARTESIAN_POINT('',(0.00216666723519689,-0.000221109176434837,-0.000464462163220679));
#6839=CARTESIAN_POINT('',(0.00216666666666645,-0.000221108319356701,-0.000464462440264));
#6840=CARTESIAN_POINT('',(0.0021240240046593,-0.000156822087565807,-0.000485233192834003));
#6841=CARTESIAN_POINT('',(0.0021,-8.00213241097908E-5,-0.0005));
#6842=CARTESIAN_POINT('',(0.0021,-7.37882982672312E-20,-0.0005));
#6843=CARTESIAN_POINT('',(0.0025,7.65404249467E-19,-0.004));
#6844=CARTESIAN_POINT('',(-0.0025,-7.65404249467E-19,-0.004));
#6845=CARTESIAN_POINT('',(-0.0025,-7.65404249467E-19,-0.004));
#6846=CARTESIAN_POINT('',(-0.002100000000001,9.12980845997267E-19,-0.0005));
#6847=CARTESIAN_POINT('',(-0.002100000000001,-7.99810284438005E-5,-0.0005));
#6848=CARTESIAN_POINT('',(-0.00212405340049421,-0.000156866403452538,-0.000485218874459999));
#6849=CARTESIAN_POINT('',(-0.00216666666666728,-0.00022110831935615,-0.000464462440264));
#6850=CARTESIAN_POINT('',(-0.00216666666653781,-0.000221108319162775,-0.000464462440208917));
#6851=CARTESIAN_POINT('',(-0.00216666666666728,-0.00022110831935615,-0.000464462440264));
#6852=CARTESIAN_POINT('',(-0.00227394936943866,-0.000382843079169158,-0.000412206263713134));
#6853=CARTESIAN_POINT('',(-0.00256401701957411,-0.000445875131121443,-0.000236914759623454));
#6854=CARTESIAN_POINT('',(-0.00282236098678886,-0.000275947912085943,2.23555618846353E-5));
#6855=CARTESIAN_POINT('',(-0.002899999999999,-0.000100887092212892,0.0001218360029));
#6856=CARTESIAN_POINT('',(-0.002899999999999,-1.60459679719913E-18,0.0001218360029));
#6857=CARTESIAN_POINT('',(-0.0025,-7.65404249467E-19,-0.004));
#6858=CARTESIAN_POINT('',(-0.00247875098348159,-6.77470736289216E-5,-0.000164308772907511));
#6859=CARTESIAN_POINT('',(-0.00290233909364457,1.78161155614831E-7,0.000121880820329971));
#6860=CARTESIAN_POINT('',(-0.00289927291651848,-5.5379584138116E-8,0.000282390423123106));
#6861=CARTESIAN_POINT('',(-0.00297240947438079,4.56244372722429E-7,0.000419683860936002));
#6862=CARTESIAN_POINT('',(-0.00306343619647957,7.35014197563412E-7,0.000504509989174762));
#6863=CARTESIAN_POINT('',(-0.00174997297743192,0.000426818256850003,2.76539899498474E-5));
#6864=CARTESIAN_POINT('',(-0.00195766713842742,0.000294795011609775,7.07137170101769E-6));
#6865=CARTESIAN_POINT('',(-0.00214248528761277,0.000193155763887522,-0.000220405009967847));
#6866=CARTESIAN_POINT('',(-0.00216426429331442,0.000222972151720114,-0.000464448962529384));
#6867=CARTESIAN_POINT('',(-0.00246359226879937,-1.62615304255886E-6,-0.000310870047221138));
#6868=CARTESIAN_POINT('',(-0.00159999977348741,1.41577788490512E-9,-1.95075572132842E-7));
#6869=CARTESIAN_POINT('',(-0.00168730003425726,1.74576583044185E-9,-2.40543571002919E-7));
#6870=CARTESIAN_POINT('',(-0.00184052625059223,-3.98355891557133E-8,-5.13303081193762E-5));
#6871=CARTESIAN_POINT('',(-0.0019917957632117,2.17946135572891E-8,-0.000157638130134618));
#6872=CARTESIAN_POINT('',(-0.00209990447297814,3.04402558768212E-8,-0.000377357309639206));
#6873=CARTESIAN_POINT('',(-0.00210002698755021,-2.95262703754136E-11,-0.000500000097942032));
#6874=CARTESIAN_POINT('',(-0.00247875098348157,6.77470736288708E-5,-0.000164308772907567));
#6875=CARTESIAN_POINT('',(-0.00216426430382548,-0.000222972166346909,-0.000464449113406734));
#6876=CARTESIAN_POINT('',(-0.00214248535355392,-0.000193155727161813,-0.000220405110952525));
#6877=CARTESIAN_POINT('',(-0.00195766717963834,-0.000294794982508507,7.07136720814763E-6));
#6878=CARTESIAN_POINT('',(-0.00174997297743193,-0.000426818256849994,2.7653989949921E-5));
#6879=CARTESIAN_POINT('',(-0.00246466175387034,1.94843664669329E-6,-0.000310907075480996));
#6880=CARTESIAN_POINT('',(0.00246466175387796,-1.94843665095898E-6,-0.00031090707546277));
#6881=CARTESIAN_POINT('',(0.00210001941332511,-3.57574620706669E-11,-0.000500000105545048));
#6882=CARTESIAN_POINT('',(0.0020999671966208,6.04206375254216E-11,-0.000447642577965092));
#6883=CARTESIAN_POINT('',(0.00208980663168656,5.06667333692893E-9,-0.000397218265039232));
#6884=CARTESIAN_POINT('',(0.00206855479457737,-2.63985586965291E-8,-0.000313478471305422));
#6885=CARTESIAN_POINT('',(0.00199709039020437,-2.19547314044631E-7,-0.000176013685451739));
#6886=CARTESIAN_POINT('',(0.00183869293150475,-1.76993696915613E-7,-4.28854935427671E-5));
#6887=CARTESIAN_POINT('',(0.00168328827745828,1.80741196986679E-9,-2.42733391445886E-7));
#6888=CARTESIAN_POINT('',(0.00159999977016915,1.48008593730588E-9,-1.98773874000445E-7));
#6889=CARTESIAN_POINT('',(0.00174999858286575,0.000426374187055382,3.07854017243465E-5));
#6890=CARTESIAN_POINT('',(0.00195683386523716,0.00028952808644078,1.10331271785266E-5));
#6891=CARTESIAN_POINT('',(0.00214958116654385,0.000195108789759253,-0.000217622980457904));
#6892=CARTESIAN_POINT('',(0.00216676326389961,0.000221043648130338,-0.000464462511143185));
#6893=CARTESIAN_POINT('',(0.00247875098367322,-6.77470728765509E-5,-0.000164308774016608));
#6894=CARTESIAN_POINT('',(0.00306343619644043,7.35014166701272E-7,0.000504509988684638));
#6895=CARTESIAN_POINT('',(0.00297240947407825,4.56244356735689E-7,0.000419683860319914));
#6896=CARTESIAN_POINT('',(0.0028992729163752,-5.53795939738107E-8,0.000282390422630407));
#6897=CARTESIAN_POINT('',(0.0029023390931599,1.78161115233972E-7,0.000121880820315777));
#6898=CARTESIAN_POINT('',(0.0024635922687965,1.62615304280952E-6,-0.000310870047231774));
#6899=CARTESIAN_POINT('',(0.00216676937696909,-0.00022103942037955,-0.000464462376178066));
#6900=CARTESIAN_POINT('',(0.0021495332253281,-0.000195022399536954,-0.000217631751468553));
#6901=CARTESIAN_POINT('',(0.00195681928882934,-0.000289499534515618,1.10361129440727E-5));
#6902=CARTESIAN_POINT('',(0.0017499985200047,-0.000426373419041003,3.07901107508452E-5));
#6903=CARTESIAN_POINT('',(0.00247875098367319,6.77470728766783E-5,-0.00016430877401689));
#6904=CARTESIAN_POINT('',(-0.000309704990648,0.003001,0.004353168692449));
#6905=CARTESIAN_POINT('',(-0.000309704990648004,0.003001,0.00435316869244947));
#6906=CARTESIAN_POINT('',(-0.000309704990648002,0.003001,0.00435316869244924));
#6907=CARTESIAN_POINT('',(-0.000309540547131,0.003001,0.004329982674054));
#6908=CARTESIAN_POINT('',(-0.000309540547130953,0.003001,0.004329982674054));
#6909=CARTESIAN_POINT('',(-0.000309540547130905,0.003001,0.004329982674054));
#6910=CARTESIAN_POINT('',(-0.000228709886029,0.003001,0.004353743138637));
#6911=CARTESIAN_POINT('',(-0.000228709886029859,0.003001,0.00435374313863699));
#6912=CARTESIAN_POINT('',(-0.000228709886029429,0.003001,0.00435374313863699));
#6913=CARTESIAN_POINT('',(-0.000309704990648,0.003001,0.004353168692449));
#6914=CARTESIAN_POINT('',(-0.000229987826008,0.003001,0.004533928653788));
#6915=CARTESIAN_POINT('',(-0.000229987826007001,0.003001,0.00453392865378809));
#6916=CARTESIAN_POINT('',(-0.0002299878260075,0.003001,0.00453392865378803));
#6917=CARTESIAN_POINT('',(-0.000228709886029,0.003001,0.004353743138637));
#6918=CARTESIAN_POINT('',(-0.0002037345989,0.003001,0.004534114851044));
#6919=CARTESIAN_POINT('',(-0.000203734598901236,0.003001,0.004534114851044));
#6920=CARTESIAN_POINT('',(-0.000203734598900618,0.003001,0.004534114851044));
#6921=CARTESIAN_POINT('',(-0.000229987826008,0.003001,0.004533928653788));
#6922=CARTESIAN_POINT('',(-0.000202292215406,0.003001,0.004330743317498));
#6923=CARTESIAN_POINT('',(-0.000202292215405996,0.003001,0.00433074331749743));
#6924=CARTESIAN_POINT('',(-0.000202292215405998,0.003001,0.00433074331749772));
#6925=CARTESIAN_POINT('',(-0.0002037345989,0.003001,0.004534114851044));
#6926=CARTESIAN_POINT('',(-0.000309540547131,0.003001,0.004329982674054));
#6927=CARTESIAN_POINT('',(-0.000202292215406,0.003001,0.004330743317498));
#6928=CARTESIAN_POINT('',(0.,0.003001,0.));
#6929=CARTESIAN_POINT('',(-0.000413801308629,0.003001,0.004325811932104));
#6930=CARTESIAN_POINT('',(-0.000413801308629,0.003,0.004325811932104));
#6931=CARTESIAN_POINT('',(-0.000436363487964,0.003001,0.004325651913077));
#6932=CARTESIAN_POINT('',(-0.000436363487964,0.003,0.004325651913077));
#6933=CARTESIAN_POINT('',(-0.000455158668117,0.003001,0.004329469790404));
#6934=CARTESIAN_POINT('',(-0.000455158668117,0.003,0.004329469790404));
#6935=CARTESIAN_POINT('',(-0.000470186849087,0.003001,0.004337265564089));
#6936=CARTESIAN_POINT('',(-0.000470186849087,0.003,0.004337265564089));
#6937=CARTESIAN_POINT('',(-0.00047018684908628,0.003001,0.00433726556408901));
#6938=CARTESIAN_POINT('',(-0.000470186841018144,0.003001,0.00433726555990333));
#6939=CARTESIAN_POINT('',(-0.000413801308629,0.003001,0.004325811932104));
#6940=CARTESIAN_POINT('',(-0.000436363487964,0.003001,0.004325651913077));
#6941=CARTESIAN_POINT('',(-0.000455158668117,0.003001,0.004329469790404));
#6942=CARTESIAN_POINT('',(-0.000470186849087,0.003001,0.004337265564089));
#6943=CARTESIAN_POINT('',(-0.00041380130862735,0.003001,0.00432581193210401));
#6944=CARTESIAN_POINT('',(-0.000413789702097172,0.003,0.00432607684220775));
#6945=CARTESIAN_POINT('',(-0.000413789702097172,0.00300033333333334,0.00432607684220776));
#6946=CARTESIAN_POINT('',(-0.000413789702097172,0.00300066666666667,0.00432607684220777));
#6947=CARTESIAN_POINT('',(-0.000413789702097171,0.003001,0.00432607684220777));
#6948=CARTESIAN_POINT('',(-0.000470365303486,0.003001,0.004362427072841));
#6949=CARTESIAN_POINT('',(-0.000470186849087,0.003001,0.004337265564089));
#6950=CARTESIAN_POINT('',(-0.000421085107215367,0.0030005,0.00444845265916189));
#6951=CARTESIAN_POINT('',(-0.000421085107215368,0.003001,0.00444845265916189));
#6952=CARTESIAN_POINT('',(-0.000415399352072662,0.0030005,0.00441739999883502));
#6953=CARTESIAN_POINT('',(-0.000365616140199951,0.00300000000000001,0.00437091992930849));
#6954=CARTESIAN_POINT('',(-0.000365616140199951,0.00300033333333334,0.00437091992930849));
#6955=CARTESIAN_POINT('',(-0.000365616140199951,0.00300066666666667,0.00437091992930849));
#6956=CARTESIAN_POINT('',(-0.000365616140199951,0.00300100000000001,0.00437091992930849));
#6957=CARTESIAN_POINT('',(-0.000365667634117,0.003001,0.00437096800657703));
#6958=CARTESIAN_POINT('',(-0.000415399352072661,0.003001,0.00441739999883502));
#6959=CARTESIAN_POINT('',(-0.000428443104347112,0.0030005,0.00442375039133387));
#6960=CARTESIAN_POINT('',(-0.000346386341292483,0.003001,0.00442917743893604));
#6961=CARTESIAN_POINT('',(-0.000346386341292486,0.00300066666666667,0.00442917743893592));
#6962=CARTESIAN_POINT('',(-0.000346386341293596,0.00300033333333333,0.00442917743893536));
#6963=CARTESIAN_POINT('',(-0.0003463863412936,0.003,0.00442917743893524));
#6964=CARTESIAN_POINT('',(-0.00034638611731534,0.0030010000000019,0.00442917403089862));
#6965=CARTESIAN_POINT('',(-0.000428443104347099,0.00300100000000281,0.00442375039133393));
#6966=CARTESIAN_POINT('',(-0.000432267174807727,0.0030005,0.00443341130895318));
#6967=CARTESIAN_POINT('',(-0.000367752424390746,0.003,0.00449025574754695));
#6968=CARTESIAN_POINT('',(-0.000367752424390737,0.00300033333333333,0.00449025574754696));
#6969=CARTESIAN_POINT('',(-0.000367752424390728,0.00300066666666667,0.00449025574754697));
#6970=CARTESIAN_POINT('',(-0.000367752424390719,0.003001,0.00449025574754697));
#6971=CARTESIAN_POINT('',(-0.000367916349449013,0.003001,0.00449011131192798));
#6972=CARTESIAN_POINT('',(-0.00043226717480773,0.00300100000000311,0.00443341130895321));
#6973=CARTESIAN_POINT('',(-0.00042003518112006,0.0030005,0.00443947034330297));
#6974=CARTESIAN_POINT('',(-0.00042003518112006,0.003001,0.00443947034330297));
#6975=CARTESIAN_POINT('',(-0.000424107850557417,0.0030005,0.00441562059381849));
#6976=CARTESIAN_POINT('',(-0.000424107850557417,0.003001,0.00441562059381849));
#6977=CARTESIAN_POINT('',(-0.000471534843478,0.003001,0.004527328531023));
#6978=CARTESIAN_POINT('',(-0.000471340165951,0.003001,0.004499879612386));
#6979=CARTESIAN_POINT('',(-0.000426833443988869,0.0030005,0.00441296155396585));
#6980=CARTESIAN_POINT('',(-0.000426833443988869,0.003001,0.00441296155396585));
#6981=CARTESIAN_POINT('',(-0.000423402269286,0.003001,0.004535988176951));
#6982=CARTESIAN_POINT('',(-0.000423402269286,0.003,0.004535988176951));
#6983=CARTESIAN_POINT('',(-0.000393198061467,0.003001,0.004536202395972));
#6984=CARTESIAN_POINT('',(-0.000393198061467,0.003,0.004536202395972));
#6985=CARTESIAN_POINT('',(-0.000368225693828,0.003001,0.004526397581875));
#6986=CARTESIAN_POINT('',(-0.000368225693828,0.003,0.004526397581875));
#6987=CARTESIAN_POINT('',(-0.000348485166372,0.003001,0.00450657373466));
#6988=CARTESIAN_POINT('',(-0.000348485166372,0.003,0.00450657373466));
#6989=CARTESIAN_POINT('',(-0.000348332785587574,0.00300100000000002,0.0045067181178068));
#6990=CARTESIAN_POINT('',(-0.000348332785587561,0.00300066674910757,0.00450671811780681));
#6991=CARTESIAN_POINT('',(-0.000348332785587547,0.00300033349821512,0.00450671811780682));
#6992=CARTESIAN_POINT('',(-0.000348332785587534,0.00300000024732267,0.00450671811780684));
#6993=CARTESIAN_POINT('',(-0.000348465950511593,0.00300099990277779,0.00450665351318311));
#6994=CARTESIAN_POINT('',(-0.000423402269286,0.003001,0.004535988176951));
#6995=CARTESIAN_POINT('',(-0.000393213517060665,0.003001,0.00453620228635541));
#6996=CARTESIAN_POINT('',(-0.000368251252085172,0.003001,0.00452640761356362));
#6997=CARTESIAN_POINT('',(-0.000348515474362516,0.003001,0.00450660415857563));
#6998=CARTESIAN_POINT('',(-0.000426669214267937,0.0030005,0.00443249314171002));
#6999=CARTESIAN_POINT('',(-0.000426669214267901,0.00300100000000845,0.00443249314170994));
#7000=CARTESIAN_POINT('',(-0.000421793261287652,0.0030005,0.00442156423804755));
#7001=CARTESIAN_POINT('',(-0.000421793261287644,0.00300099999999249,0.00442156423804761));
#7002=CARTESIAN_POINT('',(-0.000409791404706935,0.0030005,0.00441733488485016));
#7003=CARTESIAN_POINT('',(-0.000409791404706911,0.00300099999999789,0.00441733488485017));
#7004=CARTESIAN_POINT('',(-0.000444819328245,0.003001,0.00432855532583));
#7005=CARTESIAN_POINT('',(-0.000620376842507,0.003001,0.004350965296803));
#7006=CARTESIAN_POINT('',(-0.000620376842506997,0.003001,0.00435096529680254));
#7007=CARTESIAN_POINT('',(-0.000620376842506998,0.003001,0.00435096529680278));
#7008=CARTESIAN_POINT('',(-0.00062021239899,0.003001,0.004327779278408));
#7009=CARTESIAN_POINT('',(-0.000620212398989953,0.003001,0.004327779278408));
#7010=CARTESIAN_POINT('',(-0.000620212398989906,0.003001,0.004327779278408));
#7011=CARTESIAN_POINT('',(-0.000537250287768,0.003001,0.004351554859995));
#7012=CARTESIAN_POINT('',(-0.000537250287768339,0.003001,0.004351554859995));
#7013=CARTESIAN_POINT('',(-0.000537250287768169,0.003001,0.004351554859995));
#7014=CARTESIAN_POINT('',(-0.000620376842507,0.003001,0.004350965296803));
#7015=CARTESIAN_POINT('',(-0.000537735506756,0.003001,0.004419969210237));
#7016=CARTESIAN_POINT('',(-0.000537735506756,0.003001,0.00441996921023697));
#7017=CARTESIAN_POINT('',(-0.000537735506756,0.003001,0.00441996921023699));
#7018=CARTESIAN_POINT('',(-0.000537250287768,0.003001,0.004351554859995));
#7019=CARTESIAN_POINT('',(-0.000610464743829,0.003001,0.004419453388532));
#7020=CARTESIAN_POINT('',(-0.000610464743829028,0.003001,0.004419453388532));
#7021=CARTESIAN_POINT('',(-0.000610464743829014,0.003001,0.004419453388532));
#7022=CARTESIAN_POINT('',(-0.000537735506756,0.003001,0.004419969210237));
#7023=CARTESIAN_POINT('',(-0.000610629924761,0.003001,0.004442743380104));
#7024=CARTESIAN_POINT('',(-0.000610629924761,0.003001,0.00444274338010403));
#7025=CARTESIAN_POINT('',(-0.000610629924761,0.003001,0.00444274338010401));
#7026=CARTESIAN_POINT('',(-0.000610464743829,0.003001,0.004419453388532));
#7027=CARTESIAN_POINT('',(-0.000537900687688,0.003001,0.004443259201809));
#7028=CARTESIAN_POINT('',(-0.000537900687687334,0.003001,0.00444325920180901));
#7029=CARTESIAN_POINT('',(-0.000537900687687667,0.003001,0.004443259201809));
#7030=CARTESIAN_POINT('',(-0.000610629924761,0.003001,0.004442743380104));
#7031=CARTESIAN_POINT('',(-0.000538362309399,0.003001,0.004508346410398));
#7032=CARTESIAN_POINT('',(-0.000538362309399004,0.003001,0.00450834641039852));
#7033=CARTESIAN_POINT('',(-0.000538362309399002,0.003001,0.00450834641039826));
#7034=CARTESIAN_POINT('',(-0.000537900687688,0.003001,0.004443259201809));
#7035=CARTESIAN_POINT('',(-0.000616862057777,0.003001,0.004507789662168));
#7036=CARTESIAN_POINT('',(-0.000616862057777158,0.003001,0.004507789662168));
#7037=CARTESIAN_POINT('',(-0.000616862057777079,0.003001,0.004507789662168));
#7038=CARTESIAN_POINT('',(-0.000538362309399,0.003001,0.004508346410398));
#7039=CARTESIAN_POINT('',(-0.000617027976124,0.003001,0.004531183626916));
#7040=CARTESIAN_POINT('',(-0.000617027976124004,0.003001,0.00453118362691658));
#7041=CARTESIAN_POINT('',(-0.000617027976124002,0.003001,0.00453118362691629));
#7042=CARTESIAN_POINT('',(-0.000616862057777,0.003001,0.004507789662168));
#7043=CARTESIAN_POINT('',(-0.00051227500064,0.003001,0.004531926572403));
#7044=CARTESIAN_POINT('',(-0.000512275000639243,0.003001,0.00453192657240301));
#7045=CARTESIAN_POINT('',(-0.000512275000639621,0.003001,0.004531926572403));
#7046=CARTESIAN_POINT('',(-0.000617027976124,0.003001,0.004531183626916));
#7047=CARTESIAN_POINT('',(-0.000510832617144,0.003001,0.004328555038856));
#7048=CARTESIAN_POINT('',(-0.000510832617144002,0.003001,0.00432855503885636));
#7049=CARTESIAN_POINT('',(-0.000510832617144001,0.003001,0.00432855503885618));
#7050=CARTESIAN_POINT('',(-0.00051227500064,0.003001,0.004531926572403));
#7051=CARTESIAN_POINT('',(-0.00062021239899,0.003001,0.004327779278408));
#7052=CARTESIAN_POINT('',(-0.000510832617144,0.003001,0.004328555038856));
#7053=CARTESIAN_POINT('',(0.,0.003001,0.));
#7054=CARTESIAN_POINT('',(-0.000760385324596,0.003001,0.004523447280908));
#7055=CARTESIAN_POINT('',(-0.000658630487766,0.003001,0.004327506803611));
#7056=CARTESIAN_POINT('',(-0.000658630487766002,0.003001,0.00432750680361134));
#7057=CARTESIAN_POINT('',(-0.000714568056809,0.003001,0.004327110074409));
#7058=CARTESIAN_POINT('',(-0.000714568056809,0.003001,0.004327110074409));
#7059=CARTESIAN_POINT('',(-0.000746747754985,0.003001,0.004326881844505));
#7060=CARTESIAN_POINT('',(-0.000773172060022,0.003001,0.00433615646891));
#7061=CARTESIAN_POINT('',(-0.000793737736158,0.003001,0.004355038658215));
#7062=CARTESIAN_POINT('',(-0.000793737736158,0.003001,0.004355038658215));
#7063=CARTESIAN_POINT('',(-0.000793737736158,0.003001,0.004355038658215));
#7064=CARTESIAN_POINT('',(-0.000814303412294,0.003001,0.004373920847522));
#7065=CARTESIAN_POINT('',(-0.000824723962009,0.003001,0.004399113694085));
#7066=CARTESIAN_POINT('',(-0.000824947398716,0.003001,0.004430617566613));
#7067=CARTESIAN_POINT('',(-0.000824947398716,0.003001,0.004430617566613));
#7068=CARTESIAN_POINT('',(-0.000824947398716,0.003001,0.004430617566613));
#7069=CARTESIAN_POINT('',(-0.00082516124903,0.003001,0.004460769787843));
#7070=CARTESIAN_POINT('',(-0.000815090233966,0.003001,0.004484860227017));
#7071=CARTESIAN_POINT('',(-0.000794787077525,0.003001,0.004502992488603));
#7072=CARTESIAN_POINT('',(-0.000794787077525,0.003001,0.004502992488603));
#7073=CARTESIAN_POINT('',(-0.000794787077525,0.003001,0.004502992488603));
#7074=CARTESIAN_POINT('',(-0.000774483921085,0.003001,0.004521124750188));
#7075=CARTESIAN_POINT('',(-0.000748917950717,0.003001,0.004530248216147));
#7076=CARTESIAN_POINT('',(-0.000718089903838,0.003001,0.004530466859658));
#7077=CARTESIAN_POINT('',(-0.000718089855228753,0.003001,0.00453046686000267));
#7078=CARTESIAN_POINT('',(-0.000718089903838,0.003001,0.004530466859658));
#7079=CARTESIAN_POINT('',(-0.000660072871261621,0.003001,0.004530878337158));
#7080=CARTESIAN_POINT('',(-0.000660072871262,0.003001,0.004530878337158));
#7081=CARTESIAN_POINT('',(-0.000686160180022,0.003001,0.004507298175154));
#7082=CARTESIAN_POINT('',(-0.000686160180021997,0.003001,0.00450729817515351));
#7083=CARTESIAN_POINT('',(-0.000685048158390694,0.003001,0.00435050662474999));
#7084=CARTESIAN_POINT('',(-0.000716884253723,0.003001,0.004507080269058));
#7085=CARTESIAN_POINT('',(-0.000716883675468931,0.00300050003472222,0.00450708027315919));
#7086=CARTESIAN_POINT('',(-0.000720941175655781,0.00300100000000727,0.00441971756163389));
#7087=CARTESIAN_POINT('',(-0.000775441427612,0.0030005,0.004487532933855));
#7088=CARTESIAN_POINT('',(-0.000775441427612,0.003001,0.004487532933855));
#7089=CARTESIAN_POINT('',(-0.000790218889844,0.003001,0.0044746387828));
#7090=CARTESIAN_POINT('',(-0.00079751728764,0.003001,0.00445545499313));
#7091=CARTESIAN_POINT('',(-0.00079733735841,0.003001,0.004430085538025));
#7092=CARTESIAN_POINT('',(-0.00079733735841,0.003001,0.004430085538025));
#7093=CARTESIAN_POINT('',(-0.000718300676478905,0.00300099999999717,0.00442531686714134));
#7094=CARTESIAN_POINT('',(-0.000775272537211568,0.00300048249481873,0.00437098173604952));
#7095=CARTESIAN_POINT('',(-0.000720691887073794,0.00300100000000116,0.00443362820527233));
#7096=CARTESIAN_POINT('',(-0.000714575988774156,0.00300049996527778,0.00435029720283932));
#7097=CARTESIAN_POINT('',(-0.00068504815839,0.003001,0.00435050662475));
#7098=CARTESIAN_POINT('',(-0.000714568056809,0.003001,0.004327110074409));
#7099=CARTESIAN_POINT('',(-0.000714568056809,0.003001,0.004327110074409));
#7100=CARTESIAN_POINT('',(-0.000658630487766005,0.003001,0.00432750680361168));
#7101=CARTESIAN_POINT('',(-0.000714568056809,0.003001,0.004327110074409));
#7102=CARTESIAN_POINT('',(-0.000714568056809,0.003,0.004327110074409));
#7103=CARTESIAN_POINT('',(-0.000746747754985,0.003001,0.004326881844505));
#7104=CARTESIAN_POINT('',(-0.000746747754985,0.003,0.004326881844505));
#7105=CARTESIAN_POINT('',(-0.000773172060022,0.003001,0.00433615646891));
#7106=CARTESIAN_POINT('',(-0.000773172060022,0.003,0.00433615646891));
#7107=CARTESIAN_POINT('',(-0.000793737736158,0.003001,0.004355038658215));
#7108=CARTESIAN_POINT('',(-0.000793737736158,0.003,0.004355038658215));
#7109=CARTESIAN_POINT('',(-0.000793737736158,0.0030005,0.004355038658215));
#7110=CARTESIAN_POINT('',(-0.000793737736158,0.003001,0.004355038658215));
#7111=CARTESIAN_POINT('',(-0.000793737736158,0.003,0.004355038658215));
#7112=CARTESIAN_POINT('',(-0.000814303412294,0.003001,0.004373920847522));
#7113=CARTESIAN_POINT('',(-0.000814303412294,0.003,0.004373920847522));
#7114=CARTESIAN_POINT('',(-0.000824723962009,0.003001,0.004399113694085));
#7115=CARTESIAN_POINT('',(-0.000824723962009,0.003,0.004399113694085));
#7116=CARTESIAN_POINT('',(-0.000824947398716,0.003001,0.004430617566613));
#7117=CARTESIAN_POINT('',(-0.000824947398716,0.003,0.004430617566613));
#7118=CARTESIAN_POINT('',(-0.000824947398716,0.0030005,0.004430617566613));
#7119=CARTESIAN_POINT('',(-0.000824947398716,0.003001,0.004430617566613));
#7120=CARTESIAN_POINT('',(-0.000824947398716,0.003,0.004430617566613));
#7121=CARTESIAN_POINT('',(-0.00082516124903,0.003001,0.004460769787843));
#7122=CARTESIAN_POINT('',(-0.00082516124903,0.003,0.004460769787843));
#7123=CARTESIAN_POINT('',(-0.000815090233966,0.003001,0.004484860227017));
#7124=CARTESIAN_POINT('',(-0.000815090233966,0.003,0.004484860227017));
#7125=CARTESIAN_POINT('',(-0.000794787077525,0.003001,0.004502992488603));
#7126=CARTESIAN_POINT('',(-0.000794787077525,0.003,0.004502992488603));
#7127=CARTESIAN_POINT('',(-0.000794787077525,0.0030005,0.004502992488603));
#7128=CARTESIAN_POINT('',(-0.000794787077525,0.003001,0.004502992488603));
#7129=CARTESIAN_POINT('',(-0.000794787077525,0.003,0.004502992488603));
#7130=CARTESIAN_POINT('',(-0.000774483921085,0.003001,0.004521124750188));
#7131=CARTESIAN_POINT('',(-0.000774483921085,0.003,0.004521124750188));
#7132=CARTESIAN_POINT('',(-0.000748917950717,0.003001,0.004530248216147));
#7133=CARTESIAN_POINT('',(-0.000748917950717,0.003,0.004530248216147));
#7134=CARTESIAN_POINT('',(-0.000718089903838,0.003001,0.004530466859658));
#7135=CARTESIAN_POINT('',(-0.000718089903838,0.003,0.004530466859658));
#7136=CARTESIAN_POINT('',(-0.000718089903837999,0.003001,0.00453046685965783));
#7137=CARTESIAN_POINT('',(-0.000660072871262,0.003001,0.004530878337158));
#7138=CARTESIAN_POINT('',(-0.000660072871261243,0.003001,0.00453087833715801));
#7139=CARTESIAN_POINT('',(-0.000658630487766,0.003001,0.004327506803611));
#7140=CARTESIAN_POINT('',(-0.000716884253723,0.003001,0.004507080269058));
#7141=CARTESIAN_POINT('',(-0.000716884253723,0.003,0.004507080269058));
#7142=CARTESIAN_POINT('',(-0.000686160180021998,0.003,0.00450729817515375));
#7143=CARTESIAN_POINT('',(-0.000686160180021996,0.003001,0.00450729817515351));
#7144=CARTESIAN_POINT('',(-0.000686160180022,0.003001,0.004507298175154));
#7145=CARTESIAN_POINT('',(-0.000686160180022,0.003,0.004507298175154));
#7146=CARTESIAN_POINT('',(-0.000685048158390347,0.003,0.00435050662475));
#7147=CARTESIAN_POINT('',(-0.000685048158390694,0.003001,0.00435050662474999));
#7148=CARTESIAN_POINT('',(-0.00068504815839,0.003001,0.00435050662475));
#7149=CARTESIAN_POINT('',(-0.00068504815839,0.003,0.00435050662475));
#7150=CARTESIAN_POINT('',(-0.000720691887073833,0.0030005,0.00443362820527233));
#7151=CARTESIAN_POINT('',(-0.000720691887073872,0.00299999999999627,0.00443362820527233));
#7152=CARTESIAN_POINT('',(-0.000718300676478895,0.0030005,0.0044253168671413));
#7153=CARTESIAN_POINT('',(-0.000718300676478884,0.00300000000000196,0.00442531686714127));
#7154=CARTESIAN_POINT('',(-0.00079733735841,0.003,0.004430085538025));
#7155=CARTESIAN_POINT('',(-0.000797018147470912,0.00300100000000001,0.00443006627846256));
#7156=CARTESIAN_POINT('',(-0.000797018147470903,0.00300066666666668,0.00443006627846256));
#7157=CARTESIAN_POINT('',(-0.000797018147470895,0.00300033333333335,0.00443006627846256));
#7158=CARTESIAN_POINT('',(-0.000797018147470887,0.00300000000000001,0.00443006627846255));
#7159=CARTESIAN_POINT('',(-0.00079733735841,0.003001,0.004430085538025));
#7160=CARTESIAN_POINT('',(-0.00079733735841,0.003,0.004430085538025));
#7161=CARTESIAN_POINT('',(-0.00079751728764,0.003001,0.00445545499313));
#7162=CARTESIAN_POINT('',(-0.00079751728764,0.003,0.00445545499313));
#7163=CARTESIAN_POINT('',(-0.000790218889844,0.003001,0.0044746387828));
#7164=CARTESIAN_POINT('',(-0.000790218889844,0.003,0.0044746387828));
#7165=CARTESIAN_POINT('',(-0.000775441427612,0.003001,0.004487532933855));
#7166=CARTESIAN_POINT('',(-0.000775441427612,0.003,0.004487532933855));
#7167=CARTESIAN_POINT('',(-0.00079733735841,0.003,0.004430085538025));
#7168=CARTESIAN_POINT('',(-0.00079751728764,0.003,0.00445545499313));
#7169=CARTESIAN_POINT('',(-0.000790218889844,0.003,0.0044746387828));
#7170=CARTESIAN_POINT('',(-0.000775441427612,0.003,0.004487532933855));
#7171=CARTESIAN_POINT('',(-0.0007209411756557,0.0030005,0.0044197175616339));
#7172=CARTESIAN_POINT('',(-0.000720941175655619,0.00299999999999734,0.00441971756163391));
#7173=CARTESIAN_POINT('',(-0.003749999999999,0.003,0.01));
#7174=CARTESIAN_POINT('',(0.,0.003001,0.));
#7175=CARTESIAN_POINT('',(-0.001018481652186,0.003001,0.004324954610729));
#7176=CARTESIAN_POINT('',(-0.00101848165218617,0.003001,0.00432495461072903));
#7177=CARTESIAN_POINT('',(-0.000942464019069938,0.003001,0.00452887551835737));
#7178=CARTESIAN_POINT('',(-0.00094246401907,0.003001,0.004528875518357));
#7179=CARTESIAN_POINT('',(-0.000914391261371042,0.003001,0.00452907462037399));
#7180=CARTESIAN_POINT('',(-0.000914391261371,0.003001,0.004529074620374));
#7181=CARTESIAN_POINT('',(-0.000835488861265007,0.003001,0.00432625246090904));
#7182=CARTESIAN_POINT('',(-0.000835488861265,0.003001,0.004326252460909));
#7183=CARTESIAN_POINT('',(-0.000864497377551971,0.003001,0.004326046722159));
#7184=CARTESIAN_POINT('',(-0.000864497377552,0.003001,0.004326046722159));
#7185=CARTESIAN_POINT('',(-0.000884438851721966,0.003001,0.0043815337376758));
#7186=CARTESIAN_POINT('',(-0.000884438851722,0.003001,0.004381533737676));
#7187=CARTESIAN_POINT('',(-0.000969125004112247,0.003001,0.00438093311326004));
#7188=CARTESIAN_POINT('',(-0.000969125004112,0.003001,0.00438093311326));
#7189=CARTESIAN_POINT('',(-0.000989473135897993,0.003001,0.00432516034947904));
#7190=CARTESIAN_POINT('',(-0.000989473135898,0.003001,0.004325160349479));
#7191=CARTESIAN_POINT('',(-0.000892919674543,0.003001,0.004404452816528));
#7192=CARTESIAN_POINT('',(-0.000892919674542663,0.003001,0.00440445281652806));
#7193=CARTESIAN_POINT('',(-0.000961178065019886,0.003001,0.00440396870366265));
#7194=CARTESIAN_POINT('',(-0.000923931347009,0.003001,0.004488767315301));
#7195=CARTESIAN_POINT('',(-0.000923931347009,0.003001,0.0044887673153005));
#7196=CARTESIAN_POINT('',(-0.000923931347009,0.003001,0.0044887673153));
#7197=CARTESIAN_POINT('',(-0.000925202622405,0.003001,0.004492085607976));
#7198=CARTESIAN_POINT('',(-0.000926328261844,0.003001,0.004496860631246));
#7199=CARTESIAN_POINT('',(-0.0009273595145,0.003001,0.004502988043227));
#7200=CARTESIAN_POINT('',(-0.000927359590894067,0.003001,0.00450298804268544));
#7201=CARTESIAN_POINT('',(-0.00092798335356,0.003001,0.004502983618738));
#7202=CARTESIAN_POINT('',(-0.00092798335356,0.003001,0.004502983618738));
#7203=CARTESIAN_POINT('',(-0.00092798335356,0.003001,0.004502983618738));
#7204=CARTESIAN_POINT('',(-0.000929079126536,0.003001,0.004496217250691));
#7205=CARTESIAN_POINT('',(-0.000930085674634,0.003001,0.004491531083592));
#7206=CARTESIAN_POINT('',(-0.000931053509611,0.003001,0.004488716802382));
#7207=CARTESIAN_POINT('',(-0.000931053525891633,0.003001,0.00448871675657907));
#7208=CARTESIAN_POINT('',(-0.00096117806502,0.003001,0.004403968703662));
#7209=CARTESIAN_POINT('',(-0.00094246401907,0.003001,0.004528875518357));
#7210=CARTESIAN_POINT('',(-0.000942464019070006,0.003001,0.00452887551835778));
#7211=CARTESIAN_POINT('',(-0.00101848165218634,0.003001,0.00432495461072913));
#7212=CARTESIAN_POINT('',(-0.000914391261371,0.003001,0.004529074620374));
#7213=CARTESIAN_POINT('',(-0.000914391261371083,0.003001,0.00452907462037397));
#7214=CARTESIAN_POINT('',(-0.000835488861265,0.003001,0.004326252460909));
#7215=CARTESIAN_POINT('',(-0.000835488861265001,0.003001,0.00432625246090908));
#7216=CARTESIAN_POINT('',(-0.000864497377552,0.003001,0.004326046722159));
#7217=CARTESIAN_POINT('',(-0.000864497377551941,0.003001,0.00432604672215902));
#7218=CARTESIAN_POINT('',(-0.000884438851722,0.003001,0.004381533737676));
#7219=CARTESIAN_POINT('',(-0.000884438851721997,0.003001,0.00438153373767558));
#7220=CARTESIAN_POINT('',(-0.000969125004112,0.003001,0.00438093311326));
#7221=CARTESIAN_POINT('',(-0.000969125004112495,0.003001,0.00438093311326018));
#7222=CARTESIAN_POINT('',(-0.000989473135898,0.003001,0.004325160349479));
#7223=CARTESIAN_POINT('',(-0.000989473135898001,0.003001,0.00432516034947909));
#7224=CARTESIAN_POINT('',(-0.001018481652186,0.003001,0.004324954610729));
#7225=CARTESIAN_POINT('',(-0.000892919674543,0.003001,0.004404452816528));
#7226=CARTESIAN_POINT('',(-0.000892919674543,0.003,0.004404452816528));
#7227=CARTESIAN_POINT('',(-0.000892919674542842,0.003,0.00440445281652803));
#7228=CARTESIAN_POINT('',(-0.00096117806501995,0.003,0.0044039687036623));
#7229=CARTESIAN_POINT('',(-0.000892919674542684,0.003001,0.00440445281652811));
#7230=CARTESIAN_POINT('',(-0.000961178065020005,0.003001,0.00440396870366265));
#7231=CARTESIAN_POINT('',(-0.00096117806502,0.003001,0.004403968703662));
#7232=CARTESIAN_POINT('',(-0.00096117806502,0.003,0.004403968703662));
#7233=CARTESIAN_POINT('',(-0.000931053525891947,0.003,0.00448871675657919));
#7234=CARTESIAN_POINT('',(-0.000931053509610581,0.003001,0.00448871680238185));
#7235=CARTESIAN_POINT('',(-0.000931053509609844,0.003001,0.00448871680238536));
#7236=CARTESIAN_POINT('',(-0.000931053509609844,0.003,0.00448871680238536));
#7237=CARTESIAN_POINT('',(-0.000930085674633199,0.003001,0.00449153108359573));
#7238=CARTESIAN_POINT('',(-0.000930085674633199,0.003,0.00449153108359573));
#7239=CARTESIAN_POINT('',(-0.000929079126535564,0.003001,0.0044962172506937));
#7240=CARTESIAN_POINT('',(-0.000929079126535564,0.003,0.0044962172506937));
#7241=CARTESIAN_POINT('',(-0.00092798335356,0.003001,0.004502983618738));
#7242=CARTESIAN_POINT('',(-0.00092798335356,0.003,0.004502983618738));
#7243=CARTESIAN_POINT('',(-0.000931053509611,0.003,0.004488716802382));
#7244=CARTESIAN_POINT('',(-0.000930085674633999,0.003,0.004491531083592));
#7245=CARTESIAN_POINT('',(-0.000929079126536,0.003,0.004496217250691));
#7246=CARTESIAN_POINT('',(-0.00092798335356,0.003,0.004502983618738));
#7247=CARTESIAN_POINT('',(-0.00092798335882991,0.003,0.00450298358619647));
#7248=CARTESIAN_POINT('',(-0.00092798335356,0.003001,0.004502983618738));
#7249=CARTESIAN_POINT('',(-0.00092798335356,0.003001,0.004502983618738));
#7250=CARTESIAN_POINT('',(-0.003749999999999,0.003,0.004502983618738));
#7251=CARTESIAN_POINT('',(-0.000927359590894067,0.003,0.004502986936563));
#7252=CARTESIAN_POINT('',(-0.000927359514500002,0.003001,0.00450298804322725));
#7253=CARTESIAN_POINT('',(-0.0009273595145,0.003001,0.004502988043227));
#7254=CARTESIAN_POINT('',(-0.0009273595145,0.003,0.004502988043227));
#7255=CARTESIAN_POINT('',(-0.000926328261844,0.003001,0.004496860631246));
#7256=CARTESIAN_POINT('',(-0.000926328261844,0.003,0.004496860631246));
#7257=CARTESIAN_POINT('',(-0.000925202622405,0.003001,0.004492085607976));
#7258=CARTESIAN_POINT('',(-0.000925202622405,0.003,0.004492085607976));
#7259=CARTESIAN_POINT('',(-0.000923931347009,0.003001,0.004488767315301));
#7260=CARTESIAN_POINT('',(-0.000923931347009,0.003,0.004488767315301));
#7261=CARTESIAN_POINT('',(-0.000927359514499999,0.003,0.004502988043227));
#7262=CARTESIAN_POINT('',(-0.000926328261844,0.003,0.004496860631246));
#7263=CARTESIAN_POINT('',(-0.000925202622405,0.003,0.004492085607976));
#7264=CARTESIAN_POINT('',(-0.000923931347008999,0.003,0.004488767315301));
#7265=CARTESIAN_POINT('',(-0.000923931347009,0.003,0.004488767315301));
#7266=CARTESIAN_POINT('',(-0.000923931347009,0.003001,0.004488767315301));
#7267=CARTESIAN_POINT('',(-0.000923931347009,0.003001,0.004488767315301));
#7268=CARTESIAN_POINT('',(-0.000923931347008999,0.003,0.004488767315301));
#7269=CARTESIAN_POINT('',(-0.003749999999999,0.003,0.01));
#7270=CARTESIAN_POINT('',(-0.000309548242412,0.003001,0.004030524808269));
#7271=CARTESIAN_POINT('',(-0.000309548242412004,0.003001,0.00403052480826954));
#7272=CARTESIAN_POINT('',(-0.000309548242412002,0.003001,0.00403052480826927));
#7273=CARTESIAN_POINT('',(-0.000309383798895,0.003001,0.004007338789874));
#7274=CARTESIAN_POINT('',(-0.000309383798894953,0.003001,0.004007338789874));
#7275=CARTESIAN_POINT('',(-0.000309383798894906,0.003001,0.004007338789874));
#7276=CARTESIAN_POINT('',(-0.000226421687672,0.003001,0.004031114371462));
#7277=CARTESIAN_POINT('',(-0.000226421687672346,0.003001,0.00403111437146199));
#7278=CARTESIAN_POINT('',(-0.000226421687672173,0.003001,0.004031114371462));
#7279=CARTESIAN_POINT('',(-0.000309548242412,0.003001,0.004030524808269));
#7280=CARTESIAN_POINT('',(-0.00022690690666,0.003001,0.004099528721703));
#7281=CARTESIAN_POINT('',(-0.00022690690666,0.003001,0.00409952872170297));
#7282=CARTESIAN_POINT('',(-0.00022690690666,0.003001,0.00409952872170298));
#7283=CARTESIAN_POINT('',(-0.000226421687672,0.003001,0.004031114371462));
#7284=CARTESIAN_POINT('',(-0.000299636143734,0.003001,0.004099012899998));
#7285=CARTESIAN_POINT('',(-0.000299636143734029,0.003001,0.004099012899998));
#7286=CARTESIAN_POINT('',(-0.000299636143734014,0.003001,0.004099012899998));
#7287=CARTESIAN_POINT('',(-0.00022690690666,0.003001,0.004099528721703));
#7288=CARTESIAN_POINT('',(-0.000299801324666,0.003001,0.00412230289157));
#7289=CARTESIAN_POINT('',(-0.000299801324666,0.003001,0.00412230289157003));
#7290=CARTESIAN_POINT('',(-0.000299801324666,0.003001,0.00412230289157002));
#7291=CARTESIAN_POINT('',(-0.000299636143734,0.003001,0.004099012899998));
#7292=CARTESIAN_POINT('',(-0.000227072087592,0.003001,0.004122818713275));
#7293=CARTESIAN_POINT('',(-0.000227072087592326,0.003001,0.004122818713275));
#7294=CARTESIAN_POINT('',(-0.000227072087592163,0.003001,0.004122818713275));
#7295=CARTESIAN_POINT('',(-0.000299801324666,0.003001,0.00412230289157));
#7296=CARTESIAN_POINT('',(-0.000227533709304,0.003001,0.004187905921865));
#7297=CARTESIAN_POINT('',(-0.000227533709303996,0.003001,0.00418790592186453));
#7298=CARTESIAN_POINT('',(-0.000227533709303998,0.003001,0.00418790592186476));
#7299=CARTESIAN_POINT('',(-0.000227072087592,0.003001,0.004122818713275));
#7300=CARTESIAN_POINT('',(-0.000306033457682,0.003001,0.004187349173634));
#7301=CARTESIAN_POINT('',(-0.000306033457682158,0.003001,0.004187349173634));
#7302=CARTESIAN_POINT('',(-0.000306033457682079,0.003001,0.004187349173634));
#7303=CARTESIAN_POINT('',(-0.000227533709304,0.003001,0.004187905921865));
#7304=CARTESIAN_POINT('',(-0.000306199376029,0.003001,0.004210743138382));
#7305=CARTESIAN_POINT('',(-0.000306199376029004,0.003001,0.00421074313838257));
#7306=CARTESIAN_POINT('',(-0.000306199376029002,0.003001,0.00421074313838229));
#7307=CARTESIAN_POINT('',(-0.000306033457682,0.003001,0.004187349173634));
#7308=CARTESIAN_POINT('',(-0.000201446400544,0.003001,0.004211486083869));
#7309=CARTESIAN_POINT('',(-0.000201446400544243,0.003001,0.004211486083869));
#7310=CARTESIAN_POINT('',(-0.000201446400544121,0.003001,0.004211486083869));
#7311=CARTESIAN_POINT('',(-0.000306199376029,0.003001,0.004210743138382));
#7312=CARTESIAN_POINT('',(-0.000200004017049,0.003001,0.004008114550322));
#7313=CARTESIAN_POINT('',(-0.000200004017049003,0.003001,0.00400811455032236));
#7314=CARTESIAN_POINT('',(-0.000200004017049001,0.003001,0.00400811455032218));
#7315=CARTESIAN_POINT('',(-0.000201446400544,0.003001,0.004211486083869));
#7316=CARTESIAN_POINT('',(-0.000309383798895,0.003001,0.004007338789874));
#7317=CARTESIAN_POINT('',(-0.000200004017049,0.003001,0.004008114550322));
#7318=CARTESIAN_POINT('',(0.,0.003001,0.));
#7319=CARTESIAN_POINT('',(-0.000372297226028,0.003001,0.00415211142761));
#7320=CARTESIAN_POINT('',(-0.000396151049578399,0.003001,0.00406319017328206));
#7321=CARTESIAN_POINT('',(-0.000348915749358,0.003001,0.004142126365436));
#7322=CARTESIAN_POINT('',(-0.000396299502407011,0.003001,0.00406088258277127));
#7323=CARTESIAN_POINT('',(-0.000396484582642,0.003001,0.004134614480234));
#7324=CARTESIAN_POINT('',(-0.000416083526443,0.003001,0.00413447547753));
#7325=CARTESIAN_POINT('',(-0.000425824926341,0.003001,0.004122552849685));
#7326=CARTESIAN_POINT('',(-0.00042565679575,0.003001,0.004098846965407));
#7327=CARTESIAN_POINT('',(-0.000425656719223986,0.003001,0.00409884695523887));
#7328=CARTESIAN_POINT('',(-0.00042565679575,0.003001,0.004098846965407));
#7329=CARTESIAN_POINT('',(-0.000382569130549,0.003001,0.004093121810919));
#7330=CARTESIAN_POINT('',(-0.000382569130549,0.003001,0.004093121810919));
#7331=CARTESIAN_POINT('',(-0.000350409710122,0.003001,0.004088878825518));
#7332=CARTESIAN_POINT('',(-0.000334233767267,0.003001,0.004073188833264));
#7333=CARTESIAN_POINT('',(-0.000334041301985,0.003001,0.004046051834157));
#7334=CARTESIAN_POINT('',(-0.000334041301985025,0.003001,0.00404605183416054));
#7335=CARTESIAN_POINT('',(-0.000373811982795973,0.003001,0.0040436236549419));
#7336=CARTESIAN_POINT('',(-0.000346252678384422,0.00300099990277778,0.00401507006571071));
#7337=CARTESIAN_POINT('',(-0.000377410498989614,0.003001,0.00405158132849107));
#7338=CARTESIAN_POINT('',(-0.00037979817102179,0.003001,0.00400358879636627));
#7339=CARTESIAN_POINT('',(-0.000382287105251494,0.003001,0.00405079459812531));
#7340=CARTESIAN_POINT('',(-0.000424191462285911,0.003001,0.00402898380631195));
#7341=CARTESIAN_POINT('',(-0.000372297226028,0.003001,0.004028981783888));
#7342=CARTESIAN_POINT('',(-0.000425161269951524,0.003001,0.0040289793872895));
#7343=CARTESIAN_POINT('',(-0.000425161252954,0.003001,0.004028976990691));
#7344=CARTESIAN_POINT('',(-0.000425001971341001,0.003001,0.00400651878453317));
#7345=CARTESIAN_POINT('',(-0.000425001971341,0.003001,0.004006518784533));
#7346=CARTESIAN_POINT('',(-0.000450475399622252,0.003001,0.004006338117889));
#7347=CARTESIAN_POINT('',(-0.000450475399622,0.003001,0.004006338117889));
#7348=CARTESIAN_POINT('',(-0.000451138335595,0.003001,0.004099810003705));
#7349=CARTESIAN_POINT('',(-0.000451138335595,0.003001,0.004099810003705));
#7350=CARTESIAN_POINT('',(-0.000451399380461,0.003001,0.004136616508243));
#7351=CARTESIAN_POINT('',(-0.000434009685211,0.003001,0.004155040041742));
#7352=CARTESIAN_POINT('',(-0.000399022711266,0.003001,0.004155288181847));
#7353=CARTESIAN_POINT('',(-0.000384617853400247,0.003001,0.00404937052704646));
#7354=CARTESIAN_POINT('',(-0.000366782163598016,0.0030005,0.004066303370394));
#7355=CARTESIAN_POINT('',(-0.000359893384683002,0.003001,0.00404794805009224));
#7356=CARTESIAN_POINT('',(-0.000393528304644748,0.003001,0.00402771961798569));
#7357=CARTESIAN_POINT('',(-0.000391487306808754,0.0030005,0.00407507030678876));
#7358=CARTESIAN_POINT('',(-0.000425518899168,0.003001,0.004079403981372));
#7359=CARTESIAN_POINT('',(-0.000425518899168243,0.003001,0.00407940398137202));
#7360=CARTESIAN_POINT('',(-0.000425420085575,0.003001,0.004065471575698));
#7361=CARTESIAN_POINT('',(-0.000425420088925062,0.0030005,0.00406547204804617));
#7362=CARTESIAN_POINT('',(-0.000383670388113441,0.003001,0.00406412949475141));
#7363=CARTESIAN_POINT('',(-0.000414292738786013,0.0030005,0.00403591664891298));
#7364=CARTESIAN_POINT('',(-0.000387904641621856,0.003001,0.00406005857616561));
#7365=CARTESIAN_POINT('',(-0.000386199696146587,0.003001,0.00402432793693099));
#7366=CARTESIAN_POINT('',(-0.000385226095956677,0.003001,0.0040525208005547));
#7367=CARTESIAN_POINT('',(-0.000367155281599987,0.003001,0.004030948065841));
#7368=CARTESIAN_POINT('',(-0.00038135115277936,0.003001,0.0040470056988104));
#7369=CARTESIAN_POINT('',(-0.000396151049578399,0.0030005,0.00406319017328206));
#7370=CARTESIAN_POINT('',(-0.000348740244618,0.003001,0.00411738074939));
#7371=CARTESIAN_POINT('',(-0.000396299502407011,0.0030005,0.00406088258277127));
#7372=CARTESIAN_POINT('',(-0.000396130760499399,0.003001,0.0041346157377537));
#7373=CARTESIAN_POINT('',(-0.000396130760499399,0.003,0.0041346157377537));
#7374=CARTESIAN_POINT('',(-0.0004159623593346,0.003001,0.00413461344111583));
#7375=CARTESIAN_POINT('',(-0.0004159623593346,0.003,0.00413461344111583));
#7376=CARTESIAN_POINT('',(-0.000425825937864993,0.003001,0.00412269508169632));
#7377=CARTESIAN_POINT('',(-0.000425825937864993,0.003,0.00412269508169632));
#7378=CARTESIAN_POINT('',(-0.000425656795679486,0.003001,0.00409884695546478));
#7379=CARTESIAN_POINT('',(-0.000425656795679486,0.003,0.00409884695546478));
#7380=CARTESIAN_POINT('',(-0.000425656795749975,0.003001,0.00409884696540719));
#7381=CARTESIAN_POINT('',(-0.000382569130549,0.003001,0.004093121810919));
#7382=CARTESIAN_POINT('',(-0.000382569130549,0.003001,0.004093121810919));
#7383=CARTESIAN_POINT('',(-0.000334041254430347,0.003,0.00404604508237961));
#7384=CARTESIAN_POINT('',(-0.000334041254430347,0.003001,0.00404604508237961));
#7385=CARTESIAN_POINT('',(-0.000334231085579426,0.003,0.00407318622982387));
#7386=CARTESIAN_POINT('',(-0.000334231085579426,0.003001,0.00407318622982387));
#7387=CARTESIAN_POINT('',(-0.000350407042955251,0.003,0.0040888784735089));
#7388=CARTESIAN_POINT('',(-0.000350407042955251,0.003001,0.0040888784735089));
#7389=CARTESIAN_POINT('',(-0.000382569130144178,0.003,0.00409312181086559));
#7390=CARTESIAN_POINT('',(-0.000382569130144178,0.003001,0.00409312181086559));
#7391=CARTESIAN_POINT('',(-0.00033416620162282,0.00300100000000001,0.00404604420847149));
#7392=CARTESIAN_POINT('',(-0.00033416620162282,0.00300066666666667,0.00404604420847149));
#7393=CARTESIAN_POINT('',(-0.00033416620162282,0.00300033333333334,0.00404604420847149));
#7394=CARTESIAN_POINT('',(-0.00033416620162282,0.00300000000000001,0.00404604420847149));
#7395=CARTESIAN_POINT('',(-0.000373811982795973,0.0030005,0.0040436236549419));
#7396=CARTESIAN_POINT('',(-0.000346250864550429,0.00300000024559106,0.00401502239963249));
#7397=CARTESIAN_POINT('',(-0.000346250864550429,0.0030003334646533,0.00401502239963249));
#7398=CARTESIAN_POINT('',(-0.000346250864550429,0.00300066668371555,0.00401502239963249));
#7399=CARTESIAN_POINT('',(-0.000346250864550429,0.00300099990277779,0.00401502239963249));
#7400=CARTESIAN_POINT('',(-0.000377410498989614,0.0030005,0.00405158132849107));
#7401=CARTESIAN_POINT('',(-0.000379793855112262,0.00300000000000001,0.00400355791370388));
#7402=CARTESIAN_POINT('',(-0.000379793855112262,0.00300033333333334,0.00400355791370388));
#7403=CARTESIAN_POINT('',(-0.000379793855112262,0.00300066666666667,0.00400355791370388));
#7404=CARTESIAN_POINT('',(-0.000379793855112262,0.00300100000000001,0.00400355791370388));
#7405=CARTESIAN_POINT('',(-0.000382287105251494,0.0030008,0.00405079459812531));
#7406=CARTESIAN_POINT('',(-0.000424191500061711,0.003001,0.00402898374356345));
#7407=CARTESIAN_POINT('',(-0.000425161252954,0.003001,0.004028976990691));
#7408=CARTESIAN_POINT('',(-0.000425161252953967,0.003001,0.004028976990691));
#7409=CARTESIAN_POINT('',(-0.000425001971341,0.003001,0.004006518784533));
#7410=CARTESIAN_POINT('',(-0.000425001971341003,0.003001,0.00400651878453334));
#7411=CARTESIAN_POINT('',(-0.000450475399622,0.003001,0.004006338117889));
#7412=CARTESIAN_POINT('',(-0.000450475399622503,0.003001,0.004006338117889));
#7413=CARTESIAN_POINT('',(-0.000451138335595,0.003001,0.004099810003705));
#7414=CARTESIAN_POINT('',(-0.000451138335595,0.003001,0.004099810003705));
#7415=CARTESIAN_POINT('',(-0.000398391081269488,0.003,0.00415529072264682));
#7416=CARTESIAN_POINT('',(-0.000398391081269488,0.003001,0.00415529072264682));
#7417=CARTESIAN_POINT('',(-0.000433794369278529,0.003,0.00415525426642457));
#7418=CARTESIAN_POINT('',(-0.000433794369278529,0.003001,0.00415525426642457));
#7419=CARTESIAN_POINT('',(-0.000451400946730186,0.003,0.00413683734726881));
#7420=CARTESIAN_POINT('',(-0.000451400946730186,0.003001,0.00413683734726881));
#7421=CARTESIAN_POINT('',(-0.000451138335595,0.003,0.004099810003705));
#7422=CARTESIAN_POINT('',(-0.000451138335595,0.003001,0.004099810003705));
#7423=CARTESIAN_POINT('',(-0.000393528304644749,0.0030005,0.00402771961798569));
#7424=CARTESIAN_POINT('',(-0.000393528304644749,0.003,0.00402771961798569));
#7425=CARTESIAN_POINT('',(-0.000384617853400247,0.0030005,0.00404937052704646));
#7426=CARTESIAN_POINT('',(-0.000384617853400247,0.003,0.00404937052704646));
#7427=CARTESIAN_POINT('',(-0.000359893384683002,0.003,0.00404794805009224));
#7428=CARTESIAN_POINT('',(-0.000359988209286237,0.00300100000000001,0.00404795350565161));
#7429=CARTESIAN_POINT('',(-0.000359988209286237,0.00300066666666667,0.00404795350565161));
#7430=CARTESIAN_POINT('',(-0.000359988209286237,0.00300033333333334,0.00404795350565161));
#7431=CARTESIAN_POINT('',(-0.000359988209286237,0.00300000000000001,0.00404795350565161));
#7432=CARTESIAN_POINT('',(-0.00038135115277936,0.0030005,0.0040470056988104));
#7433=CARTESIAN_POINT('',(-0.00038135115277936,0.003,0.0040470056988104));
#7434=CARTESIAN_POINT('',(-0.000367155281599987,0.003,0.004030948065841));
#7435=CARTESIAN_POINT('',(-0.000367151512024877,0.00300100000000001,0.0040309438018932));
#7436=CARTESIAN_POINT('',(-0.000367151512024877,0.00300066666666667,0.0040309438018932));
#7437=CARTESIAN_POINT('',(-0.000367151512024877,0.00300033333333334,0.0040309438018932));
#7438=CARTESIAN_POINT('',(-0.000367151512024877,0.00300000000000001,0.0040309438018932));
#7439=CARTESIAN_POINT('',(-0.000385226095956677,0.0030005,0.0040525208005547));
#7440=CARTESIAN_POINT('',(-0.000385226095956677,0.003,0.0040525208005547));
#7441=CARTESIAN_POINT('',(-0.000386199696146587,0.003,0.00402432793693099));
#7442=CARTESIAN_POINT('',(-0.000386199696146721,0.003001,0.00402432793693094));
#7443=CARTESIAN_POINT('',(-0.000387904641621856,0.0030005,0.00406005857616561));
#7444=CARTESIAN_POINT('',(-0.000387904641621856,0.003,0.00406005857616561));
#7445=CARTESIAN_POINT('',(-0.000383670388113441,0.0030005,0.00406412949475141));
#7446=CARTESIAN_POINT('',(-0.000383670388113441,0.003,0.00406412949475141));
#7447=CARTESIAN_POINT('',(-0.000425420085575,0.003001,0.004065471575698));
#7448=CARTESIAN_POINT('',(-0.000425420085575,0.003,0.004065471575698));
#7449=CARTESIAN_POINT('',(-0.00042551889916812,0.003,0.00407940398137201));
#7450=CARTESIAN_POINT('',(-0.000425518899168243,0.003001,0.004079403981372));
#7451=CARTESIAN_POINT('',(-0.000425518899168,0.003001,0.004079403981372));
#7452=CARTESIAN_POINT('',(-0.000425518899168,0.003,0.004079403981372));
#7453=CARTESIAN_POINT('',(-0.003749999999999,0.003,0.01));
#7454=CARTESIAN_POINT('',(-0.000527870169231536,0.0030005,0.00409331890077863));
#7455=CARTESIAN_POINT('',(-0.000527870169231536,0.003001,0.00409331890077863));
#7456=CARTESIAN_POINT('',(-0.000485030627602,0.003001,0.004011187981806));
#7457=CARTESIAN_POINT('',(-0.000485217193566,0.003001,0.0040374931955));
#7458=CARTESIAN_POINT('',(-0.000522950543255086,0.0030005,0.0040896331283276));
#7459=CARTESIAN_POINT('',(-0.000522950543255086,0.003001,0.0040896331283276));
#7460=CARTESIAN_POINT('',(-0.000528471562076303,0.0030005,0.00407461798879907));
#7461=CARTESIAN_POINT('',(-0.000566860036535641,0.00300000000000001,0.00401348807112838));
#7462=CARTESIAN_POINT('',(-0.000566860036535641,0.00300033333333334,0.00401348807112838));
#7463=CARTESIAN_POINT('',(-0.000566860036535641,0.00300066666666667,0.00401348807112838));
#7464=CARTESIAN_POINT('',(-0.000566860036535641,0.00300100000000001,0.00401348807112838));
#7465=CARTESIAN_POINT('',(-0.000566774929488013,0.003001,0.00401362359583698));
#7466=CARTESIAN_POINT('',(-0.000528471562076303,0.003001,0.00407461798879907));
#7467=CARTESIAN_POINT('',(-0.000547260192876201,0.0030005,0.00404401530953225));
#7468=CARTESIAN_POINT('',(-0.000583320121133436,0.003001,0.00404503551290074));
#7469=CARTESIAN_POINT('',(-0.000583320121133436,0.003001,0.00404503551290074));
#7470=CARTESIAN_POINT('',(-0.000547260192876201,0.003001,0.00404401530953225));
#7471=CARTESIAN_POINT('',(-0.000548287993055382,0.0030005,0.00404635588924024));
#7472=CARTESIAN_POINT('',(-0.00057504406315609,0.00300000000000001,0.00406900773473061));
#7473=CARTESIAN_POINT('',(-0.00057504406315609,0.00300033333333334,0.00406900773473061));
#7474=CARTESIAN_POINT('',(-0.00057504406315609,0.00300066666666667,0.00406900773473061));
#7475=CARTESIAN_POINT('',(-0.00057504406315609,0.00300100000000001,0.00406900773473061));
#7476=CARTESIAN_POINT('',(-0.000575017946453348,0.003001,0.00406898562417473));
#7477=CARTESIAN_POINT('',(-0.000548287993055382,0.003001,0.00404635588924024));
#7478=CARTESIAN_POINT('',(-0.000516193615275108,0.0030005,0.00400338973219022));
#7479=CARTESIAN_POINT('',(-0.000542234563630959,0.00300000000000001,0.00408783889935582));
#7480=CARTESIAN_POINT('',(-0.000542234563630959,0.00300033333333334,0.00408783889935582));
#7481=CARTESIAN_POINT('',(-0.000542234563630959,0.00300066666666667,0.00408783889935582));
#7482=CARTESIAN_POINT('',(-0.000542234563630959,0.00300100000000001,0.00408783889935582));
#7483=CARTESIAN_POINT('',(-0.000542295894722856,0.003001,0.00408803779224874));
#7484=CARTESIAN_POINT('',(-0.000516193615275108,0.003001,0.00400338973219022));
#7485=CARTESIAN_POINT('',(-0.000575810911681976,0.0030005,0.00418619681080371));
#7486=CARTESIAN_POINT('',(-0.000517537548821319,0.00300000000000001,0.00410054129631139));
#7487=CARTESIAN_POINT('',(-0.000517537548821319,0.00300033333333334,0.00410054129631139));
#7488=CARTESIAN_POINT('',(-0.000517537548821319,0.00300066666666667,0.00410054129631139));
#7489=CARTESIAN_POINT('',(-0.000517537548821319,0.00300100000000001,0.00410054129631139));
#7490=CARTESIAN_POINT('',(-0.000517638768462013,0.003001,0.00410069007818998));
#7491=CARTESIAN_POINT('',(-0.000575810911681976,0.003001,0.00418619681080371));
#7492=CARTESIAN_POINT('',(-0.000529160837091628,0.0030005,0.00411308860816828));
#7493=CARTESIAN_POINT('',(-0.000512234846500141,0.00300000000000001,0.00411424176575164));
#7494=CARTESIAN_POINT('',(-0.000512234846500141,0.00300033333333334,0.00411424176575164));
#7495=CARTESIAN_POINT('',(-0.000512234846500141,0.00300066666666667,0.00411424176575164));
#7496=CARTESIAN_POINT('',(-0.000512234846500141,0.00300100000000001,0.00411424176575164));
#7497=CARTESIAN_POINT('',(-0.000512172067445,0.003001,0.004114246042851));
#7498=CARTESIAN_POINT('',(-0.000529160837091628,0.003001,0.00411308860816828));
#7499=CARTESIAN_POINT('',(-0.000528592082398936,0.0030005,0.00411426433299215));
#7500=CARTESIAN_POINT('',(-0.000520042399580519,0.00300000000000001,0.00412829201107375));
#7501=CARTESIAN_POINT('',(-0.000520042399580519,0.00300033333333334,0.00412829201107375));
#7502=CARTESIAN_POINT('',(-0.000520042399580519,0.00300066666666667,0.00412829201107375));
#7503=CARTESIAN_POINT('',(-0.000520042399580519,0.00300100000000001,0.00412829201107375));
#7504=CARTESIAN_POINT('',(-0.000520018357529,0.003001,0.00412833145746803));
#7505=CARTESIAN_POINT('',(-0.000528592082398936,0.003001,0.00411426433299215));
#7506=CARTESIAN_POINT('',(-0.000538083854090514,0.0030005,0.0040992850788895));
#7507=CARTESIAN_POINT('',(-0.000538083854090514,0.003001,0.0040992850788895));
#7508=CARTESIAN_POINT('',(-0.000540684401927255,0.0030005,0.00406676036651529));
#7509=CARTESIAN_POINT('',(-0.000540684401927255,0.003001,0.00406676036651529));
#7510=CARTESIAN_POINT('',(-0.00057713502975,0.003001,0.004147578284505));
#7511=CARTESIAN_POINT('',(-0.00057695952501,0.003001,0.00412283266846));
#7512=CARTESIAN_POINT('',(-0.000543364191946303,0.0030005,0.00406488975417883));
#7513=CARTESIAN_POINT('',(-0.000543364191946304,0.003001,0.00406488975417883));
#7514=CARTESIAN_POINT('',(-0.00053974189917648,0.0030005,0.00408599002569847));
#7515=CARTESIAN_POINT('',(-0.000502393460368202,0.00300000024529748,0.0041430926343583));
#7516=CARTESIAN_POINT('',(-0.000502393460368202,0.00300033349686499,0.0041430926343583));
#7517=CARTESIAN_POINT('',(-0.000502393460368202,0.0030006667484325,0.0041430926343583));
#7518=CARTESIAN_POINT('',(-0.000502393460368202,0.00300100000000001,0.0041430926343583));
#7519=CARTESIAN_POINT('',(-0.000502446155579013,0.003001,0.00414301306272897));
#7520=CARTESIAN_POINT('',(-0.00053974189917648,0.003001,0.00408599002569847));
#7521=CARTESIAN_POINT('',(-0.000522106822480592,0.0030005,0.00411251942860106));
#7522=CARTESIAN_POINT('',(-0.000485909658772189,0.00300000024600723,0.00411214226720384));
#7523=CARTESIAN_POINT('',(-0.000485909658772189,0.00300033346493075,0.00411214226720384));
#7524=CARTESIAN_POINT('',(-0.000485909658772189,0.00300066668385427,0.00411214226720384));
#7525=CARTESIAN_POINT('',(-0.000485909658772189,0.00300099990277779,0.00411214226720384));
#7526=CARTESIAN_POINT('',(-0.000485920669974567,0.00300099990277778,0.00411217310424208));
#7527=CARTESIAN_POINT('',(-0.000522106822480592,0.003001,0.00411251942860106));
#7528=CARTESIAN_POINT('',(-0.000522777778731881,0.0030005,0.00411070900260543));
#7529=CARTESIAN_POINT('',(-0.000492966669152726,0.00300000023436101,0.00408904810619972));
#7530=CARTESIAN_POINT('',(-0.000492966669152726,0.00300033348957401,0.00408904810619972));
#7531=CARTESIAN_POINT('',(-0.000492966669152726,0.00300066674478701,0.00408904810619972));
#7532=CARTESIAN_POINT('',(-0.000492966669152726,0.00300100000000001,0.00408904810619972));
#7533=CARTESIAN_POINT('',(-0.00049285788345697,0.003001,0.00408896022275218));
#7534=CARTESIAN_POINT('',(-0.000522777778731881,0.003001,0.00411070900260543));
#7535=CARTESIAN_POINT('',(-0.000549119168366941,0.0030005,0.00414679376397228));
#7536=CARTESIAN_POINT('',(-0.000549119168366942,0.003001,0.00414679376397228));
#7537=CARTESIAN_POINT('',(-0.000489592856203016,0.0030005,0.0039640872762773));
#7538=CARTESIAN_POINT('',(-0.000550847949307937,0.0030000002463064,0.00405661749030136));
#7539=CARTESIAN_POINT('',(-0.000550847949307937,0.00300033346513019,0.00405661749030136));
#7540=CARTESIAN_POINT('',(-0.000550847949307937,0.00300066668395399,0.00405661749030136));
#7541=CARTESIAN_POINT('',(-0.000550847949307937,0.00300099990277779,0.00405661749030136));
#7542=CARTESIAN_POINT('',(-0.000550734786754054,0.00300099990277778,0.00405647887839841));
#7543=CARTESIAN_POINT('',(-0.000489592856203016,0.003001,0.0039640872762773));
#7544=CARTESIAN_POINT('',(-0.000540082307025362,0.0030005,0.00404305565327705));
#7545=CARTESIAN_POINT('',(-0.000557206452161014,0.003001,0.00404259744805339));
#7546=CARTESIAN_POINT('',(-0.000557206452216987,0.003001,0.00404259745594513));
#7547=CARTESIAN_POINT('',(-0.000540082307025362,0.003001,0.00404305565327705));
#7548=CARTESIAN_POINT('',(-0.000557207076602426,0.003001,0.00404283391759529));
#7549=CARTESIAN_POINT('',(-0.000557207076602426,0.003,0.00404283391759529));
#7550=CARTESIAN_POINT('',(-0.000557229168780739,0.003001,0.00402950159628258));
#7551=CARTESIAN_POINT('',(-0.000557229168780739,0.003,0.00402950159628258));
#7552=CARTESIAN_POINT('',(-0.000547034995697669,0.003001,0.00402294258235957));
#7553=CARTESIAN_POINT('',(-0.000547034995697669,0.003,0.00402294258235957));
#7554=CARTESIAN_POINT('',(-0.000526668890549347,0.003001,0.00402316277669189));
#7555=CARTESIAN_POINT('',(-0.000526668890549347,0.003,0.00402316277669189));
#7556=CARTESIAN_POINT('',(-0.000557206452217,0.003001,0.004042597455947));
#7557=CARTESIAN_POINT('',(-0.000557113555355693,0.003001,0.00402949929082199));
#7558=CARTESIAN_POINT('',(-0.000547037446964221,0.003001,0.00402302011478972));
#7559=CARTESIAN_POINT('',(-0.000527030084407263,0.003001,0.00402315955934644));
#7560=CARTESIAN_POINT('',(-0.000505352316523,0.003001,0.004026822576348));
#7561=CARTESIAN_POINT('',(-0.000710398778087,0.003001,0.004149752482643));
#7562=CARTESIAN_POINT('',(-0.000710398778086606,0.003001,0.00414975248264315));
#7563=CARTESIAN_POINT('',(-0.000710398778086803,0.003001,0.00414975248264304));
#7564=CARTESIAN_POINT('',(-0.000736807964957,0.003001,0.004149565179265));
#7565=CARTESIAN_POINT('',(-0.000736807964956982,0.003001,0.00414956517926491));
#7566=CARTESIAN_POINT('',(-0.000736807964956998,0.003001,0.00414956517926479));
#7567=CARTESIAN_POINT('',(-0.000669957250742,0.003001,0.004040654024572));
#7568=CARTESIAN_POINT('',(-0.000669957250742,0.003,0.004040654024572));
#7569=CARTESIAN_POINT('',(-0.000669957250742,0.00300033333333333,0.004040654024572));
#7570=CARTESIAN_POINT('',(-0.000669957250742,0.00300066666666667,0.004040654024572));
#7571=CARTESIAN_POINT('',(-0.000669957250742,0.003001,0.004040654024572));
#7572=CARTESIAN_POINT('',(-0.000669884607695946,0.003001,0.00404067384196811));
#7573=CARTESIAN_POINT('',(-0.000710398778087,0.003001,0.004149752482643));
#7574=CARTESIAN_POINT('',(-0.00066795972953525,0.0030005,0.00403389659797112));
#7575=CARTESIAN_POINT('',(-0.000666605825576966,0.0030005,0.00402892823412132));
#7576=CARTESIAN_POINT('',(-0.000666605681685292,0.003001,0.00402892770608816));
#7577=CARTESIAN_POINT('',(-0.00066795972953525,0.003001,0.00403389659797112));
#7578=CARTESIAN_POINT('',(-0.000666078901913,0.003001,0.004028931971252));
#7579=CARTESIAN_POINT('',(-0.000666078901912688,0.003001,0.00402893197125192));
#7580=CARTESIAN_POINT('',(-0.000666079508991794,0.003001,0.00402892957465348));
#7581=CARTESIAN_POINT('',(-0.000647303204547,0.003001,0.004028927178055));
#7582=CARTESIAN_POINT('',(-0.000663044509323,0.003001,0.004040911009014));
#7583=CARTESIAN_POINT('',(-0.000663044509323009,0.003001,0.00404091100901401));
#7584=CARTESIAN_POINT('',(-0.000663044509323002,0.003001,0.004040911009014));
#7585=CARTESIAN_POINT('',(-0.000666078901913,0.003001,0.004028931971252));
#7586=CARTESIAN_POINT('',(-0.000625868585461,0.003001,0.004150352000937));
#7587=CARTESIAN_POINT('',(-0.000625868585460995,0.003001,0.00415035200093629));
#7588=CARTESIAN_POINT('',(-0.000625868585461053,0.003001,0.00415035200093666));
#7589=CARTESIAN_POINT('',(-0.000663044509323,0.003001,0.004040911009014));
#7590=CARTESIAN_POINT('',(-0.000597379935056,0.003001,0.004150554052612));
#7591=CARTESIAN_POINT('',(-0.000597379935056808,0.003001,0.00415055405261231));
#7592=CARTESIAN_POINT('',(-0.000597379935056404,0.003001,0.00415055405261207));
#7593=CARTESIAN_POINT('',(-0.000625868585461,0.003001,0.004150352000937));
#7594=CARTESIAN_POINT('',(-0.000653329279531,0.003001,0.004005211340997));
#7595=CARTESIAN_POINT('',(-0.000653329279530684,0.003001,0.00400521134099713));
#7596=CARTESIAN_POINT('',(-0.0006533292795309,0.003001,0.00400521134099709));
#7597=CARTESIAN_POINT('',(-0.000597379935056,0.003001,0.004150554052612));
#7598=CARTESIAN_POINT('',(-0.000641964859661,0.003001,0.003978881426224));
#7599=CARTESIAN_POINT('',(-0.000641964859661,0.003001,0.003978881426224));
#7600=CARTESIAN_POINT('',(-0.000641964999402282,0.003001,0.00397888174998677));
#7601=CARTESIAN_POINT('',(-0.000653329279531,0.003001,0.004005211340997));
#7602=CARTESIAN_POINT('',(-0.000641964859661,0.003001,0.003978881426224));
#7603=CARTESIAN_POINT('',(-0.000641964859661,0.003,0.003978881426224));
#7604=CARTESIAN_POINT('',(-0.000636097009593,0.003001,0.003965197893431));
#7605=CARTESIAN_POINT('',(-0.000636097009593,0.003,0.003965197893431));
#7606=CARTESIAN_POINT('',(-0.000627367317375,0.003001,0.00395850121109));
#7607=CARTESIAN_POINT('',(-0.000627367317375,0.003,0.00395850121109));
#7608=CARTESIAN_POINT('',(-0.000615722321589,0.003001,0.003958583801556));
#7609=CARTESIAN_POINT('',(-0.000615722321589,0.003,0.003958583801556));
#7610=CARTESIAN_POINT('',(-0.000641964859661,0.003001,0.003978881426224));
#7611=CARTESIAN_POINT('',(-0.000636097009593,0.003001,0.003965197893431));
#7612=CARTESIAN_POINT('',(-0.000627367317375,0.003001,0.00395850121109));
#7613=CARTESIAN_POINT('',(-0.000615722321589,0.003001,0.003958583801556));
#7614=CARTESIAN_POINT('',(-0.00061639947820221,0.0030005,0.0039975428463404));
#7615=CARTESIAN_POINT('',(-0.00061639947820221,0.003001,0.0039975428463404));
#7616=CARTESIAN_POINT('',(-0.000601129941208,0.003001,0.003938931398658));
#7617=CARTESIAN_POINT('',(-0.00060129069765,0.003001,0.003961597551171));
#7618=CARTESIAN_POINT('',(-0.000616823515648365,0.0030005,0.00399521309945114));
#7619=CARTESIAN_POINT('',(-0.000616823515648365,0.003001,0.00399521309945114));
#7620=CARTESIAN_POINT('',(-0.000669927481072578,0.003,0.00398340163643719));
#7621=CARTESIAN_POINT('',(-0.000669927481072578,0.003001,0.00398340163643719));
#7622=CARTESIAN_POINT('',(-0.000657347320372058,0.003,0.00395194845319723));
#7623=CARTESIAN_POINT('',(-0.000657347320372058,0.003001,0.00395194845319723));
#7624=CARTESIAN_POINT('',(-0.000639768431726759,0.003,0.00393639863148549));
#7625=CARTESIAN_POINT('',(-0.000639768431726759,0.003001,0.00393639863148549));
#7626=CARTESIAN_POINT('',(-0.000617140995527537,0.003,0.00393673990403451));
#7627=CARTESIAN_POINT('',(-0.000617140995527537,0.003001,0.00393673990403451));
#7628=CARTESIAN_POINT('',(-0.00066970320783597,0.003001,0.00398284383222701));
#7629=CARTESIAN_POINT('',(-0.000669703207835992,0.003001,0.003982843832227));
#7630=CARTESIAN_POINT('',(-0.000617542954822,0.003001,0.003936735423574));
#7631=CARTESIAN_POINT('',(-0.000639845201215,0.003001,0.003936577248084));
#7632=CARTESIAN_POINT('',(-0.000657214623358,0.003001,0.003951946840537));
#7633=CARTESIAN_POINT('',(-0.000669703207836,0.003001,0.003982843832227));
#7634=CARTESIAN_POINT('',(-0.000736807964957,0.003001,0.004149565179265));
#7635=CARTESIAN_POINT('',(-0.000669703207836,0.003001,0.003982843832227));
#7636=CARTESIAN_POINT('',(-0.000647303204547,0.003001,0.003948143940208));
#7637=CARTESIAN_POINT('',(-0.000872770940379,0.003001,0.004026530231891));
#7638=CARTESIAN_POINT('',(-0.000872770940379004,0.003001,0.00402653023189155));
#7639=CARTESIAN_POINT('',(-0.000872770940379002,0.003001,0.00402653023189128));
#7640=CARTESIAN_POINT('',(-0.000872606496862,0.003001,0.004003344213496));
#7641=CARTESIAN_POINT('',(-0.000872606496861953,0.003001,0.004003344213496));
#7642=CARTESIAN_POINT('',(-0.000872606496861906,0.003001,0.004003344213496));
#7643=CARTESIAN_POINT('',(-0.00078964438564,0.003001,0.004027119795084));
#7644=CARTESIAN_POINT('',(-0.000789644385640339,0.003001,0.004027119795084));
#7645=CARTESIAN_POINT('',(-0.000789644385640169,0.003001,0.004027119795084));
#7646=CARTESIAN_POINT('',(-0.000872770940379,0.003001,0.004026530231891));
#7647=CARTESIAN_POINT('',(-0.000790129604628,0.003001,0.004095534145326));
#7648=CARTESIAN_POINT('',(-0.000790129604628,0.003001,0.00409553414532596));
#7649=CARTESIAN_POINT('',(-0.000790129604628,0.003001,0.00409553414532598));
#7650=CARTESIAN_POINT('',(-0.00078964438564,0.003001,0.004027119795084));
#7651=CARTESIAN_POINT('',(-0.0008628588417,0.003001,0.004095018323621));
#7652=CARTESIAN_POINT('',(-0.000862858841700036,0.003001,0.004095018323621));
#7653=CARTESIAN_POINT('',(-0.000862858841700018,0.003001,0.004095018323621));
#7654=CARTESIAN_POINT('',(-0.000790129604628,0.003001,0.004095534145326));
#7655=CARTESIAN_POINT('',(-0.000863024022632,0.003001,0.004118308315192));
#7656=CARTESIAN_POINT('',(-0.000863024022632,0.003001,0.00411830831519204));
#7657=CARTESIAN_POINT('',(-0.000863024022632,0.003001,0.00411830831519202));
#7658=CARTESIAN_POINT('',(-0.0008628588417,0.003001,0.004095018323621));
#7659=CARTESIAN_POINT('',(-0.00079029478556,0.003001,0.004118824136897));
#7660=CARTESIAN_POINT('',(-0.000790294785559327,0.003001,0.004118824136897));
#7661=CARTESIAN_POINT('',(-0.000790294785559663,0.003001,0.004118824136897));
#7662=CARTESIAN_POINT('',(-0.000863024022632,0.003001,0.004118308315192));
#7663=CARTESIAN_POINT('',(-0.000790756407271,0.003001,0.004183911345487));
#7664=CARTESIAN_POINT('',(-0.000790756407270997,0.003001,0.00418391134548653));
#7665=CARTESIAN_POINT('',(-0.000790756407270998,0.003001,0.00418391134548676));
#7666=CARTESIAN_POINT('',(-0.00079029478556,0.003001,0.004118824136897));
#7667=CARTESIAN_POINT('',(-0.000869256155649,0.003001,0.004183354597256));
#7668=CARTESIAN_POINT('',(-0.000869256155649151,0.003001,0.004183354597256));
#7669=CARTESIAN_POINT('',(-0.000869256155649076,0.003001,0.004183354597256));
#7670=CARTESIAN_POINT('',(-0.000790756407271,0.003001,0.004183911345487));
#7671=CARTESIAN_POINT('',(-0.000869422073996,0.003001,0.004206748562005));
#7672=CARTESIAN_POINT('',(-0.000869422073995997,0.003001,0.00420674856200457));
#7673=CARTESIAN_POINT('',(-0.000869422073995999,0.003001,0.00420674856200479));
#7674=CARTESIAN_POINT('',(-0.000869256155649,0.003001,0.004183354597256));
#7675=CARTESIAN_POINT('',(-0.000764669098511,0.003001,0.004207491507491));
#7676=CARTESIAN_POINT('',(-0.000764669098511235,0.003001,0.004207491507491));
#7677=CARTESIAN_POINT('',(-0.000764669098511118,0.003001,0.004207491507491));
#7678=CARTESIAN_POINT('',(-0.000869422073996,0.003001,0.004206748562005));
#7679=CARTESIAN_POINT('',(-0.000763226715016,0.003001,0.004004119973945));
#7680=CARTESIAN_POINT('',(-0.000763226715015996,0.003001,0.00400411997394436));
#7681=CARTESIAN_POINT('',(-0.000763226715015998,0.003001,0.00400411997394468));
#7682=CARTESIAN_POINT('',(-0.000764669098511,0.003001,0.004207491507491));
#7683=CARTESIAN_POINT('',(-0.000872606496862,0.003001,0.004003344213496));
#7684=CARTESIAN_POINT('',(-0.000763226715016,0.003001,0.004004119973945));
#7685=CARTESIAN_POINT('',(0.,0.003001,0.));
#7686=CARTESIAN_POINT('',(-0.001012779422468,0.003001,0.004199012215996));
#7687=CARTESIAN_POINT('',(-0.000911024585638,0.003001,0.0040030717387));
#7688=CARTESIAN_POINT('',(-0.000911024585637999,0.003001,0.00400307173869984));
#7689=CARTESIAN_POINT('',(-0.000966962154681,0.003001,0.004002675009497));
#7690=CARTESIAN_POINT('',(-0.000966962154681,0.003001,0.004002675009497));
#7691=CARTESIAN_POINT('',(-0.000999141852857,0.003001,0.004002446779593));
#7692=CARTESIAN_POINT('',(-0.001025566157894,0.003001,0.004011721403998));
#7693=CARTESIAN_POINT('',(-0.001046131834029,0.003001,0.004030603593304));
#7694=CARTESIAN_POINT('',(-0.001046131834029,0.003001,0.004030603593304));
#7695=CARTESIAN_POINT('',(-0.001046131834029,0.003001,0.004030603593304));
#7696=CARTESIAN_POINT('',(-0.001066697510165,0.003001,0.00404948578261));
#7697=CARTESIAN_POINT('',(-0.001077118059881,0.003001,0.004074678629172));
#7698=CARTESIAN_POINT('',(-0.001077341496589,0.003001,0.0041061825017));
#7699=CARTESIAN_POINT('',(-0.001077341496589,0.003001,0.0041061825017));
#7700=CARTESIAN_POINT('',(-0.001077341496589,0.003001,0.0041061825017));
#7701=CARTESIAN_POINT('',(-0.001077555346902,0.003001,0.004136334722932));
#7702=CARTESIAN_POINT('',(-0.001067484331837,0.003001,0.004160425162106));
#7703=CARTESIAN_POINT('',(-0.001047181175396,0.003001,0.004178557423691));
#7704=CARTESIAN_POINT('',(-0.001047181175396,0.003001,0.004178557423691));
#7705=CARTESIAN_POINT('',(-0.001047181175396,0.003001,0.004178557423691));
#7706=CARTESIAN_POINT('',(-0.001026878018957,0.003001,0.004196689685275));
#7707=CARTESIAN_POINT('',(-0.001001312048588,0.003001,0.004205813151236));
#7708=CARTESIAN_POINT('',(-0.000970484001709,0.003001,0.004206031794746));
#7709=CARTESIAN_POINT('',(-0.000970483953099753,0.003001,0.00420603179509071));
#7710=CARTESIAN_POINT('',(-0.000970484001709,0.003001,0.004206031794746));
#7711=CARTESIAN_POINT('',(-0.000912466969133618,0.003001,0.004206443272246));
#7712=CARTESIAN_POINT('',(-0.000912466969134,0.003001,0.004206443272246));
#7713=CARTESIAN_POINT('',(-0.000938554277893,0.003001,0.004182863110242));
#7714=CARTESIAN_POINT('',(-0.000938554277893004,0.003001,0.00418286311024251));
#7715=CARTESIAN_POINT('',(-0.000937442256261701,0.003001,0.004026071559839));
#7716=CARTESIAN_POINT('',(-0.000969278351595,0.003001,0.004182645204147));
#7717=CARTESIAN_POINT('',(-0.000969277773340931,0.00300050003472222,0.00418264520824818));
#7718=CARTESIAN_POINT('',(-0.0009733352735269,0.00300100000000115,0.0040952824967208));
#7719=CARTESIAN_POINT('',(-0.001027835525482,0.0030005,0.004163097868944));
#7720=CARTESIAN_POINT('',(-0.001027835525482,0.003001,0.004163097868944));
#7721=CARTESIAN_POINT('',(-0.001042612987715,0.003001,0.004150203717887));
#7722=CARTESIAN_POINT('',(-0.001049911385509,0.003001,0.004131019928219));
#7723=CARTESIAN_POINT('',(-0.001049731456279,0.003001,0.004105650473114));
#7724=CARTESIAN_POINT('',(-0.001049731456279,0.003001,0.004105650473114));
#7725=CARTESIAN_POINT('',(-0.000970694774349776,0.0030009999999927,0.00410088180222703));
#7726=CARTESIAN_POINT('',(-0.00102757905287034,0.0030005,0.004046641891417));
#7727=CARTESIAN_POINT('',(-0.000973085984949416,0.00300100000000182,0.00410919314034839));
#7728=CARTESIAN_POINT('',(-0.000966970086645156,0.00300049996527778,0.00402586213792832));
#7729=CARTESIAN_POINT('',(-0.000937442256261,0.003001,0.004026071559839));
#7730=CARTESIAN_POINT('',(-0.000966962154681,0.003001,0.004002675009497));
#7731=CARTESIAN_POINT('',(-0.000966962154681,0.003001,0.004002675009497));
#7732=CARTESIAN_POINT('',(-0.000911024585637998,0.003001,0.00400307173869968));
#7733=CARTESIAN_POINT('',(-0.000966962154681,0.003001,0.004002675009497));
#7734=CARTESIAN_POINT('',(-0.000966962154681,0.003,0.004002675009497));
#7735=CARTESIAN_POINT('',(-0.000999141852857,0.003001,0.004002446779593));
#7736=CARTESIAN_POINT('',(-0.000999141852857,0.003,0.004002446779593));
#7737=CARTESIAN_POINT('',(-0.001025566157894,0.003001,0.004011721403998));
#7738=CARTESIAN_POINT('',(-0.001025566157894,0.003,0.004011721403998));
#7739=CARTESIAN_POINT('',(-0.001046131834029,0.003001,0.004030603593304));
#7740=CARTESIAN_POINT('',(-0.001046131834029,0.003,0.004030603593304));
#7741=CARTESIAN_POINT('',(-0.001046131834029,0.0030005,0.004030603593304));
#7742=CARTESIAN_POINT('',(-0.001046131834029,0.003001,0.004030603593304));
#7743=CARTESIAN_POINT('',(-0.001046131834029,0.003,0.004030603593304));
#7744=CARTESIAN_POINT('',(-0.001066697510165,0.003001,0.00404948578261));
#7745=CARTESIAN_POINT('',(-0.001066697510165,0.003,0.00404948578261));
#7746=CARTESIAN_POINT('',(-0.001077118059881,0.003001,0.004074678629172));
#7747=CARTESIAN_POINT('',(-0.001077118059881,0.003,0.004074678629172));
#7748=CARTESIAN_POINT('',(-0.001077341496589,0.003001,0.0041061825017));
#7749=CARTESIAN_POINT('',(-0.001077341496589,0.003,0.0041061825017));
#7750=CARTESIAN_POINT('',(-0.001077341496589,0.0030005,0.0041061825017));
#7751=CARTESIAN_POINT('',(-0.001077341496589,0.003001,0.0041061825017));
#7752=CARTESIAN_POINT('',(-0.001077341496589,0.003,0.0041061825017));
#7753=CARTESIAN_POINT('',(-0.001077555346902,0.003001,0.004136334722932));
#7754=CARTESIAN_POINT('',(-0.001077555346902,0.003,0.004136334722932));
#7755=CARTESIAN_POINT('',(-0.001067484331837,0.003001,0.004160425162106));
#7756=CARTESIAN_POINT('',(-0.001067484331837,0.003,0.004160425162106));
#7757=CARTESIAN_POINT('',(-0.001047181175396,0.003001,0.004178557423691));
#7758=CARTESIAN_POINT('',(-0.001047181175396,0.003,0.004178557423691));
#7759=CARTESIAN_POINT('',(-0.001047181175396,0.0030005,0.004178557423691));
#7760=CARTESIAN_POINT('',(-0.001047181175396,0.003001,0.004178557423691));
#7761=CARTESIAN_POINT('',(-0.001047181175396,0.003,0.004178557423691));
#7762=CARTESIAN_POINT('',(-0.001026878018957,0.003001,0.004196689685275));
#7763=CARTESIAN_POINT('',(-0.001026878018957,0.003,0.004196689685275));
#7764=CARTESIAN_POINT('',(-0.001001312048588,0.003001,0.004205813151236));
#7765=CARTESIAN_POINT('',(-0.001001312048588,0.003,0.004205813151236));
#7766=CARTESIAN_POINT('',(-0.000970484001709,0.003001,0.004206031794746));
#7767=CARTESIAN_POINT('',(-0.000970484001709,0.003,0.004206031794746));
#7768=CARTESIAN_POINT('',(-0.000970484001708999,0.003001,0.00420603179474583));
#7769=CARTESIAN_POINT('',(-0.000912466969134,0.003001,0.004206443272246));
#7770=CARTESIAN_POINT('',(-0.000912466969133235,0.003001,0.004206443272246));
#7771=CARTESIAN_POINT('',(-0.000911024585638,0.003001,0.0040030717387));
#7772=CARTESIAN_POINT('',(-0.000969278351595,0.003001,0.004182645204147));
#7773=CARTESIAN_POINT('',(-0.000969278351595,0.003,0.004182645204147));
#7774=CARTESIAN_POINT('',(-0.000938554277893002,0.003,0.00418286311024226));
#7775=CARTESIAN_POINT('',(-0.000938554277893004,0.003001,0.00418286311024251));
#7776=CARTESIAN_POINT('',(-0.000938554277893,0.003001,0.004182863110242));
#7777=CARTESIAN_POINT('',(-0.000938554277893,0.003,0.004182863110242));
#7778=CARTESIAN_POINT('',(-0.00093744225626135,0.003,0.004026071559839));
#7779=CARTESIAN_POINT('',(-0.000937442256261701,0.003001,0.004026071559839));
#7780=CARTESIAN_POINT('',(-0.000937442256261,0.003001,0.004026071559839));
#7781=CARTESIAN_POINT('',(-0.000937442256261,0.003,0.004026071559839));
#7782=CARTESIAN_POINT('',(-0.000973085984949457,0.0030005,0.00410919314034839));
#7783=CARTESIAN_POINT('',(-0.000973085984949497,0.00299999999999658,0.0041091931403484));
#7784=CARTESIAN_POINT('',(-0.000970694774349768,0.0030005,0.00410088180222695));
#7785=CARTESIAN_POINT('',(-0.00097069477434976,0.00300000000000207,0.00410088180222688));
#7786=CARTESIAN_POINT('',(-0.001049731456279,0.003,0.004105650473114));
#7787=CARTESIAN_POINT('',(-0.00104941224533967,0.00300100000000001,0.00410563121355153));
#7788=CARTESIAN_POINT('',(-0.00104941224533966,0.00300066666666668,0.00410563121355153));
#7789=CARTESIAN_POINT('',(-0.00104941224533965,0.00300033333333335,0.00410563121355152));
#7790=CARTESIAN_POINT('',(-0.00104941224533964,0.00300000000000001,0.00410563121355152));
#7791=CARTESIAN_POINT('',(-0.001049731456279,0.003001,0.004105650473114));
#7792=CARTESIAN_POINT('',(-0.001049731456279,0.003,0.004105650473114));
#7793=CARTESIAN_POINT('',(-0.001049911385509,0.003001,0.004131019928219));
#7794=CARTESIAN_POINT('',(-0.001049911385509,0.003,0.004131019928219));
#7795=CARTESIAN_POINT('',(-0.001042612987715,0.003001,0.004150203717887));
#7796=CARTESIAN_POINT('',(-0.001042612987715,0.003,0.004150203717887));
#7797=CARTESIAN_POINT('',(-0.001027835525482,0.003001,0.004163097868944));
#7798=CARTESIAN_POINT('',(-0.001027835525482,0.003,0.004163097868944));
#7799=CARTESIAN_POINT('',(-0.001049731456279,0.003,0.004105650473114));
#7800=CARTESIAN_POINT('',(-0.001049911385509,0.003,0.004131019928219));
#7801=CARTESIAN_POINT('',(-0.001042612987715,0.003,0.004150203717887));
#7802=CARTESIAN_POINT('',(-0.001027835525482,0.003,0.004163097868944));
#7803=CARTESIAN_POINT('',(-0.000973335273526888,0.0030005,0.0040952824967208));
#7804=CARTESIAN_POINT('',(-0.000973335273526876,0.00299999999999963,0.0040952824967208));
#7805=CARTESIAN_POINT('',(-0.003749999999999,0.003,0.01));
#7806=CARTESIAN_POINT('',(0.,0.003001,0.));
#7807=CARTESIAN_POINT('',(-0.001270875750057,0.003001,0.004000519545818));
#7808=CARTESIAN_POINT('',(-0.00127087575005697,0.003001,0.004000519545818));
#7809=CARTESIAN_POINT('',(-0.00119485811694202,0.003001,0.00420444045344589));
#7810=CARTESIAN_POINT('',(-0.001194858116942,0.003001,0.004204440453446));
#7811=CARTESIAN_POINT('',(-0.00116678535924208,0.003001,0.00420463955546199));
#7812=CARTESIAN_POINT('',(-0.001166785359242,0.003001,0.004204639555462));
#7813=CARTESIAN_POINT('',(-0.00108788295913492,0.003001,0.00400181739599757));
#7814=CARTESIAN_POINT('',(-0.001087882959135,0.003001,0.004001817395998));
#7815=CARTESIAN_POINT('',(-0.00111689147542292,0.003001,0.00400161165724702));
#7816=CARTESIAN_POINT('',(-0.001116891475423,0.003001,0.004001611657247));
#7817=CARTESIAN_POINT('',(-0.00113683294959297,0.003001,0.0040570986727628));
#7818=CARTESIAN_POINT('',(-0.001136832949593,0.003001,0.004057098672763));
#7819=CARTESIAN_POINT('',(-0.00122151910198315,0.003001,0.00405649804834703));
#7820=CARTESIAN_POINT('',(-0.001221519101983,0.003001,0.004056498048347));
#7821=CARTESIAN_POINT('',(-0.00124186723376999,0.003001,0.00400072528456804));
#7822=CARTESIAN_POINT('',(-0.00124186723377,0.003001,0.004000725284568));
#7823=CARTESIAN_POINT('',(-0.001145313772415,0.003001,0.004080017751615));
#7824=CARTESIAN_POINT('',(-0.00114531377241511,0.003001,0.00408001775161498));
#7825=CARTESIAN_POINT('',(-0.00121357216289206,0.003001,0.00407953363874965));
#7826=CARTESIAN_POINT('',(-0.00117632544488,0.003001,0.004164332250389));
#7827=CARTESIAN_POINT('',(-0.00117632544488,0.003001,0.004164332250389));
#7828=CARTESIAN_POINT('',(-0.00117632544488,0.003001,0.004164332250389));
#7829=CARTESIAN_POINT('',(-0.001177596720277,0.003001,0.004167650543063));
#7830=CARTESIAN_POINT('',(-0.001178722359715,0.003001,0.004172425566333));
#7831=CARTESIAN_POINT('',(-0.001179753612371,0.003001,0.004178552978315));
#7832=CARTESIAN_POINT('',(-0.00117975368876506,0.003001,0.00417855297777244));
#7833=CARTESIAN_POINT('',(-0.001180377451432,0.003001,0.004178548553825));
#7834=CARTESIAN_POINT('',(-0.001180377451432,0.003001,0.004178548553825));
#7835=CARTESIAN_POINT('',(-0.001180377451432,0.003001,0.004178548553825));
#7836=CARTESIAN_POINT('',(-0.001181473224407,0.003001,0.00417178218578));
#7837=CARTESIAN_POINT('',(-0.001182479772506,0.003001,0.004167096018681));
#7838=CARTESIAN_POINT('',(-0.001183447607481,0.003001,0.00416428173747));
#7839=CARTESIAN_POINT('',(-0.0011834476237626,0.003001,0.00416428169166742));
#7840=CARTESIAN_POINT('',(-0.001213572162892,0.003001,0.00407953363875));
#7841=CARTESIAN_POINT('',(-0.001194858116942,0.003001,0.004204440453446));
#7842=CARTESIAN_POINT('',(-0.001194858116942,0.003001,0.00420444045344578));
#7843=CARTESIAN_POINT('',(-0.00127087575005693,0.003001,0.00400051954581797));
#7844=CARTESIAN_POINT('',(-0.001166785359242,0.003001,0.004204639555462));
#7845=CARTESIAN_POINT('',(-0.00116678535924216,0.003001,0.00420463955546194));
#7846=CARTESIAN_POINT('',(-0.001087882959135,0.003001,0.004001817395998));
#7847=CARTESIAN_POINT('',(-0.00108788295913499,0.003001,0.00400181739599709));
#7848=CARTESIAN_POINT('',(-0.001116891475423,0.003001,0.004001611657247));
#7849=CARTESIAN_POINT('',(-0.00111689147542284,0.003001,0.00400161165724706));
#7850=CARTESIAN_POINT('',(-0.001136832949593,0.003001,0.004057098672763));
#7851=CARTESIAN_POINT('',(-0.001136832949593,0.003001,0.00405709867276259));
#7852=CARTESIAN_POINT('',(-0.001221519101983,0.003001,0.004056498048347));
#7853=CARTESIAN_POINT('',(-0.00122151910198331,0.003001,0.00405649804834711));
#7854=CARTESIAN_POINT('',(-0.00124186723377,0.003001,0.004000725284568));
#7855=CARTESIAN_POINT('',(-0.00124186723377,0.003001,0.00400072528456808));
#7856=CARTESIAN_POINT('',(-0.001270875750057,0.003001,0.004000519545818));
#7857=CARTESIAN_POINT('',(-0.001145313772415,0.003001,0.004080017751615));
#7858=CARTESIAN_POINT('',(-0.001145313772415,0.003,0.004080017751615));
#7859=CARTESIAN_POINT('',(-0.00114531377241505,0.003,0.00408001775161499));
#7860=CARTESIAN_POINT('',(-0.00121357216289203,0.003,0.00407953363874983));
#7861=CARTESIAN_POINT('',(-0.00114531377241511,0.003001,0.00408001775161496));
#7862=CARTESIAN_POINT('',(-0.001213572162892,0.003001,0.00407953363874965));
#7863=CARTESIAN_POINT('',(-0.001213572162892,0.003001,0.00407953363875));
#7864=CARTESIAN_POINT('',(-0.001213572162892,0.003,0.00407953363875));
#7865=CARTESIAN_POINT('',(-0.00118344762376205,0.003,0.00416428169166723));
#7866=CARTESIAN_POINT('',(-0.00118344760748155,0.003001,0.00416428173747019));
#7867=CARTESIAN_POINT('',(-0.00118344760747984,0.003001,0.00416428173747336));
#7868=CARTESIAN_POINT('',(-0.00118344760747984,0.003,0.00416428173747336));
#7869=CARTESIAN_POINT('',(-0.0011824797725052,0.003001,0.00416709601868473));
#7870=CARTESIAN_POINT('',(-0.0011824797725052,0.003,0.00416709601868473));
#7871=CARTESIAN_POINT('',(-0.00118147322440656,0.003001,0.00417178218578269));
#7872=CARTESIAN_POINT('',(-0.00118147322440656,0.003,0.00417178218578269));
#7873=CARTESIAN_POINT('',(-0.001180377451432,0.003001,0.004178548553825));
#7874=CARTESIAN_POINT('',(-0.001180377451432,0.003,0.004178548553825));
#7875=CARTESIAN_POINT('',(-0.001183447607481,0.003,0.00416428173747));
#7876=CARTESIAN_POINT('',(-0.001182479772506,0.003,0.004167096018681));
#7877=CARTESIAN_POINT('',(-0.001181473224407,0.003,0.00417178218578));
#7878=CARTESIAN_POINT('',(-0.001180377451432,0.003,0.004178548553825));
#7879=CARTESIAN_POINT('',(-0.00118037745670191,0.003,0.00417854852128347));
#7880=CARTESIAN_POINT('',(-0.001180377451432,0.003001,0.004178548553825));
#7881=CARTESIAN_POINT('',(-0.001180377451432,0.003001,0.004178548553825));
#7882=CARTESIAN_POINT('',(-0.003749999999999,0.003,0.004178548553825));
#7883=CARTESIAN_POINT('',(-0.00117975368876506,0.003,0.0041785518716505));
#7884=CARTESIAN_POINT('',(-0.00117975361237099,0.003001,0.00417855297831425));
#7885=CARTESIAN_POINT('',(-0.001179753612371,0.003001,0.004178552978315));
#7886=CARTESIAN_POINT('',(-0.001179753612371,0.003,0.004178552978315));
#7887=CARTESIAN_POINT('',(-0.001178722359715,0.003001,0.004172425566333));
#7888=CARTESIAN_POINT('',(-0.001178722359715,0.003,0.004172425566333));
#7889=CARTESIAN_POINT('',(-0.001177596720277,0.003001,0.004167650543063));
#7890=CARTESIAN_POINT('',(-0.001177596720277,0.003,0.004167650543063));
#7891=CARTESIAN_POINT('',(-0.00117632544488,0.003001,0.004164332250389));
#7892=CARTESIAN_POINT('',(-0.00117632544488,0.003,0.004164332250389));
#7893=CARTESIAN_POINT('',(-0.001179753612371,0.003,0.004178552978315));
#7894=CARTESIAN_POINT('',(-0.001178722359715,0.003,0.004172425566333));
#7895=CARTESIAN_POINT('',(-0.001177596720277,0.003,0.004167650543063));
#7896=CARTESIAN_POINT('',(-0.00117632544488,0.003,0.004164332250389));
#7897=CARTESIAN_POINT('',(-0.00117632544488,0.003,0.004164332250389));
#7898=CARTESIAN_POINT('',(-0.00117632544488,0.003001,0.004164332250389));
#7899=CARTESIAN_POINT('',(-0.00117632544488,0.003001,0.004164332250389));
#7900=CARTESIAN_POINT('',(-0.00117632544488,0.003,0.004164332250389));
#7901=CARTESIAN_POINT('',(-0.003749999999999,0.003,0.01));
#7902=CARTESIAN_POINT('',(5.498953808E-6,0.003001,0.004328799355917));
#7903=CARTESIAN_POINT('',(-3.4877401203E-5,0.003001,0.004211023621323));
#7904=CARTESIAN_POINT('',(-3.4046784019E-5,0.003001,0.004297790869462));
#7905=CARTESIAN_POINT('',(2.4693706379E-5,0.003001,0.004374846742035));
#7906=CARTESIAN_POINT('',(0.000106928264588,0.003001,0.004401458391519));
#7907=CARTESIAN_POINT('',(-3.48774012027026E-5,0.003001,0.00421102362133204));
#7908=CARTESIAN_POINT('',(0.000106784790706877,0.003001,0.00440141190350655));
#7909=CARTESIAN_POINT('',(0.000382087424814445,0.00300099999999989,0.00429904513407752));
#7910=CARTESIAN_POINT('',(0.000184225617420687,0.00300099975169504,0.00451619302546029));
#7911=CARTESIAN_POINT('',(0.000385047371436178,0.00300099999964625,0.00429245235441577));
#7912=CARTESIAN_POINT('',(0.000380126355462723,0.00300099975146342,0.00459289620706073));
#7913=CARTESIAN_POINT('',(0.000381939091760415,0.00300100000000004,0.00429693678909762));
#7914=CARTESIAN_POINT('',(0.000554202966556778,0.00300099975,0.00453762785851312));
#7915=CARTESIAN_POINT('',(0.000380857631212516,0.00300099999999996,0.00429913049347848));
#7916=CARTESIAN_POINT('',(0.000618182312408169,0.003001,0.00447439728586186));
#7917=CARTESIAN_POINT('',(0.000660138073846142,0.003001,0.0042200875760505));
#7918=CARTESIAN_POINT('',(0.000651410204361239,0.00300099975647377,0.00447765484796151));
#7919=CARTESIAN_POINT('',(0.000652979835704995,0.00300099999999994,0.00424348879061139));
#7920=CARTESIAN_POINT('',(0.000818170450403323,0.00300099975115321,0.00440949744123674));
#7921=CARTESIAN_POINT('',(0.000654369398659429,0.003001,0.0042437961262336));
#7922=CARTESIAN_POINT('',(0.000887442992800092,0.00300099999954079,0.00424521042161708));
#7923=CARTESIAN_POINT('',(0.000651189578633966,0.003001,0.0042439527971533));
#7924=CARTESIAN_POINT('',(0.000827844365456107,0.00300099975575659,0.00408702422914009));
#7925=CARTESIAN_POINT('',(0.000653952452128294,0.003001,0.00424264479419822));
#7926=CARTESIAN_POINT('',(0.000576729711501799,0.003001,0.00405738404513336));
#7927=CARTESIAN_POINT('',(0.000575386509452343,0.0030009999999999,0.00406250805574272));
#7928=CARTESIAN_POINT('',(0.000430359835853,0.003001,0.0040610447769));
#7929=CARTESIAN_POINT('',(0.000430257283862,0.003001,0.004075504284943));
#7930=CARTESIAN_POINT('',(0.000430257283862,0.003001,0.004075504284943));
#7931=CARTESIAN_POINT('',(0.000227065286568,0.003001,0.004181068911064));
#7932=CARTESIAN_POINT('',(0.000227065286568,0.003001,0.004181068911064));
#7933=CARTESIAN_POINT('',(0.000271346213766,0.003001,0.004258022231254));
#7934=CARTESIAN_POINT('',(0.000271346213766,0.003001,0.004258022231254));
#7935=CARTESIAN_POINT('',(0.000573908877931552,0.003001,0.00406585050863117));
#7936=CARTESIAN_POINT('',(0.000573737992917243,0.00300099999999976,0.00406209732346262));
#7937=CARTESIAN_POINT('',(0.00071043297179642,0.003001,0.00411374084628904));
#7938=CARTESIAN_POINT('',(0.000649534294036071,0.00300100000003034,0.00424744954998088));
#7939=CARTESIAN_POINT('',(0.000796328896672964,0.003001,0.00424728536042506));
#7940=CARTESIAN_POINT('',(0.000651302223076018,0.00300099999999996,0.0042458220815797));
#7941=CARTESIAN_POINT('',(0.000650708296347014,0.003001,0.00439085492093209));
#7942=CARTESIAN_POINT('',(0.000653781653373117,0.003001,0.00423817486022231));
#7943=CARTESIAN_POINT('',(0.000574226787313176,0.003001,0.00436862225905831));
#7944=CARTESIAN_POINT('',(0.000381884493962458,0.00300100000000078,0.00430285356643883));
#7945=CARTESIAN_POINT('',(0.000381888962149367,0.00300100000000012,0.0043013394462115));
#7946=CARTESIAN_POINT('',(0.000178333499096415,0.003001,0.00432387955739969));
#7947=CARTESIAN_POINT('',(0.000167708827505237,0.003001,0.00421087251679082));
#7948=CARTESIAN_POINT('',(0.000167119148212902,0.00300099999999857,0.00421013797171086));
#7949=CARTESIAN_POINT('',(0.000159690189519,0.003001,0.004098167682563));
#7950=CARTESIAN_POINT('',(0.314617967505808,0.0029853819517793,-1.72020550870726));
#7951=CARTESIAN_POINT('',(0.000233509141477531,0.003001,0.00405507668502262));
#7952=CARTESIAN_POINT('',(0.000232962918038851,0.003001,0.00405590810608512));
#7953=CARTESIAN_POINT('',(0.000236951082946,0.003001,0.004010508230651));
#7954=CARTESIAN_POINT('',(0.000167822732872362,0.003001,0.00421089731105506));
#7955=CARTESIAN_POINT('',(0.000167551472207061,0.003001,0.00421214394671499));
#7956=CARTESIAN_POINT('',(0.000576418375624599,0.003001,0.00406062806023702));
#7957=CARTESIAN_POINT('',(0.000576726292216743,0.003001,0.00400424193309981));
#7958=CARTESIAN_POINT('',(0.00057609462750637,0.003001,0.00411702708329944));
#7959=CARTESIAN_POINT('',(0.000576435096545315,0.003001,0.00406063468298461));
#7960=CARTESIAN_POINT('',(-3.4877401203E-5,0.003001,0.004211023621323));
#7961=CARTESIAN_POINT('',(-3.4877401203E-5,0.003,0.004211023621323));
#7962=CARTESIAN_POINT('',(-3.40472671560426E-5,0.003001,0.00429774040039819));
#7963=CARTESIAN_POINT('',(-3.40472671560426E-5,0.003,0.00429774040039819));
#7964=CARTESIAN_POINT('',(2.46253919487271E-5,0.003001,0.00437475709806504));
#7965=CARTESIAN_POINT('',(2.46253919487271E-5,0.003,0.00437475709806504));
#7966=CARTESIAN_POINT('',(0.000106784790706877,0.003001,0.00440141190350655));
#7967=CARTESIAN_POINT('',(0.000106784790706877,0.003,0.00440141190350655));
#7968=CARTESIAN_POINT('',(0.00010678479070688,0.003001,0.00440141190350655));
#7969=CARTESIAN_POINT('',(0.00010678479070688,0.00300066666666667,0.00440141190350655));
#7970=CARTESIAN_POINT('',(0.000106784790706877,0.00300033333333333,0.00440141190350655));
#7971=CARTESIAN_POINT('',(0.000106784790706877,0.003,0.00440141190350655));
#7972=CARTESIAN_POINT('',(-3.48592295175438E-5,0.00300000000000001,0.00421102372189265));
#7973=CARTESIAN_POINT('',(-3.48592295175438E-5,0.00300033333333334,0.00421102372189265));
#7974=CARTESIAN_POINT('',(-3.48592295175438E-5,0.00300066666666667,0.00421102372189265));
#7975=CARTESIAN_POINT('',(-3.48592295175438E-5,0.00300100000000001,0.00421102372189265));
#7976=CARTESIAN_POINT('',(0.000382087424814446,0.0030005,0.00429904513407752));
#7977=CARTESIAN_POINT('',(0.000184272544522363,0.00300000000000001,0.00451616208174612));
#7978=CARTESIAN_POINT('',(0.000184272544522363,0.00300033325056502,0.00451616208174612));
#7979=CARTESIAN_POINT('',(0.000184272544522363,0.00300066650113003,0.00451616208174612));
#7980=CARTESIAN_POINT('',(0.000184272544522363,0.00300099975169505,0.00451616208174612));
#7981=CARTESIAN_POINT('',(0.000385047371437108,0.0030005,0.00429245235441638));
#7982=CARTESIAN_POINT('',(0.000380313229006339,0.00300000024983904,0.00459296972866187));
#7983=CARTESIAN_POINT('',(0.000380313229006345,0.00300033341704719,0.00459296972866148));
#7984=CARTESIAN_POINT('',(0.000380313229006351,0.00300066658425535,0.00459296972866108));
#7985=CARTESIAN_POINT('',(0.000380313229006358,0.00300099975146351,0.00459296972866069));
#7986=CARTESIAN_POINT('',(0.000381939091760419,0.0030005,0.00429693678909761));
#7987=CARTESIAN_POINT('',(0.0005541763975155,0.00300000000000001,0.00453759073567301));
#7988=CARTESIAN_POINT('',(0.0005541763975155,0.00300033325000001,0.00453759073567301));
#7989=CARTESIAN_POINT('',(0.0005541763975155,0.00300066650000001,0.00453759073567301));
#7990=CARTESIAN_POINT('',(0.0005541763975155,0.00300099975000001,0.00453759073567301));
#7991=CARTESIAN_POINT('',(0.000380857631212516,0.0030005,0.00429913049347848));
#7992=CARTESIAN_POINT('',(0.000618182312408169,0.00300099975,0.00447439728586186));
#7993=CARTESIAN_POINT('',(0.000660138073846142,0.0030005,0.0042200875760505));
#7994=CARTESIAN_POINT('',(0.000651536628778147,0.00300000024999992,0.00447769139893541));
#7995=CARTESIAN_POINT('',(0.000651536628778147,0.00300033341882454,0.00447769139893541));
#7996=CARTESIAN_POINT('',(0.000651536628778147,0.00300066658764916,0.00447769139893541));
#7997=CARTESIAN_POINT('',(0.000651536628778147,0.00300099975647378,0.00447769139893541));
#7998=CARTESIAN_POINT('',(0.000652979835704995,0.0030005,0.00424348879061139));
#7999=CARTESIAN_POINT('',(0.000818273848960149,0.00300000024926991,0.004409354019776));
#8000=CARTESIAN_POINT('',(0.000818273848960149,0.00300033341656435,0.004409354019776));
#8001=CARTESIAN_POINT('',(0.000818273848960149,0.00300066658385878,0.004409354019776));
#8002=CARTESIAN_POINT('',(0.000818273848960149,0.00300099975115322,0.004409354019776));
#8003=CARTESIAN_POINT('',(0.000654369398659429,0.0030005,0.0042437961262336));
#8004=CARTESIAN_POINT('',(0.000887420260309583,0.00300000000000001,0.00424503934196047));
#8005=CARTESIAN_POINT('',(0.000887420260309583,0.00300033333333334,0.00424503934196047));
#8006=CARTESIAN_POINT('',(0.000887420260309583,0.00300066666666667,0.00424503934196047));
#8007=CARTESIAN_POINT('',(0.000887420260309583,0.00300100000000001,0.00424503934196047));
#8008=CARTESIAN_POINT('',(0.000651189578633966,0.0030005,0.0042439527971533));
#8009=CARTESIAN_POINT('',(0.000827814600665331,0.0030009997557566,0.00408701586532382));
#8010=CARTESIAN_POINT('',(0.000827814600665331,0.00300066653624514,0.00408701586532382));
#8011=CARTESIAN_POINT('',(0.000827814600665331,0.00300033331673368,0.00408701586532382));
#8012=CARTESIAN_POINT('',(0.000827814600665331,0.00300000009722223,0.00408701586532382));
#8013=CARTESIAN_POINT('',(0.000653952452128294,0.0030005,0.00424264479419822));
#8014=CARTESIAN_POINT('',(0.000576827282735257,0.00300050000000022,0.00405740846392229));
#8015=CARTESIAN_POINT('',(0.000575386509452342,0.0030005,0.00406250805574272));
#8016=CARTESIAN_POINT('',(0.000430359835853,0.003001,0.0040610447769));
#8017=CARTESIAN_POINT('',(0.000430257283862,0.003001,0.004075504284943));
#8018=CARTESIAN_POINT('',(0.000430257283862,0.003001,0.004075504284943));
#8019=CARTESIAN_POINT('',(0.000227065286568,0.003001,0.004181068911064));
#8020=CARTESIAN_POINT('',(0.000227065286568,0.003001,0.004181068911064));
#8021=CARTESIAN_POINT('',(0.000271346213766,0.003001,0.004258022231254));
#8022=CARTESIAN_POINT('',(0.000271346213766,0.003001,0.004258022231254));
#8023=CARTESIAN_POINT('',(0.000573908877931553,0.0030005,0.00406585050863117));
#8024=CARTESIAN_POINT('',(0.000573737992917245,0.0030005,0.00406209732346262));
#8025=CARTESIAN_POINT('',(0.000710432971796436,0.00300099999999996,0.00411374084628904));
#8026=CARTESIAN_POINT('',(0.00071043297179647,0.00300066666666675,0.00411374084628895));
#8027=CARTESIAN_POINT('',(0.000710432971796487,0.00300033333333318,0.00411374084628887));
#8028=CARTESIAN_POINT('',(0.000710432971796521,0.00299999999999996,0.00411374084628878));
#8029=CARTESIAN_POINT('',(0.000649534294035968,0.0030005,0.00424744954998068));
#8030=CARTESIAN_POINT('',(0.000796458217854214,0.00299999999999998,0.00424728521577444));
#8031=CARTESIAN_POINT('',(0.000796458217854283,0.00300033333333331,0.00424728521577444));
#8032=CARTESIAN_POINT('',(0.000796458217854352,0.00300066666666665,0.00424728521577444));
#8033=CARTESIAN_POINT('',(0.00079645821785442,0.00300099999999998,0.00424728521577444));
#8034=CARTESIAN_POINT('',(0.000651302223076018,0.0030005,0.0042458220815797));
#8035=CARTESIAN_POINT('',(0.000650708114443009,0.00300000000000001,0.00439089933746514));
#8036=CARTESIAN_POINT('',(0.000650708114443009,0.00300033333333334,0.00439089933746514));
#8037=CARTESIAN_POINT('',(0.000650708114443009,0.00300066666666667,0.00439089933746514));
#8038=CARTESIAN_POINT('',(0.000650708114443009,0.00300100000000001,0.00439089933746514));
#8039=CARTESIAN_POINT('',(0.000653781653373117,0.0030005,0.00423817486022231));
#8040=CARTESIAN_POINT('',(0.000574171215277287,0.003001,0.00436856421645264));
#8041=CARTESIAN_POINT('',(0.000381884493962457,0.0030005,0.00430285356643883));
#8042=CARTESIAN_POINT('',(0.000381888962149367,0.0030005,0.0043013394462115));
#8043=CARTESIAN_POINT('',(0.000178333656775,0.003001,0.004323879558518));
#8044=CARTESIAN_POINT('',(0.000167708827505237,0.0030005,0.00421087251679082));
#8045=CARTESIAN_POINT('',(0.000167119148212911,0.0030005,0.00421013797171084));
#8046=CARTESIAN_POINT('',(0.000159690189519,0.003001,0.004098167682563));
#8047=CARTESIAN_POINT('',(0.314617967505808,0.0029853819517793,-1.72020550870726));
#8048=CARTESIAN_POINT('',(0.000233509141477531,0.0030005,0.00405507668502262));
#8049=CARTESIAN_POINT('',(0.000232962918038852,0.0030005,0.00405590810608512));
#8050=CARTESIAN_POINT('',(0.000155977859971,0.003001,0.004009933939655));
#8051=CARTESIAN_POINT('',(0.000167822732872362,0.0030005,0.00421089731105506));
#8052=CARTESIAN_POINT('',(0.000167551472207061,0.0030005,0.00421214394671499));
#8053=CARTESIAN_POINT('',(0.000576418375624599,0.0030005,0.00406062806023702));
#8054=CARTESIAN_POINT('',(0.000576418375624599,0.003,0.00406062806023702));
#8055=CARTESIAN_POINT('',(0.000576894510187161,0.003,0.00400424312626077));
#8056=CARTESIAN_POINT('',(0.000575927725281659,0.003,0.00411702589956932));
#8057=CARTESIAN_POINT('',(0.000576811109651472,0.00300000000000001,0.00400423834582566));
#8058=CARTESIAN_POINT('',(0.000576811109651472,0.00300033333333334,0.00400423834582566));
#8059=CARTESIAN_POINT('',(0.000576811109651472,0.00300066666666667,0.00400423834582566));
#8060=CARTESIAN_POINT('',(0.000576811109651472,0.00300100000000001,0.00400423834582566));
#8061=CARTESIAN_POINT('',(0.000576011240078479,0.00300100000000001,0.00411701767250787));
#8062=CARTESIAN_POINT('',(0.000576011240078478,0.00300066666666667,0.00411701767250787));
#8063=CARTESIAN_POINT('',(0.000576011240078478,0.00300033333333334,0.00411701767250787));
#8064=CARTESIAN_POINT('',(0.000576011240078478,0.00300000000000001,0.00411701767250787));
#8065=CARTESIAN_POINT('',(0.000576435096545315,0.0030005,0.00406063468298461));
#8066=CARTESIAN_POINT('',(0.000576435096545315,0.003,0.00406063468298461));
#8067=CARTESIAN_POINT('',(-0.003749999999999,0.003,0.01));
#8068=CARTESIAN_POINT('',(0.,0.,0.));
#8069=MECHANICAL_DESIGN_GEOMETRIC_PRESENTATION_REPRESENTATION('',(#4419,
#4120,#4121,#4122,#4123,#4124,#4125,#4126,#4127,#4128,#4129,#4130,#4131,
#4132,#4133,#4134,#4135,#4136,#4137,#4138,#4139,#4140,#4141,#4142,#4143,
#4144,#4145,#4146,#4147,#4148,#4149,#4150,#4151,#4152,#4153,#4154,#4155,
#4156,#4157,#4158,#4159),#8070);
#8070=(
GEOMETRIC_REPRESENTATION_CONTEXT(3)
GLOBAL_UNCERTAINTY_ASSIGNED_CONTEXT((#8072))
GLOBAL_UNIT_ASSIGNED_CONTEXT((#8076,#8075,#8074))
REPRESENTATION_CONTEXT(
'C1~CAP-TH_L7.5-W6.0-P5.00-D0.5~CAP-TH_L7.5-W6.0-H10.0-P5.0~Z3Cq',
'TOP_LEVEL_ASSEMBLY_PART')
);
#8071=(
GEOMETRIC_REPRESENTATION_CONTEXT(3)
GLOBAL_UNCERTAINTY_ASSIGNED_CONTEXT((#8073))
GLOBAL_UNIT_ASSIGNED_CONTEXT((#8076,#8075,#8074))
REPRESENTATION_CONTEXT(
'CAP-TH_L7.5-W6.0-P5.00-D0.5~CAP-TH_L7.5-W6.0-H10.0-P5.0~5Kgn__\X\CD\X\B9
\X\CC\X\A8-\X\EF\X\BF\X\BD\X\EF\X\BF\X\BD\X\EF\X\BF\X\BD\X\EF\X\BF\X\BD
3','COMPONENT_PART')
);
#8072=UNCERTAINTY_MEASURE_WITH_UNIT(LENGTH_MEASURE(1.E-8),#8076,
'DISTANCE_ACCURACY_VALUE','Maximum Tolerance applied to model');
#8073=UNCERTAINTY_MEASURE_WITH_UNIT(LENGTH_MEASURE(2.E-5),#8076,
'DISTANCE_ACCURACY_VALUE','Maximum Tolerance applied to model');
#8074=(
NAMED_UNIT(*)
SI_UNIT($,.STERADIAN.)
SOLID_ANGLE_UNIT()
);
#8075=(
NAMED_UNIT(*)
PLANE_ANGLE_UNIT()
SI_UNIT($,.RADIAN.)
);
#8076=(
LENGTH_UNIT()
NAMED_UNIT(*)
SI_UNIT($,.METRE.)
);
#8077=PRODUCT_DEFINITION_SHAPE('','',#8080);
#8078=PRODUCT_DEFINITION_SHAPE('','',#8081);
#8079=PRODUCT_DEFINITION_SHAPE(' ','NAUO PRDDFN',#11);
#8080=PRODUCT_DEFINITION('','',#8084,#8082);
#8081=PRODUCT_DEFINITION('','',#8085,#8083);
#8082=PRODUCT_DEFINITION_CONTEXT('',#8095,'design');
#8083=PRODUCT_DEFINITION_CONTEXT('',#8095,'design');
#8084=PRODUCT_DEFINITION_FORMATION_WITH_SPECIFIED_SOURCE('','',#8088,
 .NOT_KNOWN.);
#8085=PRODUCT_DEFINITION_FORMATION_WITH_SPECIFIED_SOURCE('','',#8089,
 .NOT_KNOWN.);
#8086=PRODUCT_RELATED_PRODUCT_CATEGORY('','',(#8088));
#8087=PRODUCT_RELATED_PRODUCT_CATEGORY('','',(#8089));
#8088=PRODUCT(
'C1~CAP-TH_L7.5-W6.0-P5.00-D0.5~CAP-TH_L7.5-W6.0-H10.0-P5.0~Z3Cq',
'C1~CAP-TH_L7.5-W6.0-P5.00-D0.5~CAP-TH_L7.5-W6.0-H10.0-P5.0~Z3Cq',
'C1~CAP-TH_L7.5-W6.0-P5.00-D0.5~CAP-TH_L7.5-W6.0-H10.0-P5.0~Z3Cq',(#8092));
#8089=PRODUCT(
'CAP-TH_L7.5-W6.0-P5.00-D0.5~CAP-TH_L7.5-W6.0-H10.0-P5.0~5Kgn__\X\CD\X\B9
\X\CC\X\A8-\X\EF\X\BF\X\BD\X\EF\X\BF\X\BD\X\EF\X\BF\X\BD\X\EF\X\BF\X\BD
3',
'CAP-TH_L7.5-W6.0-P5.00-D0.5~CAP-TH_L7.5-W6.0-H10.0-P5.0~5Kgn__\X\CD\X\B9
\X\CC\X\A8-\X\EF\X\BF\X\BD\X\EF\X\BF\X\BD\X\EF\X\BF\X\BD\X\EF\X\BF\X\BD
3',
'CAP-TH_L7.5-W6.0-P5.00-D0.5~CAP-TH_L7.5-W6.0-H10.0-P5.0~5Kgn__\X\CD\X\B9
\X\CC\X\A8-\X\EF\X\BF\X\BD\X\EF\X\BF\X\BD\X\EF\X\BF\X\BD\X\EF\X\BF\X\BD
3',(#8093));
#8090=PRODUCT_CATEGORY('','');
#8091=PRODUCT_CATEGORY('','');
#8092=PRODUCT_CONTEXT('',#8095,'mechanical');
#8093=PRODUCT_CONTEXT('',#8095,'mechanical');
#8094=APPLICATION_PROTOCOL_DEFINITION('international standard',
'ap242_managed_model_based_3d_engineering',2020,#8095);
#8095=APPLICATION_CONTEXT('managed model based 3d engineering');
ENDSEC;
END-ISO-10303-21;
