ISO-10303-21;
HEADER;
/* Generated by software containing ST-Developer
 * from STEP Tools, Inc. (www.steptools.com) 
 */
/* OPTION: using custom renumber hook */

FILE_DESCRIPTION(
/* description */ ('STEP AP242 Edition 2',
'CAx-IF Rec.Pracs.---Representation and Presentation of Product Manufa
cturing Information (PMI)---4.0---2014-10-13',
'CAx-IF Rec.Pracs.---3D Tessellated Geometry---0.4---2014-09-14','2;1',
'CAx-IF Rec.Pracs.---User Defined Attributes---1.5---2016-08-15'),
/* implementation_level */ '2;1');

FILE_NAME(
/* name */ '6aaf828d724c779247a71bc7',
/* time_stamp */ '2026-09-20T06:51:57Z',
/* author */ (''),
/* organization */ (''),
/* preprocessor_version */ 'ST-DEVELOPER v20',
/* originating_system */ 'ONSHAPE BY PTC INC, 1.221',
/* authorisation */ '  ');

FILE_SCHEMA (('AP242_MANAGED_MODEL_BASED_3D_ENGINEERING_MIM_LF { 1 0 10303 442 3 1 4 }'));
ENDSEC;

DATA;
#10=OVER_RIDING_STYLED_ITEM('',(#5837),#5707,#5822);
#11=OVER_RIDING_STYLED_ITEM('',(#5838),#5708,#5822);
#12=OVER_RIDING_STYLED_ITEM('',(#5839),#5709,#5822);
#13=OVER_RIDING_STYLED_ITEM('',(#5840),#5710,#5822);
#14=OVER_RIDING_STYLED_ITEM('',(#5841),#5711,#5822);
#15=OVER_RIDING_STYLED_ITEM('',(#5842),#5712,#5822);
#16=OVER_RIDING_STYLED_ITEM('',(#5843),#5713,#5822);
#17=OVER_RIDING_STYLED_ITEM('',(#5844),#5714,#5822);
#18=OVER_RIDING_STYLED_ITEM('',(#5845),#5715,#5822);
#19=OVER_RIDING_STYLED_ITEM('',(#5846),#5716,#5822);
#20=OVER_RIDING_STYLED_ITEM('',(#5847),#5717,#5822);
#21=OVER_RIDING_STYLED_ITEM('',(#5848),#5718,#5822);
#22=OVER_RIDING_STYLED_ITEM('',(#5849),#5719,#5822);
#23=OVER_RIDING_STYLED_ITEM('',(#5850),#5720,#5822);
#24=OVER_RIDING_STYLED_ITEM('',(#5851),#5721,#5822);
#25=OVER_RIDING_STYLED_ITEM('',(#5852),#5722,#5822);
#26=OVER_RIDING_STYLED_ITEM('',(#5853),#5723,#5822);
#27=OVER_RIDING_STYLED_ITEM('',(#5854),#5724,#5822);
#28=OVER_RIDING_STYLED_ITEM('',(#5855),#5725,#5822);
#29=OVER_RIDING_STYLED_ITEM('',(#5856),#5726,#5822);
#30=OVER_RIDING_STYLED_ITEM('',(#5857),#5727,#5822);
#31=OVER_RIDING_STYLED_ITEM('',(#5858),#5728,#5822);
#32=OVER_RIDING_STYLED_ITEM('',(#5859),#5729,#5822);
#33=OVER_RIDING_STYLED_ITEM('',(#5860),#5730,#5822);
#34=OVER_RIDING_STYLED_ITEM('',(#5861),#5731,#5822);
#35=OVER_RIDING_STYLED_ITEM('',(#5862),#5732,#5822);
#36=OVER_RIDING_STYLED_ITEM('',(#5863),#5733,#5822);
#37=OVER_RIDING_STYLED_ITEM('',(#5864),#5734,#5822);
#38=OVER_RIDING_STYLED_ITEM('',(#5865),#5735,#5822);
#39=OVER_RIDING_STYLED_ITEM('',(#5866),#5736,#5822);
#40=OVER_RIDING_STYLED_ITEM('',(#5867),#5737,#5822);
#41=OVER_RIDING_STYLED_ITEM('',(#5868),#5738,#5822);
#42=OVER_RIDING_STYLED_ITEM('',(#5869),#5739,#5822);
#43=OVER_RIDING_STYLED_ITEM('',(#5870),#5740,#5822);
#44=OVER_RIDING_STYLED_ITEM('',(#5871),#5741,#5822);
#45=OVER_RIDING_STYLED_ITEM('',(#5872),#5742,#5822);
#46=OVER_RIDING_STYLED_ITEM('',(#5873),#5743,#5822);
#47=OVER_RIDING_STYLED_ITEM('',(#5874),#5744,#5822);
#48=OVER_RIDING_STYLED_ITEM('',(#5875),#5745,#5822);
#49=OVER_RIDING_STYLED_ITEM('',(#5876),#5746,#5822);
#50=OVER_RIDING_STYLED_ITEM('',(#5877),#5747,#5822);
#51=OVER_RIDING_STYLED_ITEM('',(#5878),#5748,#5822);
#52=OVER_RIDING_STYLED_ITEM('',(#5879),#5749,#5822);
#53=OVER_RIDING_STYLED_ITEM('',(#5880),#5750,#5822);
#54=OVER_RIDING_STYLED_ITEM('',(#5881),#5751,#5822);
#55=TOROIDAL_SURFACE('',#6550,0.000101373081845568,4.98137832499716E-5);
#56=TOROIDAL_SURFACE('',#6554,0.000101373081845263,4.98137832497048E-5);
#57=TOROIDAL_SURFACE('',#6556,0.000101373081844351,4.98137832498925E-5);
#58=TOROIDAL_SURFACE('',#6563,0.000101373081844351,4.98137832498925E-5);
#59=SPHERICAL_SURFACE('',#6503,5.E-5);
#60=SPHERICAL_SURFACE('',#6505,5.E-5);
#61=SPHERICAL_SURFACE('',#6513,5.E-5);
#62=SPHERICAL_SURFACE('',#6517,5.E-5);
#63=SPHERICAL_SURFACE('',#6534,5.E-5);
#64=SPHERICAL_SURFACE('',#6536,5.E-5);
#65=SPHERICAL_SURFACE('',#6543,5.E-5);
#66=SPHERICAL_SURFACE('',#6547,5.E-5);
#67=SPHERICAL_SURFACE('',#6558,5.E-5);
#68=SPHERICAL_SURFACE('',#6560,5.E-5);
#69=SPHERICAL_SURFACE('',#6568,5.E-5);
#70=SPHERICAL_SURFACE('',#6570,5.E-5);
#71=ELLIPSE('',#6467,0.000304138126515511,5.E-5);
#72=ELLIPSE('',#6468,0.000304138126515511,5.E-5);
#73=ELLIPSE('',#6470,0.000304138126515511,5.E-5);
#74=ELLIPSE('',#6471,0.000304138126515511,5.E-5);
#75=ELLIPSE('',#6478,0.000304138126515511,5.E-5);
#76=ELLIPSE('',#6479,0.000304138126515511,5.E-5);
#77=ELLIPSE('',#6481,0.000304138126515511,5.E-5);
#78=ELLIPSE('',#6482,0.000304138126515511,5.E-5);
#79=ELLIPSE('',#6484,0.000304138126515511,5.E-5);
#80=ELLIPSE('',#6485,0.000304138126515511,5.E-5);
#81=ELLIPSE('',#6487,0.000304138126515511,5.E-5);
#82=ELLIPSE('',#6488,0.000304138126515511,5.E-5);
#83=ELLIPSE('',#6490,0.000304138126515511,5.E-5);
#84=ELLIPSE('',#6491,0.000304138126515511,5.E-5);
#85=ELLIPSE('',#6493,0.000304138126515511,5.E-5);
#86=ELLIPSE('',#6494,0.000304138126515511,5.E-5);
#87=COLOUR_RGB('',0.250980392156863,0.250980392156863,0.250980392156863);
#88=COLOUR_RGB('',0.780392156862745,0.780392156862745,0.780392156862745);
#89=COLOUR_RGB('',0.850980392156863,0.850980392156863,0.850980392156863);
#90=B_SPLINE_CURVE_WITH_KNOTS('',3,(#8206,#8207,#8208,#8209),
 .UNSPECIFIED.,.F.,.F.,(4,4),(0.,6.07762030313032E-6),.UNSPECIFIED.);
#91=B_SPLINE_CURVE_WITH_KNOTS('',3,(#8253,#8254,#8255,#8256),
 .UNSPECIFIED.,.F.,.F.,(4,4),(4.00000513680993,5.),.UNSPECIFIED.);
#92=B_SPLINE_CURVE_WITH_KNOTS('',3,(#8258,#8259,#8260,#8261),
 .UNSPECIFIED.,.F.,.F.,(4,4),(0.,0.000999951389002027),.UNSPECIFIED.);
#93=B_SPLINE_CURVE_WITH_KNOTS('',3,(#8263,#8264,#8265,#8266),
 .UNSPECIFIED.,.F.,.F.,(4,4),(4.,4.999982171449),.UNSPECIFIED.);
#94=B_SPLINE_CURVE_WITH_KNOTS('',3,(#8283,#8284,#8285,#8286),
 .UNSPECIFIED.,.F.,.F.,(4,4),(1.,2.),.PIECEWISE_BEZIER_KNOTS.);
#95=B_SPLINE_CURVE_WITH_KNOTS('',3,(#8290,#8291,#8292,#8293),
 .UNSPECIFIED.,.F.,.F.,(4,4),(1.,2.),.PIECEWISE_BEZIER_KNOTS.);
#96=B_SPLINE_CURVE_WITH_KNOTS('',3,(#8376,#8377,#8378,#8379),
 .UNSPECIFIED.,.F.,.F.,(4,4),(35.,36.),.PIECEWISE_BEZIER_KNOTS.);
#97=B_SPLINE_CURVE_WITH_KNOTS('',3,(#8382,#8383,#8384,#8385),
 .UNSPECIFIED.,.F.,.F.,(4,4),(2.05100878806748E-11,6.98730359017107E-5),
 .UNSPECIFIED.);
#98=B_SPLINE_CURVE_WITH_KNOTS('',3,(#8387,#8388,#8389,#8390),
 .UNSPECIFIED.,.F.,.F.,(4,4),(1.,2.),.PIECEWISE_BEZIER_KNOTS.);
#99=B_SPLINE_CURVE_WITH_KNOTS('',3,(#8392,#8393,#8394,#8395),
 .UNSPECIFIED.,.F.,.F.,(4,4),(2.,3.),.PIECEWISE_BEZIER_KNOTS.);
#100=B_SPLINE_CURVE_WITH_KNOTS('',3,(#8397,#8398,#8399,#8400),
 .UNSPECIFIED.,.F.,.F.,(4,4),(3.,4.),.PIECEWISE_BEZIER_KNOTS.);
#101=B_SPLINE_CURVE_WITH_KNOTS('',3,(#8402,#8403,#8404,#8405),
 .UNSPECIFIED.,.F.,.F.,(4,4),(4.,5.),.PIECEWISE_BEZIER_KNOTS.);
#102=B_SPLINE_CURVE_WITH_KNOTS('',3,(#8407,#8408,#8409,#8410),
 .UNSPECIFIED.,.F.,.F.,(4,4),(5.,6.),.PIECEWISE_BEZIER_KNOTS.);
#103=B_SPLINE_CURVE_WITH_KNOTS('',3,(#8412,#8413,#8414,#8415),
 .UNSPECIFIED.,.F.,.F.,(4,4),(6.,7.),.PIECEWISE_BEZIER_KNOTS.);
#104=B_SPLINE_CURVE_WITH_KNOTS('',3,(#8417,#8418,#8419,#8420),
 .UNSPECIFIED.,.F.,.F.,(4,4),(7.,8.),.PIECEWISE_BEZIER_KNOTS.);
#105=B_SPLINE_CURVE_WITH_KNOTS('',3,(#8422,#8423,#8424,#8425),
 .UNSPECIFIED.,.F.,.F.,(4,4),(8.,9.),.PIECEWISE_BEZIER_KNOTS.);
#106=B_SPLINE_CURVE_WITH_KNOTS('',3,(#8427,#8428,#8429,#8430),
 .UNSPECIFIED.,.F.,.F.,(4,4),(9.,10.),.PIECEWISE_BEZIER_KNOTS.);
#107=B_SPLINE_CURVE_WITH_KNOTS('',3,(#8432,#8433,#8434,#8435),
 .UNSPECIFIED.,.F.,.F.,(4,4),(10.,11.),.PIECEWISE_BEZIER_KNOTS.);
#108=B_SPLINE_CURVE_WITH_KNOTS('',3,(#8445,#8446,#8447,#8448),
 .UNSPECIFIED.,.F.,.F.,(4,4),(15.,16.),.PIECEWISE_BEZIER_KNOTS.);
#109=B_SPLINE_CURVE_WITH_KNOTS('',3,(#8450,#8451,#8452,#8453),
 .UNSPECIFIED.,.F.,.F.,(4,4),(16.,17.),.PIECEWISE_BEZIER_KNOTS.);
#110=B_SPLINE_CURVE_WITH_KNOTS('',3,(#8455,#8456,#8457,#8458),
 .UNSPECIFIED.,.F.,.F.,(4,4),(17.,18.),.PIECEWISE_BEZIER_KNOTS.);
#111=B_SPLINE_CURVE_WITH_KNOTS('',3,(#8460,#8461,#8462,#8463),
 .UNSPECIFIED.,.F.,.F.,(4,4),(18.,19.),.PIECEWISE_BEZIER_KNOTS.);
#112=B_SPLINE_CURVE_WITH_KNOTS('',3,(#8465,#8466,#8467,#8468),
 .UNSPECIFIED.,.F.,.F.,(4,4),(19.,20.),.PIECEWISE_BEZIER_KNOTS.);
#113=B_SPLINE_CURVE_WITH_KNOTS('',3,(#8470,#8471,#8472,#8473),
 .UNSPECIFIED.,.F.,.F.,(4,4),(20.,21.),.PIECEWISE_BEZIER_KNOTS.);
#114=B_SPLINE_CURVE_WITH_KNOTS('',3,(#8475,#8476,#8477,#8478),
 .UNSPECIFIED.,.F.,.F.,(4,4),(21.,22.),.PIECEWISE_BEZIER_KNOTS.);
#115=B_SPLINE_CURVE_WITH_KNOTS('',3,(#8482,#8483,#8484,#8485),
 .UNSPECIFIED.,.F.,.F.,(4,4),(23.,24.),.PIECEWISE_BEZIER_KNOTS.);
#116=B_SPLINE_CURVE_WITH_KNOTS('',3,(#8487,#8488,#8489,#8490),
 .UNSPECIFIED.,.F.,.F.,(4,4),(0.,8.45568799871621E-5),.UNSPECIFIED.);
#117=B_SPLINE_CURVE_WITH_KNOTS('',3,(#8494,#8495,#8496,#8497),
 .UNSPECIFIED.,.F.,.F.,(4,4),(3.61266841814151E-10,4.3950168283301E-6),
 .UNSPECIFIED.);
#118=B_SPLINE_CURVE_WITH_KNOTS('',3,(#8499,#8500,#8501,#8502),
 .UNSPECIFIED.,.F.,.F.,(4,4),(27.,28.),.PIECEWISE_BEZIER_KNOTS.);
#119=B_SPLINE_CURVE_WITH_KNOTS('',3,(#8504,#8505,#8506,#8507),
 .UNSPECIFIED.,.F.,.F.,(4,4),(0.,3.39684807749042E-5),.UNSPECIFIED.);
#120=B_SPLINE_CURVE_WITH_KNOTS('',3,(#8511,#8512,#8513,#8514),
 .UNSPECIFIED.,.F.,.F.,(4,4),(33.,34.),.PIECEWISE_BEZIER_KNOTS.);
#121=B_SPLINE_CURVE_WITH_KNOTS('',3,(#8516,#8517,#8518,#8519),
 .UNSPECIFIED.,.F.,.F.,(4,4),(34.,35.),.UNSPECIFIED.);
#122=B_SPLINE_CURVE_WITH_KNOTS('',3,(#8520,#8521,#8522,#8523,#8524,#8525,
#8526),.UNSPECIFIED.,.F.,.F.,(4,3,4),(0.,1.,2.),
 .PIECEWISE_BEZIER_KNOTS.);
#123=B_SPLINE_CURVE_WITH_KNOTS('',3,(#8529,#8530,#8531,#8532,#8533,#8534),
 .UNSPECIFIED.,.F.,.F.,(4,2,4),(2.,3.,4.),.UNSPECIFIED.);
#124=B_SPLINE_CURVE_WITH_KNOTS('',3,(#8536,#8537,#8538,#8539),
 .UNSPECIFIED.,.F.,.F.,(4,4),(35.,36.),.PIECEWISE_BEZIER_KNOTS.);
#125=B_SPLINE_CURVE_WITH_KNOTS('',3,(#8542,#8543,#8544,#8545),
 .UNSPECIFIED.,.F.,.F.,(4,4),(34.,35.),.UNSPECIFIED.);
#126=B_SPLINE_CURVE_WITH_KNOTS('',3,(#8547,#8548,#8549,#8550),
 .UNSPECIFIED.,.F.,.F.,(4,4),(33.,33.9999907412042),
 .PIECEWISE_BEZIER_KNOTS.);
#127=B_SPLINE_CURVE_WITH_KNOTS('',3,(#8554,#8555,#8556,#8557),
 .UNSPECIFIED.,.F.,.F.,(4,4),(28.,29.),.PIECEWISE_BEZIER_KNOTS.);
#128=B_SPLINE_CURVE_WITH_KNOTS('',3,(#8559,#8560,#8561,#8562),
 .UNSPECIFIED.,.F.,.F.,(4,4),(27.,28.),.PIECEWISE_BEZIER_KNOTS.);
#129=B_SPLINE_CURVE_WITH_KNOTS('',3,(#8564,#8565,#8566,#8567),
 .UNSPECIFIED.,.F.,.F.,(4,4),(26.,27.),.PIECEWISE_BEZIER_KNOTS.);
#130=B_SPLINE_CURVE_WITH_KNOTS('',3,(#8571,#8572,#8573,#8574),
 .UNSPECIFIED.,.F.,.F.,(4,4),(24.,25.),.PIECEWISE_BEZIER_KNOTS.);
#131=B_SPLINE_CURVE_WITH_KNOTS('',3,(#8576,#8577,#8578,#8579),
 .UNSPECIFIED.,.F.,.F.,(4,4),(23.,24.),.PIECEWISE_BEZIER_KNOTS.);
#132=B_SPLINE_CURVE_WITH_KNOTS('',3,(#8583,#8584,#8585,#8586),
 .UNSPECIFIED.,.F.,.F.,(4,4),(21.,22.),.PIECEWISE_BEZIER_KNOTS.);
#133=B_SPLINE_CURVE_WITH_KNOTS('',3,(#8588,#8589,#8590,#8591),
 .UNSPECIFIED.,.F.,.F.,(4,4),(20.,21.),.PIECEWISE_BEZIER_KNOTS.);
#134=B_SPLINE_CURVE_WITH_KNOTS('',3,(#8593,#8594,#8595,#8596),
 .UNSPECIFIED.,.F.,.F.,(4,4),(19.,20.),.PIECEWISE_BEZIER_KNOTS.);
#135=B_SPLINE_CURVE_WITH_KNOTS('',3,(#8598,#8599,#8600,#8601),
 .UNSPECIFIED.,.F.,.F.,(4,4),(18.,19.),.PIECEWISE_BEZIER_KNOTS.);
#136=B_SPLINE_CURVE_WITH_KNOTS('',3,(#8603,#8604,#8605,#8606),
 .UNSPECIFIED.,.F.,.F.,(4,4),(17.,18.),.PIECEWISE_BEZIER_KNOTS.);
#137=B_SPLINE_CURVE_WITH_KNOTS('',3,(#8608,#8609,#8610,#8611),
 .UNSPECIFIED.,.F.,.F.,(4,4),(16.,17.),.PIECEWISE_BEZIER_KNOTS.);
#138=B_SPLINE_CURVE_WITH_KNOTS('',3,(#8613,#8614,#8615,#8616),
 .UNSPECIFIED.,.F.,.F.,(4,4),(15.,16.),.PIECEWISE_BEZIER_KNOTS.);
#139=B_SPLINE_CURVE_WITH_KNOTS('',3,(#8626,#8627,#8628,#8629),
 .UNSPECIFIED.,.F.,.F.,(4,4),(10.,11.),.PIECEWISE_BEZIER_KNOTS.);
#140=B_SPLINE_CURVE_WITH_KNOTS('',3,(#8631,#8632,#8633,#8634),
 .UNSPECIFIED.,.F.,.F.,(4,4),(9.,10.),.PIECEWISE_BEZIER_KNOTS.);
#141=B_SPLINE_CURVE_WITH_KNOTS('',3,(#8636,#8637,#8638,#8639),
 .UNSPECIFIED.,.F.,.F.,(4,4),(8.,9.),.PIECEWISE_BEZIER_KNOTS.);
#142=B_SPLINE_CURVE_WITH_KNOTS('',3,(#8641,#8642,#8643,#8644),
 .UNSPECIFIED.,.F.,.F.,(4,4),(7.,8.),.PIECEWISE_BEZIER_KNOTS.);
#143=B_SPLINE_CURVE_WITH_KNOTS('',3,(#8646,#8647,#8648,#8649),
 .UNSPECIFIED.,.F.,.F.,(4,4),(6.,7.),.PIECEWISE_BEZIER_KNOTS.);
#144=B_SPLINE_CURVE_WITH_KNOTS('',3,(#8651,#8652,#8653,#8654),
 .UNSPECIFIED.,.F.,.F.,(4,4),(5.,6.),.PIECEWISE_BEZIER_KNOTS.);
#145=B_SPLINE_CURVE_WITH_KNOTS('',3,(#8656,#8657,#8658,#8659),
 .UNSPECIFIED.,.F.,.F.,(4,4),(4.,5.),.PIECEWISE_BEZIER_KNOTS.);
#146=B_SPLINE_CURVE_WITH_KNOTS('',3,(#8661,#8662,#8663,#8664),
 .UNSPECIFIED.,.F.,.F.,(4,4),(3.,4.),.PIECEWISE_BEZIER_KNOTS.);
#147=B_SPLINE_CURVE_WITH_KNOTS('',3,(#8666,#8667,#8668,#8669),
 .UNSPECIFIED.,.F.,.F.,(4,4),(2.,3.),.PIECEWISE_BEZIER_KNOTS.);
#148=B_SPLINE_CURVE_WITH_KNOTS('',3,(#8671,#8672,#8673,#8674),
 .UNSPECIFIED.,.F.,.F.,(4,4),(0.,0.000107566728351442),.UNSPECIFIED.);
#149=B_SPLINE_CURVE_WITH_KNOTS('',3,(#8676,#8677,#8678,#8679),
 .UNSPECIFIED.,.F.,.F.,(4,4),(0.,1.),.PIECEWISE_BEZIER_KNOTS.);
#150=B_SPLINE_CURVE_WITH_KNOTS('',3,(#8680,#8681,#8682,#8683,#8684,#8685),
 .UNSPECIFIED.,.F.,.F.,(4,2,4),(2.,3.,4.),.UNSPECIFIED.);
#151=B_SPLINE_CURVE_WITH_KNOTS('',3,(#8688,#8689,#8690,#8691,#8692,#8693,
#8694),.UNSPECIFIED.,.F.,.F.,(4,3,4),(0.,1.,2.),
 .PIECEWISE_BEZIER_KNOTS.);
#152=B_SPLINE_CURVE_WITH_KNOTS('',3,(#8704,#8705,#8706,#8707),
 .UNSPECIFIED.,.F.,.F.,(4,4),(0.,0.0010000000001156),.UNSPECIFIED.);
#153=B_SPLINE_CURVE_WITH_KNOTS('',3,(#8937,#8938,#8939,#8940),
 .UNSPECIFIED.,.F.,.F.,(4,4),(0.,0.00100000000011516),.UNSPECIFIED.);
#154=B_SPLINE_CURVE_WITH_KNOTS('',3,(#8997,#8998,#8999,#9000),
 .UNSPECIFIED.,.F.,.F.,(4,4),(0.,9.99656882167963E-7),.UNSPECIFIED.);
#155=B_SPLINE_CURVE_WITH_KNOTS('',3,(#9006,#9007,#9008,#9009),
 .UNSPECIFIED.,.F.,.F.,(4,4),(0.,0.999755451465215),.UNSPECIFIED.);
#156=B_SPLINE_CURVE_WITH_KNOTS('',3,(#9015,#9016,#9017,#9018),
 .UNSPECIFIED.,.F.,.F.,(4,4),(0.,0.999749999961948),.UNSPECIFIED.);
#157=B_SPLINE_CURVE_WITH_KNOTS('',3,(#9032,#9033,#9034,#9035),
 .UNSPECIFIED.,.F.,.F.,(4,4),(0.,1.),.UNSPECIFIED.);
#158=B_SPLINE_CURVE_WITH_KNOTS('',3,(#9069,#9070,#9071,#9072),
 .UNSPECIFIED.,.F.,.F.,(4,4),(0.,1.),.UNSPECIFIED.);
#159=B_SPLINE_CURVE_WITH_KNOTS('',3,(#9091,#9092,#9093,#9094),
 .UNSPECIFIED.,.F.,.F.,(4,4),(0.,2.04419202562863E-5),.UNSPECIFIED.);
#160=B_SPLINE_CURVE_WITH_KNOTS('',3,(#9095,#9096,#9097,#9098),
 .UNSPECIFIED.,.F.,.F.,(4,4),(0.,2.04419202565916E-5),.UNSPECIFIED.);
#161=B_SPLINE_CURVE_WITH_KNOTS('',3,(#9163,#9164,#9165,#9166),
 .UNSPECIFIED.,.F.,.F.,(4,4),(3.,4.),.PIECEWISE_BEZIER_KNOTS.);
#162=B_SPLINE_CURVE_WITH_KNOTS('',3,(#9170,#9171,#9172,#9173),
 .UNSPECIFIED.,.F.,.F.,(4,4),(1.,2.),.PIECEWISE_BEZIER_KNOTS.);
#163=B_SPLINE_CURVE_WITH_KNOTS('',3,(#9200,#9201,#9202,#9203),
 .UNSPECIFIED.,.F.,.F.,(4,4),(1.,2.),.PIECEWISE_BEZIER_KNOTS.);
#164=B_SPLINE_CURVE_WITH_KNOTS('',3,(#9207,#9208,#9209,#9210),
 .UNSPECIFIED.,.F.,.F.,(4,4),(3.,4.),.PIECEWISE_BEZIER_KNOTS.);
#165=B_SPLINE_CURVE_WITH_KNOTS('',3,(#9276,#9277,#9278,#9279),
 .UNSPECIFIED.,.F.,.F.,(4,4),(3.,4.),.PIECEWISE_BEZIER_KNOTS.);
#166=B_SPLINE_CURVE_WITH_KNOTS('',3,(#9283,#9284,#9285,#9286),
 .UNSPECIFIED.,.F.,.F.,(4,4),(1.,2.),.PIECEWISE_BEZIER_KNOTS.);
#167=B_SPLINE_CURVE_WITH_KNOTS('',3,(#9313,#9314,#9315,#9316),
 .UNSPECIFIED.,.F.,.F.,(4,4),(1.,2.),.PIECEWISE_BEZIER_KNOTS.);
#168=B_SPLINE_CURVE_WITH_KNOTS('',3,(#9320,#9321,#9322,#9323),
 .UNSPECIFIED.,.F.,.F.,(4,4),(3.,4.),.PIECEWISE_BEZIER_KNOTS.);
#169=B_SPLINE_CURVE_WITH_KNOTS('',3,(#9450,#9451,#9452,#9453),
 .UNSPECIFIED.,.F.,.F.,(4,4),(11.,12.),.PIECEWISE_BEZIER_KNOTS.);
#170=B_SPLINE_CURVE_WITH_KNOTS('',3,(#9457,#9458,#9459,#9460),
 .UNSPECIFIED.,.F.,.F.,(4,4),(9.,10.),.PIECEWISE_BEZIER_KNOTS.);
#171=B_SPLINE_CURVE_WITH_KNOTS('',3,(#9466,#9467,#9468,#9469),
 .UNSPECIFIED.,.F.,.F.,(4,4),(6.,7.),.PIECEWISE_BEZIER_KNOTS.);
#172=B_SPLINE_CURVE_WITH_KNOTS('',3,(#9479,#9480,#9481,#9482),
 .UNSPECIFIED.,.F.,.F.,(4,4),(1.,2.),.PIECEWISE_BEZIER_KNOTS.);
#173=B_SPLINE_CURVE_WITH_KNOTS('',3,(#9501,#9502,#9503,#9504),
 .UNSPECIFIED.,.F.,.F.,(4,4),(1.,2.),.PIECEWISE_BEZIER_KNOTS.);
#174=B_SPLINE_CURVE_WITH_KNOTS('',3,(#9514,#9515,#9516,#9517),
 .UNSPECIFIED.,.F.,.F.,(4,4),(6.,7.),.PIECEWISE_BEZIER_KNOTS.);
#175=B_SPLINE_CURVE_WITH_KNOTS('',3,(#9521,#9522,#9523,#9524),
 .UNSPECIFIED.,.F.,.F.,(4,4),(9.,10.),.PIECEWISE_BEZIER_KNOTS.);
#176=B_SPLINE_CURVE_WITH_KNOTS('',3,(#9528,#9529,#9530,#9531),
 .UNSPECIFIED.,.F.,.F.,(4,4),(11.,12.),.PIECEWISE_BEZIER_KNOTS.);
#177=B_SPLINE_CURVE_WITH_KNOTS('',3,(#9567,#9568,#9569,#9570),
 .UNSPECIFIED.,.F.,.F.,(4,4),(0.,1.),.UNSPECIFIED.);
#178=B_SPLINE_CURVE_WITH_KNOTS('',3,(#9601,#9602,#9603,#9604),
 .UNSPECIFIED.,.F.,.F.,(4,4),(0.,1.),.UNSPECIFIED.);
#179=B_SPLINE_CURVE_WITH_KNOTS('',3,(#9606,#9607,#9608,#9609),
 .UNSPECIFIED.,.F.,.F.,(4,4),(4.86126027803968E-11,9.99660592266128E-7),
 .UNSPECIFIED.);
#180=B_SPLINE_CURVE_WITH_KNOTS('',3,(#9684,#9685,#9686,#9687),
 .UNSPECIFIED.,.F.,.F.,(4,4),(1.570796326794,3.141592653589),
 .UNSPECIFIED.);
#181=B_SPLINE_CURVE_WITH_KNOTS('',3,(#9691,#9692,#9693,#9694),
 .UNSPECIFIED.,.F.,.F.,(4,4),(8.249892746526E-16,1.570796326794),
 .UNSPECIFIED.);
#182=B_SPLINE_CURVE_WITH_KNOTS('',3,(#9707,#9708,#9709,#9710),
 .UNSPECIFIED.,.F.,.F.,(4,4),(1.570796326794,3.141592653589),
 .UNSPECIFIED.);
#183=B_SPLINE_CURVE_WITH_KNOTS('',3,(#9714,#9715,#9716,#9717),
 .UNSPECIFIED.,.F.,.F.,(4,4),(-8.881784197001E-16,1.570796326794),
 .UNSPECIFIED.);
#184=B_SPLINE_CURVE_WITH_KNOTS('',3,(#9886,#9887,#9888,#9889),
 .UNSPECIFIED.,.F.,.F.,(4,4),(2.369709649427,3.913475657752),
 .UNSPECIFIED.);
#185=B_SPLINE_CURVE_WITH_KNOTS('',3,(#9891,#9892,#9893,#9894),
 .UNSPECIFIED.,.F.,.F.,(4,4),(5.511302303017,7.055068311341),
 .UNSPECIFIED.);
#186=B_SPLINE_CURVE_WITH_KNOTS('',3,(#9898,#9899,#9900,#9901),
 .UNSPECIFIED.,.F.,.F.,(4,4),(5.511302303017,7.055068311341),
 .UNSPECIFIED.);
#187=B_SPLINE_CURVE_WITH_KNOTS('',3,(#9903,#9904,#9905,#9906),
 .UNSPECIFIED.,.F.,.F.,(4,4),(2.369709649427,3.913475657752),
 .UNSPECIFIED.);
#188=B_SPLINE_CURVE_WITH_KNOTS('',3,(#9908,#9909,#9910,#9911),
 .UNSPECIFIED.,.F.,.F.,(4,4),(2.369709649427,3.913475657752),
 .UNSPECIFIED.);
#189=B_SPLINE_CURVE_WITH_KNOTS('',3,(#9913,#9914,#9915,#9916),
 .UNSPECIFIED.,.F.,.F.,(4,4),(5.511302303017,7.055068311341),
 .UNSPECIFIED.);
#190=B_SPLINE_CURVE_WITH_KNOTS('',3,(#9918,#9919,#9920,#9921),
 .UNSPECIFIED.,.F.,.F.,(4,4),(2.369709649427,3.913475657752),
 .UNSPECIFIED.);
#191=B_SPLINE_CURVE_WITH_KNOTS('',3,(#9927,#9928,#9929,#9930),
 .UNSPECIFIED.,.F.,.F.,(4,4),(2.369709649427,3.913475657752),
 .UNSPECIFIED.);
#192=B_SPLINE_CURVE_WITH_KNOTS('',3,(#9950,#9951,#9952,#9953),
 .UNSPECIFIED.,.F.,.F.,(4,4),(99.4623222087792,180.),.UNSPECIFIED.);
#193=B_SPLINE_CURVE_WITH_KNOTS('',3,(#9955,#9956,#9957,#9958),
 .UNSPECIFIED.,.F.,.F.,(4,4),(0.,80.5376777912208),.UNSPECIFIED.);
#194=B_SPLINE_CURVE_WITH_KNOTS('',3,(#9962,#9963,#9964,#9965),
 .UNSPECIFIED.,.F.,.F.,(4,4),(180.,260.537677791221),.UNSPECIFIED.);
#195=B_SPLINE_CURVE_WITH_KNOTS('',3,(#9967,#9968,#9969,#9970),
 .UNSPECIFIED.,.F.,.F.,(4,4),(180.,270.000000000188),.UNSPECIFIED.);
#196=B_SPLINE_CURVE_WITH_KNOTS('',3,(#9972,#9973,#9974,#9975),
 .UNSPECIFIED.,.F.,.F.,(4,4),(1.570796326794,3.141592653589),
 .UNSPECIFIED.);
#197=B_SPLINE_CURVE_WITH_KNOTS('',3,(#9980,#9981,#9982,#9983),
 .UNSPECIFIED.,.F.,.F.,(4,4),(269.999999999812,360.),.UNSPECIFIED.);
#198=B_SPLINE_CURVE_WITH_KNOTS('',3,(#9985,#9986,#9987,#9988),
 .UNSPECIFIED.,.F.,.F.,(4,4),(-4.4408920985E-15,1.570796326794),
 .UNSPECIFIED.);
#199=B_SPLINE_CURVE_WITH_KNOTS('',3,(#9990,#9991,#9992,#9993),
 .UNSPECIFIED.,.F.,.F.,(4,4),(279.462322207649,360.),.UNSPECIFIED.);
#200=B_SPLINE_CURVE_WITH_KNOTS('',3,(#9995,#9996,#9997,#9998),
 .UNSPECIFIED.,.F.,.F.,(4,4),(4.336808689942E-15,1.570796326794),
 .UNSPECIFIED.);
#201=B_SPLINE_CURVE_WITH_KNOTS('',3,(#10000,#10001,#10002,#10003),
 .UNSPECIFIED.,.F.,.F.,(4,4),(270.,360.),.UNSPECIFIED.);
#202=B_SPLINE_CURVE_WITH_KNOTS('',3,(#10011,#10012,#10013,#10014),
 .UNSPECIFIED.,.F.,.F.,(4,4),(3.141592653589,4.712388980384),
 .UNSPECIFIED.);
#203=B_SPLINE_CURVE_WITH_KNOTS('',3,(#10018,#10019,#10020,#10021),
 .UNSPECIFIED.,.F.,.F.,(4,4),(0.,90.),.UNSPECIFIED.);
#204=B_SPLINE_CURVE_WITH_KNOTS('',3,(#10258,#10259,#10260,#10261),
 .UNSPECIFIED.,.F.,.F.,(4,4),(0.,1.),.PIECEWISE_BEZIER_KNOTS.);
#205=B_SPLINE_CURVE_WITH_KNOTS('',3,(#10266,#10267,#10268,#10269),
 .UNSPECIFIED.,.F.,.F.,(4,4),(0.,1.),.PIECEWISE_BEZIER_KNOTS.);
#206=B_SPLINE_CURVE_WITH_KNOTS('',3,(#10286,#10287,#10288,#10289),
 .UNSPECIFIED.,.F.,.F.,(4,4),(12.,12.9999926623322),
 .PIECEWISE_BEZIER_KNOTS.);
#207=B_SPLINE_CURVE_WITH_KNOTS('',3,(#10293,#10294,#10295,#10296),
 .UNSPECIFIED.,.F.,.F.,(4,4),(12.0000073376678,13.),
 .PIECEWISE_BEZIER_KNOTS.);
#208=B_SPLINE_CURVE_WITH_KNOTS('',3,(#10305,#10306,#10307,#10308),
 .UNSPECIFIED.,.F.,.F.,(4,4),(11.,12.),.PIECEWISE_BEZIER_KNOTS.);
#209=B_SPLINE_CURVE_WITH_KNOTS('',3,(#10312,#10313,#10314,#10315),
 .UNSPECIFIED.,.F.,.F.,(4,4),(11.,12.),.PIECEWISE_BEZIER_KNOTS.);
#210=B_SPLINE_CURVE_WITH_KNOTS('',3,(#10324,#10325,#10326,#10327),
 .UNSPECIFIED.,.F.,.F.,(4,4),(10.,11.),.PIECEWISE_BEZIER_KNOTS.);
#211=B_SPLINE_CURVE_WITH_KNOTS('',3,(#10331,#10332,#10333,#10334),
 .UNSPECIFIED.,.F.,.F.,(4,4),(10.,11.),.PIECEWISE_BEZIER_KNOTS.);
#212=B_SPLINE_CURVE_WITH_KNOTS('',3,(#10343,#10344,#10345,#10346),
 .UNSPECIFIED.,.F.,.F.,(4,4),(9.,10.),.PIECEWISE_BEZIER_KNOTS.);
#213=B_SPLINE_CURVE_WITH_KNOTS('',3,(#10350,#10351,#10352,#10353),
 .UNSPECIFIED.,.F.,.F.,(4,4),(9.,10.),.PIECEWISE_BEZIER_KNOTS.);
#214=B_SPLINE_CURVE_WITH_KNOTS('',3,(#10362,#10363,#10364,#10365),
 .UNSPECIFIED.,.F.,.F.,(4,4),(8.,9.),.PIECEWISE_BEZIER_KNOTS.);
#215=B_SPLINE_CURVE_WITH_KNOTS('',3,(#10369,#10370,#10371,#10372),
 .UNSPECIFIED.,.F.,.F.,(4,4),(8.,9.),.PIECEWISE_BEZIER_KNOTS.);
#216=B_SPLINE_CURVE_WITH_KNOTS('',3,(#10381,#10382,#10383,#10384),
 .UNSPECIFIED.,.F.,.F.,(4,4),(7.00000729673223,8.),
 .PIECEWISE_BEZIER_KNOTS.);
#217=B_SPLINE_CURVE_WITH_KNOTS('',3,(#10388,#10389,#10390,#10391),
 .UNSPECIFIED.,.F.,.F.,(4,4),(7.,7.99999270326776),
 .PIECEWISE_BEZIER_KNOTS.);
#218=B_SPLINE_CURVE_WITH_KNOTS('',3,(#10406,#10407,#10408,#10409),
 .UNSPECIFIED.,.F.,.F.,(4,4),(5.,6.),.PIECEWISE_BEZIER_KNOTS.);
#219=B_SPLINE_CURVE_WITH_KNOTS('',3,(#10413,#10414,#10415,#10416),
 .UNSPECIFIED.,.F.,.F.,(4,4),(5.,6.),.PIECEWISE_BEZIER_KNOTS.);
#220=B_SPLINE_CURVE_WITH_KNOTS('',3,(#10425,#10426,#10427,#10428),
 .UNSPECIFIED.,.F.,.F.,(4,4),(4.,5.),.PIECEWISE_BEZIER_KNOTS.);
#221=B_SPLINE_CURVE_WITH_KNOTS('',3,(#10432,#10433,#10434,#10435),
 .UNSPECIFIED.,.F.,.F.,(4,4),(4.,5.),.PIECEWISE_BEZIER_KNOTS.);
#222=B_SPLINE_CURVE_WITH_KNOTS('',3,(#10444,#10445,#10446,#10447),
 .UNSPECIFIED.,.F.,.F.,(4,4),(3.,4.),.PIECEWISE_BEZIER_KNOTS.);
#223=B_SPLINE_CURVE_WITH_KNOTS('',3,(#10451,#10452,#10453,#10454),
 .UNSPECIFIED.,.F.,.F.,(4,4),(3.,4.),.PIECEWISE_BEZIER_KNOTS.);
#224=B_SPLINE_CURVE_WITH_KNOTS('',3,(#10463,#10464,#10465,#10466),
 .UNSPECIFIED.,.F.,.F.,(4,4),(2.,3.),.PIECEWISE_BEZIER_KNOTS.);
#225=B_SPLINE_CURVE_WITH_KNOTS('',3,(#10470,#10471,#10472,#10473),
 .UNSPECIFIED.,.F.,.F.,(4,4),(2.,3.),.PIECEWISE_BEZIER_KNOTS.);
#226=B_SPLINE_CURVE_WITH_KNOTS('',3,(#10482,#10483,#10484,#10485),
 .UNSPECIFIED.,.F.,.F.,(4,4),(1.,2.),.PIECEWISE_BEZIER_KNOTS.);
#227=B_SPLINE_CURVE_WITH_KNOTS('',3,(#10486,#10487,#10488,#10489),
 .UNSPECIFIED.,.F.,.F.,(4,4),(1.,2.),.PIECEWISE_BEZIER_KNOTS.);
#228=B_SPLINE_SURFACE_WITH_KNOTS('',3,1,((#8198,#8199),(#8200,#8201),(#8202,
#8203),(#8204,#8205)),.UNSPECIFIED.,.F.,.F.,.F.,(4,4),(2,2),(12.,13.),(0.,
1.),.UNSPECIFIED.);
#229=B_SPLINE_SURFACE_WITH_KNOTS('',3,1,((#8275,#8276),(#8277,#8278),(#8279,
#8280),(#8281,#8282)),.UNSPECIFIED.,.F.,.F.,.F.,(4,4),(2,2),(1.,2.),(0.,
1.),.UNSPECIFIED.);
#230=B_SPLINE_SURFACE_WITH_KNOTS('',3,1,((#8695,#8696),(#8697,#8698),(#8699,
#8700),(#8701,#8702)),.UNSPECIFIED.,.F.,.F.,.F.,(4,4),(2,2),(35.,36.),(0.,
1.),.UNSPECIFIED.);
#231=B_SPLINE_SURFACE_WITH_KNOTS('',3,1,((#8708,#8709),(#8710,#8711),(#8712,
#8713),(#8714,#8715)),.UNSPECIFIED.,.F.,.F.,.F.,(4,4),(2,2),(0.,1.),(0.,
1.),.UNSPECIFIED.);
#232=B_SPLINE_SURFACE_WITH_KNOTS('',3,1,((#8717,#8718),(#8719,#8720),(#8721,
#8722),(#8723,#8724)),.UNSPECIFIED.,.F.,.F.,.F.,(4,4),(2,2),(1.,2.),(0.,
1.),.UNSPECIFIED.);
#233=B_SPLINE_SURFACE_WITH_KNOTS('',3,1,((#8726,#8727),(#8728,#8729),(#8730,
#8731),(#8732,#8733)),.UNSPECIFIED.,.F.,.F.,.F.,(4,4),(2,2),(2.,3.),(0.,
1.),.UNSPECIFIED.);
#234=B_SPLINE_SURFACE_WITH_KNOTS('',3,1,((#8735,#8736),(#8737,#8738),(#8739,
#8740),(#8741,#8742)),.UNSPECIFIED.,.F.,.F.,.F.,(4,4),(2,2),(3.,4.),(0.,
1.),.UNSPECIFIED.);
#235=B_SPLINE_SURFACE_WITH_KNOTS('',3,1,((#8744,#8745),(#8746,#8747),(#8748,
#8749),(#8750,#8751)),.UNSPECIFIED.,.F.,.F.,.F.,(4,4),(2,2),(4.,5.),(0.,
1.),.UNSPECIFIED.);
#236=B_SPLINE_SURFACE_WITH_KNOTS('',3,1,((#8753,#8754),(#8755,#8756),(#8757,
#8758),(#8759,#8760)),.UNSPECIFIED.,.F.,.F.,.F.,(4,4),(2,2),(5.,6.),(0.,
1.),.UNSPECIFIED.);
#237=B_SPLINE_SURFACE_WITH_KNOTS('',3,1,((#8762,#8763),(#8764,#8765),(#8766,
#8767),(#8768,#8769)),.UNSPECIFIED.,.F.,.F.,.F.,(4,4),(2,2),(6.,7.),(0.,
1.),.UNSPECIFIED.);
#238=B_SPLINE_SURFACE_WITH_KNOTS('',3,1,((#8771,#8772),(#8773,#8774),(#8775,
#8776),(#8777,#8778)),.UNSPECIFIED.,.F.,.F.,.F.,(4,4),(2,2),(7.,8.),(0.,
1.),.UNSPECIFIED.);
#239=B_SPLINE_SURFACE_WITH_KNOTS('',3,1,((#8780,#8781),(#8782,#8783),(#8784,
#8785),(#8786,#8787)),.UNSPECIFIED.,.F.,.F.,.F.,(4,4),(2,2),(8.,9.),(0.,
1.),.UNSPECIFIED.);
#240=B_SPLINE_SURFACE_WITH_KNOTS('',3,1,((#8789,#8790),(#8791,#8792),(#8793,
#8794),(#8795,#8796)),.UNSPECIFIED.,.F.,.F.,.F.,(4,4),(2,2),(9.,10.),(0.,
1.),.UNSPECIFIED.);
#241=B_SPLINE_SURFACE_WITH_KNOTS('',3,1,((#8798,#8799),(#8800,#8801),(#8802,
#8803),(#8804,#8805)),.UNSPECIFIED.,.F.,.F.,.F.,(4,4),(2,2),(10.,11.),(0.,
1.),.UNSPECIFIED.);
#242=B_SPLINE_SURFACE_WITH_KNOTS('',3,1,((#8815,#8816),(#8817,#8818),(#8819,
#8820),(#8821,#8822)),.UNSPECIFIED.,.F.,.F.,.F.,(4,4),(2,2),(15.,16.),(0.,
1.),.UNSPECIFIED.);
#243=B_SPLINE_SURFACE_WITH_KNOTS('',3,1,((#8824,#8825),(#8826,#8827),(#8828,
#8829),(#8830,#8831)),.UNSPECIFIED.,.F.,.F.,.F.,(4,4),(2,2),(16.,17.),(0.,
1.),.UNSPECIFIED.);
#244=B_SPLINE_SURFACE_WITH_KNOTS('',3,1,((#8833,#8834),(#8835,#8836),(#8837,
#8838),(#8839,#8840)),.UNSPECIFIED.,.F.,.F.,.F.,(4,4),(2,2),(17.,18.),(0.,
1.),.UNSPECIFIED.);
#245=B_SPLINE_SURFACE_WITH_KNOTS('',3,1,((#8842,#8843),(#8844,#8845),(#8846,
#8847),(#8848,#8849)),.UNSPECIFIED.,.F.,.F.,.F.,(4,4),(2,2),(18.,19.),(0.,
1.),.UNSPECIFIED.);
#246=B_SPLINE_SURFACE_WITH_KNOTS('',3,1,((#8851,#8852),(#8853,#8854),(#8855,
#8856),(#8857,#8858)),.UNSPECIFIED.,.F.,.F.,.F.,(4,4),(2,2),(19.,20.),(0.,
1.),.UNSPECIFIED.);
#247=B_SPLINE_SURFACE_WITH_KNOTS('',3,1,((#8860,#8861),(#8862,#8863),(#8864,
#8865),(#8866,#8867)),.UNSPECIFIED.,.F.,.F.,.F.,(4,4),(2,2),(20.,21.),(0.,
1.),.UNSPECIFIED.);
#248=B_SPLINE_SURFACE_WITH_KNOTS('',3,1,((#8869,#8870),(#8871,#8872),(#8873,
#8874),(#8875,#8876)),.UNSPECIFIED.,.F.,.F.,.F.,(4,4),(2,2),(21.,22.),(0.,
1.),.UNSPECIFIED.);
#249=B_SPLINE_SURFACE_WITH_KNOTS('',3,1,((#8880,#8881),(#8882,#8883),(#8884,
#8885),(#8886,#8887)),.UNSPECIFIED.,.F.,.F.,.F.,(4,4),(2,2),(23.,24.),(0.,
1.),.UNSPECIFIED.);
#250=B_SPLINE_SURFACE_WITH_KNOTS('',3,1,((#8889,#8890),(#8891,#8892),(#8893,
#8894),(#8895,#8896)),.UNSPECIFIED.,.F.,.F.,.F.,(4,4),(2,2),(24.,25.),(0.,
1.),.UNSPECIFIED.);
#251=B_SPLINE_SURFACE_WITH_KNOTS('',3,1,((#8900,#8901),(#8902,#8903),(#8904,
#8905),(#8906,#8907)),.UNSPECIFIED.,.F.,.F.,.F.,(4,4),(2,2),(26.,27.),(0.,
1.),.UNSPECIFIED.);
#252=B_SPLINE_SURFACE_WITH_KNOTS('',3,1,((#8909,#8910),(#8911,#8912),(#8913,
#8914),(#8915,#8916)),.UNSPECIFIED.,.F.,.F.,.F.,(4,4),(2,2),(27.,28.),(0.,
1.),.UNSPECIFIED.);
#253=B_SPLINE_SURFACE_WITH_KNOTS('',3,1,((#8918,#8919),(#8920,#8921),(#8922,
#8923),(#8924,#8925)),.UNSPECIFIED.,.F.,.F.,.F.,(4,4),(2,2),(28.,29.),(0.,
1.),.UNSPECIFIED.);
#254=B_SPLINE_SURFACE_WITH_KNOTS('',3,1,((#8929,#8930),(#8931,#8932),(#8933,
#8934),(#8935,#8936)),.UNSPECIFIED.,.F.,.F.,.F.,(4,4),(2,2),(33.,34.),(0.,
1.),.UNSPECIFIED.);
#255=B_SPLINE_SURFACE_WITH_KNOTS('',3,1,((#8942,#8943),(#8944,#8945),(#8946,
#8947),(#8948,#8949),(#8950,#8951),(#8952,#8953),(#8954,#8955),(#8956,#8957),
(#8958,#8959),(#8960,#8961)),.UNSPECIFIED.,.F.,.F.,.F.,(4,3,3,4),(2,2),
(0.,1.,1.00209566311588,2.),(0.,1.),.UNSPECIFIED.);
#256=B_SPLINE_SURFACE_WITH_KNOTS('',3,1,((#8964,#8965),(#8966,#8967),(#8968,
#8969),(#8970,#8971),(#8972,#8973),(#8974,#8975)),.UNSPECIFIED.,.F.,.F.,
 .F.,(4,2,4),(2,2),(2.,3.,4.),(0.,1.),.UNSPECIFIED.);
#257=B_SPLINE_SURFACE_WITH_KNOTS('',3,1,((#9083,#9084),(#9085,#9086),(#9087,
#9088),(#9089,#9090)),.UNSPECIFIED.,.F.,.F.,.F.,(4,4),(2,2),(1.,2.),(0.,
1.),.UNSPECIFIED.);
#258=B_SPLINE_SURFACE_WITH_KNOTS('',3,1,((#9232,#9233),(#9234,#9235),(#9236,
#9237),(#9238,#9239)),.UNSPECIFIED.,.F.,.F.,.F.,(4,4),(2,2),(1.000000000398,
2.),(0.,1.),.UNSPECIFIED.);
#259=B_SPLINE_SURFACE_WITH_KNOTS('',3,1,((#9243,#9244),(#9245,#9246),(#9247,
#9248),(#9249,#9250)),.UNSPECIFIED.,.F.,.F.,.F.,(4,4),(2,2),(3.,4.),(0.,
1.),.UNSPECIFIED.);
#260=B_SPLINE_SURFACE_WITH_KNOTS('',3,1,((#9345,#9346),(#9347,#9348),(#9349,
#9350),(#9351,#9352)),.UNSPECIFIED.,.F.,.F.,.F.,(4,4),(2,2),(1.00000000039801,
2.),(0.,1.),.UNSPECIFIED.);
#261=B_SPLINE_SURFACE_WITH_KNOTS('',3,1,((#9356,#9357),(#9358,#9359),(#9360,
#9361),(#9362,#9363)),.UNSPECIFIED.,.F.,.F.,.F.,(4,4),(2,2),(3.,4.),(0.,
1.),.UNSPECIFIED.);
#262=B_SPLINE_SURFACE_WITH_KNOTS('',3,1,((#9548,#9549),(#9550,#9551),(#9552,
#9553),(#9554,#9555)),.UNSPECIFIED.,.F.,.F.,.F.,(4,4),(2,2),(11.,12.),(0.,
1.),.UNSPECIFIED.);
#263=B_SPLINE_SURFACE_WITH_KNOTS('',3,1,((#9559,#9560),(#9561,#9562),(#9563,
#9564),(#9565,#9566)),.UNSPECIFIED.,.F.,.F.,.F.,(4,4),(2,2),(9.,10.),(0.,
1.),.UNSPECIFIED.);
#264=B_SPLINE_SURFACE_WITH_KNOTS('',3,1,((#9573,#9574),(#9575,#9576),(#9577,
#9578),(#9579,#9580)),.UNSPECIFIED.,.F.,.F.,.F.,(4,4),(2,2),(6.,7.),(0.,
1.),.UNSPECIFIED.);
#265=B_SPLINE_SURFACE_WITH_KNOTS('',3,1,((#9590,#9591),(#9592,#9593),(#9594,
#9595),(#9596,#9597)),.UNSPECIFIED.,.F.,.F.,.F.,(4,4),(2,2),(1.,2.),(0.,
1.),.UNSPECIFIED.);
#266=B_SPLINE_SURFACE_WITH_KNOTS('',3,1,((#10250,#10251),(#10252,#10253),
(#10254,#10255),(#10256,#10257)),.UNSPECIFIED.,.F.,.F.,.F.,(4,4),(2,2),
(0.,1.),(0.,1.),.UNSPECIFIED.);
#267=B_SPLINE_SURFACE_WITH_KNOTS('',3,1,((#10278,#10279),(#10280,#10281),
(#10282,#10283),(#10284,#10285)),.UNSPECIFIED.,.F.,.F.,.F.,(4,4),(2,2),
(12.,13.),(0.,1.),.UNSPECIFIED.);
#268=B_SPLINE_SURFACE_WITH_KNOTS('',3,1,((#10297,#10298),(#10299,#10300),
(#10301,#10302),(#10303,#10304)),.UNSPECIFIED.,.F.,.F.,.F.,(4,4),(2,2),
(11.,12.),(0.,1.),.UNSPECIFIED.);
#269=B_SPLINE_SURFACE_WITH_KNOTS('',3,1,((#10316,#10317),(#10318,#10319),
(#10320,#10321),(#10322,#10323)),.UNSPECIFIED.,.F.,.F.,.F.,(4,4),(2,2),
(10.,11.),(0.,1.),.UNSPECIFIED.);
#270=B_SPLINE_SURFACE_WITH_KNOTS('',3,1,((#10335,#10336),(#10337,#10338),
(#10339,#10340),(#10341,#10342)),.UNSPECIFIED.,.F.,.F.,.F.,(4,4),(2,2),
(9.,10.),(0.,1.),.UNSPECIFIED.);
#271=B_SPLINE_SURFACE_WITH_KNOTS('',3,1,((#10354,#10355),(#10356,#10357),
(#10358,#10359),(#10360,#10361)),.UNSPECIFIED.,.F.,.F.,.F.,(4,4),(2,2),
(8.,9.),(0.,1.),.UNSPECIFIED.);
#272=B_SPLINE_SURFACE_WITH_KNOTS('',3,1,((#10373,#10374),(#10375,#10376),
(#10377,#10378),(#10379,#10380)),.UNSPECIFIED.,.F.,.F.,.F.,(4,4),(2,2),
(7.,8.),(0.,1.),.UNSPECIFIED.);
#273=B_SPLINE_SURFACE_WITH_KNOTS('',3,1,((#10398,#10399),(#10400,#10401),
(#10402,#10403),(#10404,#10405)),.UNSPECIFIED.,.F.,.F.,.F.,(4,4),(2,2),
(5.,6.),(0.,1.),.UNSPECIFIED.);
#274=B_SPLINE_SURFACE_WITH_KNOTS('',3,1,((#10417,#10418),(#10419,#10420),
(#10421,#10422),(#10423,#10424)),.UNSPECIFIED.,.F.,.F.,.F.,(4,4),(2,2),
(4.,5.),(0.,1.),.UNSPECIFIED.);
#275=B_SPLINE_SURFACE_WITH_KNOTS('',3,1,((#10436,#10437),(#10438,#10439),
(#10440,#10441),(#10442,#10443)),.UNSPECIFIED.,.F.,.F.,.F.,(4,4),(2,2),
(3.,4.),(0.,1.),.UNSPECIFIED.);
#276=B_SPLINE_SURFACE_WITH_KNOTS('',3,1,((#10455,#10456),(#10457,#10458),
(#10459,#10460),(#10461,#10462)),.UNSPECIFIED.,.F.,.F.,.F.,(4,4),(2,2),
(2.,3.),(0.,1.),.UNSPECIFIED.);
#277=B_SPLINE_SURFACE_WITH_KNOTS('',3,1,((#10474,#10475),(#10476,#10477),
(#10478,#10479),(#10480,#10481)),.UNSPECIFIED.,.F.,.F.,.F.,(4,4),(2,2),
(1.,2.),(0.,1.),.UNSPECIFIED.);
#278=CONTEXT_DEPENDENT_SHAPE_REPRESENTATION(#306,#10604);
#279=CONTEXT_DEPENDENT_SHAPE_REPRESENTATION(#307,#10606);
#280=CONTEXT_DEPENDENT_SHAPE_REPRESENTATION(#308,#10608);
#281=CONTEXT_DEPENDENT_SHAPE_REPRESENTATION(#309,#10610);
#282=CONTEXT_DEPENDENT_SHAPE_REPRESENTATION(#310,#10612);
#283=CONTEXT_DEPENDENT_SHAPE_REPRESENTATION(#311,#10614);
#284=CONTEXT_DEPENDENT_SHAPE_REPRESENTATION(#312,#10616);
#285=CONTEXT_DEPENDENT_SHAPE_REPRESENTATION(#313,#10618);
#286=CONTEXT_DEPENDENT_SHAPE_REPRESENTATION(#314,#10620);
#287=CONTEXT_DEPENDENT_SHAPE_REPRESENTATION(#315,#10622);
#288=CONTEXT_DEPENDENT_SHAPE_REPRESENTATION(#316,#10624);
#289=CONTEXT_DEPENDENT_SHAPE_REPRESENTATION(#317,#10626);
#290=CONTEXT_DEPENDENT_SHAPE_REPRESENTATION(#318,#10628);
#291=CONTEXT_DEPENDENT_SHAPE_REPRESENTATION(#319,#10630);
#292=NEXT_ASSEMBLY_USAGE_OCCURRENCE('NAUO1',
'SMA_L4.3-W2.6-LS5.2-RD~SMA_L4.3-W2.6-LS5.2-RD~2QC5__\X\CD\X\B9\X\CC\X\A8
-\X\EF\X\BF\X\BD\X\EF\X\BF\X\BD\X\EF\X\BF\X\BD\X\EF\X\BF\X\BD2[11]',
'SMA_L4.3-W2.6-LS5.2-RD~SMA_L4.3-W2.6-LS5.2-RD~2QC5__\X\CD\X\B9\X\CC\X\A8
-\X\EF\X\BF\X\BD\X\EF\X\BF\X\BD\X\EF\X\BF\X\BD\X\EF\X\BF\X\BD2[11]',#10631,
#10632,'');
#293=NEXT_ASSEMBLY_USAGE_OCCURRENCE('NAUO2',
'SMA_L4.3-W2.6-LS5.2-RD~SMA_L4.3-W2.6-LS5.2-RD~2QC5__\X\CD\X\B9\X\CC\X\A8
-\X\EF\X\BF\X\BD\X\EF\X\BF\X\BD\X\EF\X\BF\X\BD\X\EF\X\BF\X\BD2[9]',
'SMA_L4.3-W2.6-LS5.2-RD~SMA_L4.3-W2.6-LS5.2-RD~2QC5__\X\CD\X\B9\X\CC\X\A8
-\X\EF\X\BF\X\BD\X\EF\X\BF\X\BD\X\EF\X\BF\X\BD\X\EF\X\BF\X\BD2[9]',#10631,
#10633,'');
#294=NEXT_ASSEMBLY_USAGE_OCCURRENCE('NAUO3',
'SMA_L4.3-W2.6-LS5.2-RD~SMA_L4.3-W2.6-LS5.2-RD~2QC5__\X\CD\X\B9\X\CC\X\A8
-\X\EF\X\BF\X\BD\X\EF\X\BF\X\BD\X\EF\X\BF\X\BD\X\EF\X\BF\X\BD2[6]',
'SMA_L4.3-W2.6-LS5.2-RD~SMA_L4.3-W2.6-LS5.2-RD~2QC5__\X\CD\X\B9\X\CC\X\A8
-\X\EF\X\BF\X\BD\X\EF\X\BF\X\BD\X\EF\X\BF\X\BD\X\EF\X\BF\X\BD2[6]',#10631,
#10634,'');
#295=NEXT_ASSEMBLY_USAGE_OCCURRENCE('NAUO4',
'SMA_L4.3-W2.6-LS5.2-RD~SMA_L4.3-W2.6-LS5.2-RD~2QC5__\X\CD\X\B9\X\CC\X\A8
-\X\EF\X\BF\X\BD\X\EF\X\BF\X\BD\X\EF\X\BF\X\BD\X\EF\X\BF\X\BD2[13]',
'SMA_L4.3-W2.6-LS5.2-RD~SMA_L4.3-W2.6-LS5.2-RD~2QC5__\X\CD\X\B9\X\CC\X\A8
-\X\EF\X\BF\X\BD\X\EF\X\BF\X\BD\X\EF\X\BF\X\BD\X\EF\X\BF\X\BD2[13]',#10631,
#10635,'');
#296=NEXT_ASSEMBLY_USAGE_OCCURRENCE('NAUO5',
'SMA_L4.3-W2.6-LS5.2-RD~SMA_L4.3-W2.6-LS5.2-RD~2QC5__\X\CD\X\B9\X\CC\X\A8
-\X\EF\X\BF\X\BD\X\EF\X\BF\X\BD\X\EF\X\BF\X\BD\X\EF\X\BF\X\BD2[8]',
'SMA_L4.3-W2.6-LS5.2-RD~SMA_L4.3-W2.6-LS5.2-RD~2QC5__\X\CD\X\B9\X\CC\X\A8
-\X\EF\X\BF\X\BD\X\EF\X\BF\X\BD\X\EF\X\BF\X\BD\X\EF\X\BF\X\BD2[8]',#10631,
#10636,'');
#297=NEXT_ASSEMBLY_USAGE_OCCURRENCE('NAUO6',
'SMA_L4.3-W2.6-LS5.2-RD~SMA_L4.3-W2.6-LS5.2-RD~2QC5__\X\CD\X\B9\X\CC\X\A8
-\X\EF\X\BF\X\BD\X\EF\X\BF\X\BD\X\EF\X\BF\X\BD\X\EF\X\BF\X\BD2[1]',
'SMA_L4.3-W2.6-LS5.2-RD~SMA_L4.3-W2.6-LS5.2-RD~2QC5__\X\CD\X\B9\X\CC\X\A8
-\X\EF\X\BF\X\BD\X\EF\X\BF\X\BD\X\EF\X\BF\X\BD\X\EF\X\BF\X\BD2[1]',#10631,
#10637,'');
#298=NEXT_ASSEMBLY_USAGE_OCCURRENCE('NAUO7',
'SMA_L4.3-W2.6-LS5.2-RD~SMA_L4.3-W2.6-LS5.2-RD~2QC5__\X\CD\X\B9\X\CC\X\A8
-\X\EF\X\BF\X\BD\X\EF\X\BF\X\BD\X\EF\X\BF\X\BD\X\EF\X\BF\X\BD2[5]',
'SMA_L4.3-W2.6-LS5.2-RD~SMA_L4.3-W2.6-LS5.2-RD~2QC5__\X\CD\X\B9\X\CC\X\A8
-\X\EF\X\BF\X\BD\X\EF\X\BF\X\BD\X\EF\X\BF\X\BD\X\EF\X\BF\X\BD2[5]',#10631,
#10638,'');
#299=NEXT_ASSEMBLY_USAGE_OCCURRENCE('NAUO8',
'SMA_L4.3-W2.6-LS5.2-RD~SMA_L4.3-W2.6-LS5.2-RD~2QC5__\X\CD\X\B9\X\CC\X\A8
-\X\EF\X\BF\X\BD\X\EF\X\BF\X\BD\X\EF\X\BF\X\BD\X\EF\X\BF\X\BD2[12]',
'SMA_L4.3-W2.6-LS5.2-RD~SMA_L4.3-W2.6-LS5.2-RD~2QC5__\X\CD\X\B9\X\CC\X\A8
-\X\EF\X\BF\X\BD\X\EF\X\BF\X\BD\X\EF\X\BF\X\BD\X\EF\X\BF\X\BD2[12]',#10631,
#10639,'');
#300=NEXT_ASSEMBLY_USAGE_OCCURRENCE('NAUO9',
'SMA_L4.3-W2.6-LS5.2-RD~SMA_L4.3-W2.6-LS5.2-RD~2QC5__\X\CD\X\B9\X\CC\X\A8
-\X\EF\X\BF\X\BD\X\EF\X\BF\X\BD\X\EF\X\BF\X\BD\X\EF\X\BF\X\BD2[10]',
'SMA_L4.3-W2.6-LS5.2-RD~SMA_L4.3-W2.6-LS5.2-RD~2QC5__\X\CD\X\B9\X\CC\X\A8
-\X\EF\X\BF\X\BD\X\EF\X\BF\X\BD\X\EF\X\BF\X\BD\X\EF\X\BF\X\BD2[10]',#10631,
#10640,'');
#301=NEXT_ASSEMBLY_USAGE_OCCURRENCE('NAUO10',
'SMA_L4.3-W2.6-LS5.2-RD~SMA_L4.3-W2.6-LS5.2-RD~2QC5__\X\CD\X\B9\X\CC\X\A8
-\X\EF\X\BF\X\BD\X\EF\X\BF\X\BD\X\EF\X\BF\X\BD\X\EF\X\BF\X\BD2[7]',
'SMA_L4.3-W2.6-LS5.2-RD~SMA_L4.3-W2.6-LS5.2-RD~2QC5__\X\CD\X\B9\X\CC\X\A8
-\X\EF\X\BF\X\BD\X\EF\X\BF\X\BD\X\EF\X\BF\X\BD\X\EF\X\BF\X\BD2[7]',#10631,
#10641,'');
#302=NEXT_ASSEMBLY_USAGE_OCCURRENCE('NAUO11',
'SMA_L4.3-W2.6-LS5.2-RD~SMA_L4.3-W2.6-LS5.2-RD~2QC5__\X\EF\X\BF\X\BD\X\D0
\X\B3\X\EF\X\BF\X\BD-\X\EF\X\BF\X\BD\X\EF\X\BF\X\BD\X\EF\X\BF\X\BD\X\EF
\X\BF\X\BD4',
'SMA_L4.3-W2.6-LS5.2-RD~SMA_L4.3-W2.6-LS5.2-RD~2QC5__\X\EF\X\BF\X\BD\X\D0
\X\B3\X\EF\X\BF\X\BD-\X\EF\X\BF\X\BD\X\EF\X\BF\X\BD\X\EF\X\BF\X\BD\X\EF
\X\BF\X\BD4',#10631,#10642,'');
#303=NEXT_ASSEMBLY_USAGE_OCCURRENCE('NAUO12',
'SMA_L4.3-W2.6-LS5.2-RD~SMA_L4.3-W2.6-LS5.2-RD~2QC5__\X\CD\X\B9\X\CC\X\A8
-\X\EF\X\BF\X\BD\X\EF\X\BF\X\BD\X\EF\X\BF\X\BD\X\EF\X\BF\X\BD2[4]',
'SMA_L4.3-W2.6-LS5.2-RD~SMA_L4.3-W2.6-LS5.2-RD~2QC5__\X\CD\X\B9\X\CC\X\A8
-\X\EF\X\BF\X\BD\X\EF\X\BF\X\BD\X\EF\X\BF\X\BD\X\EF\X\BF\X\BD2[4]',#10631,
#10643,'');
#304=NEXT_ASSEMBLY_USAGE_OCCURRENCE('NAUO13',
'SMA_L4.3-W2.6-LS5.2-RD~SMA_L4.3-W2.6-LS5.2-RD~2QC5__\X\CD\X\B9\X\CC\X\A8
-\X\EF\X\BF\X\BD\X\EF\X\BF\X\BD\X\EF\X\BF\X\BD\X\EF\X\BF\X\BD2[2]',
'SMA_L4.3-W2.6-LS5.2-RD~SMA_L4.3-W2.6-LS5.2-RD~2QC5__\X\CD\X\B9\X\CC\X\A8
-\X\EF\X\BF\X\BD\X\EF\X\BF\X\BD\X\EF\X\BF\X\BD\X\EF\X\BF\X\BD2[2]',#10631,
#10644,'');
#305=NEXT_ASSEMBLY_USAGE_OCCURRENCE('NAUO14',
'SMA_L4.3-W2.6-LS5.2-RD~SMA_L4.3-W2.6-LS5.2-RD~2QC5__\X\CD\X\B9\X\CC\X\A8
-\X\EF\X\BF\X\BD\X\EF\X\BF\X\BD\X\EF\X\BF\X\BD\X\EF\X\BF\X\BD2[3]',
'SMA_L4.3-W2.6-LS5.2-RD~SMA_L4.3-W2.6-LS5.2-RD~2QC5__\X\CD\X\B9\X\CC\X\A8
-\X\EF\X\BF\X\BD\X\EF\X\BF\X\BD\X\EF\X\BF\X\BD\X\EF\X\BF\X\BD2[3]',#10631,
#10645,'');
#306=(
REPRESENTATION_RELATIONSHIP(' ',' ',#6211,#6210)
REPRESENTATION_RELATIONSHIP_WITH_TRANSFORMATION(#320)
SHAPE_REPRESENTATION_RELATIONSHIP()
);
#307=(
REPRESENTATION_RELATIONSHIP(' ',' ',#6212,#6210)
REPRESENTATION_RELATIONSHIP_WITH_TRANSFORMATION(#321)
SHAPE_REPRESENTATION_RELATIONSHIP()
);
#308=(
REPRESENTATION_RELATIONSHIP(' ',' ',#6213,#6210)
REPRESENTATION_RELATIONSHIP_WITH_TRANSFORMATION(#322)
SHAPE_REPRESENTATION_RELATIONSHIP()
);
#309=(
REPRESENTATION_RELATIONSHIP(' ',' ',#6214,#6210)
REPRESENTATION_RELATIONSHIP_WITH_TRANSFORMATION(#323)
SHAPE_REPRESENTATION_RELATIONSHIP()
);
#310=(
REPRESENTATION_RELATIONSHIP(' ',' ',#6215,#6210)
REPRESENTATION_RELATIONSHIP_WITH_TRANSFORMATION(#324)
SHAPE_REPRESENTATION_RELATIONSHIP()
);
#311=(
REPRESENTATION_RELATIONSHIP(' ',' ',#6216,#6210)
REPRESENTATION_RELATIONSHIP_WITH_TRANSFORMATION(#325)
SHAPE_REPRESENTATION_RELATIONSHIP()
);
#312=(
REPRESENTATION_RELATIONSHIP(' ',' ',#6217,#6210)
REPRESENTATION_RELATIONSHIP_WITH_TRANSFORMATION(#326)
SHAPE_REPRESENTATION_RELATIONSHIP()
);
#313=(
REPRESENTATION_RELATIONSHIP(' ',' ',#6218,#6210)
REPRESENTATION_RELATIONSHIP_WITH_TRANSFORMATION(#327)
SHAPE_REPRESENTATION_RELATIONSHIP()
);
#314=(
REPRESENTATION_RELATIONSHIP(' ',' ',#6219,#6210)
REPRESENTATION_RELATIONSHIP_WITH_TRANSFORMATION(#328)
SHAPE_REPRESENTATION_RELATIONSHIP()
);
#315=(
REPRESENTATION_RELATIONSHIP(' ',' ',#6220,#6210)
REPRESENTATION_RELATIONSHIP_WITH_TRANSFORMATION(#329)
SHAPE_REPRESENTATION_RELATIONSHIP()
);
#316=(
REPRESENTATION_RELATIONSHIP(' ',' ',#6221,#6210)
REPRESENTATION_RELATIONSHIP_WITH_TRANSFORMATION(#330)
SHAPE_REPRESENTATION_RELATIONSHIP()
);
#317=(
REPRESENTATION_RELATIONSHIP(' ',' ',#6222,#6210)
REPRESENTATION_RELATIONSHIP_WITH_TRANSFORMATION(#331)
SHAPE_REPRESENTATION_RELATIONSHIP()
);
#318=(
REPRESENTATION_RELATIONSHIP(' ',' ',#6223,#6210)
REPRESENTATION_RELATIONSHIP_WITH_TRANSFORMATION(#332)
SHAPE_REPRESENTATION_RELATIONSHIP()
);
#319=(
REPRESENTATION_RELATIONSHIP(' ',' ',#6224,#6210)
REPRESENTATION_RELATIONSHIP_WITH_TRANSFORMATION(#333)
SHAPE_REPRESENTATION_RELATIONSHIP()
);
#320=ITEM_DEFINED_TRANSFORMATION(' ',' ',#6225,#6258);
#321=ITEM_DEFINED_TRANSFORMATION(' ',' ',#6225,#6279);
#322=ITEM_DEFINED_TRANSFORMATION(' ',' ',#6225,#6294);
#323=ITEM_DEFINED_TRANSFORMATION(' ',' ',#6225,#6305);
#324=ITEM_DEFINED_TRANSFORMATION(' ',' ',#6225,#6364);
#325=ITEM_DEFINED_TRANSFORMATION(' ',' ',#6225,#6373);
#326=ITEM_DEFINED_TRANSFORMATION(' ',' ',#6225,#6388);
#327=ITEM_DEFINED_TRANSFORMATION(' ',' ',#6225,#6403);
#328=ITEM_DEFINED_TRANSFORMATION(' ',' ',#6225,#6418);
#329=ITEM_DEFINED_TRANSFORMATION(' ',' ',#6225,#6459);
#330=ITEM_DEFINED_TRANSFORMATION(' ',' ',#6225,#6626);
#331=ITEM_DEFINED_TRANSFORMATION(' ',' ',#6225,#6659);
#332=ITEM_DEFINED_TRANSFORMATION(' ',' ',#6225,#6664);
#333=ITEM_DEFINED_TRANSFORMATION(' ',' ',#6225,#6679);
#334=SHAPE_REPRESENTATION_RELATIONSHIP('','',#6211,#348);
#335=SHAPE_REPRESENTATION_RELATIONSHIP('','',#6212,#349);
#336=SHAPE_REPRESENTATION_RELATIONSHIP('','',#6213,#350);
#337=SHAPE_REPRESENTATION_RELATIONSHIP('','',#6214,#351);
#338=SHAPE_REPRESENTATION_RELATIONSHIP('','',#6215,#352);
#339=SHAPE_REPRESENTATION_RELATIONSHIP('','',#6216,#353);
#340=SHAPE_REPRESENTATION_RELATIONSHIP('','',#6217,#354);
#341=SHAPE_REPRESENTATION_RELATIONSHIP('','',#6218,#355);
#342=SHAPE_REPRESENTATION_RELATIONSHIP('','',#6219,#356);
#343=SHAPE_REPRESENTATION_RELATIONSHIP('','',#6220,#357);
#344=SHAPE_REPRESENTATION_RELATIONSHIP('','',#6221,#358);
#345=SHAPE_REPRESENTATION_RELATIONSHIP('','',#6222,#359);
#346=SHAPE_REPRESENTATION_RELATIONSHIP('','',#6223,#360);
#347=SHAPE_REPRESENTATION_RELATIONSHIP('','',#6224,#361);
#348=ADVANCED_BREP_SHAPE_REPRESENTATION('',(#6181),#10570);
#349=ADVANCED_BREP_SHAPE_REPRESENTATION('',(#6182),#10571);
#350=ADVANCED_BREP_SHAPE_REPRESENTATION('',(#6183),#10572);
#351=ADVANCED_BREP_SHAPE_REPRESENTATION('',(#6184),#10573);
#352=ADVANCED_BREP_SHAPE_REPRESENTATION('',(#6185),#10574);
#353=ADVANCED_BREP_SHAPE_REPRESENTATION('',(#6186),#10575);
#354=ADVANCED_BREP_SHAPE_REPRESENTATION('',(#6187),#10576);
#355=ADVANCED_BREP_SHAPE_REPRESENTATION('',(#6188),#10577);
#356=ADVANCED_BREP_SHAPE_REPRESENTATION('',(#6189),#10578);
#357=ADVANCED_BREP_SHAPE_REPRESENTATION('',(#6190),#10579);
#358=ADVANCED_BREP_SHAPE_REPRESENTATION('',(#6191),#10580);
#359=ADVANCED_BREP_SHAPE_REPRESENTATION('',(#6192),#10581);
#360=ADVANCED_BREP_SHAPE_REPRESENTATION('',(#6193),#10582);
#361=ADVANCED_BREP_SHAPE_REPRESENTATION('',(#6194),#10583);
#362=CYLINDRICAL_SURFACE('',#6245,5.56524159015107E-5);
#363=CYLINDRICAL_SURFACE('',#6246,4.92838444475198E-5);
#364=CYLINDRICAL_SURFACE('',#6247,4.55697476339827E-5);
#365=CYLINDRICAL_SURFACE('',#6248,5.60257792475249E-5);
#366=CYLINDRICAL_SURFACE('',#6254,4.16164901746384E-5);
#367=CYLINDRICAL_SURFACE('',#6255,3.94303092383433E-5);
#368=CYLINDRICAL_SURFACE('',#6256,3.59406146517423E-5);
#369=CYLINDRICAL_SURFACE('',#6257,4.36050780695621E-5);
#370=CYLINDRICAL_SURFACE('',#6268,1.40163196684055E-5);
#371=CYLINDRICAL_SURFACE('',#6271,1.94885345126288E-5);
#372=CYLINDRICAL_SURFACE('',#6273,2.9228405802652E-5);
#373=CYLINDRICAL_SURFACE('',#6304,0.000101206900795623);
#374=CYLINDRICAL_SURFACE('',#6306,3.50975817680133E-5);
#375=CYLINDRICAL_SURFACE('',#6310,4.35963487056028E-5);
#376=CYLINDRICAL_SURFACE('',#6313,3.60920413861767E-5);
#377=CYLINDRICAL_SURFACE('',#6316,1.80371785571444E-5);
#378=CYLINDRICAL_SURFACE('',#6319,1.75285010182361E-5);
#379=CYLINDRICAL_SURFACE('',#6322,4.41865161203253E-5);
#380=CYLINDRICAL_SURFACE('',#6325,5.17992564649535E-5);
#381=CYLINDRICAL_SURFACE('',#6328,8.48261354062343E-6);
#382=CYLINDRICAL_SURFACE('',#6331,8.21390328267569E-6);
#383=CYLINDRICAL_SURFACE('',#6334,1.71436200497178E-5);
#384=CYLINDRICAL_SURFACE('',#6337,3.34003838009614E-5);
#385=CYLINDRICAL_SURFACE('',#6341,4.46735755249129E-5);
#386=CYLINDRICAL_SURFACE('',#6344,3.41160292098737E-5);
#387=CYLINDRICAL_SURFACE('',#6347,1.80995642996353E-5);
#388=CYLINDRICAL_SURFACE('',#6350,1.84248248745046E-5);
#389=CYLINDRICAL_SURFACE('',#6353,4.04114498562084E-5);
#390=CYLINDRICAL_SURFACE('',#6356,5.54842926979428E-5);
#391=CYLINDRICAL_SURFACE('',#6359,8.56044032192915E-6);
#392=CYLINDRICAL_SURFACE('',#6441,4.60279474695841E-5);
#393=CYLINDRICAL_SURFACE('',#6443,3.68851046221595E-5);
#394=CYLINDRICAL_SURFACE('',#6445,1.98598026457546E-5);
#395=CYLINDRICAL_SURFACE('',#6446,2.4041260129961E-5);
#396=CYLINDRICAL_SURFACE('',#6451,2.35971396051369E-5);
#397=CYLINDRICAL_SURFACE('',#6452,1.23351866524642E-5);
#398=CYLINDRICAL_SURFACE('',#6453,1.07193088647416E-5);
#399=CYLINDRICAL_SURFACE('',#6454,1.41048347770136E-5);
#400=CYLINDRICAL_SURFACE('',#6455,1.78856466142319E-5);
#401=CYLINDRICAL_SURFACE('',#6456,2.08437299827057E-5);
#402=CYLINDRICAL_SURFACE('',#6497,4.9999999999E-5);
#403=CYLINDRICAL_SURFACE('',#6500,4.9999999999E-5);
#404=CYLINDRICAL_SURFACE('',#6508,4.9999999999E-5);
#405=CYLINDRICAL_SURFACE('',#6510,4.9999999999E-5);
#406=CYLINDRICAL_SURFACE('',#6515,5.E-5);
#407=CYLINDRICAL_SURFACE('',#6516,5.E-5);
#408=CYLINDRICAL_SURFACE('',#6519,4.9999999999E-5);
#409=CYLINDRICAL_SURFACE('',#6520,5.E-5);
#410=CYLINDRICAL_SURFACE('',#6521,5.E-5);
#411=CYLINDRICAL_SURFACE('',#6522,4.9999999999E-5);
#412=CYLINDRICAL_SURFACE('',#6523,5.E-5);
#413=CYLINDRICAL_SURFACE('',#6524,4.9999999999E-5);
#414=CYLINDRICAL_SURFACE('',#6526,5.E-5);
#415=CYLINDRICAL_SURFACE('',#6528,5.E-5);
#416=CYLINDRICAL_SURFACE('',#6529,5.E-5);
#417=CYLINDRICAL_SURFACE('',#6531,4.9999999999E-5);
#418=CYLINDRICAL_SURFACE('',#6539,4.9999999999E-5);
#419=CYLINDRICAL_SURFACE('',#6541,5.E-5);
#420=CYLINDRICAL_SURFACE('',#6545,4.9999999999E-5);
#421=CYLINDRICAL_SURFACE('',#6546,4.9999999999E-5);
#422=CYLINDRICAL_SURFACE('',#6549,4.9999999999E-5);
#423=CYLINDRICAL_SURFACE('',#6551,5.E-5);
#424=CYLINDRICAL_SURFACE('',#6555,4.9999999999E-5);
#425=CYLINDRICAL_SURFACE('',#6557,4.9999999999E-5);
#426=CYLINDRICAL_SURFACE('',#6562,4.9999999999E-5);
#427=CYLINDRICAL_SURFACE('',#6564,4.9999999999E-5);
#428=CYLINDRICAL_SURFACE('',#6566,4.9999999999E-5);
#429=CYLINDRICAL_SURFACE('',#6572,5.E-5);
#430=CYLINDRICAL_SURFACE('',#6579,0.000199999999999);
#431=CYLINDRICAL_SURFACE('',#6588,0.000199999999999);
#432=CYLINDRICAL_SURFACE('',#6600,0.000199999999999);
#433=CYLINDRICAL_SURFACE('',#6609,0.000199999999999);
#434=CYLINDRICAL_SURFACE('',#6646,5.56524159078617E-5);
#435=CYLINDRICAL_SURFACE('',#6647,4.92838444534083E-5);
#436=CYLINDRICAL_SURFACE('',#6648,4.55697476310074E-5);
#437=CYLINDRICAL_SURFACE('',#6649,5.60257792428222E-5);
#438=CYLINDRICAL_SURFACE('',#6655,4.16164901892544E-5);
#439=CYLINDRICAL_SURFACE('',#6656,3.94303092432409E-5);
#440=CYLINDRICAL_SURFACE('',#6657,3.59406146503163E-5);
#441=CYLINDRICAL_SURFACE('',#6658,4.36050780683145E-5);
#442=CIRCLE('',#6227,5.56524159015107E-5);
#443=CIRCLE('',#6228,4.92838444475198E-5);
#444=CIRCLE('',#6229,4.55697476339827E-5);
#445=CIRCLE('',#6230,5.60257792475249E-5);
#446=CIRCLE('',#6231,4.36050780695621E-5);
#447=CIRCLE('',#6232,3.59406146517423E-5);
#448=CIRCLE('',#6233,3.94303092383433E-5);
#449=CIRCLE('',#6234,4.16164901746384E-5);
#450=CIRCLE('',#6236,5.60257792475249E-5);
#451=CIRCLE('',#6237,4.55697476339827E-5);
#452=CIRCLE('',#6238,4.92838444475198E-5);
#453=CIRCLE('',#6239,5.56524159015107E-5);
#454=CIRCLE('',#6240,4.16164901746384E-5);
#455=CIRCLE('',#6241,3.94303092383433E-5);
#456=CIRCLE('',#6242,3.59406146517423E-5);
#457=CIRCLE('',#6243,4.36050780695621E-5);
#458=CIRCLE('',#6261,6.24486345395683E-5);
#459=CIRCLE('',#6269,1.40163196684055E-5);
#460=CIRCLE('',#6270,1.40163196684055E-5);
#461=CIRCLE('',#6274,2.9228405802652E-5);
#462=CIRCLE('',#6275,2.9228405802652E-5);
#463=CIRCLE('',#6307,3.50975817680133E-5);
#464=CIRCLE('',#6308,3.50975817680133E-5);
#465=CIRCLE('',#6311,4.35963487056028E-5);
#466=CIRCLE('',#6312,4.35963487056028E-5);
#467=CIRCLE('',#6314,3.60920413861767E-5);
#468=CIRCLE('',#6315,3.60920413861767E-5);
#469=CIRCLE('',#6317,1.80371785571444E-5);
#470=CIRCLE('',#6318,1.80371785571444E-5);
#471=CIRCLE('',#6320,1.75285010182361E-5);
#472=CIRCLE('',#6321,1.75285010182361E-5);
#473=CIRCLE('',#6323,4.41865161203253E-5);
#474=CIRCLE('',#6324,4.41865161203253E-5);
#475=CIRCLE('',#6326,5.17992564649535E-5);
#476=CIRCLE('',#6327,5.17992564649535E-5);
#477=CIRCLE('',#6329,8.48261354062343E-6);
#478=CIRCLE('',#6330,8.48261354062343E-6);
#479=CIRCLE('',#6332,8.21390328267569E-6);
#480=CIRCLE('',#6333,8.21390328267569E-6);
#481=CIRCLE('',#6335,1.71436200497178E-5);
#482=CIRCLE('',#6336,1.71436200497178E-5);
#483=CIRCLE('',#6338,3.34003838009614E-5);
#484=CIRCLE('',#6339,3.34003838009614E-5);
#485=CIRCLE('',#6342,4.46735755249129E-5);
#486=CIRCLE('',#6343,4.46735755249129E-5);
#487=CIRCLE('',#6345,3.41160292098737E-5);
#488=CIRCLE('',#6346,3.41160292098737E-5);
#489=CIRCLE('',#6348,1.80995642996353E-5);
#490=CIRCLE('',#6349,1.80995642996353E-5);
#491=CIRCLE('',#6351,1.84248248745046E-5);
#492=CIRCLE('',#6352,1.84248248745046E-5);
#493=CIRCLE('',#6354,4.04114498562084E-5);
#494=CIRCLE('',#6355,4.04114498562084E-5);
#495=CIRCLE('',#6357,5.54842926979428E-5);
#496=CIRCLE('',#6358,5.54842926979428E-5);
#497=CIRCLE('',#6360,8.56044032192915E-6);
#498=CIRCLE('',#6361,8.56044032192915E-6);
#499=CIRCLE('',#6420,4.60279474695841E-5);
#500=CIRCLE('',#6421,3.68851046221595E-5);
#501=CIRCLE('',#6422,1.98598026457546E-5);
#502=CIRCLE('',#6423,2.4041260129961E-5);
#503=CIRCLE('',#6424,1.23351866524642E-5);
#504=CIRCLE('',#6425,2.35971396051369E-5);
#505=CIRCLE('',#6426,2.08437299827057E-5);
#506=CIRCLE('',#6427,1.78856466142319E-5);
#507=CIRCLE('',#6428,1.41048347770136E-5);
#508=CIRCLE('',#6429,1.07193088647416E-5);
#509=CIRCLE('',#6431,4.60279474695841E-5);
#510=CIRCLE('',#6432,2.4041260129961E-5);
#511=CIRCLE('',#6433,1.98598026457546E-5);
#512=CIRCLE('',#6434,3.68851046221595E-5);
#513=CIRCLE('',#6435,2.35971396051369E-5);
#514=CIRCLE('',#6436,1.23351866524642E-5);
#515=CIRCLE('',#6437,1.07193088647416E-5);
#516=CIRCLE('',#6438,1.41048347770136E-5);
#517=CIRCLE('',#6439,1.78856466142319E-5);
#518=CIRCLE('',#6440,2.08437299827057E-5);
#519=CIRCLE('',#6498,5.E-5);
#520=CIRCLE('',#6499,5.E-5);
#521=CIRCLE('',#6501,5.E-5);
#522=CIRCLE('',#6502,5.E-5);
#523=CIRCLE('',#6504,5.E-5);
#524=CIRCLE('',#6506,5.E-5);
#525=CIRCLE('',#6507,4.9999999999E-5);
#526=CIRCLE('',#6509,5.E-5);
#527=CIRCLE('',#6511,5.E-5);
#528=CIRCLE('',#6512,5.E-5);
#529=CIRCLE('',#6514,4.9999999999E-5);
#530=CIRCLE('',#6518,4.9999999999E-5);
#531=CIRCLE('',#6525,4.9999999999E-5);
#532=CIRCLE('',#6527,5.E-5);
#533=CIRCLE('',#6530,5.E-5);
#534=CIRCLE('',#6532,5.E-5);
#535=CIRCLE('',#6533,5.E-5);
#536=CIRCLE('',#6535,4.9999999999E-5);
#537=CIRCLE('',#6537,4.9999999999E-5);
#538=CIRCLE('',#6538,4.9999999999E-5);
#539=CIRCLE('',#6540,5.E-5);
#540=CIRCLE('',#6542,5.E-5);
#541=CIRCLE('',#6544,4.9999999999E-5);
#542=CIRCLE('',#6548,4.9999999999E-5);
#543=CIRCLE('',#6552,5.E-5);
#544=CIRCLE('',#6553,5.E-5);
#545=CIRCLE('',#6559,4.9999999999E-5);
#546=CIRCLE('',#6561,4.9999999999E-5);
#547=CIRCLE('',#6565,5.E-5);
#548=CIRCLE('',#6567,5.E-5);
#549=CIRCLE('',#6569,5.E-5);
#550=CIRCLE('',#6571,5.E-5);
#551=CIRCLE('',#6578,0.000199999999999);
#552=CIRCLE('',#6580,0.000199999999999);
#553=CIRCLE('',#6587,0.000199999999999);
#554=CIRCLE('',#6589,0.000199999999999);
#555=CIRCLE('',#6597,0.000199999999999);
#556=CIRCLE('',#6599,0.000199999999999);
#557=CIRCLE('',#6606,0.000199999999999);
#558=CIRCLE('',#6608,0.000199999999999);
#559=CIRCLE('',#6628,5.56524159078617E-5);
#560=CIRCLE('',#6629,4.92838444534083E-5);
#561=CIRCLE('',#6630,4.55697476310074E-5);
#562=CIRCLE('',#6631,5.60257792428222E-5);
#563=CIRCLE('',#6632,4.36050780683145E-5);
#564=CIRCLE('',#6633,3.59406146503163E-5);
#565=CIRCLE('',#6634,3.94303092432409E-5);
#566=CIRCLE('',#6635,4.16164901892544E-5);
#567=CIRCLE('',#6637,5.60257792428222E-5);
#568=CIRCLE('',#6638,4.55697476310074E-5);
#569=CIRCLE('',#6639,4.92838444534083E-5);
#570=CIRCLE('',#6640,5.56524159078617E-5);
#571=CIRCLE('',#6641,4.16164901892544E-5);
#572=CIRCLE('',#6642,3.94303092432409E-5);
#573=CIRCLE('',#6643,3.59406146503163E-5);
#574=CIRCLE('',#6644,4.36050780683145E-5);
#575=ORIENTED_EDGE('',*,*,#2199,.T.);
#576=ORIENTED_EDGE('',*,*,#2200,.T.);
#577=ORIENTED_EDGE('',*,*,#2201,.T.);
#578=ORIENTED_EDGE('',*,*,#2202,.T.);
#579=ORIENTED_EDGE('',*,*,#2203,.T.);
#580=ORIENTED_EDGE('',*,*,#2204,.T.);
#581=ORIENTED_EDGE('',*,*,#2205,.T.);
#582=ORIENTED_EDGE('',*,*,#2206,.F.);
#583=ORIENTED_EDGE('',*,*,#2207,.F.);
#584=ORIENTED_EDGE('',*,*,#2208,.F.);
#585=ORIENTED_EDGE('',*,*,#2209,.F.);
#586=ORIENTED_EDGE('',*,*,#2210,.F.);
#587=ORIENTED_EDGE('',*,*,#2211,.F.);
#588=ORIENTED_EDGE('',*,*,#2212,.F.);
#589=ORIENTED_EDGE('',*,*,#2213,.F.);
#590=ORIENTED_EDGE('',*,*,#2214,.F.);
#591=ORIENTED_EDGE('',*,*,#2215,.F.);
#592=ORIENTED_EDGE('',*,*,#2216,.F.);
#593=ORIENTED_EDGE('',*,*,#2217,.F.);
#594=ORIENTED_EDGE('',*,*,#2218,.F.);
#595=ORIENTED_EDGE('',*,*,#2219,.F.);
#596=ORIENTED_EDGE('',*,*,#2220,.T.);
#597=ORIENTED_EDGE('',*,*,#2221,.T.);
#598=ORIENTED_EDGE('',*,*,#2222,.T.);
#599=ORIENTED_EDGE('',*,*,#2223,.T.);
#600=ORIENTED_EDGE('',*,*,#2224,.T.);
#601=ORIENTED_EDGE('',*,*,#2225,.T.);
#602=ORIENTED_EDGE('',*,*,#2226,.T.);
#603=ORIENTED_EDGE('',*,*,#2213,.T.);
#604=ORIENTED_EDGE('',*,*,#2199,.F.);
#605=ORIENTED_EDGE('',*,*,#2227,.T.);
#606=ORIENTED_EDGE('',*,*,#2219,.T.);
#607=ORIENTED_EDGE('',*,*,#2200,.F.);
#608=ORIENTED_EDGE('',*,*,#2218,.T.);
#609=ORIENTED_EDGE('',*,*,#2201,.F.);
#610=ORIENTED_EDGE('',*,*,#2217,.T.);
#611=ORIENTED_EDGE('',*,*,#2202,.F.);
#612=ORIENTED_EDGE('',*,*,#2216,.T.);
#613=ORIENTED_EDGE('',*,*,#2203,.F.);
#614=ORIENTED_EDGE('',*,*,#2215,.T.);
#615=ORIENTED_EDGE('',*,*,#2228,.F.);
#616=ORIENTED_EDGE('',*,*,#2204,.F.);
#617=ORIENTED_EDGE('',*,*,#2214,.T.);
#618=ORIENTED_EDGE('',*,*,#2227,.F.);
#619=ORIENTED_EDGE('',*,*,#2205,.F.);
#620=ORIENTED_EDGE('',*,*,#2228,.T.);
#621=ORIENTED_EDGE('',*,*,#2220,.F.);
#622=ORIENTED_EDGE('',*,*,#2207,.T.);
#623=ORIENTED_EDGE('',*,*,#2229,.T.);
#624=ORIENTED_EDGE('',*,*,#2221,.F.);
#625=ORIENTED_EDGE('',*,*,#2229,.F.);
#626=ORIENTED_EDGE('',*,*,#2206,.T.);
#627=ORIENTED_EDGE('',*,*,#2230,.T.);
#628=ORIENTED_EDGE('',*,*,#2222,.F.);
#629=ORIENTED_EDGE('',*,*,#2230,.F.);
#630=ORIENTED_EDGE('',*,*,#2212,.T.);
#631=ORIENTED_EDGE('',*,*,#2223,.F.);
#632=ORIENTED_EDGE('',*,*,#2211,.T.);
#633=ORIENTED_EDGE('',*,*,#2224,.F.);
#634=ORIENTED_EDGE('',*,*,#2210,.T.);
#635=ORIENTED_EDGE('',*,*,#2225,.F.);
#636=ORIENTED_EDGE('',*,*,#2209,.T.);
#637=ORIENTED_EDGE('',*,*,#2226,.F.);
#638=ORIENTED_EDGE('',*,*,#2208,.T.);
#639=ORIENTED_EDGE('',*,*,#2231,.T.);
#640=ORIENTED_EDGE('',*,*,#2232,.F.);
#641=ORIENTED_EDGE('',*,*,#2233,.F.);
#642=ORIENTED_EDGE('',*,*,#2234,.T.);
#643=ORIENTED_EDGE('',*,*,#2235,.T.);
#644=ORIENTED_EDGE('',*,*,#2236,.F.);
#645=ORIENTED_EDGE('',*,*,#2237,.F.);
#646=ORIENTED_EDGE('',*,*,#2232,.T.);
#647=ORIENTED_EDGE('',*,*,#2238,.T.);
#648=ORIENTED_EDGE('',*,*,#2239,.F.);
#649=ORIENTED_EDGE('',*,*,#2240,.F.);
#650=ORIENTED_EDGE('',*,*,#2236,.T.);
#651=ORIENTED_EDGE('',*,*,#2241,.T.);
#652=ORIENTED_EDGE('',*,*,#2242,.F.);
#653=ORIENTED_EDGE('',*,*,#2243,.F.);
#654=ORIENTED_EDGE('',*,*,#2239,.T.);
#655=ORIENTED_EDGE('',*,*,#2244,.T.);
#656=ORIENTED_EDGE('',*,*,#2245,.F.);
#657=ORIENTED_EDGE('',*,*,#2246,.F.);
#658=ORIENTED_EDGE('',*,*,#2242,.T.);
#659=ORIENTED_EDGE('',*,*,#2247,.T.);
#660=ORIENTED_EDGE('',*,*,#2248,.F.);
#661=ORIENTED_EDGE('',*,*,#2249,.F.);
#662=ORIENTED_EDGE('',*,*,#2245,.T.);
#663=ORIENTED_EDGE('',*,*,#2250,.T.);
#664=ORIENTED_EDGE('',*,*,#2251,.F.);
#665=ORIENTED_EDGE('',*,*,#2252,.F.);
#666=ORIENTED_EDGE('',*,*,#2248,.T.);
#667=ORIENTED_EDGE('',*,*,#2253,.T.);
#668=ORIENTED_EDGE('',*,*,#2254,.F.);
#669=ORIENTED_EDGE('',*,*,#2255,.F.);
#670=ORIENTED_EDGE('',*,*,#2251,.T.);
#671=ORIENTED_EDGE('',*,*,#2256,.T.);
#672=ORIENTED_EDGE('',*,*,#2257,.F.);
#673=ORIENTED_EDGE('',*,*,#2254,.T.);
#674=ORIENTED_EDGE('',*,*,#2258,.T.);
#675=ORIENTED_EDGE('',*,*,#2259,.F.);
#676=ORIENTED_EDGE('',*,*,#2260,.T.);
#677=ORIENTED_EDGE('',*,*,#2261,.F.);
#678=ORIENTED_EDGE('',*,*,#2262,.F.);
#679=ORIENTED_EDGE('',*,*,#2263,.T.);
#680=ORIENTED_EDGE('',*,*,#2264,.F.);
#681=ORIENTED_EDGE('',*,*,#2261,.T.);
#682=ORIENTED_EDGE('',*,*,#2265,.T.);
#683=ORIENTED_EDGE('',*,*,#2266,.F.);
#684=ORIENTED_EDGE('',*,*,#2267,.T.);
#685=ORIENTED_EDGE('',*,*,#2268,.F.);
#686=ORIENTED_EDGE('',*,*,#2269,.F.);
#687=ORIENTED_EDGE('',*,*,#2270,.T.);
#688=ORIENTED_EDGE('',*,*,#2234,.F.);
#689=ORIENTED_EDGE('',*,*,#2271,.F.);
#690=ORIENTED_EDGE('',*,*,#2268,.T.);
#691=ORIENTED_EDGE('',*,*,#2233,.T.);
#692=ORIENTED_EDGE('',*,*,#2237,.T.);
#693=ORIENTED_EDGE('',*,*,#2240,.T.);
#694=ORIENTED_EDGE('',*,*,#2243,.T.);
#695=ORIENTED_EDGE('',*,*,#2246,.T.);
#696=ORIENTED_EDGE('',*,*,#2249,.T.);
#697=ORIENTED_EDGE('',*,*,#2252,.T.);
#698=ORIENTED_EDGE('',*,*,#2255,.T.);
#699=ORIENTED_EDGE('',*,*,#2257,.T.);
#700=ORIENTED_EDGE('',*,*,#2259,.T.);
#701=ORIENTED_EDGE('',*,*,#2262,.T.);
#702=ORIENTED_EDGE('',*,*,#2264,.T.);
#703=ORIENTED_EDGE('',*,*,#2266,.T.);
#704=ORIENTED_EDGE('',*,*,#2269,.T.);
#705=ORIENTED_EDGE('',*,*,#2271,.T.);
#706=ORIENTED_EDGE('',*,*,#2231,.F.);
#707=ORIENTED_EDGE('',*,*,#2270,.F.);
#708=ORIENTED_EDGE('',*,*,#2267,.F.);
#709=ORIENTED_EDGE('',*,*,#2265,.F.);
#710=ORIENTED_EDGE('',*,*,#2263,.F.);
#711=ORIENTED_EDGE('',*,*,#2260,.F.);
#712=ORIENTED_EDGE('',*,*,#2258,.F.);
#713=ORIENTED_EDGE('',*,*,#2256,.F.);
#714=ORIENTED_EDGE('',*,*,#2253,.F.);
#715=ORIENTED_EDGE('',*,*,#2250,.F.);
#716=ORIENTED_EDGE('',*,*,#2247,.F.);
#717=ORIENTED_EDGE('',*,*,#2244,.F.);
#718=ORIENTED_EDGE('',*,*,#2241,.F.);
#719=ORIENTED_EDGE('',*,*,#2238,.F.);
#720=ORIENTED_EDGE('',*,*,#2235,.F.);
#721=ORIENTED_EDGE('',*,*,#2272,.T.);
#722=ORIENTED_EDGE('',*,*,#2273,.F.);
#723=ORIENTED_EDGE('',*,*,#2274,.F.);
#724=ORIENTED_EDGE('',*,*,#2275,.T.);
#725=ORIENTED_EDGE('',*,*,#2276,.T.);
#726=ORIENTED_EDGE('',*,*,#2277,.F.);
#727=ORIENTED_EDGE('',*,*,#2278,.F.);
#728=ORIENTED_EDGE('',*,*,#2273,.T.);
#729=ORIENTED_EDGE('',*,*,#2279,.T.);
#730=ORIENTED_EDGE('',*,*,#2280,.F.);
#731=ORIENTED_EDGE('',*,*,#2281,.F.);
#732=ORIENTED_EDGE('',*,*,#2277,.T.);
#733=ORIENTED_EDGE('',*,*,#2282,.T.);
#734=ORIENTED_EDGE('',*,*,#2283,.F.);
#735=ORIENTED_EDGE('',*,*,#2284,.F.);
#736=ORIENTED_EDGE('',*,*,#2280,.T.);
#737=ORIENTED_EDGE('',*,*,#2285,.T.);
#738=ORIENTED_EDGE('',*,*,#2286,.F.);
#739=ORIENTED_EDGE('',*,*,#2287,.F.);
#740=ORIENTED_EDGE('',*,*,#2283,.T.);
#741=ORIENTED_EDGE('',*,*,#2288,.T.);
#742=ORIENTED_EDGE('',*,*,#2289,.F.);
#743=ORIENTED_EDGE('',*,*,#2290,.F.);
#744=ORIENTED_EDGE('',*,*,#2286,.T.);
#745=ORIENTED_EDGE('',*,*,#2291,.T.);
#746=ORIENTED_EDGE('',*,*,#2292,.F.);
#747=ORIENTED_EDGE('',*,*,#2293,.F.);
#748=ORIENTED_EDGE('',*,*,#2289,.T.);
#749=ORIENTED_EDGE('',*,*,#2294,.T.);
#750=ORIENTED_EDGE('',*,*,#2295,.F.);
#751=ORIENTED_EDGE('',*,*,#2296,.F.);
#752=ORIENTED_EDGE('',*,*,#2292,.T.);
#753=ORIENTED_EDGE('',*,*,#2297,.T.);
#754=ORIENTED_EDGE('',*,*,#2298,.F.);
#755=ORIENTED_EDGE('',*,*,#2299,.F.);
#756=ORIENTED_EDGE('',*,*,#2295,.T.);
#757=ORIENTED_EDGE('',*,*,#2300,.T.);
#758=ORIENTED_EDGE('',*,*,#2301,.F.);
#759=ORIENTED_EDGE('',*,*,#2302,.F.);
#760=ORIENTED_EDGE('',*,*,#2298,.T.);
#761=ORIENTED_EDGE('',*,*,#2303,.T.);
#762=ORIENTED_EDGE('',*,*,#2304,.F.);
#763=ORIENTED_EDGE('',*,*,#2305,.F.);
#764=ORIENTED_EDGE('',*,*,#2301,.T.);
#765=ORIENTED_EDGE('',*,*,#2306,.T.);
#766=ORIENTED_EDGE('',*,*,#2275,.F.);
#767=ORIENTED_EDGE('',*,*,#2307,.F.);
#768=ORIENTED_EDGE('',*,*,#2304,.T.);
#769=ORIENTED_EDGE('',*,*,#2274,.T.);
#770=ORIENTED_EDGE('',*,*,#2278,.T.);
#771=ORIENTED_EDGE('',*,*,#2281,.T.);
#772=ORIENTED_EDGE('',*,*,#2284,.T.);
#773=ORIENTED_EDGE('',*,*,#2287,.T.);
#774=ORIENTED_EDGE('',*,*,#2290,.T.);
#775=ORIENTED_EDGE('',*,*,#2293,.T.);
#776=ORIENTED_EDGE('',*,*,#2296,.T.);
#777=ORIENTED_EDGE('',*,*,#2299,.T.);
#778=ORIENTED_EDGE('',*,*,#2302,.T.);
#779=ORIENTED_EDGE('',*,*,#2305,.T.);
#780=ORIENTED_EDGE('',*,*,#2307,.T.);
#781=ORIENTED_EDGE('',*,*,#2272,.F.);
#782=ORIENTED_EDGE('',*,*,#2306,.F.);
#783=ORIENTED_EDGE('',*,*,#2303,.F.);
#784=ORIENTED_EDGE('',*,*,#2300,.F.);
#785=ORIENTED_EDGE('',*,*,#2297,.F.);
#786=ORIENTED_EDGE('',*,*,#2294,.F.);
#787=ORIENTED_EDGE('',*,*,#2291,.F.);
#788=ORIENTED_EDGE('',*,*,#2288,.F.);
#789=ORIENTED_EDGE('',*,*,#2285,.F.);
#790=ORIENTED_EDGE('',*,*,#2282,.F.);
#791=ORIENTED_EDGE('',*,*,#2279,.F.);
#792=ORIENTED_EDGE('',*,*,#2276,.F.);
#793=ORIENTED_EDGE('',*,*,#2308,.T.);
#794=ORIENTED_EDGE('',*,*,#2309,.T.);
#795=ORIENTED_EDGE('',*,*,#2310,.T.);
#796=ORIENTED_EDGE('',*,*,#2311,.T.);
#797=ORIENTED_EDGE('',*,*,#2312,.T.);
#798=ORIENTED_EDGE('',*,*,#2313,.T.);
#799=ORIENTED_EDGE('',*,*,#2314,.T.);
#800=ORIENTED_EDGE('',*,*,#2315,.T.);
#801=ORIENTED_EDGE('',*,*,#2316,.T.);
#802=ORIENTED_EDGE('',*,*,#2317,.T.);
#803=ORIENTED_EDGE('',*,*,#2318,.T.);
#804=ORIENTED_EDGE('',*,*,#2319,.T.);
#805=ORIENTED_EDGE('',*,*,#2320,.T.);
#806=ORIENTED_EDGE('',*,*,#2321,.T.);
#807=ORIENTED_EDGE('',*,*,#2322,.T.);
#808=ORIENTED_EDGE('',*,*,#2323,.T.);
#809=ORIENTED_EDGE('',*,*,#2324,.T.);
#810=ORIENTED_EDGE('',*,*,#2325,.T.);
#811=ORIENTED_EDGE('',*,*,#2326,.T.);
#812=ORIENTED_EDGE('',*,*,#2327,.T.);
#813=ORIENTED_EDGE('',*,*,#2328,.T.);
#814=ORIENTED_EDGE('',*,*,#2329,.T.);
#815=ORIENTED_EDGE('',*,*,#2330,.T.);
#816=ORIENTED_EDGE('',*,*,#2331,.T.);
#817=ORIENTED_EDGE('',*,*,#2332,.T.);
#818=ORIENTED_EDGE('',*,*,#2333,.T.);
#819=ORIENTED_EDGE('',*,*,#2334,.T.);
#820=ORIENTED_EDGE('',*,*,#2335,.T.);
#821=ORIENTED_EDGE('',*,*,#2336,.T.);
#822=ORIENTED_EDGE('',*,*,#2337,.T.);
#823=ORIENTED_EDGE('',*,*,#2338,.T.);
#824=ORIENTED_EDGE('',*,*,#2339,.T.);
#825=ORIENTED_EDGE('',*,*,#2340,.T.);
#826=ORIENTED_EDGE('',*,*,#2341,.F.);
#827=ORIENTED_EDGE('',*,*,#2342,.F.);
#828=ORIENTED_EDGE('',*,*,#2343,.F.);
#829=ORIENTED_EDGE('',*,*,#2344,.F.);
#830=ORIENTED_EDGE('',*,*,#2345,.F.);
#831=ORIENTED_EDGE('',*,*,#2346,.F.);
#832=ORIENTED_EDGE('',*,*,#2347,.F.);
#833=ORIENTED_EDGE('',*,*,#2348,.F.);
#834=ORIENTED_EDGE('',*,*,#2349,.F.);
#835=ORIENTED_EDGE('',*,*,#2350,.F.);
#836=ORIENTED_EDGE('',*,*,#2351,.F.);
#837=ORIENTED_EDGE('',*,*,#2352,.F.);
#838=ORIENTED_EDGE('',*,*,#2353,.F.);
#839=ORIENTED_EDGE('',*,*,#2354,.F.);
#840=ORIENTED_EDGE('',*,*,#2355,.F.);
#841=ORIENTED_EDGE('',*,*,#2356,.F.);
#842=ORIENTED_EDGE('',*,*,#2357,.F.);
#843=ORIENTED_EDGE('',*,*,#2358,.F.);
#844=ORIENTED_EDGE('',*,*,#2359,.F.);
#845=ORIENTED_EDGE('',*,*,#2360,.F.);
#846=ORIENTED_EDGE('',*,*,#2361,.F.);
#847=ORIENTED_EDGE('',*,*,#2362,.F.);
#848=ORIENTED_EDGE('',*,*,#2363,.F.);
#849=ORIENTED_EDGE('',*,*,#2364,.F.);
#850=ORIENTED_EDGE('',*,*,#2365,.F.);
#851=ORIENTED_EDGE('',*,*,#2366,.F.);
#852=ORIENTED_EDGE('',*,*,#2367,.F.);
#853=ORIENTED_EDGE('',*,*,#2368,.F.);
#854=ORIENTED_EDGE('',*,*,#2369,.F.);
#855=ORIENTED_EDGE('',*,*,#2370,.F.);
#856=ORIENTED_EDGE('',*,*,#2371,.F.);
#857=ORIENTED_EDGE('',*,*,#2372,.F.);
#858=ORIENTED_EDGE('',*,*,#2373,.F.);
#859=ORIENTED_EDGE('',*,*,#2374,.F.);
#860=ORIENTED_EDGE('',*,*,#2375,.F.);
#861=ORIENTED_EDGE('',*,*,#2376,.T.);
#862=ORIENTED_EDGE('',*,*,#2377,.T.);
#863=ORIENTED_EDGE('',*,*,#2343,.T.);
#864=ORIENTED_EDGE('',*,*,#2378,.F.);
#865=ORIENTED_EDGE('',*,*,#2308,.F.);
#866=ORIENTED_EDGE('',*,*,#2379,.T.);
#867=ORIENTED_EDGE('',*,*,#2375,.T.);
#868=ORIENTED_EDGE('',*,*,#2380,.F.);
#869=ORIENTED_EDGE('',*,*,#2309,.F.);
#870=ORIENTED_EDGE('',*,*,#2378,.T.);
#871=ORIENTED_EDGE('',*,*,#2374,.T.);
#872=ORIENTED_EDGE('',*,*,#2381,.F.);
#873=ORIENTED_EDGE('',*,*,#2310,.F.);
#874=ORIENTED_EDGE('',*,*,#2380,.T.);
#875=ORIENTED_EDGE('',*,*,#2373,.T.);
#876=ORIENTED_EDGE('',*,*,#2382,.F.);
#877=ORIENTED_EDGE('',*,*,#2311,.F.);
#878=ORIENTED_EDGE('',*,*,#2381,.T.);
#879=ORIENTED_EDGE('',*,*,#2372,.T.);
#880=ORIENTED_EDGE('',*,*,#2383,.F.);
#881=ORIENTED_EDGE('',*,*,#2312,.F.);
#882=ORIENTED_EDGE('',*,*,#2382,.T.);
#883=ORIENTED_EDGE('',*,*,#2371,.T.);
#884=ORIENTED_EDGE('',*,*,#2384,.F.);
#885=ORIENTED_EDGE('',*,*,#2313,.F.);
#886=ORIENTED_EDGE('',*,*,#2383,.T.);
#887=ORIENTED_EDGE('',*,*,#2370,.T.);
#888=ORIENTED_EDGE('',*,*,#2385,.F.);
#889=ORIENTED_EDGE('',*,*,#2314,.F.);
#890=ORIENTED_EDGE('',*,*,#2384,.T.);
#891=ORIENTED_EDGE('',*,*,#2369,.T.);
#892=ORIENTED_EDGE('',*,*,#2386,.F.);
#893=ORIENTED_EDGE('',*,*,#2315,.F.);
#894=ORIENTED_EDGE('',*,*,#2385,.T.);
#895=ORIENTED_EDGE('',*,*,#2368,.T.);
#896=ORIENTED_EDGE('',*,*,#2387,.F.);
#897=ORIENTED_EDGE('',*,*,#2316,.F.);
#898=ORIENTED_EDGE('',*,*,#2386,.T.);
#899=ORIENTED_EDGE('',*,*,#2367,.T.);
#900=ORIENTED_EDGE('',*,*,#2388,.F.);
#901=ORIENTED_EDGE('',*,*,#2317,.F.);
#902=ORIENTED_EDGE('',*,*,#2387,.T.);
#903=ORIENTED_EDGE('',*,*,#2366,.T.);
#904=ORIENTED_EDGE('',*,*,#2389,.F.);
#905=ORIENTED_EDGE('',*,*,#2318,.F.);
#906=ORIENTED_EDGE('',*,*,#2388,.T.);
#907=ORIENTED_EDGE('',*,*,#2365,.T.);
#908=ORIENTED_EDGE('',*,*,#2390,.F.);
#909=ORIENTED_EDGE('',*,*,#2319,.F.);
#910=ORIENTED_EDGE('',*,*,#2389,.T.);
#911=ORIENTED_EDGE('',*,*,#2364,.T.);
#912=ORIENTED_EDGE('',*,*,#2391,.F.);
#913=ORIENTED_EDGE('',*,*,#2320,.F.);
#914=ORIENTED_EDGE('',*,*,#2390,.T.);
#915=ORIENTED_EDGE('',*,*,#2363,.T.);
#916=ORIENTED_EDGE('',*,*,#2392,.F.);
#917=ORIENTED_EDGE('',*,*,#2321,.F.);
#918=ORIENTED_EDGE('',*,*,#2391,.T.);
#919=ORIENTED_EDGE('',*,*,#2362,.T.);
#920=ORIENTED_EDGE('',*,*,#2393,.F.);
#921=ORIENTED_EDGE('',*,*,#2322,.F.);
#922=ORIENTED_EDGE('',*,*,#2392,.T.);
#923=ORIENTED_EDGE('',*,*,#2361,.T.);
#924=ORIENTED_EDGE('',*,*,#2394,.F.);
#925=ORIENTED_EDGE('',*,*,#2323,.F.);
#926=ORIENTED_EDGE('',*,*,#2393,.T.);
#927=ORIENTED_EDGE('',*,*,#2360,.T.);
#928=ORIENTED_EDGE('',*,*,#2395,.F.);
#929=ORIENTED_EDGE('',*,*,#2324,.F.);
#930=ORIENTED_EDGE('',*,*,#2394,.T.);
#931=ORIENTED_EDGE('',*,*,#2359,.T.);
#932=ORIENTED_EDGE('',*,*,#2396,.F.);
#933=ORIENTED_EDGE('',*,*,#2325,.F.);
#934=ORIENTED_EDGE('',*,*,#2395,.T.);
#935=ORIENTED_EDGE('',*,*,#2358,.T.);
#936=ORIENTED_EDGE('',*,*,#2397,.F.);
#937=ORIENTED_EDGE('',*,*,#2326,.F.);
#938=ORIENTED_EDGE('',*,*,#2396,.T.);
#939=ORIENTED_EDGE('',*,*,#2357,.T.);
#940=ORIENTED_EDGE('',*,*,#2398,.F.);
#941=ORIENTED_EDGE('',*,*,#2327,.F.);
#942=ORIENTED_EDGE('',*,*,#2397,.T.);
#943=ORIENTED_EDGE('',*,*,#2356,.T.);
#944=ORIENTED_EDGE('',*,*,#2399,.F.);
#945=ORIENTED_EDGE('',*,*,#2328,.F.);
#946=ORIENTED_EDGE('',*,*,#2398,.T.);
#947=ORIENTED_EDGE('',*,*,#2355,.T.);
#948=ORIENTED_EDGE('',*,*,#2400,.F.);
#949=ORIENTED_EDGE('',*,*,#2329,.F.);
#950=ORIENTED_EDGE('',*,*,#2399,.T.);
#951=ORIENTED_EDGE('',*,*,#2354,.T.);
#952=ORIENTED_EDGE('',*,*,#2401,.F.);
#953=ORIENTED_EDGE('',*,*,#2330,.F.);
#954=ORIENTED_EDGE('',*,*,#2400,.T.);
#955=ORIENTED_EDGE('',*,*,#2353,.T.);
#956=ORIENTED_EDGE('',*,*,#2402,.F.);
#957=ORIENTED_EDGE('',*,*,#2331,.F.);
#958=ORIENTED_EDGE('',*,*,#2401,.T.);
#959=ORIENTED_EDGE('',*,*,#2352,.T.);
#960=ORIENTED_EDGE('',*,*,#2403,.F.);
#961=ORIENTED_EDGE('',*,*,#2332,.F.);
#962=ORIENTED_EDGE('',*,*,#2402,.T.);
#963=ORIENTED_EDGE('',*,*,#2351,.T.);
#964=ORIENTED_EDGE('',*,*,#2404,.F.);
#965=ORIENTED_EDGE('',*,*,#2333,.F.);
#966=ORIENTED_EDGE('',*,*,#2403,.T.);
#967=ORIENTED_EDGE('',*,*,#2350,.T.);
#968=ORIENTED_EDGE('',*,*,#2405,.F.);
#969=ORIENTED_EDGE('',*,*,#2334,.F.);
#970=ORIENTED_EDGE('',*,*,#2404,.T.);
#971=ORIENTED_EDGE('',*,*,#2349,.T.);
#972=ORIENTED_EDGE('',*,*,#2406,.F.);
#973=ORIENTED_EDGE('',*,*,#2335,.F.);
#974=ORIENTED_EDGE('',*,*,#2405,.T.);
#975=ORIENTED_EDGE('',*,*,#2348,.T.);
#976=ORIENTED_EDGE('',*,*,#2407,.F.);
#977=ORIENTED_EDGE('',*,*,#2336,.F.);
#978=ORIENTED_EDGE('',*,*,#2406,.T.);
#979=ORIENTED_EDGE('',*,*,#2347,.T.);
#980=ORIENTED_EDGE('',*,*,#2408,.F.);
#981=ORIENTED_EDGE('',*,*,#2337,.F.);
#982=ORIENTED_EDGE('',*,*,#2407,.T.);
#983=ORIENTED_EDGE('',*,*,#2346,.T.);
#984=ORIENTED_EDGE('',*,*,#2409,.F.);
#985=ORIENTED_EDGE('',*,*,#2338,.F.);
#986=ORIENTED_EDGE('',*,*,#2408,.T.);
#987=ORIENTED_EDGE('',*,*,#2345,.T.);
#988=ORIENTED_EDGE('',*,*,#2410,.F.);
#989=ORIENTED_EDGE('',*,*,#2339,.F.);
#990=ORIENTED_EDGE('',*,*,#2409,.T.);
#991=ORIENTED_EDGE('',*,*,#2344,.T.);
#992=ORIENTED_EDGE('',*,*,#2379,.F.);
#993=ORIENTED_EDGE('',*,*,#2340,.F.);
#994=ORIENTED_EDGE('',*,*,#2410,.T.);
#995=ORIENTED_EDGE('',*,*,#2377,.F.);
#996=ORIENTED_EDGE('',*,*,#2411,.F.);
#997=ORIENTED_EDGE('',*,*,#2341,.T.);
#998=ORIENTED_EDGE('',*,*,#2412,.T.);
#999=ORIENTED_EDGE('',*,*,#2376,.F.);
#1000=ORIENTED_EDGE('',*,*,#2412,.F.);
#1001=ORIENTED_EDGE('',*,*,#2342,.T.);
#1002=ORIENTED_EDGE('',*,*,#2411,.T.);
#1003=ORIENTED_EDGE('',*,*,#2413,.T.);
#1004=ORIENTED_EDGE('',*,*,#2414,.F.);
#1005=ORIENTED_EDGE('',*,*,#2415,.T.);
#1006=ORIENTED_EDGE('',*,*,#2416,.F.);
#1007=ORIENTED_EDGE('',*,*,#2417,.T.);
#1008=ORIENTED_EDGE('',*,*,#2418,.F.);
#1009=ORIENTED_EDGE('',*,*,#2419,.T.);
#1010=ORIENTED_EDGE('',*,*,#2420,.F.);
#1011=ORIENTED_EDGE('',*,*,#2421,.T.);
#1012=ORIENTED_EDGE('',*,*,#2422,.F.);
#1013=ORIENTED_EDGE('',*,*,#2423,.F.);
#1014=ORIENTED_EDGE('',*,*,#2424,.T.);
#1015=ORIENTED_EDGE('',*,*,#2425,.F.);
#1016=ORIENTED_EDGE('',*,*,#2426,.F.);
#1017=ORIENTED_EDGE('',*,*,#2422,.T.);
#1018=ORIENTED_EDGE('',*,*,#2427,.T.);
#1019=ORIENTED_EDGE('',*,*,#2428,.F.);
#1020=ORIENTED_EDGE('',*,*,#2429,.F.);
#1021=ORIENTED_EDGE('',*,*,#2425,.T.);
#1022=ORIENTED_EDGE('',*,*,#2430,.T.);
#1023=ORIENTED_EDGE('',*,*,#2431,.F.);
#1024=ORIENTED_EDGE('',*,*,#2428,.T.);
#1025=ORIENTED_EDGE('',*,*,#2432,.T.);
#1026=ORIENTED_EDGE('',*,*,#2433,.F.);
#1027=ORIENTED_EDGE('',*,*,#2434,.T.);
#1028=ORIENTED_EDGE('',*,*,#2435,.F.);
#1029=ORIENTED_EDGE('',*,*,#2436,.F.);
#1030=ORIENTED_EDGE('',*,*,#2437,.T.);
#1031=ORIENTED_EDGE('',*,*,#2438,.F.);
#1032=ORIENTED_EDGE('',*,*,#2435,.T.);
#1033=ORIENTED_EDGE('',*,*,#2439,.T.);
#1034=ORIENTED_EDGE('',*,*,#2440,.F.);
#1035=ORIENTED_EDGE('',*,*,#2441,.T.);
#1036=ORIENTED_EDGE('',*,*,#2442,.F.);
#1037=ORIENTED_EDGE('',*,*,#2443,.T.);
#1038=ORIENTED_EDGE('',*,*,#2444,.F.);
#1039=ORIENTED_EDGE('',*,*,#2445,.T.);
#1040=ORIENTED_EDGE('',*,*,#2446,.F.);
#1041=ORIENTED_EDGE('',*,*,#2447,.T.);
#1042=ORIENTED_EDGE('',*,*,#2448,.F.);
#1043=ORIENTED_EDGE('',*,*,#2449,.T.);
#1044=ORIENTED_EDGE('',*,*,#2450,.F.);
#1045=ORIENTED_EDGE('',*,*,#2451,.T.);
#1046=ORIENTED_EDGE('',*,*,#2452,.F.);
#1047=ORIENTED_EDGE('',*,*,#2453,.F.);
#1048=ORIENTED_EDGE('',*,*,#2454,.T.);
#1049=ORIENTED_EDGE('',*,*,#2455,.F.);
#1050=ORIENTED_EDGE('',*,*,#2452,.T.);
#1051=ORIENTED_EDGE('',*,*,#2456,.T.);
#1052=ORIENTED_EDGE('',*,*,#2457,.F.);
#1053=ORIENTED_EDGE('',*,*,#2458,.T.);
#1054=ORIENTED_EDGE('',*,*,#2459,.F.);
#1055=ORIENTED_EDGE('',*,*,#2414,.T.);
#1056=ORIENTED_EDGE('',*,*,#2416,.T.);
#1057=ORIENTED_EDGE('',*,*,#2418,.T.);
#1058=ORIENTED_EDGE('',*,*,#2420,.T.);
#1059=ORIENTED_EDGE('',*,*,#2423,.T.);
#1060=ORIENTED_EDGE('',*,*,#2426,.T.);
#1061=ORIENTED_EDGE('',*,*,#2429,.T.);
#1062=ORIENTED_EDGE('',*,*,#2431,.T.);
#1063=ORIENTED_EDGE('',*,*,#2433,.T.);
#1064=ORIENTED_EDGE('',*,*,#2436,.T.);
#1065=ORIENTED_EDGE('',*,*,#2438,.T.);
#1066=ORIENTED_EDGE('',*,*,#2440,.T.);
#1067=ORIENTED_EDGE('',*,*,#2442,.T.);
#1068=ORIENTED_EDGE('',*,*,#2444,.T.);
#1069=ORIENTED_EDGE('',*,*,#2446,.T.);
#1070=ORIENTED_EDGE('',*,*,#2448,.T.);
#1071=ORIENTED_EDGE('',*,*,#2450,.T.);
#1072=ORIENTED_EDGE('',*,*,#2453,.T.);
#1073=ORIENTED_EDGE('',*,*,#2455,.T.);
#1074=ORIENTED_EDGE('',*,*,#2457,.T.);
#1075=ORIENTED_EDGE('',*,*,#2459,.T.);
#1076=ORIENTED_EDGE('',*,*,#2413,.F.);
#1077=ORIENTED_EDGE('',*,*,#2458,.F.);
#1078=ORIENTED_EDGE('',*,*,#2456,.F.);
#1079=ORIENTED_EDGE('',*,*,#2454,.F.);
#1080=ORIENTED_EDGE('',*,*,#2451,.F.);
#1081=ORIENTED_EDGE('',*,*,#2449,.F.);
#1082=ORIENTED_EDGE('',*,*,#2447,.F.);
#1083=ORIENTED_EDGE('',*,*,#2445,.F.);
#1084=ORIENTED_EDGE('',*,*,#2443,.F.);
#1085=ORIENTED_EDGE('',*,*,#2441,.F.);
#1086=ORIENTED_EDGE('',*,*,#2439,.F.);
#1087=ORIENTED_EDGE('',*,*,#2437,.F.);
#1088=ORIENTED_EDGE('',*,*,#2434,.F.);
#1089=ORIENTED_EDGE('',*,*,#2432,.F.);
#1090=ORIENTED_EDGE('',*,*,#2430,.F.);
#1091=ORIENTED_EDGE('',*,*,#2427,.F.);
#1092=ORIENTED_EDGE('',*,*,#2424,.F.);
#1093=ORIENTED_EDGE('',*,*,#2421,.F.);
#1094=ORIENTED_EDGE('',*,*,#2419,.F.);
#1095=ORIENTED_EDGE('',*,*,#2417,.F.);
#1096=ORIENTED_EDGE('',*,*,#2415,.F.);
#1097=ORIENTED_EDGE('',*,*,#2460,.T.);
#1098=ORIENTED_EDGE('',*,*,#2461,.F.);
#1099=ORIENTED_EDGE('',*,*,#2462,.F.);
#1100=ORIENTED_EDGE('',*,*,#2463,.T.);
#1101=ORIENTED_EDGE('',*,*,#2464,.T.);
#1102=ORIENTED_EDGE('',*,*,#2465,.F.);
#1103=ORIENTED_EDGE('',*,*,#2466,.F.);
#1104=ORIENTED_EDGE('',*,*,#2461,.T.);
#1105=ORIENTED_EDGE('',*,*,#2467,.T.);
#1106=ORIENTED_EDGE('',*,*,#2468,.F.);
#1107=ORIENTED_EDGE('',*,*,#2469,.F.);
#1108=ORIENTED_EDGE('',*,*,#2465,.T.);
#1109=ORIENTED_EDGE('',*,*,#2470,.T.);
#1110=ORIENTED_EDGE('',*,*,#2471,.F.);
#1111=ORIENTED_EDGE('',*,*,#2472,.F.);
#1112=ORIENTED_EDGE('',*,*,#2468,.T.);
#1113=ORIENTED_EDGE('',*,*,#2473,.T.);
#1114=ORIENTED_EDGE('',*,*,#2474,.F.);
#1115=ORIENTED_EDGE('',*,*,#2475,.F.);
#1116=ORIENTED_EDGE('',*,*,#2471,.T.);
#1117=ORIENTED_EDGE('',*,*,#2476,.T.);
#1118=ORIENTED_EDGE('',*,*,#2463,.F.);
#1119=ORIENTED_EDGE('',*,*,#2477,.F.);
#1120=ORIENTED_EDGE('',*,*,#2474,.T.);
#1121=ORIENTED_EDGE('',*,*,#2462,.T.);
#1122=ORIENTED_EDGE('',*,*,#2466,.T.);
#1123=ORIENTED_EDGE('',*,*,#2469,.T.);
#1124=ORIENTED_EDGE('',*,*,#2472,.T.);
#1125=ORIENTED_EDGE('',*,*,#2475,.T.);
#1126=ORIENTED_EDGE('',*,*,#2477,.T.);
#1127=ORIENTED_EDGE('',*,*,#2460,.F.);
#1128=ORIENTED_EDGE('',*,*,#2476,.F.);
#1129=ORIENTED_EDGE('',*,*,#2473,.F.);
#1130=ORIENTED_EDGE('',*,*,#2470,.F.);
#1131=ORIENTED_EDGE('',*,*,#2467,.F.);
#1132=ORIENTED_EDGE('',*,*,#2464,.F.);
#1133=ORIENTED_EDGE('',*,*,#2478,.T.);
#1134=ORIENTED_EDGE('',*,*,#2479,.T.);
#1135=ORIENTED_EDGE('',*,*,#2480,.T.);
#1136=ORIENTED_EDGE('',*,*,#2481,.T.);
#1137=ORIENTED_EDGE('',*,*,#2482,.T.);
#1138=ORIENTED_EDGE('',*,*,#2483,.T.);
#1139=ORIENTED_EDGE('',*,*,#2484,.T.);
#1140=ORIENTED_EDGE('',*,*,#2485,.T.);
#1141=ORIENTED_EDGE('',*,*,#2486,.F.);
#1142=ORIENTED_EDGE('',*,*,#2487,.F.);
#1143=ORIENTED_EDGE('',*,*,#2488,.F.);
#1144=ORIENTED_EDGE('',*,*,#2489,.F.);
#1145=ORIENTED_EDGE('',*,*,#2490,.F.);
#1146=ORIENTED_EDGE('',*,*,#2491,.F.);
#1147=ORIENTED_EDGE('',*,*,#2492,.F.);
#1148=ORIENTED_EDGE('',*,*,#2493,.F.);
#1149=ORIENTED_EDGE('',*,*,#2494,.F.);
#1150=ORIENTED_EDGE('',*,*,#2495,.F.);
#1151=ORIENTED_EDGE('',*,*,#2496,.F.);
#1152=ORIENTED_EDGE('',*,*,#2497,.F.);
#1153=ORIENTED_EDGE('',*,*,#2498,.F.);
#1154=ORIENTED_EDGE('',*,*,#2499,.F.);
#1155=ORIENTED_EDGE('',*,*,#2500,.T.);
#1156=ORIENTED_EDGE('',*,*,#2501,.T.);
#1157=ORIENTED_EDGE('',*,*,#2502,.T.);
#1158=ORIENTED_EDGE('',*,*,#2503,.T.);
#1159=ORIENTED_EDGE('',*,*,#2504,.T.);
#1160=ORIENTED_EDGE('',*,*,#2505,.T.);
#1161=ORIENTED_EDGE('',*,*,#2492,.T.);
#1162=ORIENTED_EDGE('',*,*,#2506,.F.);
#1163=ORIENTED_EDGE('',*,*,#2478,.F.);
#1164=ORIENTED_EDGE('',*,*,#2507,.T.);
#1165=ORIENTED_EDGE('',*,*,#2499,.T.);
#1166=ORIENTED_EDGE('',*,*,#2508,.F.);
#1167=ORIENTED_EDGE('',*,*,#2479,.F.);
#1168=ORIENTED_EDGE('',*,*,#2506,.T.);
#1169=ORIENTED_EDGE('',*,*,#2498,.T.);
#1170=ORIENTED_EDGE('',*,*,#2509,.F.);
#1171=ORIENTED_EDGE('',*,*,#2480,.F.);
#1172=ORIENTED_EDGE('',*,*,#2508,.T.);
#1173=ORIENTED_EDGE('',*,*,#2497,.T.);
#1174=ORIENTED_EDGE('',*,*,#2510,.F.);
#1175=ORIENTED_EDGE('',*,*,#2481,.F.);
#1176=ORIENTED_EDGE('',*,*,#2509,.T.);
#1177=ORIENTED_EDGE('',*,*,#2496,.T.);
#1178=ORIENTED_EDGE('',*,*,#2511,.F.);
#1179=ORIENTED_EDGE('',*,*,#2482,.F.);
#1180=ORIENTED_EDGE('',*,*,#2510,.T.);
#1181=ORIENTED_EDGE('',*,*,#2495,.T.);
#1182=ORIENTED_EDGE('',*,*,#2512,.F.);
#1183=ORIENTED_EDGE('',*,*,#2483,.F.);
#1184=ORIENTED_EDGE('',*,*,#2511,.T.);
#1185=ORIENTED_EDGE('',*,*,#2494,.T.);
#1186=ORIENTED_EDGE('',*,*,#2513,.F.);
#1187=ORIENTED_EDGE('',*,*,#2484,.F.);
#1188=ORIENTED_EDGE('',*,*,#2512,.T.);
#1189=ORIENTED_EDGE('',*,*,#2493,.T.);
#1190=ORIENTED_EDGE('',*,*,#2507,.F.);
#1191=ORIENTED_EDGE('',*,*,#2485,.F.);
#1192=ORIENTED_EDGE('',*,*,#2513,.T.);
#1193=ORIENTED_EDGE('',*,*,#2501,.F.);
#1194=ORIENTED_EDGE('',*,*,#2514,.F.);
#1195=ORIENTED_EDGE('',*,*,#2486,.T.);
#1196=ORIENTED_EDGE('',*,*,#2515,.T.);
#1197=ORIENTED_EDGE('',*,*,#2502,.F.);
#1198=ORIENTED_EDGE('',*,*,#2515,.F.);
#1199=ORIENTED_EDGE('',*,*,#2491,.T.);
#1200=ORIENTED_EDGE('',*,*,#2516,.T.);
#1201=ORIENTED_EDGE('',*,*,#2503,.F.);
#1202=ORIENTED_EDGE('',*,*,#2516,.F.);
#1203=ORIENTED_EDGE('',*,*,#2490,.T.);
#1204=ORIENTED_EDGE('',*,*,#2517,.T.);
#1205=ORIENTED_EDGE('',*,*,#2504,.F.);
#1206=ORIENTED_EDGE('',*,*,#2517,.F.);
#1207=ORIENTED_EDGE('',*,*,#2489,.T.);
#1208=ORIENTED_EDGE('',*,*,#2518,.T.);
#1209=ORIENTED_EDGE('',*,*,#2505,.F.);
#1210=ORIENTED_EDGE('',*,*,#2518,.F.);
#1211=ORIENTED_EDGE('',*,*,#2488,.T.);
#1212=ORIENTED_EDGE('',*,*,#2519,.T.);
#1213=ORIENTED_EDGE('',*,*,#2500,.F.);
#1214=ORIENTED_EDGE('',*,*,#2519,.F.);
#1215=ORIENTED_EDGE('',*,*,#2487,.T.);
#1216=ORIENTED_EDGE('',*,*,#2514,.T.);
#1217=ORIENTED_EDGE('',*,*,#2520,.T.);
#1218=ORIENTED_EDGE('',*,*,#2521,.T.);
#1219=ORIENTED_EDGE('',*,*,#2522,.T.);
#1220=ORIENTED_EDGE('',*,*,#2523,.T.);
#1221=ORIENTED_EDGE('',*,*,#2524,.T.);
#1222=ORIENTED_EDGE('',*,*,#2525,.T.);
#1223=ORIENTED_EDGE('',*,*,#2526,.T.);
#1224=ORIENTED_EDGE('',*,*,#2527,.T.);
#1225=ORIENTED_EDGE('',*,*,#2528,.F.);
#1226=ORIENTED_EDGE('',*,*,#2529,.F.);
#1227=ORIENTED_EDGE('',*,*,#2530,.F.);
#1228=ORIENTED_EDGE('',*,*,#2531,.F.);
#1229=ORIENTED_EDGE('',*,*,#2532,.F.);
#1230=ORIENTED_EDGE('',*,*,#2533,.F.);
#1231=ORIENTED_EDGE('',*,*,#2534,.F.);
#1232=ORIENTED_EDGE('',*,*,#2535,.F.);
#1233=ORIENTED_EDGE('',*,*,#2536,.F.);
#1234=ORIENTED_EDGE('',*,*,#2537,.F.);
#1235=ORIENTED_EDGE('',*,*,#2538,.F.);
#1236=ORIENTED_EDGE('',*,*,#2539,.F.);
#1237=ORIENTED_EDGE('',*,*,#2540,.F.);
#1238=ORIENTED_EDGE('',*,*,#2541,.F.);
#1239=ORIENTED_EDGE('',*,*,#2542,.T.);
#1240=ORIENTED_EDGE('',*,*,#2543,.T.);
#1241=ORIENTED_EDGE('',*,*,#2544,.T.);
#1242=ORIENTED_EDGE('',*,*,#2545,.T.);
#1243=ORIENTED_EDGE('',*,*,#2546,.T.);
#1244=ORIENTED_EDGE('',*,*,#2547,.T.);
#1245=ORIENTED_EDGE('',*,*,#2534,.T.);
#1246=ORIENTED_EDGE('',*,*,#2548,.F.);
#1247=ORIENTED_EDGE('',*,*,#2520,.F.);
#1248=ORIENTED_EDGE('',*,*,#2549,.T.);
#1249=ORIENTED_EDGE('',*,*,#2541,.T.);
#1250=ORIENTED_EDGE('',*,*,#2550,.F.);
#1251=ORIENTED_EDGE('',*,*,#2521,.F.);
#1252=ORIENTED_EDGE('',*,*,#2548,.T.);
#1253=ORIENTED_EDGE('',*,*,#2540,.T.);
#1254=ORIENTED_EDGE('',*,*,#2551,.F.);
#1255=ORIENTED_EDGE('',*,*,#2522,.F.);
#1256=ORIENTED_EDGE('',*,*,#2550,.T.);
#1257=ORIENTED_EDGE('',*,*,#2539,.T.);
#1258=ORIENTED_EDGE('',*,*,#2552,.F.);
#1259=ORIENTED_EDGE('',*,*,#2523,.F.);
#1260=ORIENTED_EDGE('',*,*,#2551,.T.);
#1261=ORIENTED_EDGE('',*,*,#2538,.T.);
#1262=ORIENTED_EDGE('',*,*,#2553,.F.);
#1263=ORIENTED_EDGE('',*,*,#2524,.F.);
#1264=ORIENTED_EDGE('',*,*,#2552,.T.);
#1265=ORIENTED_EDGE('',*,*,#2537,.T.);
#1266=ORIENTED_EDGE('',*,*,#2554,.F.);
#1267=ORIENTED_EDGE('',*,*,#2525,.F.);
#1268=ORIENTED_EDGE('',*,*,#2553,.T.);
#1269=ORIENTED_EDGE('',*,*,#2536,.T.);
#1270=ORIENTED_EDGE('',*,*,#2555,.F.);
#1271=ORIENTED_EDGE('',*,*,#2526,.F.);
#1272=ORIENTED_EDGE('',*,*,#2554,.T.);
#1273=ORIENTED_EDGE('',*,*,#2535,.T.);
#1274=ORIENTED_EDGE('',*,*,#2549,.F.);
#1275=ORIENTED_EDGE('',*,*,#2527,.F.);
#1276=ORIENTED_EDGE('',*,*,#2555,.T.);
#1277=ORIENTED_EDGE('',*,*,#2543,.F.);
#1278=ORIENTED_EDGE('',*,*,#2556,.F.);
#1279=ORIENTED_EDGE('',*,*,#2528,.T.);
#1280=ORIENTED_EDGE('',*,*,#2557,.T.);
#1281=ORIENTED_EDGE('',*,*,#2544,.F.);
#1282=ORIENTED_EDGE('',*,*,#2557,.F.);
#1283=ORIENTED_EDGE('',*,*,#2533,.T.);
#1284=ORIENTED_EDGE('',*,*,#2558,.T.);
#1285=ORIENTED_EDGE('',*,*,#2545,.F.);
#1286=ORIENTED_EDGE('',*,*,#2558,.F.);
#1287=ORIENTED_EDGE('',*,*,#2532,.T.);
#1288=ORIENTED_EDGE('',*,*,#2559,.T.);
#1289=ORIENTED_EDGE('',*,*,#2546,.F.);
#1290=ORIENTED_EDGE('',*,*,#2559,.F.);
#1291=ORIENTED_EDGE('',*,*,#2531,.T.);
#1292=ORIENTED_EDGE('',*,*,#2560,.T.);
#1293=ORIENTED_EDGE('',*,*,#2547,.F.);
#1294=ORIENTED_EDGE('',*,*,#2560,.F.);
#1295=ORIENTED_EDGE('',*,*,#2530,.T.);
#1296=ORIENTED_EDGE('',*,*,#2561,.T.);
#1297=ORIENTED_EDGE('',*,*,#2542,.F.);
#1298=ORIENTED_EDGE('',*,*,#2561,.F.);
#1299=ORIENTED_EDGE('',*,*,#2529,.T.);
#1300=ORIENTED_EDGE('',*,*,#2556,.T.);
#1301=ORIENTED_EDGE('',*,*,#2562,.T.);
#1302=ORIENTED_EDGE('',*,*,#2563,.F.);
#1303=ORIENTED_EDGE('',*,*,#2564,.F.);
#1304=ORIENTED_EDGE('',*,*,#2565,.T.);
#1305=ORIENTED_EDGE('',*,*,#2566,.T.);
#1306=ORIENTED_EDGE('',*,*,#2567,.F.);
#1307=ORIENTED_EDGE('',*,*,#2568,.F.);
#1308=ORIENTED_EDGE('',*,*,#2563,.T.);
#1309=ORIENTED_EDGE('',*,*,#2569,.T.);
#1310=ORIENTED_EDGE('',*,*,#2570,.F.);
#1311=ORIENTED_EDGE('',*,*,#2571,.F.);
#1312=ORIENTED_EDGE('',*,*,#2567,.T.);
#1313=ORIENTED_EDGE('',*,*,#2572,.T.);
#1314=ORIENTED_EDGE('',*,*,#2573,.F.);
#1315=ORIENTED_EDGE('',*,*,#2574,.F.);
#1316=ORIENTED_EDGE('',*,*,#2570,.T.);
#1317=ORIENTED_EDGE('',*,*,#2575,.T.);
#1318=ORIENTED_EDGE('',*,*,#2576,.F.);
#1319=ORIENTED_EDGE('',*,*,#2577,.F.);
#1320=ORIENTED_EDGE('',*,*,#2573,.T.);
#1321=ORIENTED_EDGE('',*,*,#2578,.T.);
#1322=ORIENTED_EDGE('',*,*,#2579,.F.);
#1323=ORIENTED_EDGE('',*,*,#2580,.F.);
#1324=ORIENTED_EDGE('',*,*,#2576,.T.);
#1325=ORIENTED_EDGE('',*,*,#2581,.T.);
#1326=ORIENTED_EDGE('',*,*,#2582,.F.);
#1327=ORIENTED_EDGE('',*,*,#2583,.F.);
#1328=ORIENTED_EDGE('',*,*,#2579,.T.);
#1329=ORIENTED_EDGE('',*,*,#2584,.T.);
#1330=ORIENTED_EDGE('',*,*,#2585,.F.);
#1331=ORIENTED_EDGE('',*,*,#2586,.F.);
#1332=ORIENTED_EDGE('',*,*,#2582,.T.);
#1333=ORIENTED_EDGE('',*,*,#2587,.T.);
#1334=ORIENTED_EDGE('',*,*,#2588,.F.);
#1335=ORIENTED_EDGE('',*,*,#2589,.F.);
#1336=ORIENTED_EDGE('',*,*,#2585,.T.);
#1337=ORIENTED_EDGE('',*,*,#2590,.T.);
#1338=ORIENTED_EDGE('',*,*,#2591,.F.);
#1339=ORIENTED_EDGE('',*,*,#2592,.F.);
#1340=ORIENTED_EDGE('',*,*,#2588,.T.);
#1341=ORIENTED_EDGE('',*,*,#2593,.T.);
#1342=ORIENTED_EDGE('',*,*,#2594,.F.);
#1343=ORIENTED_EDGE('',*,*,#2595,.F.);
#1344=ORIENTED_EDGE('',*,*,#2591,.T.);
#1345=ORIENTED_EDGE('',*,*,#2596,.T.);
#1346=ORIENTED_EDGE('',*,*,#2565,.F.);
#1347=ORIENTED_EDGE('',*,*,#2597,.F.);
#1348=ORIENTED_EDGE('',*,*,#2594,.T.);
#1349=ORIENTED_EDGE('',*,*,#2564,.T.);
#1350=ORIENTED_EDGE('',*,*,#2568,.T.);
#1351=ORIENTED_EDGE('',*,*,#2571,.T.);
#1352=ORIENTED_EDGE('',*,*,#2574,.T.);
#1353=ORIENTED_EDGE('',*,*,#2577,.T.);
#1354=ORIENTED_EDGE('',*,*,#2580,.T.);
#1355=ORIENTED_EDGE('',*,*,#2583,.T.);
#1356=ORIENTED_EDGE('',*,*,#2586,.T.);
#1357=ORIENTED_EDGE('',*,*,#2589,.T.);
#1358=ORIENTED_EDGE('',*,*,#2592,.T.);
#1359=ORIENTED_EDGE('',*,*,#2595,.T.);
#1360=ORIENTED_EDGE('',*,*,#2597,.T.);
#1361=ORIENTED_EDGE('',*,*,#2562,.F.);
#1362=ORIENTED_EDGE('',*,*,#2596,.F.);
#1363=ORIENTED_EDGE('',*,*,#2593,.F.);
#1364=ORIENTED_EDGE('',*,*,#2590,.F.);
#1365=ORIENTED_EDGE('',*,*,#2587,.F.);
#1366=ORIENTED_EDGE('',*,*,#2584,.F.);
#1367=ORIENTED_EDGE('',*,*,#2581,.F.);
#1368=ORIENTED_EDGE('',*,*,#2578,.F.);
#1369=ORIENTED_EDGE('',*,*,#2575,.F.);
#1370=ORIENTED_EDGE('',*,*,#2572,.F.);
#1371=ORIENTED_EDGE('',*,*,#2569,.F.);
#1372=ORIENTED_EDGE('',*,*,#2566,.F.);
#1373=ORIENTED_EDGE('',*,*,#2598,.T.);
#1374=ORIENTED_EDGE('',*,*,#2599,.T.);
#1375=ORIENTED_EDGE('',*,*,#2600,.T.);
#1376=ORIENTED_EDGE('',*,*,#2601,.T.);
#1377=ORIENTED_EDGE('',*,*,#2602,.T.);
#1378=ORIENTED_EDGE('',*,*,#2603,.T.);
#1379=ORIENTED_EDGE('',*,*,#2604,.T.);
#1380=ORIENTED_EDGE('',*,*,#2605,.T.);
#1381=ORIENTED_EDGE('',*,*,#2606,.T.);
#1382=ORIENTED_EDGE('',*,*,#2607,.T.);
#1383=ORIENTED_EDGE('',*,*,#2608,.T.);
#1384=ORIENTED_EDGE('',*,*,#2609,.T.);
#1385=ORIENTED_EDGE('',*,*,#2610,.T.);
#1386=ORIENTED_EDGE('',*,*,#2611,.T.);
#1387=ORIENTED_EDGE('',*,*,#2612,.F.);
#1388=ORIENTED_EDGE('',*,*,#2613,.F.);
#1389=ORIENTED_EDGE('',*,*,#2614,.F.);
#1390=ORIENTED_EDGE('',*,*,#2615,.F.);
#1391=ORIENTED_EDGE('',*,*,#2616,.F.);
#1392=ORIENTED_EDGE('',*,*,#2617,.F.);
#1393=ORIENTED_EDGE('',*,*,#2618,.F.);
#1394=ORIENTED_EDGE('',*,*,#2619,.F.);
#1395=ORIENTED_EDGE('',*,*,#2620,.F.);
#1396=ORIENTED_EDGE('',*,*,#2621,.F.);
#1397=ORIENTED_EDGE('',*,*,#2622,.F.);
#1398=ORIENTED_EDGE('',*,*,#2623,.F.);
#1399=ORIENTED_EDGE('',*,*,#2624,.F.);
#1400=ORIENTED_EDGE('',*,*,#2625,.F.);
#1401=ORIENTED_EDGE('',*,*,#2626,.F.);
#1402=ORIENTED_EDGE('',*,*,#2627,.F.);
#1403=ORIENTED_EDGE('',*,*,#2628,.F.);
#1404=ORIENTED_EDGE('',*,*,#2629,.F.);
#1405=ORIENTED_EDGE('',*,*,#2630,.F.);
#1406=ORIENTED_EDGE('',*,*,#2631,.F.);
#1407=ORIENTED_EDGE('',*,*,#2632,.F.);
#1408=ORIENTED_EDGE('',*,*,#2633,.F.);
#1409=ORIENTED_EDGE('',*,*,#2634,.T.);
#1410=ORIENTED_EDGE('',*,*,#2635,.T.);
#1411=ORIENTED_EDGE('',*,*,#2636,.T.);
#1412=ORIENTED_EDGE('',*,*,#2637,.T.);
#1413=ORIENTED_EDGE('',*,*,#2638,.T.);
#1414=ORIENTED_EDGE('',*,*,#2639,.T.);
#1415=ORIENTED_EDGE('',*,*,#2640,.T.);
#1416=ORIENTED_EDGE('',*,*,#2641,.T.);
#1417=ORIENTED_EDGE('',*,*,#2620,.T.);
#1418=ORIENTED_EDGE('',*,*,#2598,.F.);
#1419=ORIENTED_EDGE('',*,*,#2633,.T.);
#1420=ORIENTED_EDGE('',*,*,#2599,.F.);
#1421=ORIENTED_EDGE('',*,*,#2632,.T.);
#1422=ORIENTED_EDGE('',*,*,#2600,.F.);
#1423=ORIENTED_EDGE('',*,*,#2631,.T.);
#1424=ORIENTED_EDGE('',*,*,#2642,.F.);
#1425=ORIENTED_EDGE('',*,*,#2601,.F.);
#1426=ORIENTED_EDGE('',*,*,#2630,.T.);
#1427=ORIENTED_EDGE('',*,*,#2643,.F.);
#1428=ORIENTED_EDGE('',*,*,#2602,.F.);
#1429=ORIENTED_EDGE('',*,*,#2642,.T.);
#1430=ORIENTED_EDGE('',*,*,#2629,.T.);
#1431=ORIENTED_EDGE('',*,*,#2644,.F.);
#1432=ORIENTED_EDGE('',*,*,#2603,.F.);
#1433=ORIENTED_EDGE('',*,*,#2643,.T.);
#1434=ORIENTED_EDGE('',*,*,#2628,.T.);
#1435=ORIENTED_EDGE('',*,*,#2604,.F.);
#1436=ORIENTED_EDGE('',*,*,#2644,.T.);
#1437=ORIENTED_EDGE('',*,*,#2627,.T.);
#1438=ORIENTED_EDGE('',*,*,#2605,.F.);
#1439=ORIENTED_EDGE('',*,*,#2626,.T.);
#1440=ORIENTED_EDGE('',*,*,#2645,.F.);
#1441=ORIENTED_EDGE('',*,*,#2606,.F.);
#1442=ORIENTED_EDGE('',*,*,#2625,.T.);
#1443=ORIENTED_EDGE('',*,*,#2646,.F.);
#1444=ORIENTED_EDGE('',*,*,#2607,.F.);
#1445=ORIENTED_EDGE('',*,*,#2645,.T.);
#1446=ORIENTED_EDGE('',*,*,#2624,.T.);
#1447=ORIENTED_EDGE('',*,*,#2647,.F.);
#1448=ORIENTED_EDGE('',*,*,#2608,.F.);
#1449=ORIENTED_EDGE('',*,*,#2646,.T.);
#1450=ORIENTED_EDGE('',*,*,#2623,.T.);
#1451=ORIENTED_EDGE('',*,*,#2648,.F.);
#1452=ORIENTED_EDGE('',*,*,#2609,.F.);
#1453=ORIENTED_EDGE('',*,*,#2647,.T.);
#1454=ORIENTED_EDGE('',*,*,#2622,.T.);
#1455=ORIENTED_EDGE('',*,*,#2649,.F.);
#1456=ORIENTED_EDGE('',*,*,#2610,.F.);
#1457=ORIENTED_EDGE('',*,*,#2648,.T.);
#1458=ORIENTED_EDGE('',*,*,#2621,.T.);
#1459=ORIENTED_EDGE('',*,*,#2611,.F.);
#1460=ORIENTED_EDGE('',*,*,#2649,.T.);
#1461=ORIENTED_EDGE('',*,*,#2634,.F.);
#1462=ORIENTED_EDGE('',*,*,#2613,.T.);
#1463=ORIENTED_EDGE('',*,*,#2635,.F.);
#1464=ORIENTED_EDGE('',*,*,#2612,.T.);
#1465=ORIENTED_EDGE('',*,*,#2636,.F.);
#1466=ORIENTED_EDGE('',*,*,#2619,.T.);
#1467=ORIENTED_EDGE('',*,*,#2650,.T.);
#1468=ORIENTED_EDGE('',*,*,#2637,.F.);
#1469=ORIENTED_EDGE('',*,*,#2650,.F.);
#1470=ORIENTED_EDGE('',*,*,#2618,.T.);
#1471=ORIENTED_EDGE('',*,*,#2651,.T.);
#1472=ORIENTED_EDGE('',*,*,#2638,.F.);
#1473=ORIENTED_EDGE('',*,*,#2651,.F.);
#1474=ORIENTED_EDGE('',*,*,#2617,.T.);
#1475=ORIENTED_EDGE('',*,*,#2639,.F.);
#1476=ORIENTED_EDGE('',*,*,#2616,.T.);
#1477=ORIENTED_EDGE('',*,*,#2640,.F.);
#1478=ORIENTED_EDGE('',*,*,#2615,.T.);
#1479=ORIENTED_EDGE('',*,*,#2652,.T.);
#1480=ORIENTED_EDGE('',*,*,#2641,.F.);
#1481=ORIENTED_EDGE('',*,*,#2652,.F.);
#1482=ORIENTED_EDGE('',*,*,#2614,.T.);
#1483=ORIENTED_EDGE('',*,*,#2653,.T.);
#1484=ORIENTED_EDGE('',*,*,#2654,.F.);
#1485=ORIENTED_EDGE('',*,*,#2655,.T.);
#1486=ORIENTED_EDGE('',*,*,#2656,.T.);
#1487=ORIENTED_EDGE('',*,*,#2657,.T.);
#1488=ORIENTED_EDGE('',*,*,#2658,.F.);
#1489=ORIENTED_EDGE('',*,*,#2659,.T.);
#1490=ORIENTED_EDGE('',*,*,#2660,.F.);
#1491=ORIENTED_EDGE('',*,*,#2661,.T.);
#1492=ORIENTED_EDGE('',*,*,#2662,.F.);
#1493=ORIENTED_EDGE('',*,*,#2663,.T.);
#1494=ORIENTED_EDGE('',*,*,#2664,.F.);
#1495=ORIENTED_EDGE('',*,*,#2665,.F.);
#1496=ORIENTED_EDGE('',*,*,#2666,.T.);
#1497=ORIENTED_EDGE('',*,*,#2667,.T.);
#1498=ORIENTED_EDGE('',*,*,#2668,.T.);
#1499=ORIENTED_EDGE('',*,*,#2669,.F.);
#1500=ORIENTED_EDGE('',*,*,#2670,.T.);
#1501=ORIENTED_EDGE('',*,*,#2671,.T.);
#1502=ORIENTED_EDGE('',*,*,#2672,.T.);
#1503=ORIENTED_EDGE('',*,*,#2673,.T.);
#1504=ORIENTED_EDGE('',*,*,#2674,.T.);
#1505=ORIENTED_EDGE('',*,*,#2675,.T.);
#1506=ORIENTED_EDGE('',*,*,#2676,.T.);
#1507=ORIENTED_EDGE('',*,*,#2677,.T.);
#1508=ORIENTED_EDGE('',*,*,#2678,.T.);
#1509=ORIENTED_EDGE('',*,*,#2679,.F.);
#1510=ORIENTED_EDGE('',*,*,#2680,.T.);
#1511=ORIENTED_EDGE('',*,*,#2681,.T.);
#1512=ORIENTED_EDGE('',*,*,#2682,.T.);
#1513=ORIENTED_EDGE('',*,*,#2683,.F.);
#1514=ORIENTED_EDGE('',*,*,#2684,.T.);
#1515=ORIENTED_EDGE('',*,*,#2685,.F.);
#1516=ORIENTED_EDGE('',*,*,#2686,.T.);
#1517=ORIENTED_EDGE('',*,*,#2687,.F.);
#1518=ORIENTED_EDGE('',*,*,#2688,.T.);
#1519=ORIENTED_EDGE('',*,*,#2689,.T.);
#1520=ORIENTED_EDGE('',*,*,#2690,.T.);
#1521=ORIENTED_EDGE('',*,*,#2691,.F.);
#1522=ORIENTED_EDGE('',*,*,#2692,.T.);
#1523=ORIENTED_EDGE('',*,*,#2693,.F.);
#1524=ORIENTED_EDGE('',*,*,#2694,.T.);
#1525=ORIENTED_EDGE('',*,*,#2695,.T.);
#1526=ORIENTED_EDGE('',*,*,#2696,.T.);
#1527=ORIENTED_EDGE('',*,*,#2697,.F.);
#1528=ORIENTED_EDGE('',*,*,#2698,.T.);
#1529=ORIENTED_EDGE('',*,*,#2699,.T.);
#1530=ORIENTED_EDGE('',*,*,#2700,.T.);
#1531=ORIENTED_EDGE('',*,*,#2679,.T.);
#1532=ORIENTED_EDGE('',*,*,#2701,.T.);
#1533=ORIENTED_EDGE('',*,*,#2702,.T.);
#1534=ORIENTED_EDGE('',*,*,#2703,.T.);
#1535=ORIENTED_EDGE('',*,*,#2704,.F.);
#1536=ORIENTED_EDGE('',*,*,#2705,.T.);
#1537=ORIENTED_EDGE('',*,*,#2706,.T.);
#1538=ORIENTED_EDGE('',*,*,#2707,.T.);
#1539=ORIENTED_EDGE('',*,*,#2708,.T.);
#1540=ORIENTED_EDGE('',*,*,#2709,.T.);
#1541=ORIENTED_EDGE('',*,*,#2687,.T.);
#1542=ORIENTED_EDGE('',*,*,#2710,.T.);
#1543=ORIENTED_EDGE('',*,*,#2711,.T.);
#1544=ORIENTED_EDGE('',*,*,#2712,.F.);
#1545=ORIENTED_EDGE('',*,*,#2713,.T.);
#1546=ORIENTED_EDGE('',*,*,#2714,.T.);
#1547=ORIENTED_EDGE('',*,*,#2715,.T.);
#1548=ORIENTED_EDGE('',*,*,#2716,.T.);
#1549=ORIENTED_EDGE('',*,*,#2708,.F.);
#1550=ORIENTED_EDGE('',*,*,#2717,.T.);
#1551=ORIENTED_EDGE('',*,*,#2718,.T.);
#1552=ORIENTED_EDGE('',*,*,#2719,.T.);
#1553=ORIENTED_EDGE('',*,*,#2720,.T.);
#1554=ORIENTED_EDGE('',*,*,#2721,.T.);
#1555=ORIENTED_EDGE('',*,*,#2666,.F.);
#1556=ORIENTED_EDGE('',*,*,#2722,.F.);
#1557=ORIENTED_EDGE('',*,*,#2707,.F.);
#1558=ORIENTED_EDGE('',*,*,#2723,.T.);
#1559=ORIENTED_EDGE('',*,*,#2724,.T.);
#1560=ORIENTED_EDGE('',*,*,#2725,.T.);
#1561=ORIENTED_EDGE('',*,*,#2726,.T.);
#1562=ORIENTED_EDGE('',*,*,#2727,.T.);
#1563=ORIENTED_EDGE('',*,*,#2698,.F.);
#1564=ORIENTED_EDGE('',*,*,#2728,.F.);
#1565=ORIENTED_EDGE('',*,*,#2672,.F.);
#1566=ORIENTED_EDGE('',*,*,#2729,.T.);
#1567=ORIENTED_EDGE('',*,*,#2730,.T.);
#1568=ORIENTED_EDGE('',*,*,#2731,.T.);
#1569=ORIENTED_EDGE('',*,*,#2702,.F.);
#1570=ORIENTED_EDGE('',*,*,#2732,.T.);
#1571=ORIENTED_EDGE('',*,*,#2733,.T.);
#1572=ORIENTED_EDGE('',*,*,#2734,.T.);
#1573=ORIENTED_EDGE('',*,*,#2735,.T.);
#1574=ORIENTED_EDGE('',*,*,#2736,.T.);
#1575=ORIENTED_EDGE('',*,*,#2700,.F.);
#1576=ORIENTED_EDGE('',*,*,#2737,.T.);
#1577=ORIENTED_EDGE('',*,*,#2738,.T.);
#1578=ORIENTED_EDGE('',*,*,#2739,.T.);
#1579=ORIENTED_EDGE('',*,*,#2740,.T.);
#1580=ORIENTED_EDGE('',*,*,#2741,.T.);
#1581=ORIENTED_EDGE('',*,*,#2670,.F.);
#1582=ORIENTED_EDGE('',*,*,#2742,.F.);
#1583=ORIENTED_EDGE('',*,*,#2668,.F.);
#1584=ORIENTED_EDGE('',*,*,#2743,.T.);
#1585=ORIENTED_EDGE('',*,*,#2744,.T.);
#1586=ORIENTED_EDGE('',*,*,#2745,.T.);
#1587=ORIENTED_EDGE('',*,*,#2746,.T.);
#1588=ORIENTED_EDGE('',*,*,#2747,.T.);
#1589=ORIENTED_EDGE('',*,*,#2705,.F.);
#1590=ORIENTED_EDGE('',*,*,#2748,.F.);
#1591=ORIENTED_EDGE('',*,*,#2749,.T.);
#1592=ORIENTED_EDGE('',*,*,#2750,.T.);
#1593=ORIENTED_EDGE('',*,*,#2751,.F.);
#1594=ORIENTED_EDGE('',*,*,#2752,.F.);
#1595=ORIENTED_EDGE('',*,*,#2753,.T.);
#1596=ORIENTED_EDGE('',*,*,#2754,.T.);
#1597=ORIENTED_EDGE('',*,*,#2755,.T.);
#1598=ORIENTED_EDGE('',*,*,#2756,.T.);
#1599=ORIENTED_EDGE('',*,*,#2757,.F.);
#1600=ORIENTED_EDGE('',*,*,#2758,.F.);
#1601=ORIENTED_EDGE('',*,*,#2759,.T.);
#1602=ORIENTED_EDGE('',*,*,#2760,.T.);
#1603=ORIENTED_EDGE('',*,*,#2761,.T.);
#1604=ORIENTED_EDGE('',*,*,#2762,.T.);
#1605=ORIENTED_EDGE('',*,*,#2763,.T.);
#1606=ORIENTED_EDGE('',*,*,#2764,.T.);
#1607=ORIENTED_EDGE('',*,*,#2765,.F.);
#1608=ORIENTED_EDGE('',*,*,#2655,.F.);
#1609=ORIENTED_EDGE('',*,*,#2766,.F.);
#1610=ORIENTED_EDGE('',*,*,#2657,.F.);
#1611=ORIENTED_EDGE('',*,*,#2767,.F.);
#1612=ORIENTED_EDGE('',*,*,#2661,.F.);
#1613=ORIENTED_EDGE('',*,*,#2768,.F.);
#1614=ORIENTED_EDGE('',*,*,#2711,.F.);
#1615=ORIENTED_EDGE('',*,*,#2769,.F.);
#1616=ORIENTED_EDGE('',*,*,#2719,.F.);
#1617=ORIENTED_EDGE('',*,*,#2770,.F.);
#1618=ORIENTED_EDGE('',*,*,#2714,.F.);
#1619=ORIENTED_EDGE('',*,*,#2771,.F.);
#1620=ORIENTED_EDGE('',*,*,#2731,.F.);
#1621=ORIENTED_EDGE('',*,*,#2769,.T.);
#1622=ORIENTED_EDGE('',*,*,#2770,.T.);
#1623=ORIENTED_EDGE('',*,*,#2772,.F.);
#1624=ORIENTED_EDGE('',*,*,#2773,.F.);
#1625=ORIENTED_EDGE('',*,*,#2774,.F.);
#1626=ORIENTED_EDGE('',*,*,#2765,.T.);
#1627=ORIENTED_EDGE('',*,*,#2774,.T.);
#1628=ORIENTED_EDGE('',*,*,#2725,.F.);
#1629=ORIENTED_EDGE('',*,*,#2775,.F.);
#1630=ORIENTED_EDGE('',*,*,#2656,.F.);
#1631=ORIENTED_EDGE('',*,*,#2776,.F.);
#1632=ORIENTED_EDGE('',*,*,#2713,.F.);
#1633=ORIENTED_EDGE('',*,*,#2777,.F.);
#1634=ORIENTED_EDGE('',*,*,#2663,.F.);
#1635=ORIENTED_EDGE('',*,*,#2778,.F.);
#1636=ORIENTED_EDGE('',*,*,#2659,.F.);
#1637=ORIENTED_EDGE('',*,*,#2779,.F.);
#1638=ORIENTED_EDGE('',*,*,#2653,.F.);
#1639=ORIENTED_EDGE('',*,*,#2780,.F.);
#1640=ORIENTED_EDGE('',*,*,#2734,.F.);
#1641=ORIENTED_EDGE('',*,*,#2771,.T.);
#1642=ORIENTED_EDGE('',*,*,#2776,.T.);
#1643=ORIENTED_EDGE('',*,*,#2781,.F.);
#1644=ORIENTED_EDGE('',*,*,#2772,.T.);
#1645=ORIENTED_EDGE('',*,*,#2730,.F.);
#1646=ORIENTED_EDGE('',*,*,#2782,.F.);
#1647=ORIENTED_EDGE('',*,*,#2715,.F.);
#1648=ORIENTED_EDGE('',*,*,#2773,.T.);
#1649=ORIENTED_EDGE('',*,*,#2718,.F.);
#1650=ORIENTED_EDGE('',*,*,#2783,.F.);
#1651=ORIENTED_EDGE('',*,*,#2720,.F.);
#1652=ORIENTED_EDGE('',*,*,#2780,.T.);
#1653=ORIENTED_EDGE('',*,*,#2775,.T.);
#1654=ORIENTED_EDGE('',*,*,#2784,.F.);
#1655=ORIENTED_EDGE('',*,*,#2781,.T.);
#1656=ORIENTED_EDGE('',*,*,#2733,.F.);
#1657=ORIENTED_EDGE('',*,*,#2785,.F.);
#1658=ORIENTED_EDGE('',*,*,#2726,.F.);
#1659=ORIENTED_EDGE('',*,*,#2671,.F.);
#1660=ORIENTED_EDGE('',*,*,#2741,.F.);
#1661=ORIENTED_EDGE('',*,*,#2786,.F.);
#1662=ORIENTED_EDGE('',*,*,#2688,.F.);
#1663=ORIENTED_EDGE('',*,*,#2709,.F.);
#1664=ORIENTED_EDGE('',*,*,#2716,.F.);
#1665=ORIENTED_EDGE('',*,*,#2782,.T.);
#1666=ORIENTED_EDGE('',*,*,#2729,.F.);
#1667=ORIENTED_EDGE('',*,*,#2710,.F.);
#1668=ORIENTED_EDGE('',*,*,#2696,.F.);
#1669=ORIENTED_EDGE('',*,*,#2787,.F.);
#1670=ORIENTED_EDGE('',*,*,#2743,.F.);
#1671=ORIENTED_EDGE('',*,*,#2667,.F.);
#1672=ORIENTED_EDGE('',*,*,#2721,.F.);
#1673=ORIENTED_EDGE('',*,*,#2783,.T.);
#1674=ORIENTED_EDGE('',*,*,#2717,.F.);
#1675=ORIENTED_EDGE('',*,*,#2784,.T.);
#1676=ORIENTED_EDGE('',*,*,#2724,.F.);
#1677=ORIENTED_EDGE('',*,*,#2788,.F.);
#1678=ORIENTED_EDGE('',*,*,#2735,.F.);
#1679=ORIENTED_EDGE('',*,*,#2701,.F.);
#1680=ORIENTED_EDGE('',*,*,#2678,.F.);
#1681=ORIENTED_EDGE('',*,*,#2789,.F.);
#1682=ORIENTED_EDGE('',*,*,#2737,.F.);
#1683=ORIENTED_EDGE('',*,*,#2699,.F.);
#1684=ORIENTED_EDGE('',*,*,#2727,.F.);
#1685=ORIENTED_EDGE('',*,*,#2785,.T.);
#1686=ORIENTED_EDGE('',*,*,#2732,.F.);
#1687=ORIENTED_EDGE('',*,*,#2786,.T.);
#1688=ORIENTED_EDGE('',*,*,#2740,.F.);
#1689=ORIENTED_EDGE('',*,*,#2790,.F.);
#1690=ORIENTED_EDGE('',*,*,#2689,.F.);
#1691=ORIENTED_EDGE('',*,*,#2787,.T.);
#1692=ORIENTED_EDGE('',*,*,#2695,.F.);
#1693=ORIENTED_EDGE('',*,*,#2791,.F.);
#1694=ORIENTED_EDGE('',*,*,#2744,.F.);
#1695=ORIENTED_EDGE('',*,*,#2706,.F.);
#1696=ORIENTED_EDGE('',*,*,#2747,.F.);
#1697=ORIENTED_EDGE('',*,*,#2792,.F.);
#1698=ORIENTED_EDGE('',*,*,#2680,.F.);
#1699=ORIENTED_EDGE('',*,*,#2703,.F.);
#1700=ORIENTED_EDGE('',*,*,#2736,.F.);
#1701=ORIENTED_EDGE('',*,*,#2788,.T.);
#1702=ORIENTED_EDGE('',*,*,#2723,.F.);
#1703=ORIENTED_EDGE('',*,*,#2789,.T.);
#1704=ORIENTED_EDGE('',*,*,#2677,.F.);
#1705=ORIENTED_EDGE('',*,*,#2793,.F.);
#1706=ORIENTED_EDGE('',*,*,#2738,.F.);
#1707=ORIENTED_EDGE('',*,*,#2794,.F.);
#1708=ORIENTED_EDGE('',*,*,#2739,.F.);
#1709=ORIENTED_EDGE('',*,*,#2795,.F.);
#1710=ORIENTED_EDGE('',*,*,#2753,.F.);
#1711=ORIENTED_EDGE('',*,*,#2796,.F.);
#1712=ORIENTED_EDGE('',*,*,#2749,.F.);
#1713=ORIENTED_EDGE('',*,*,#2790,.T.);
#1714=ORIENTED_EDGE('',*,*,#2794,.T.);
#1715=ORIENTED_EDGE('',*,*,#2797,.F.);
#1716=ORIENTED_EDGE('',*,*,#2798,.F.);
#1717=ORIENTED_EDGE('',*,*,#2799,.F.);
#1718=ORIENTED_EDGE('',*,*,#2791,.T.);
#1719=ORIENTED_EDGE('',*,*,#2799,.T.);
#1720=ORIENTED_EDGE('',*,*,#2759,.F.);
#1721=ORIENTED_EDGE('',*,*,#2800,.F.);
#1722=ORIENTED_EDGE('',*,*,#2763,.F.);
#1723=ORIENTED_EDGE('',*,*,#2801,.F.);
#1724=ORIENTED_EDGE('',*,*,#2745,.F.);
#1725=ORIENTED_EDGE('',*,*,#2792,.T.);
#1726=ORIENTED_EDGE('',*,*,#2746,.F.);
#1727=ORIENTED_EDGE('',*,*,#2802,.F.);
#1728=ORIENTED_EDGE('',*,*,#2681,.F.);
#1729=ORIENTED_EDGE('',*,*,#2795,.T.);
#1730=ORIENTED_EDGE('',*,*,#2793,.T.);
#1731=ORIENTED_EDGE('',*,*,#2803,.F.);
#1732=ORIENTED_EDGE('',*,*,#2797,.T.);
#1733=ORIENTED_EDGE('',*,*,#2756,.F.);
#1734=ORIENTED_EDGE('',*,*,#2804,.F.);
#1735=ORIENTED_EDGE('',*,*,#2690,.F.);
#1736=ORIENTED_EDGE('',*,*,#2798,.T.);
#1737=ORIENTED_EDGE('',*,*,#2694,.F.);
#1738=ORIENTED_EDGE('',*,*,#2805,.F.);
#1739=ORIENTED_EDGE('',*,*,#2760,.F.);
#1740=ORIENTED_EDGE('',*,*,#2802,.T.);
#1741=ORIENTED_EDGE('',*,*,#2801,.T.);
#1742=ORIENTED_EDGE('',*,*,#2806,.F.);
#1743=ORIENTED_EDGE('',*,*,#2803,.T.);
#1744=ORIENTED_EDGE('',*,*,#2686,.F.);
#1745=ORIENTED_EDGE('',*,*,#2807,.F.);
#1746=ORIENTED_EDGE('',*,*,#2754,.F.);
#1747=ORIENTED_EDGE('',*,*,#2808,.F.);
#1748=ORIENTED_EDGE('',*,*,#2691,.T.);
#1749=ORIENTED_EDGE('',*,*,#2804,.T.);
#1750=ORIENTED_EDGE('',*,*,#2809,.F.);
#1751=ORIENTED_EDGE('',*,*,#2810,.F.);
#1752=ORIENTED_EDGE('',*,*,#2692,.F.);
#1753=ORIENTED_EDGE('',*,*,#2811,.F.);
#1754=ORIENTED_EDGE('',*,*,#2675,.F.);
#1755=ORIENTED_EDGE('',*,*,#2693,.T.);
#1756=ORIENTED_EDGE('',*,*,#2812,.F.);
#1757=ORIENTED_EDGE('',*,*,#2813,.F.);
#1758=ORIENTED_EDGE('',*,*,#2805,.T.);
#1759=ORIENTED_EDGE('',*,*,#2806,.T.);
#1760=ORIENTED_EDGE('',*,*,#2762,.F.);
#1761=ORIENTED_EDGE('',*,*,#2814,.F.);
#1762=ORIENTED_EDGE('',*,*,#2682,.F.);
#1763=ORIENTED_EDGE('',*,*,#2815,.F.);
#1764=ORIENTED_EDGE('',*,*,#2807,.T.);
#1765=ORIENTED_EDGE('',*,*,#2685,.T.);
#1766=ORIENTED_EDGE('',*,*,#2816,.F.);
#1767=ORIENTED_EDGE('',*,*,#2755,.F.);
#1768=ORIENTED_EDGE('',*,*,#2815,.T.);
#1769=ORIENTED_EDGE('',*,*,#2817,.F.);
#1770=ORIENTED_EDGE('',*,*,#2809,.T.);
#1771=ORIENTED_EDGE('',*,*,#2811,.T.);
#1772=ORIENTED_EDGE('',*,*,#2808,.T.);
#1773=ORIENTED_EDGE('',*,*,#2818,.F.);
#1774=ORIENTED_EDGE('',*,*,#2812,.T.);
#1775=ORIENTED_EDGE('',*,*,#2810,.T.);
#1776=ORIENTED_EDGE('',*,*,#2819,.F.);
#1777=ORIENTED_EDGE('',*,*,#2820,.F.);
#1778=ORIENTED_EDGE('',*,*,#2761,.F.);
#1779=ORIENTED_EDGE('',*,*,#2813,.T.);
#1780=ORIENTED_EDGE('',*,*,#2821,.F.);
#1781=ORIENTED_EDGE('',*,*,#2814,.T.);
#1782=ORIENTED_EDGE('',*,*,#2820,.T.);
#1783=ORIENTED_EDGE('',*,*,#2822,.F.);
#1784=ORIENTED_EDGE('',*,*,#2683,.T.);
#1785=ORIENTED_EDGE('',*,*,#2818,.T.);
#1786=ORIENTED_EDGE('',*,*,#2817,.T.);
#1787=ORIENTED_EDGE('',*,*,#2823,.F.);
#1788=ORIENTED_EDGE('',*,*,#2676,.F.);
#1789=ORIENTED_EDGE('',*,*,#2819,.T.);
#1790=ORIENTED_EDGE('',*,*,#2674,.F.);
#1791=ORIENTED_EDGE('',*,*,#2824,.F.);
#1792=ORIENTED_EDGE('',*,*,#2821,.T.);
#1793=ORIENTED_EDGE('',*,*,#2823,.T.);
#1794=ORIENTED_EDGE('',*,*,#2816,.T.);
#1795=ORIENTED_EDGE('',*,*,#2825,.F.);
#1796=ORIENTED_EDGE('',*,*,#2822,.T.);
#1797=ORIENTED_EDGE('',*,*,#2824,.T.);
#1798=ORIENTED_EDGE('',*,*,#2826,.F.);
#1799=ORIENTED_EDGE('',*,*,#2825,.T.);
#1800=ORIENTED_EDGE('',*,*,#2684,.F.);
#1801=ORIENTED_EDGE('',*,*,#2826,.T.);
#1802=ORIENTED_EDGE('',*,*,#2673,.F.);
#1803=ORIENTED_EDGE('',*,*,#2796,.T.);
#1804=ORIENTED_EDGE('',*,*,#2827,.F.);
#1805=ORIENTED_EDGE('',*,*,#2828,.T.);
#1806=ORIENTED_EDGE('',*,*,#2829,.T.);
#1807=ORIENTED_EDGE('',*,*,#2830,.F.);
#1808=ORIENTED_EDGE('',*,*,#2831,.F.);
#1809=ORIENTED_EDGE('',*,*,#2832,.T.);
#1810=ORIENTED_EDGE('',*,*,#2827,.T.);
#1811=ORIENTED_EDGE('',*,*,#2752,.T.);
#1812=ORIENTED_EDGE('',*,*,#2831,.T.);
#1813=ORIENTED_EDGE('',*,*,#2833,.F.);
#1814=ORIENTED_EDGE('',*,*,#2834,.F.);
#1815=ORIENTED_EDGE('',*,*,#2835,.T.);
#1816=ORIENTED_EDGE('',*,*,#2834,.T.);
#1817=ORIENTED_EDGE('',*,*,#2836,.F.);
#1818=ORIENTED_EDGE('',*,*,#2750,.F.);
#1819=ORIENTED_EDGE('',*,*,#2829,.F.);
#1820=ORIENTED_EDGE('',*,*,#2837,.T.);
#1821=ORIENTED_EDGE('',*,*,#2832,.F.);
#1822=ORIENTED_EDGE('',*,*,#2838,.F.);
#1823=ORIENTED_EDGE('',*,*,#2839,.T.);
#1824=ORIENTED_EDGE('',*,*,#2838,.T.);
#1825=ORIENTED_EDGE('',*,*,#2835,.F.);
#1826=ORIENTED_EDGE('',*,*,#2840,.F.);
#1827=ORIENTED_EDGE('',*,*,#2841,.T.);
#1828=ORIENTED_EDGE('',*,*,#2840,.T.);
#1829=ORIENTED_EDGE('',*,*,#2837,.F.);
#1830=ORIENTED_EDGE('',*,*,#2842,.T.);
#1831=ORIENTED_EDGE('',*,*,#2839,.F.);
#1832=ORIENTED_EDGE('',*,*,#2843,.F.);
#1833=ORIENTED_EDGE('',*,*,#2844,.T.);
#1834=ORIENTED_EDGE('',*,*,#2845,.T.);
#1835=ORIENTED_EDGE('',*,*,#2843,.T.);
#1836=ORIENTED_EDGE('',*,*,#2841,.F.);
#1837=ORIENTED_EDGE('',*,*,#2846,.F.);
#1838=ORIENTED_EDGE('',*,*,#2847,.T.);
#1839=ORIENTED_EDGE('',*,*,#2846,.T.);
#1840=ORIENTED_EDGE('',*,*,#2842,.F.);
#1841=ORIENTED_EDGE('',*,*,#2848,.F.);
#1842=ORIENTED_EDGE('',*,*,#2849,.T.);
#1843=ORIENTED_EDGE('',*,*,#2848,.T.);
#1844=ORIENTED_EDGE('',*,*,#2828,.F.);
#1845=ORIENTED_EDGE('',*,*,#2845,.F.);
#1846=ORIENTED_EDGE('',*,*,#2742,.T.);
#1847=ORIENTED_EDGE('',*,*,#2844,.F.);
#1848=ORIENTED_EDGE('',*,*,#2850,.F.);
#1849=ORIENTED_EDGE('',*,*,#2697,.T.);
#1850=ORIENTED_EDGE('',*,*,#2850,.T.);
#1851=ORIENTED_EDGE('',*,*,#2847,.F.);
#1852=ORIENTED_EDGE('',*,*,#2851,.F.);
#1853=ORIENTED_EDGE('',*,*,#2728,.T.);
#1854=ORIENTED_EDGE('',*,*,#2851,.T.);
#1855=ORIENTED_EDGE('',*,*,#2849,.F.);
#1856=ORIENTED_EDGE('',*,*,#2669,.T.);
#1857=ORIENTED_EDGE('',*,*,#2833,.T.);
#1858=ORIENTED_EDGE('',*,*,#2830,.T.);
#1859=ORIENTED_EDGE('',*,*,#2751,.T.);
#1860=ORIENTED_EDGE('',*,*,#2836,.T.);
#1861=ORIENTED_EDGE('',*,*,#2800,.T.);
#1862=ORIENTED_EDGE('',*,*,#2852,.F.);
#1863=ORIENTED_EDGE('',*,*,#2853,.T.);
#1864=ORIENTED_EDGE('',*,*,#2854,.T.);
#1865=ORIENTED_EDGE('',*,*,#2855,.F.);
#1866=ORIENTED_EDGE('',*,*,#2764,.F.);
#1867=ORIENTED_EDGE('',*,*,#2854,.F.);
#1868=ORIENTED_EDGE('',*,*,#2856,.T.);
#1869=ORIENTED_EDGE('',*,*,#2857,.T.);
#1870=ORIENTED_EDGE('',*,*,#2852,.T.);
#1871=ORIENTED_EDGE('',*,*,#2758,.T.);
#1872=ORIENTED_EDGE('',*,*,#2858,.F.);
#1873=ORIENTED_EDGE('',*,*,#2859,.F.);
#1874=ORIENTED_EDGE('',*,*,#2860,.T.);
#1875=ORIENTED_EDGE('',*,*,#2859,.T.);
#1876=ORIENTED_EDGE('',*,*,#2861,.F.);
#1877=ORIENTED_EDGE('',*,*,#2857,.F.);
#1878=ORIENTED_EDGE('',*,*,#2862,.T.);
#1879=ORIENTED_EDGE('',*,*,#2856,.F.);
#1880=ORIENTED_EDGE('',*,*,#2863,.T.);
#1881=ORIENTED_EDGE('',*,*,#2864,.T.);
#1882=ORIENTED_EDGE('',*,*,#2865,.T.);
#1883=ORIENTED_EDGE('',*,*,#2860,.F.);
#1884=ORIENTED_EDGE('',*,*,#2866,.F.);
#1885=ORIENTED_EDGE('',*,*,#2866,.T.);
#1886=ORIENTED_EDGE('',*,*,#2862,.F.);
#1887=ORIENTED_EDGE('',*,*,#2864,.F.);
#1888=ORIENTED_EDGE('',*,*,#2867,.T.);
#1889=ORIENTED_EDGE('',*,*,#2863,.F.);
#1890=ORIENTED_EDGE('',*,*,#2868,.F.);
#1891=ORIENTED_EDGE('',*,*,#2869,.T.);
#1892=ORIENTED_EDGE('',*,*,#2870,.T.);
#1893=ORIENTED_EDGE('',*,*,#2868,.T.);
#1894=ORIENTED_EDGE('',*,*,#2853,.F.);
#1895=ORIENTED_EDGE('',*,*,#2871,.F.);
#1896=ORIENTED_EDGE('',*,*,#2748,.T.);
#1897=ORIENTED_EDGE('',*,*,#2871,.T.);
#1898=ORIENTED_EDGE('',*,*,#2865,.F.);
#1899=ORIENTED_EDGE('',*,*,#2872,.F.);
#1900=ORIENTED_EDGE('',*,*,#2873,.T.);
#1901=ORIENTED_EDGE('',*,*,#2872,.T.);
#1902=ORIENTED_EDGE('',*,*,#2867,.F.);
#1903=ORIENTED_EDGE('',*,*,#2870,.F.);
#1904=ORIENTED_EDGE('',*,*,#2874,.T.);
#1905=ORIENTED_EDGE('',*,*,#2869,.F.);
#1906=ORIENTED_EDGE('',*,*,#2704,.T.);
#1907=ORIENTED_EDGE('',*,*,#2875,.T.);
#1908=ORIENTED_EDGE('',*,*,#2665,.T.);
#1909=ORIENTED_EDGE('',*,*,#2873,.F.);
#1910=ORIENTED_EDGE('',*,*,#2876,.F.);
#1911=ORIENTED_EDGE('',*,*,#2876,.T.);
#1912=ORIENTED_EDGE('',*,*,#2874,.F.);
#1913=ORIENTED_EDGE('',*,*,#2875,.F.);
#1914=ORIENTED_EDGE('',*,*,#2722,.T.);
#1915=ORIENTED_EDGE('',*,*,#2861,.T.);
#1916=ORIENTED_EDGE('',*,*,#2858,.T.);
#1917=ORIENTED_EDGE('',*,*,#2757,.T.);
#1918=ORIENTED_EDGE('',*,*,#2855,.T.);
#1919=ORIENTED_EDGE('',*,*,#2664,.T.);
#1920=ORIENTED_EDGE('',*,*,#2877,.F.);
#1921=ORIENTED_EDGE('',*,*,#2878,.F.);
#1922=ORIENTED_EDGE('',*,*,#2879,.T.);
#1923=ORIENTED_EDGE('',*,*,#2768,.T.);
#1924=ORIENTED_EDGE('',*,*,#2879,.F.);
#1925=ORIENTED_EDGE('',*,*,#2880,.F.);
#1926=ORIENTED_EDGE('',*,*,#2881,.T.);
#1927=ORIENTED_EDGE('',*,*,#2712,.T.);
#1928=ORIENTED_EDGE('',*,*,#2881,.F.);
#1929=ORIENTED_EDGE('',*,*,#2882,.F.);
#1930=ORIENTED_EDGE('',*,*,#2883,.T.);
#1931=ORIENTED_EDGE('',*,*,#2777,.T.);
#1932=ORIENTED_EDGE('',*,*,#2883,.F.);
#1933=ORIENTED_EDGE('',*,*,#2884,.F.);
#1934=ORIENTED_EDGE('',*,*,#2877,.T.);
#1935=ORIENTED_EDGE('',*,*,#2878,.T.);
#1936=ORIENTED_EDGE('',*,*,#2884,.T.);
#1937=ORIENTED_EDGE('',*,*,#2882,.T.);
#1938=ORIENTED_EDGE('',*,*,#2880,.T.);
#1939=ORIENTED_EDGE('',*,*,#2660,.T.);
#1940=ORIENTED_EDGE('',*,*,#2885,.F.);
#1941=ORIENTED_EDGE('',*,*,#2886,.F.);
#1942=ORIENTED_EDGE('',*,*,#2887,.T.);
#1943=ORIENTED_EDGE('',*,*,#2767,.T.);
#1944=ORIENTED_EDGE('',*,*,#2887,.F.);
#1945=ORIENTED_EDGE('',*,*,#2888,.F.);
#1946=ORIENTED_EDGE('',*,*,#2889,.T.);
#1947=ORIENTED_EDGE('',*,*,#2662,.T.);
#1948=ORIENTED_EDGE('',*,*,#2889,.F.);
#1949=ORIENTED_EDGE('',*,*,#2890,.F.);
#1950=ORIENTED_EDGE('',*,*,#2891,.T.);
#1951=ORIENTED_EDGE('',*,*,#2778,.T.);
#1952=ORIENTED_EDGE('',*,*,#2891,.F.);
#1953=ORIENTED_EDGE('',*,*,#2892,.F.);
#1954=ORIENTED_EDGE('',*,*,#2885,.T.);
#1955=ORIENTED_EDGE('',*,*,#2886,.T.);
#1956=ORIENTED_EDGE('',*,*,#2892,.T.);
#1957=ORIENTED_EDGE('',*,*,#2890,.T.);
#1958=ORIENTED_EDGE('',*,*,#2888,.T.);
#1959=ORIENTED_EDGE('',*,*,#2654,.T.);
#1960=ORIENTED_EDGE('',*,*,#2893,.F.);
#1961=ORIENTED_EDGE('',*,*,#2894,.F.);
#1962=ORIENTED_EDGE('',*,*,#2895,.T.);
#1963=ORIENTED_EDGE('',*,*,#2766,.T.);
#1964=ORIENTED_EDGE('',*,*,#2895,.F.);
#1965=ORIENTED_EDGE('',*,*,#2896,.F.);
#1966=ORIENTED_EDGE('',*,*,#2897,.T.);
#1967=ORIENTED_EDGE('',*,*,#2658,.T.);
#1968=ORIENTED_EDGE('',*,*,#2897,.F.);
#1969=ORIENTED_EDGE('',*,*,#2898,.F.);
#1970=ORIENTED_EDGE('',*,*,#2899,.T.);
#1971=ORIENTED_EDGE('',*,*,#2779,.T.);
#1972=ORIENTED_EDGE('',*,*,#2899,.F.);
#1973=ORIENTED_EDGE('',*,*,#2900,.F.);
#1974=ORIENTED_EDGE('',*,*,#2893,.T.);
#1975=ORIENTED_EDGE('',*,*,#2894,.T.);
#1976=ORIENTED_EDGE('',*,*,#2900,.T.);
#1977=ORIENTED_EDGE('',*,*,#2898,.T.);
#1978=ORIENTED_EDGE('',*,*,#2896,.T.);
#1979=ORIENTED_EDGE('',*,*,#2901,.T.);
#1980=ORIENTED_EDGE('',*,*,#2902,.T.);
#1981=ORIENTED_EDGE('',*,*,#2903,.T.);
#1982=ORIENTED_EDGE('',*,*,#2904,.T.);
#1983=ORIENTED_EDGE('',*,*,#2905,.T.);
#1984=ORIENTED_EDGE('',*,*,#2906,.T.);
#1985=ORIENTED_EDGE('',*,*,#2907,.T.);
#1986=ORIENTED_EDGE('',*,*,#2908,.F.);
#1987=ORIENTED_EDGE('',*,*,#2909,.F.);
#1988=ORIENTED_EDGE('',*,*,#2910,.F.);
#1989=ORIENTED_EDGE('',*,*,#2911,.F.);
#1990=ORIENTED_EDGE('',*,*,#2912,.F.);
#1991=ORIENTED_EDGE('',*,*,#2913,.F.);
#1992=ORIENTED_EDGE('',*,*,#2914,.F.);
#1993=ORIENTED_EDGE('',*,*,#2915,.F.);
#1994=ORIENTED_EDGE('',*,*,#2916,.F.);
#1995=ORIENTED_EDGE('',*,*,#2917,.F.);
#1996=ORIENTED_EDGE('',*,*,#2918,.F.);
#1997=ORIENTED_EDGE('',*,*,#2919,.F.);
#1998=ORIENTED_EDGE('',*,*,#2920,.F.);
#1999=ORIENTED_EDGE('',*,*,#2921,.F.);
#2000=ORIENTED_EDGE('',*,*,#2922,.T.);
#2001=ORIENTED_EDGE('',*,*,#2923,.T.);
#2002=ORIENTED_EDGE('',*,*,#2924,.T.);
#2003=ORIENTED_EDGE('',*,*,#2925,.T.);
#2004=ORIENTED_EDGE('',*,*,#2926,.T.);
#2005=ORIENTED_EDGE('',*,*,#2927,.T.);
#2006=ORIENTED_EDGE('',*,*,#2928,.T.);
#2007=ORIENTED_EDGE('',*,*,#2915,.T.);
#2008=ORIENTED_EDGE('',*,*,#2901,.F.);
#2009=ORIENTED_EDGE('',*,*,#2929,.T.);
#2010=ORIENTED_EDGE('',*,*,#2921,.T.);
#2011=ORIENTED_EDGE('',*,*,#2902,.F.);
#2012=ORIENTED_EDGE('',*,*,#2920,.T.);
#2013=ORIENTED_EDGE('',*,*,#2903,.F.);
#2014=ORIENTED_EDGE('',*,*,#2919,.T.);
#2015=ORIENTED_EDGE('',*,*,#2904,.F.);
#2016=ORIENTED_EDGE('',*,*,#2918,.T.);
#2017=ORIENTED_EDGE('',*,*,#2905,.F.);
#2018=ORIENTED_EDGE('',*,*,#2917,.T.);
#2019=ORIENTED_EDGE('',*,*,#2930,.F.);
#2020=ORIENTED_EDGE('',*,*,#2906,.F.);
#2021=ORIENTED_EDGE('',*,*,#2916,.T.);
#2022=ORIENTED_EDGE('',*,*,#2929,.F.);
#2023=ORIENTED_EDGE('',*,*,#2907,.F.);
#2024=ORIENTED_EDGE('',*,*,#2930,.T.);
#2025=ORIENTED_EDGE('',*,*,#2922,.F.);
#2026=ORIENTED_EDGE('',*,*,#2909,.T.);
#2027=ORIENTED_EDGE('',*,*,#2931,.T.);
#2028=ORIENTED_EDGE('',*,*,#2923,.F.);
#2029=ORIENTED_EDGE('',*,*,#2931,.F.);
#2030=ORIENTED_EDGE('',*,*,#2908,.T.);
#2031=ORIENTED_EDGE('',*,*,#2932,.T.);
#2032=ORIENTED_EDGE('',*,*,#2924,.F.);
#2033=ORIENTED_EDGE('',*,*,#2932,.F.);
#2034=ORIENTED_EDGE('',*,*,#2914,.T.);
#2035=ORIENTED_EDGE('',*,*,#2925,.F.);
#2036=ORIENTED_EDGE('',*,*,#2913,.T.);
#2037=ORIENTED_EDGE('',*,*,#2926,.F.);
#2038=ORIENTED_EDGE('',*,*,#2912,.T.);
#2039=ORIENTED_EDGE('',*,*,#2927,.F.);
#2040=ORIENTED_EDGE('',*,*,#2911,.T.);
#2041=ORIENTED_EDGE('',*,*,#2928,.F.);
#2042=ORIENTED_EDGE('',*,*,#2910,.T.);
#2043=ORIENTED_EDGE('',*,*,#2933,.T.);
#2044=ORIENTED_EDGE('',*,*,#2934,.F.);
#2045=ORIENTED_EDGE('',*,*,#2935,.F.);
#2046=ORIENTED_EDGE('',*,*,#2936,.T.);
#2047=ORIENTED_EDGE('',*,*,#2937,.T.);
#2048=ORIENTED_EDGE('',*,*,#2938,.F.);
#2049=ORIENTED_EDGE('',*,*,#2939,.F.);
#2050=ORIENTED_EDGE('',*,*,#2934,.T.);
#2051=ORIENTED_EDGE('',*,*,#2940,.T.);
#2052=ORIENTED_EDGE('',*,*,#2941,.F.);
#2053=ORIENTED_EDGE('',*,*,#2942,.F.);
#2054=ORIENTED_EDGE('',*,*,#2938,.T.);
#2055=ORIENTED_EDGE('',*,*,#2943,.T.);
#2056=ORIENTED_EDGE('',*,*,#2944,.F.);
#2057=ORIENTED_EDGE('',*,*,#2945,.F.);
#2058=ORIENTED_EDGE('',*,*,#2941,.T.);
#2059=ORIENTED_EDGE('',*,*,#2946,.T.);
#2060=ORIENTED_EDGE('',*,*,#2947,.F.);
#2061=ORIENTED_EDGE('',*,*,#2948,.F.);
#2062=ORIENTED_EDGE('',*,*,#2944,.T.);
#2063=ORIENTED_EDGE('',*,*,#2949,.T.);
#2064=ORIENTED_EDGE('',*,*,#2950,.F.);
#2065=ORIENTED_EDGE('',*,*,#2951,.F.);
#2066=ORIENTED_EDGE('',*,*,#2947,.T.);
#2067=ORIENTED_EDGE('',*,*,#2952,.T.);
#2068=ORIENTED_EDGE('',*,*,#2953,.F.);
#2069=ORIENTED_EDGE('',*,*,#2954,.F.);
#2070=ORIENTED_EDGE('',*,*,#2950,.T.);
#2071=ORIENTED_EDGE('',*,*,#2955,.T.);
#2072=ORIENTED_EDGE('',*,*,#2956,.F.);
#2073=ORIENTED_EDGE('',*,*,#2957,.F.);
#2074=ORIENTED_EDGE('',*,*,#2953,.T.);
#2075=ORIENTED_EDGE('',*,*,#2958,.T.);
#2076=ORIENTED_EDGE('',*,*,#2959,.F.);
#2077=ORIENTED_EDGE('',*,*,#2960,.F.);
#2078=ORIENTED_EDGE('',*,*,#2956,.T.);
#2079=ORIENTED_EDGE('',*,*,#2961,.T.);
#2080=ORIENTED_EDGE('',*,*,#2962,.F.);
#2081=ORIENTED_EDGE('',*,*,#2963,.F.);
#2082=ORIENTED_EDGE('',*,*,#2959,.T.);
#2083=ORIENTED_EDGE('',*,*,#2964,.T.);
#2084=ORIENTED_EDGE('',*,*,#2965,.F.);
#2085=ORIENTED_EDGE('',*,*,#2966,.F.);
#2086=ORIENTED_EDGE('',*,*,#2962,.T.);
#2087=ORIENTED_EDGE('',*,*,#2967,.T.);
#2088=ORIENTED_EDGE('',*,*,#2968,.F.);
#2089=ORIENTED_EDGE('',*,*,#2969,.F.);
#2090=ORIENTED_EDGE('',*,*,#2965,.T.);
#2091=ORIENTED_EDGE('',*,*,#2970,.T.);
#2092=ORIENTED_EDGE('',*,*,#2971,.F.);
#2093=ORIENTED_EDGE('',*,*,#2972,.F.);
#2094=ORIENTED_EDGE('',*,*,#2968,.T.);
#2095=ORIENTED_EDGE('',*,*,#2973,.T.);
#2096=ORIENTED_EDGE('',*,*,#2936,.F.);
#2097=ORIENTED_EDGE('',*,*,#2974,.F.);
#2098=ORIENTED_EDGE('',*,*,#2971,.T.);
#2099=ORIENTED_EDGE('',*,*,#2935,.T.);
#2100=ORIENTED_EDGE('',*,*,#2939,.T.);
#2101=ORIENTED_EDGE('',*,*,#2942,.T.);
#2102=ORIENTED_EDGE('',*,*,#2945,.T.);
#2103=ORIENTED_EDGE('',*,*,#2948,.T.);
#2104=ORIENTED_EDGE('',*,*,#2951,.T.);
#2105=ORIENTED_EDGE('',*,*,#2954,.T.);
#2106=ORIENTED_EDGE('',*,*,#2957,.T.);
#2107=ORIENTED_EDGE('',*,*,#2960,.T.);
#2108=ORIENTED_EDGE('',*,*,#2963,.T.);
#2109=ORIENTED_EDGE('',*,*,#2966,.T.);
#2110=ORIENTED_EDGE('',*,*,#2969,.T.);
#2111=ORIENTED_EDGE('',*,*,#2972,.T.);
#2112=ORIENTED_EDGE('',*,*,#2974,.T.);
#2113=ORIENTED_EDGE('',*,*,#2933,.F.);
#2114=ORIENTED_EDGE('',*,*,#2973,.F.);
#2115=ORIENTED_EDGE('',*,*,#2970,.F.);
#2116=ORIENTED_EDGE('',*,*,#2967,.F.);
#2117=ORIENTED_EDGE('',*,*,#2964,.F.);
#2118=ORIENTED_EDGE('',*,*,#2961,.F.);
#2119=ORIENTED_EDGE('',*,*,#2958,.F.);
#2120=ORIENTED_EDGE('',*,*,#2955,.F.);
#2121=ORIENTED_EDGE('',*,*,#2952,.F.);
#2122=ORIENTED_EDGE('',*,*,#2949,.F.);
#2123=ORIENTED_EDGE('',*,*,#2946,.F.);
#2124=ORIENTED_EDGE('',*,*,#2943,.F.);
#2125=ORIENTED_EDGE('',*,*,#2940,.F.);
#2126=ORIENTED_EDGE('',*,*,#2937,.F.);
#2127=ORIENTED_EDGE('',*,*,#2975,.T.);
#2128=ORIENTED_EDGE('',*,*,#2976,.F.);
#2129=ORIENTED_EDGE('',*,*,#2977,.F.);
#2130=ORIENTED_EDGE('',*,*,#2978,.T.);
#2131=ORIENTED_EDGE('',*,*,#2979,.T.);
#2132=ORIENTED_EDGE('',*,*,#2980,.F.);
#2133=ORIENTED_EDGE('',*,*,#2981,.F.);
#2134=ORIENTED_EDGE('',*,*,#2976,.T.);
#2135=ORIENTED_EDGE('',*,*,#2982,.T.);
#2136=ORIENTED_EDGE('',*,*,#2983,.F.);
#2137=ORIENTED_EDGE('',*,*,#2984,.F.);
#2138=ORIENTED_EDGE('',*,*,#2980,.T.);
#2139=ORIENTED_EDGE('',*,*,#2985,.T.);
#2140=ORIENTED_EDGE('',*,*,#2986,.F.);
#2141=ORIENTED_EDGE('',*,*,#2987,.F.);
#2142=ORIENTED_EDGE('',*,*,#2983,.T.);
#2143=ORIENTED_EDGE('',*,*,#2988,.T.);
#2144=ORIENTED_EDGE('',*,*,#2989,.F.);
#2145=ORIENTED_EDGE('',*,*,#2990,.F.);
#2146=ORIENTED_EDGE('',*,*,#2986,.T.);
#2147=ORIENTED_EDGE('',*,*,#2991,.T.);
#2148=ORIENTED_EDGE('',*,*,#2992,.F.);
#2149=ORIENTED_EDGE('',*,*,#2993,.F.);
#2150=ORIENTED_EDGE('',*,*,#2989,.T.);
#2151=ORIENTED_EDGE('',*,*,#2994,.T.);
#2152=ORIENTED_EDGE('',*,*,#2995,.F.);
#2153=ORIENTED_EDGE('',*,*,#2996,.F.);
#2154=ORIENTED_EDGE('',*,*,#2992,.T.);
#2155=ORIENTED_EDGE('',*,*,#2997,.T.);
#2156=ORIENTED_EDGE('',*,*,#2998,.F.);
#2157=ORIENTED_EDGE('',*,*,#2999,.F.);
#2158=ORIENTED_EDGE('',*,*,#2995,.T.);
#2159=ORIENTED_EDGE('',*,*,#3000,.T.);
#2160=ORIENTED_EDGE('',*,*,#3001,.F.);
#2161=ORIENTED_EDGE('',*,*,#3002,.F.);
#2162=ORIENTED_EDGE('',*,*,#2998,.T.);
#2163=ORIENTED_EDGE('',*,*,#3003,.T.);
#2164=ORIENTED_EDGE('',*,*,#3004,.F.);
#2165=ORIENTED_EDGE('',*,*,#3005,.F.);
#2166=ORIENTED_EDGE('',*,*,#3001,.T.);
#2167=ORIENTED_EDGE('',*,*,#3006,.T.);
#2168=ORIENTED_EDGE('',*,*,#3007,.F.);
#2169=ORIENTED_EDGE('',*,*,#3008,.F.);
#2170=ORIENTED_EDGE('',*,*,#3004,.T.);
#2171=ORIENTED_EDGE('',*,*,#3009,.T.);
#2172=ORIENTED_EDGE('',*,*,#2978,.F.);
#2173=ORIENTED_EDGE('',*,*,#3010,.F.);
#2174=ORIENTED_EDGE('',*,*,#3007,.T.);
#2175=ORIENTED_EDGE('',*,*,#2977,.T.);
#2176=ORIENTED_EDGE('',*,*,#2981,.T.);
#2177=ORIENTED_EDGE('',*,*,#2984,.T.);
#2178=ORIENTED_EDGE('',*,*,#2987,.T.);
#2179=ORIENTED_EDGE('',*,*,#2990,.T.);
#2180=ORIENTED_EDGE('',*,*,#2993,.T.);
#2181=ORIENTED_EDGE('',*,*,#2996,.T.);
#2182=ORIENTED_EDGE('',*,*,#2999,.T.);
#2183=ORIENTED_EDGE('',*,*,#3002,.T.);
#2184=ORIENTED_EDGE('',*,*,#3005,.T.);
#2185=ORIENTED_EDGE('',*,*,#3008,.T.);
#2186=ORIENTED_EDGE('',*,*,#3010,.T.);
#2187=ORIENTED_EDGE('',*,*,#2975,.F.);
#2188=ORIENTED_EDGE('',*,*,#3009,.F.);
#2189=ORIENTED_EDGE('',*,*,#3006,.F.);
#2190=ORIENTED_EDGE('',*,*,#3003,.F.);
#2191=ORIENTED_EDGE('',*,*,#3000,.F.);
#2192=ORIENTED_EDGE('',*,*,#2997,.F.);
#2193=ORIENTED_EDGE('',*,*,#2994,.F.);
#2194=ORIENTED_EDGE('',*,*,#2991,.F.);
#2195=ORIENTED_EDGE('',*,*,#2988,.F.);
#2196=ORIENTED_EDGE('',*,*,#2985,.F.);
#2197=ORIENTED_EDGE('',*,*,#2982,.F.);
#2198=ORIENTED_EDGE('',*,*,#2979,.F.);
#2199=EDGE_CURVE('NONE',#3011,#3012,#3506,.T.);
#2200=EDGE_CURVE('NONE',#3012,#3013,#442,.T.);
#2201=EDGE_CURVE('NONE',#3013,#3014,#443,.T.);
#2202=EDGE_CURVE('NONE',#3014,#3015,#444,.T.);
#2203=EDGE_CURVE('NONE',#3015,#3016,#445,.T.);
#2204=EDGE_CURVE('NONE',#3016,#3017,#3507,.F.);
#2205=EDGE_CURVE('NONE',#3017,#3011,#3508,.T.);
#2206=EDGE_CURVE('NONE',#3018,#3019,#3509,.T.);
#2207=EDGE_CURVE('NONE',#3020,#3018,#3510,.F.);
#2208=EDGE_CURVE('NONE',#3021,#3020,#446,.T.);
#2209=EDGE_CURVE('NONE',#3022,#3021,#447,.T.);
#2210=EDGE_CURVE('NONE',#3023,#3022,#448,.T.);
#2211=EDGE_CURVE('NONE',#3024,#3023,#449,.T.);
#2212=EDGE_CURVE('NONE',#3019,#3024,#3511,.T.);
#2213=EDGE_CURVE('NONE',#3025,#3012,#3512,.T.);
#2214=EDGE_CURVE('NONE',#3026,#3025,#3513,.T.);
#2215=EDGE_CURVE('NONE',#3016,#3026,#3514,.F.);
#2216=EDGE_CURVE('NONE',#3015,#3016,#450,.T.);
#2217=EDGE_CURVE('NONE',#3014,#3015,#451,.T.);
#2218=EDGE_CURVE('NONE',#3013,#3014,#452,.T.);
#2219=EDGE_CURVE('NONE',#3012,#3013,#453,.T.);
#2220=EDGE_CURVE('NONE',#3020,#3027,#3515,.F.);
#2221=EDGE_CURVE('NONE',#3027,#3028,#3516,.T.);
#2222=EDGE_CURVE('NONE',#3028,#3024,#3517,.T.);
#2223=EDGE_CURVE('NONE',#3024,#3023,#454,.T.);
#2224=EDGE_CURVE('NONE',#3023,#3022,#455,.T.);
#2225=EDGE_CURVE('NONE',#3022,#3021,#456,.T.);
#2226=EDGE_CURVE('NONE',#3021,#3020,#457,.T.);
#2227=EDGE_CURVE('NONE',#3011,#3025,#3518,.F.);
#2228=EDGE_CURVE('NONE',#3017,#3026,#3519,.T.);
#2229=EDGE_CURVE('NONE',#3018,#3027,#3520,.T.);
#2230=EDGE_CURVE('NONE',#3019,#3028,#3521,.T.);
#2231=EDGE_CURVE('NONE',#3029,#3030,#3522,.F.);
#2232=EDGE_CURVE('NONE',#3031,#3030,#3523,.T.);
#2233=EDGE_CURVE('NONE',#3032,#3031,#3524,.F.);
#2234=EDGE_CURVE('NONE',#3032,#3029,#3525,.T.);
#2235=EDGE_CURVE('NONE',#3030,#3033,#3526,.T.);
#2236=EDGE_CURVE('NONE',#3034,#3033,#3527,.F.);
#2237=EDGE_CURVE('NONE',#3031,#3034,#3528,.T.);
#2238=EDGE_CURVE('NONE',#3033,#3035,#90,.T.);
#2239=EDGE_CURVE('NONE',#3036,#3035,#3529,.T.);
#2240=EDGE_CURVE('NONE',#3034,#3036,#458,.T.);
#2241=EDGE_CURVE('NONE',#3035,#3037,#3530,.F.);
#2242=EDGE_CURVE('NONE',#3038,#3037,#3531,.T.);
#2243=EDGE_CURVE('NONE',#3036,#3038,#3532,.F.);
#2244=EDGE_CURVE('NONE',#3037,#3039,#3533,.T.);
#2245=EDGE_CURVE('NONE',#3040,#3039,#3534,.T.);
#2246=EDGE_CURVE('NONE',#3038,#3040,#3535,.T.);
#2247=EDGE_CURVE('NONE',#3039,#3041,#3536,.T.);
#2248=EDGE_CURVE('NONE',#3042,#3041,#3537,.T.);
#2249=EDGE_CURVE('NONE',#3040,#3042,#3538,.T.);
#2250=EDGE_CURVE('NONE',#3041,#3043,#3539,.F.);
#2251=EDGE_CURVE('NONE',#3044,#3043,#3540,.T.);
#2252=EDGE_CURVE('NONE',#3042,#3044,#3541,.F.);
#2253=EDGE_CURVE('NONE',#3043,#3045,#3542,.T.);
#2254=EDGE_CURVE('NONE',#3046,#3045,#3543,.T.);
#2255=EDGE_CURVE('NONE',#3044,#3046,#3544,.T.);
#2256=EDGE_CURVE('NONE',#3045,#3047,#3545,.T.);
#2257=EDGE_CURVE('NONE',#3046,#3047,#3546,.T.);
#2258=EDGE_CURVE('NONE',#3047,#3048,#459,.F.);
#2259=EDGE_CURVE('NONE',#3047,#3048,#460,.F.);
#2260=EDGE_CURVE('NONE',#3048,#3049,#91,.F.);
#2261=EDGE_CURVE('NONE',#3050,#3049,#92,.T.);
#2262=EDGE_CURVE('NONE',#3048,#3050,#93,.T.);
#2263=EDGE_CURVE('NONE',#3049,#3051,#3547,.T.);
#2264=EDGE_CURVE('NONE',#3050,#3051,#3548,.T.);
#2265=EDGE_CURVE('NONE',#3051,#3052,#461,.T.);
#2266=EDGE_CURVE('NONE',#3051,#3052,#462,.T.);
#2267=EDGE_CURVE('NONE',#3052,#3053,#94,.F.);
#2268=EDGE_CURVE('NONE',#3054,#3053,#3549,.T.);
#2269=EDGE_CURVE('NONE',#3052,#3054,#95,.T.);
#2270=EDGE_CURVE('NONE',#3053,#3029,#3550,.T.);
#2271=EDGE_CURVE('NONE',#3054,#3032,#3551,.T.);
#2272=EDGE_CURVE('NONE',#3055,#3056,#3552,.T.);
#2273=EDGE_CURVE('NONE',#3057,#3056,#3553,.T.);
#2274=EDGE_CURVE('NONE',#3058,#3057,#3554,.T.);
#2275=EDGE_CURVE('NONE',#3058,#3055,#3555,.T.);
#2276=EDGE_CURVE('NONE',#3056,#3059,#3556,.F.);
#2277=EDGE_CURVE('NONE',#3060,#3059,#3557,.T.);
#2278=EDGE_CURVE('NONE',#3057,#3060,#3558,.F.);
#2279=EDGE_CURVE('NONE',#3059,#3061,#3559,.T.);
#2280=EDGE_CURVE('NONE',#3062,#3061,#3560,.F.);
#2281=EDGE_CURVE('NONE',#3060,#3062,#3561,.T.);
#2282=EDGE_CURVE('NONE',#3061,#3063,#3562,.T.);
#2283=EDGE_CURVE('NONE',#3064,#3063,#3563,.T.);
#2284=EDGE_CURVE('NONE',#3062,#3064,#3564,.T.);
#2285=EDGE_CURVE('NONE',#3063,#3065,#3565,.T.);
#2286=EDGE_CURVE('NONE',#3066,#3065,#3566,.T.);
#2287=EDGE_CURVE('NONE',#3064,#3066,#3567,.T.);
#2288=EDGE_CURVE('NONE',#3065,#3067,#3568,.F.);
#2289=EDGE_CURVE('NONE',#3068,#3067,#3569,.T.);
#2290=EDGE_CURVE('NONE',#3066,#3068,#3570,.F.);
#2291=EDGE_CURVE('NONE',#3067,#3069,#3571,.T.);
#2292=EDGE_CURVE('NONE',#3070,#3069,#3572,.F.);
#2293=EDGE_CURVE('NONE',#3068,#3070,#3573,.T.);
#2294=EDGE_CURVE('NONE',#3069,#3071,#3574,.T.);
#2295=EDGE_CURVE('NONE',#3072,#3071,#3575,.T.);
#2296=EDGE_CURVE('NONE',#3070,#3072,#3576,.T.);
#2297=EDGE_CURVE('NONE',#3071,#3073,#3577,.T.);
#2298=EDGE_CURVE('NONE',#3074,#3073,#3578,.T.);
#2299=EDGE_CURVE('NONE',#3072,#3074,#3579,.T.);
#2300=EDGE_CURVE('NONE',#3073,#3075,#3580,.F.);
#2301=EDGE_CURVE('NONE',#3076,#3075,#3581,.T.);
#2302=EDGE_CURVE('NONE',#3074,#3076,#3582,.F.);
#2303=EDGE_CURVE('NONE',#3075,#3077,#3583,.T.);
#2304=EDGE_CURVE('NONE',#3078,#3077,#3584,.F.);
#2305=EDGE_CURVE('NONE',#3076,#3078,#3585,.F.);
#2306=EDGE_CURVE('NONE',#3077,#3055,#3586,.T.);
#2307=EDGE_CURVE('NONE',#3078,#3058,#3587,.T.);
#2308=EDGE_CURVE('NONE',#3079,#3080,#96,.T.);
#2309=EDGE_CURVE('NONE',#3080,#3081,#97,.T.);
#2310=EDGE_CURVE('NONE',#3081,#3082,#98,.T.);
#2311=EDGE_CURVE('NONE',#3082,#3083,#99,.T.);
#2312=EDGE_CURVE('NONE',#3083,#3084,#100,.T.);
#2313=EDGE_CURVE('NONE',#3084,#3085,#101,.T.);
#2314=EDGE_CURVE('NONE',#3085,#3086,#102,.T.);
#2315=EDGE_CURVE('NONE',#3086,#3087,#103,.T.);
#2316=EDGE_CURVE('NONE',#3087,#3088,#104,.T.);
#2317=EDGE_CURVE('NONE',#3088,#3089,#105,.T.);
#2318=EDGE_CURVE('NONE',#3089,#3090,#106,.T.);
#2319=EDGE_CURVE('NONE',#3090,#3091,#107,.T.);
#2320=EDGE_CURVE('NONE',#3091,#3092,#3588,.T.);
#2321=EDGE_CURVE('NONE',#3092,#3093,#3589,.T.);
#2322=EDGE_CURVE('NONE',#3093,#3094,#3590,.T.);
#2323=EDGE_CURVE('NONE',#3094,#3095,#3591,.T.);
#2324=EDGE_CURVE('NONE',#3095,#3096,#108,.T.);
#2325=EDGE_CURVE('NONE',#3096,#3097,#109,.T.);
#2326=EDGE_CURVE('NONE',#3097,#3098,#110,.T.);
#2327=EDGE_CURVE('NONE',#3098,#3099,#111,.T.);
#2328=EDGE_CURVE('NONE',#3099,#3100,#112,.T.);
#2329=EDGE_CURVE('NONE',#3100,#3101,#113,.T.);
#2330=EDGE_CURVE('NONE',#3101,#3102,#114,.T.);
#2331=EDGE_CURVE('NONE',#3102,#3103,#3592,.T.);
#2332=EDGE_CURVE('NONE',#3103,#3104,#115,.T.);
#2333=EDGE_CURVE('NONE',#3104,#3105,#116,.T.);
#2334=EDGE_CURVE('NONE',#3105,#3106,#3593,.F.);
#2335=EDGE_CURVE('NONE',#3106,#3107,#117,.T.);
#2336=EDGE_CURVE('NONE',#3107,#3108,#118,.T.);
#2337=EDGE_CURVE('NONE',#3108,#3109,#119,.T.);
#2338=EDGE_CURVE('NONE',#3109,#3110,#3594,.T.);
#2339=EDGE_CURVE('NONE',#3110,#3111,#120,.T.);
#2340=EDGE_CURVE('NONE',#3111,#3079,#121,.T.);
#2341=EDGE_CURVE('NONE',#3112,#3113,#122,.F.);
#2342=EDGE_CURVE('NONE',#3113,#3112,#123,.F.);
#2343=EDGE_CURVE('NONE',#3114,#3115,#124,.F.);
#2344=EDGE_CURVE('NONE',#3116,#3114,#125,.F.);
#2345=EDGE_CURVE('NONE',#3117,#3116,#126,.F.);
#2346=EDGE_CURVE('NONE',#3118,#3117,#3595,.T.);
#2347=EDGE_CURVE('NONE',#3119,#3118,#127,.F.);
#2348=EDGE_CURVE('NONE',#3120,#3119,#128,.F.);
#2349=EDGE_CURVE('NONE',#3121,#3120,#129,.F.);
#2350=EDGE_CURVE('NONE',#3122,#3121,#3596,.F.);
#2351=EDGE_CURVE('NONE',#3123,#3122,#130,.F.);
#2352=EDGE_CURVE('NONE',#3124,#3123,#131,.F.);
#2353=EDGE_CURVE('NONE',#3125,#3124,#3597,.T.);
#2354=EDGE_CURVE('NONE',#3126,#3125,#132,.F.);
#2355=EDGE_CURVE('NONE',#3127,#3126,#133,.F.);
#2356=EDGE_CURVE('NONE',#3128,#3127,#134,.F.);
#2357=EDGE_CURVE('NONE',#3129,#3128,#135,.F.);
#2358=EDGE_CURVE('NONE',#3130,#3129,#136,.F.);
#2359=EDGE_CURVE('NONE',#3131,#3130,#137,.F.);
#2360=EDGE_CURVE('NONE',#3132,#3131,#138,.F.);
#2361=EDGE_CURVE('NONE',#3133,#3132,#3598,.T.);
#2362=EDGE_CURVE('NONE',#3134,#3133,#3599,.T.);
#2363=EDGE_CURVE('NONE',#3135,#3134,#3600,.T.);
#2364=EDGE_CURVE('NONE',#3136,#3135,#3601,.T.);
#2365=EDGE_CURVE('NONE',#3137,#3136,#139,.F.);
#2366=EDGE_CURVE('NONE',#3138,#3137,#140,.F.);
#2367=EDGE_CURVE('NONE',#3139,#3138,#141,.F.);
#2368=EDGE_CURVE('NONE',#3140,#3139,#142,.F.);
#2369=EDGE_CURVE('NONE',#3141,#3140,#143,.F.);
#2370=EDGE_CURVE('NONE',#3142,#3141,#144,.F.);
#2371=EDGE_CURVE('NONE',#3143,#3142,#145,.F.);
#2372=EDGE_CURVE('NONE',#3144,#3143,#146,.F.);
#2373=EDGE_CURVE('NONE',#3145,#3144,#147,.F.);
#2374=EDGE_CURVE('NONE',#3146,#3145,#148,.T.);
#2375=EDGE_CURVE('NONE',#3115,#3146,#149,.F.);
#2376=EDGE_CURVE('NONE',#3147,#3148,#150,.T.);
#2377=EDGE_CURVE('NONE',#3148,#3147,#151,.T.);
#2378=EDGE_CURVE('NONE',#3080,#3115,#3602,.T.);
#2379=EDGE_CURVE('NONE',#3079,#3114,#152,.T.);
#2380=EDGE_CURVE('NONE',#3081,#3146,#3603,.T.);
#2381=EDGE_CURVE('NONE',#3082,#3145,#3604,.T.);
#2382=EDGE_CURVE('NONE',#3083,#3144,#3605,.T.);
#2383=EDGE_CURVE('NONE',#3084,#3143,#3606,.T.);
#2384=EDGE_CURVE('NONE',#3085,#3142,#3607,.T.);
#2385=EDGE_CURVE('NONE',#3086,#3141,#3608,.T.);
#2386=EDGE_CURVE('NONE',#3087,#3140,#3609,.T.);
#2387=EDGE_CURVE('NONE',#3088,#3139,#3610,.T.);
#2388=EDGE_CURVE('NONE',#3089,#3138,#3611,.T.);
#2389=EDGE_CURVE('NONE',#3090,#3137,#3612,.T.);
#2390=EDGE_CURVE('NONE',#3091,#3136,#3613,.T.);
#2391=EDGE_CURVE('NONE',#3092,#3135,#3614,.T.);
#2392=EDGE_CURVE('NONE',#3093,#3134,#3615,.T.);
#2393=EDGE_CURVE('NONE',#3094,#3133,#3616,.T.);
#2394=EDGE_CURVE('NONE',#3095,#3132,#3617,.F.);
#2395=EDGE_CURVE('NONE',#3096,#3131,#3618,.T.);
#2396=EDGE_CURVE('NONE',#3097,#3130,#3619,.T.);
#2397=EDGE_CURVE('NONE',#3098,#3129,#3620,.T.);
#2398=EDGE_CURVE('NONE',#3099,#3128,#3621,.T.);
#2399=EDGE_CURVE('NONE',#3100,#3127,#3622,.T.);
#2400=EDGE_CURVE('NONE',#3101,#3126,#3623,.T.);
#2401=EDGE_CURVE('NONE',#3102,#3125,#3624,.F.);
#2402=EDGE_CURVE('NONE',#3103,#3124,#3625,.F.);
#2403=EDGE_CURVE('NONE',#3104,#3123,#3626,.T.);
#2404=EDGE_CURVE('NONE',#3105,#3122,#3627,.T.);
#2405=EDGE_CURVE('NONE',#3106,#3121,#3628,.T.);
#2406=EDGE_CURVE('NONE',#3107,#3120,#3629,.T.);
#2407=EDGE_CURVE('NONE',#3108,#3119,#3630,.T.);
#2408=EDGE_CURVE('NONE',#3109,#3118,#3631,.F.);
#2409=EDGE_CURVE('NONE',#3110,#3117,#3632,.F.);
#2410=EDGE_CURVE('NONE',#3111,#3116,#153,.F.);
#2411=EDGE_CURVE('NONE',#3112,#3148,#3633,.T.);
#2412=EDGE_CURVE('NONE',#3113,#3147,#3634,.T.);
#2413=EDGE_CURVE('NONE',#3149,#3150,#463,.F.);
#2414=EDGE_CURVE('NONE',#3149,#3150,#464,.F.);
#2415=EDGE_CURVE('NONE',#3150,#3151,#3635,.T.);
#2416=EDGE_CURVE('NONE',#3150,#3151,#3636,.F.);
#2417=EDGE_CURVE('NONE',#3151,#3152,#465,.T.);
#2418=EDGE_CURVE('NONE',#3151,#3152,#466,.T.);
#2419=EDGE_CURVE('NONE',#3152,#3153,#467,.T.);
#2420=EDGE_CURVE('NONE',#3152,#3153,#468,.T.);
#2421=EDGE_CURVE('NONE',#3153,#3154,#469,.T.);
#2422=EDGE_CURVE('NONE',#3155,#3154,#154,.T.);
#2423=EDGE_CURVE('NONE',#3153,#3155,#470,.T.);
#2424=EDGE_CURVE('NONE',#3154,#3156,#471,.T.);
#2425=EDGE_CURVE('NONE',#3157,#3156,#155,.F.);
#2426=EDGE_CURVE('NONE',#3155,#3157,#472,.T.);
#2427=EDGE_CURVE('NONE',#3156,#3158,#473,.T.);
#2428=EDGE_CURVE('NONE',#3159,#3158,#156,.F.);
#2429=EDGE_CURVE('NONE',#3157,#3159,#474,.T.);
#2430=EDGE_CURVE('NONE',#3158,#3160,#475,.F.);
#2431=EDGE_CURVE('NONE',#3159,#3160,#476,.F.);
#2432=EDGE_CURVE('NONE',#3160,#3161,#477,.F.);
#2433=EDGE_CURVE('NONE',#3160,#3161,#478,.F.);
#2434=EDGE_CURVE('NONE',#3161,#3162,#479,.F.);
#2435=EDGE_CURVE('NONE',#3163,#3162,#157,.F.);
#2436=EDGE_CURVE('NONE',#3161,#3163,#480,.F.);
#2437=EDGE_CURVE('NONE',#3162,#3164,#481,.F.);
#2438=EDGE_CURVE('NONE',#3163,#3164,#482,.F.);
#2439=EDGE_CURVE('NONE',#3164,#3165,#483,.F.);
#2440=EDGE_CURVE('NONE',#3164,#3165,#484,.F.);
#2441=EDGE_CURVE('NONE',#3165,#3166,#3637,.T.);
#2442=EDGE_CURVE('NONE',#3165,#3166,#3638,.T.);
#2443=EDGE_CURVE('NONE',#3166,#3167,#485,.T.);
#2444=EDGE_CURVE('NONE',#3166,#3167,#486,.T.);
#2445=EDGE_CURVE('NONE',#3167,#3168,#487,.T.);
#2446=EDGE_CURVE('NONE',#3167,#3168,#488,.T.);
#2447=EDGE_CURVE('NONE',#3168,#3169,#489,.T.);
#2448=EDGE_CURVE('NONE',#3168,#3169,#490,.T.);
#2449=EDGE_CURVE('NONE',#3169,#3170,#491,.T.);
#2450=EDGE_CURVE('NONE',#3169,#3170,#492,.T.);
#2451=EDGE_CURVE('NONE',#3170,#3171,#493,.T.);
#2452=EDGE_CURVE('NONE',#3172,#3171,#158,.F.);
#2453=EDGE_CURVE('NONE',#3170,#3172,#494,.T.);
#2454=EDGE_CURVE('NONE',#3171,#3173,#495,.F.);
#2455=EDGE_CURVE('NONE',#3172,#3173,#496,.F.);
#2456=EDGE_CURVE('NONE',#3173,#3174,#497,.F.);
#2457=EDGE_CURVE('NONE',#3173,#3174,#498,.F.);
#2458=EDGE_CURVE('NONE',#3174,#3149,#159,.T.);
#2459=EDGE_CURVE('NONE',#3174,#3149,#160,.T.);
#2460=EDGE_CURVE('NONE',#3175,#3176,#3639,.T.);
#2461=EDGE_CURVE('NONE',#3177,#3176,#3640,.T.);
#2462=EDGE_CURVE('NONE',#3178,#3177,#3641,.T.);
#2463=EDGE_CURVE('NONE',#3178,#3175,#3642,.T.);
#2464=EDGE_CURVE('NONE',#3176,#3179,#3643,.F.);
#2465=EDGE_CURVE('NONE',#3180,#3179,#3644,.T.);
#2466=EDGE_CURVE('NONE',#3177,#3180,#3645,.F.);
#2467=EDGE_CURVE('NONE',#3179,#3181,#3646,.T.);
#2468=EDGE_CURVE('NONE',#3182,#3181,#3647,.T.);
#2469=EDGE_CURVE('NONE',#3180,#3182,#3648,.T.);
#2470=EDGE_CURVE('NONE',#3181,#3183,#3649,.F.);
#2471=EDGE_CURVE('NONE',#3184,#3183,#3650,.T.);
#2472=EDGE_CURVE('NONE',#3182,#3184,#3651,.F.);
#2473=EDGE_CURVE('NONE',#3183,#3185,#3652,.T.);
#2474=EDGE_CURVE('NONE',#3186,#3185,#3653,.F.);
#2475=EDGE_CURVE('NONE',#3184,#3186,#3654,.F.);
#2476=EDGE_CURVE('NONE',#3185,#3175,#3655,.T.);
#2477=EDGE_CURVE('NONE',#3186,#3178,#3656,.T.);
#2478=EDGE_CURVE('NONE',#3187,#3188,#3657,.T.);
#2479=EDGE_CURVE('NONE',#3188,#3189,#3658,.F.);
#2480=EDGE_CURVE('NONE',#3189,#3190,#3659,.T.);
#2481=EDGE_CURVE('NONE',#3190,#3191,#3660,.T.);
#2482=EDGE_CURVE('NONE',#3191,#3192,#3661,.T.);
#2483=EDGE_CURVE('NONE',#3192,#3193,#3662,.T.);
#2484=EDGE_CURVE('NONE',#3193,#3194,#3663,.T.);
#2485=EDGE_CURVE('NONE',#3194,#3187,#3664,.T.);
#2486=EDGE_CURVE('NONE',#3195,#3196,#3665,.T.);
#2487=EDGE_CURVE('NONE',#3197,#3195,#3666,.T.);
#2488=EDGE_CURVE('NONE',#3198,#3197,#161,.F.);
#2489=EDGE_CURVE('NONE',#3199,#3198,#3667,.F.);
#2490=EDGE_CURVE('NONE',#3200,#3199,#162,.F.);
#2491=EDGE_CURVE('NONE',#3196,#3200,#3668,.T.);
#2492=EDGE_CURVE('NONE',#3201,#3202,#3669,.T.);
#2493=EDGE_CURVE('NONE',#3203,#3201,#3670,.T.);
#2494=EDGE_CURVE('NONE',#3204,#3203,#3671,.T.);
#2495=EDGE_CURVE('NONE',#3205,#3204,#3672,.T.);
#2496=EDGE_CURVE('NONE',#3206,#3205,#3673,.T.);
#2497=EDGE_CURVE('NONE',#3207,#3206,#3674,.T.);
#2498=EDGE_CURVE('NONE',#3208,#3207,#3675,.T.);
#2499=EDGE_CURVE('NONE',#3202,#3208,#3676,.F.);
#2500=EDGE_CURVE('NONE',#3209,#3210,#3677,.T.);
#2501=EDGE_CURVE('NONE',#3210,#3211,#3678,.T.);
#2502=EDGE_CURVE('NONE',#3211,#3212,#3679,.T.);
#2503=EDGE_CURVE('NONE',#3212,#3213,#163,.T.);
#2504=EDGE_CURVE('NONE',#3213,#3214,#3680,.F.);
#2505=EDGE_CURVE('NONE',#3214,#3209,#164,.T.);
#2506=EDGE_CURVE('NONE',#3188,#3202,#3681,.T.);
#2507=EDGE_CURVE('NONE',#3187,#3201,#3682,.T.);
#2508=EDGE_CURVE('NONE',#3189,#3208,#3683,.T.);
#2509=EDGE_CURVE('NONE',#3190,#3207,#3684,.F.);
#2510=EDGE_CURVE('NONE',#3191,#3206,#3685,.T.);
#2511=EDGE_CURVE('NONE',#3192,#3205,#3686,.F.);
#2512=EDGE_CURVE('NONE',#3193,#3204,#3687,.T.);
#2513=EDGE_CURVE('NONE',#3194,#3203,#3688,.F.);
#2514=EDGE_CURVE('NONE',#3195,#3210,#3689,.T.);
#2515=EDGE_CURVE('NONE',#3196,#3211,#3690,.F.);
#2516=EDGE_CURVE('NONE',#3200,#3212,#3691,.T.);
#2517=EDGE_CURVE('NONE',#3199,#3213,#3692,.T.);
#2518=EDGE_CURVE('NONE',#3198,#3214,#3693,.T.);
#2519=EDGE_CURVE('NONE',#3197,#3209,#3694,.F.);
#2520=EDGE_CURVE('NONE',#3215,#3216,#3695,.T.);
#2521=EDGE_CURVE('NONE',#3216,#3217,#3696,.F.);
#2522=EDGE_CURVE('NONE',#3217,#3218,#3697,.T.);
#2523=EDGE_CURVE('NONE',#3218,#3219,#3698,.T.);
#2524=EDGE_CURVE('NONE',#3219,#3220,#3699,.T.);
#2525=EDGE_CURVE('NONE',#3220,#3221,#3700,.T.);
#2526=EDGE_CURVE('NONE',#3221,#3222,#3701,.T.);
#2527=EDGE_CURVE('NONE',#3222,#3215,#3702,.T.);
#2528=EDGE_CURVE('NONE',#3223,#3224,#3703,.T.);
#2529=EDGE_CURVE('NONE',#3225,#3223,#3704,.T.);
#2530=EDGE_CURVE('NONE',#3226,#3225,#165,.F.);
#2531=EDGE_CURVE('NONE',#3227,#3226,#3705,.F.);
#2532=EDGE_CURVE('NONE',#3228,#3227,#166,.F.);
#2533=EDGE_CURVE('NONE',#3224,#3228,#3706,.T.);
#2534=EDGE_CURVE('NONE',#3229,#3230,#3707,.T.);
#2535=EDGE_CURVE('NONE',#3231,#3229,#3708,.T.);
#2536=EDGE_CURVE('NONE',#3232,#3231,#3709,.T.);
#2537=EDGE_CURVE('NONE',#3233,#3232,#3710,.T.);
#2538=EDGE_CURVE('NONE',#3234,#3233,#3711,.T.);
#2539=EDGE_CURVE('NONE',#3235,#3234,#3712,.T.);
#2540=EDGE_CURVE('NONE',#3236,#3235,#3713,.T.);
#2541=EDGE_CURVE('NONE',#3230,#3236,#3714,.F.);
#2542=EDGE_CURVE('NONE',#3237,#3238,#3715,.T.);
#2543=EDGE_CURVE('NONE',#3238,#3239,#3716,.T.);
#2544=EDGE_CURVE('NONE',#3239,#3240,#3717,.T.);
#2545=EDGE_CURVE('NONE',#3240,#3241,#167,.T.);
#2546=EDGE_CURVE('NONE',#3241,#3242,#3718,.F.);
#2547=EDGE_CURVE('NONE',#3242,#3237,#168,.T.);
#2548=EDGE_CURVE('NONE',#3216,#3230,#3719,.T.);
#2549=EDGE_CURVE('NONE',#3215,#3229,#3720,.T.);
#2550=EDGE_CURVE('NONE',#3217,#3236,#3721,.T.);
#2551=EDGE_CURVE('NONE',#3218,#3235,#3722,.F.);
#2552=EDGE_CURVE('NONE',#3219,#3234,#3723,.T.);
#2553=EDGE_CURVE('NONE',#3220,#3233,#3724,.F.);
#2554=EDGE_CURVE('NONE',#3221,#3232,#3725,.T.);
#2555=EDGE_CURVE('NONE',#3222,#3231,#3726,.F.);
#2556=EDGE_CURVE('NONE',#3223,#3238,#3727,.T.);
#2557=EDGE_CURVE('NONE',#3224,#3239,#3728,.F.);
#2558=EDGE_CURVE('NONE',#3228,#3240,#3729,.T.);
#2559=EDGE_CURVE('NONE',#3227,#3241,#3730,.T.);
#2560=EDGE_CURVE('NONE',#3226,#3242,#3731,.T.);
#2561=EDGE_CURVE('NONE',#3225,#3237,#3732,.F.);
#2562=EDGE_CURVE('NONE',#3243,#3244,#3733,.T.);
#2563=EDGE_CURVE('NONE',#3245,#3244,#3734,.T.);
#2564=EDGE_CURVE('NONE',#3246,#3245,#3735,.T.);
#2565=EDGE_CURVE('NONE',#3246,#3243,#3736,.T.);
#2566=EDGE_CURVE('NONE',#3244,#3247,#3737,.F.);
#2567=EDGE_CURVE('NONE',#3248,#3247,#3738,.T.);
#2568=EDGE_CURVE('NONE',#3245,#3248,#3739,.F.);
#2569=EDGE_CURVE('NONE',#3247,#3249,#3740,.T.);
#2570=EDGE_CURVE('NONE',#3250,#3249,#3741,.F.);
#2571=EDGE_CURVE('NONE',#3248,#3250,#3742,.T.);
#2572=EDGE_CURVE('NONE',#3249,#3251,#3743,.T.);
#2573=EDGE_CURVE('NONE',#3252,#3251,#3744,.T.);
#2574=EDGE_CURVE('NONE',#3250,#3252,#3745,.T.);
#2575=EDGE_CURVE('NONE',#3251,#3253,#3746,.T.);
#2576=EDGE_CURVE('NONE',#3254,#3253,#3747,.T.);
#2577=EDGE_CURVE('NONE',#3252,#3254,#3748,.T.);
#2578=EDGE_CURVE('NONE',#3253,#3255,#3749,.F.);
#2579=EDGE_CURVE('NONE',#3256,#3255,#3750,.T.);
#2580=EDGE_CURVE('NONE',#3254,#3256,#3751,.F.);
#2581=EDGE_CURVE('NONE',#3255,#3257,#3752,.T.);
#2582=EDGE_CURVE('NONE',#3258,#3257,#3753,.F.);
#2583=EDGE_CURVE('NONE',#3256,#3258,#3754,.T.);
#2584=EDGE_CURVE('NONE',#3257,#3259,#3755,.T.);
#2585=EDGE_CURVE('NONE',#3260,#3259,#3756,.T.);
#2586=EDGE_CURVE('NONE',#3258,#3260,#3757,.T.);
#2587=EDGE_CURVE('NONE',#3259,#3261,#3758,.T.);
#2588=EDGE_CURVE('NONE',#3262,#3261,#3759,.T.);
#2589=EDGE_CURVE('NONE',#3260,#3262,#3760,.T.);
#2590=EDGE_CURVE('NONE',#3261,#3263,#3761,.F.);
#2591=EDGE_CURVE('NONE',#3264,#3263,#3762,.T.);
#2592=EDGE_CURVE('NONE',#3262,#3264,#3763,.F.);
#2593=EDGE_CURVE('NONE',#3263,#3265,#3764,.T.);
#2594=EDGE_CURVE('NONE',#3266,#3265,#3765,.F.);
#2595=EDGE_CURVE('NONE',#3264,#3266,#3766,.F.);
#2596=EDGE_CURVE('NONE',#3265,#3243,#3767,.T.);
#2597=EDGE_CURVE('NONE',#3266,#3246,#3768,.T.);
#2598=EDGE_CURVE('NONE',#3267,#3268,#499,.T.);
#2599=EDGE_CURVE('NONE',#3268,#3269,#3769,.T.);
#2600=EDGE_CURVE('NONE',#3269,#3270,#500,.F.);
#2601=EDGE_CURVE('NONE',#3270,#3271,#169,.T.);
#2602=EDGE_CURVE('NONE',#3271,#3272,#3770,.T.);
#2603=EDGE_CURVE('NONE',#3272,#3273,#170,.T.);
#2604=EDGE_CURVE('NONE',#3273,#3274,#501,.T.);
#2605=EDGE_CURVE('NONE',#3274,#3275,#502,.T.);
#2606=EDGE_CURVE('NONE',#3275,#3276,#171,.T.);
#2607=EDGE_CURVE('NONE',#3276,#3277,#3771,.T.);
#2608=EDGE_CURVE('NONE',#3277,#3278,#3772,.T.);
#2609=EDGE_CURVE('NONE',#3278,#3279,#3773,.T.);
#2610=EDGE_CURVE('NONE',#3279,#3280,#3774,.F.);
#2611=EDGE_CURVE('NONE',#3280,#3267,#172,.T.);
#2612=EDGE_CURVE('NONE',#3281,#3282,#503,.T.);
#2613=EDGE_CURVE('NONE',#3283,#3281,#504,.T.);
#2614=EDGE_CURVE('NONE',#3284,#3283,#3775,.F.);
#2615=EDGE_CURVE('NONE',#3285,#3284,#3776,.T.);
#2616=EDGE_CURVE('NONE',#3286,#3285,#505,.T.);
#2617=EDGE_CURVE('NONE',#3287,#3286,#506,.T.);
#2618=EDGE_CURVE('NONE',#3288,#3287,#507,.T.);
#2619=EDGE_CURVE('NONE',#3282,#3288,#508,.T.);
#2620=EDGE_CURVE('NONE',#3267,#3268,#509,.T.);
#2621=EDGE_CURVE('NONE',#3289,#3267,#173,.F.);
#2622=EDGE_CURVE('NONE',#3290,#3289,#3777,.T.);
#2623=EDGE_CURVE('NONE',#3291,#3290,#3778,.T.);
#2624=EDGE_CURVE('NONE',#3292,#3291,#3779,.T.);
#2625=EDGE_CURVE('NONE',#3293,#3292,#3780,.T.);
#2626=EDGE_CURVE('NONE',#3275,#3293,#174,.F.);
#2627=EDGE_CURVE('NONE',#3274,#3275,#510,.T.);
#2628=EDGE_CURVE('NONE',#3294,#3274,#511,.T.);
#2629=EDGE_CURVE('NONE',#3295,#3294,#175,.F.);
#2630=EDGE_CURVE('NONE',#3296,#3295,#3781,.F.);
#2631=EDGE_CURVE('NONE',#3270,#3296,#176,.F.);
#2632=EDGE_CURVE('NONE',#3269,#3270,#512,.F.);
#2633=EDGE_CURVE('NONE',#3268,#3269,#3782,.T.);
#2634=EDGE_CURVE('NONE',#3283,#3281,#513,.T.);
#2635=EDGE_CURVE('NONE',#3281,#3282,#514,.T.);
#2636=EDGE_CURVE('NONE',#3282,#3297,#515,.T.);
#2637=EDGE_CURVE('NONE',#3297,#3298,#516,.T.);
#2638=EDGE_CURVE('NONE',#3298,#3286,#517,.T.);
#2639=EDGE_CURVE('NONE',#3286,#3285,#518,.T.);
#2640=EDGE_CURVE('NONE',#3285,#3299,#3783,.F.);
#2641=EDGE_CURVE('NONE',#3299,#3283,#3784,.T.);
#2642=EDGE_CURVE('NONE',#3271,#3296,#3785,.T.);
#2643=EDGE_CURVE('NONE',#3272,#3295,#3786,.T.);
#2644=EDGE_CURVE('NONE',#3273,#3294,#177,.T.);
#2645=EDGE_CURVE('NONE',#3276,#3293,#3787,.F.);
#2646=EDGE_CURVE('NONE',#3277,#3292,#3788,.T.);
#2647=EDGE_CURVE('NONE',#3278,#3291,#3789,.F.);
#2648=EDGE_CURVE('NONE',#3279,#3290,#3790,.T.);
#2649=EDGE_CURVE('NONE',#3280,#3289,#3791,.F.);
#2650=EDGE_CURVE('NONE',#3288,#3297,#178,.T.);
#2651=EDGE_CURVE('NONE',#3287,#3298,#179,.T.);
#2652=EDGE_CURVE('NONE',#3284,#3299,#3792,.T.);
#2653=EDGE_CURVE('NONE',#3300,#3301,#3793,.F.);
#2654=EDGE_CURVE('NONE',#3302,#3301,#3794,.F.);
#2655=EDGE_CURVE('NONE',#3302,#3303,#3795,.T.);
#2656=EDGE_CURVE('NONE',#3303,#3300,#3796,.F.);
#2657=EDGE_CURVE('NONE',#3304,#3305,#3797,.T.);
#2658=EDGE_CURVE('NONE',#3306,#3305,#3798,.T.);
#2659=EDGE_CURVE('NONE',#3306,#3307,#3799,.F.);
#2660=EDGE_CURVE('NONE',#3304,#3307,#3800,.F.);
#2661=EDGE_CURVE('NONE',#3308,#3309,#3801,.T.);
#2662=EDGE_CURVE('NONE',#3310,#3309,#3802,.T.);
#2663=EDGE_CURVE('NONE',#3310,#3311,#3803,.F.);
#2664=EDGE_CURVE('NONE',#3308,#3311,#3804,.F.);
#2665=EDGE_CURVE('NONE',#3312,#3313,#3805,.F.);
#2666=EDGE_CURVE('NONE',#3312,#3314,#3806,.T.);
#2667=EDGE_CURVE('NONE',#3314,#3315,#3807,.F.);
#2668=EDGE_CURVE('NONE',#3315,#3313,#3808,.F.);
#2669=EDGE_CURVE('NONE',#3316,#3317,#3809,.T.);
#2670=EDGE_CURVE('NONE',#3316,#3318,#3810,.T.);
#2671=EDGE_CURVE('NONE',#3318,#3319,#3811,.F.);
#2672=EDGE_CURVE('NONE',#3319,#3317,#3812,.F.);
#2673=EDGE_CURVE('NONE',#3320,#3321,#3813,.T.);
#2674=EDGE_CURVE('NONE',#3321,#3322,#3814,.T.);
#2675=EDGE_CURVE('NONE',#3322,#3323,#3815,.F.);
#2676=EDGE_CURVE('NONE',#3323,#3320,#3816,.F.);
#2677=EDGE_CURVE('NONE',#3324,#3325,#3817,.T.);
#2678=EDGE_CURVE('NONE',#3325,#3326,#71,.F.);
#2679=EDGE_CURVE('NONE',#3327,#3326,#3818,.T.);
#2680=EDGE_CURVE('NONE',#3327,#3328,#72,.F.);
#2681=EDGE_CURVE('NONE',#3328,#3329,#3819,.T.);
#2682=EDGE_CURVE('NONE',#3329,#3330,#3820,.T.);
#2683=EDGE_CURVE('NONE',#3331,#3330,#180,.F.);
#2684=EDGE_CURVE('NONE',#3331,#3332,#3821,.T.);
#2685=EDGE_CURVE('NONE',#3333,#3332,#181,.F.);
#2686=EDGE_CURVE('NONE',#3333,#3324,#3822,.T.);
#2687=EDGE_CURVE('NONE',#3334,#3335,#3823,.F.);
#2688=EDGE_CURVE('NONE',#3334,#3336,#73,.F.);
#2689=EDGE_CURVE('NONE',#3336,#3337,#3824,.T.);
#2690=EDGE_CURVE('NONE',#3337,#3338,#3825,.T.);
#2691=EDGE_CURVE('NONE',#3339,#3338,#182,.F.);
#2692=EDGE_CURVE('NONE',#3339,#3340,#3826,.T.);
#2693=EDGE_CURVE('NONE',#3341,#3340,#183,.F.);
#2694=EDGE_CURVE('NONE',#3341,#3342,#3827,.T.);
#2695=EDGE_CURVE('NONE',#3342,#3343,#3828,.T.);
#2696=EDGE_CURVE('NONE',#3343,#3335,#74,.F.);
#2697=EDGE_CURVE('NONE',#3344,#3345,#3829,.T.);
#2698=EDGE_CURVE('NONE',#3344,#3346,#3830,.F.);
#2699=EDGE_CURVE('NONE',#3346,#3347,#3831,.T.);
#2700=EDGE_CURVE('NONE',#3347,#3345,#3832,.T.);
#2701=EDGE_CURVE('NONE',#3326,#3348,#3833,.F.);
#2702=EDGE_CURVE('NONE',#3348,#3349,#3834,.F.);
#2703=EDGE_CURVE('NONE',#3349,#3327,#3835,.T.);
#2704=EDGE_CURVE('NONE',#3350,#3351,#3836,.F.);
#2705=EDGE_CURVE('NONE',#3350,#3352,#3837,.F.);
#2706=EDGE_CURVE('NONE',#3352,#3353,#3838,.T.);
#2707=EDGE_CURVE('NONE',#3353,#3351,#3839,.T.);
#2708=EDGE_CURVE('NONE',#3354,#3355,#3840,.T.);
#2709=EDGE_CURVE('NONE',#3355,#3334,#3841,.F.);
#2710=EDGE_CURVE('NONE',#3335,#3354,#3842,.T.);
#2711=EDGE_CURVE('NONE',#3356,#3357,#3843,.T.);
#2712=EDGE_CURVE('NONE',#3358,#3357,#3844,.T.);
#2713=EDGE_CURVE('NONE',#3358,#3359,#3845,.F.);
#2714=EDGE_CURVE('NONE',#3359,#3356,#3846,.T.);
#2715=EDGE_CURVE('NONE',#3360,#3361,#3847,.T.);
#2716=EDGE_CURVE('NONE',#3361,#3355,#75,.T.);
#2717=EDGE_CURVE('NONE',#3354,#3362,#76,.T.);
#2718=EDGE_CURVE('NONE',#3362,#3363,#3848,.T.);
#2719=EDGE_CURVE('NONE',#3363,#3360,#3849,.T.);
#2720=EDGE_CURVE('NONE',#3364,#3365,#3850,.T.);
#2721=EDGE_CURVE('NONE',#3365,#3314,#77,.T.);
#2722=EDGE_CURVE('NONE',#3351,#3312,#3851,.F.);
#2723=EDGE_CURVE('NONE',#3353,#3366,#78,.T.);
#2724=EDGE_CURVE('NONE',#3366,#3367,#3852,.T.);
#2725=EDGE_CURVE('NONE',#3367,#3364,#3853,.T.);
#2726=EDGE_CURVE('NONE',#3368,#3369,#3854,.T.);
#2727=EDGE_CURVE('NONE',#3369,#3346,#79,.T.);
#2728=EDGE_CURVE('NONE',#3317,#3344,#3855,.F.);
#2729=EDGE_CURVE('NONE',#3319,#3370,#80,.T.);
#2730=EDGE_CURVE('NONE',#3370,#3371,#3856,.T.);
#2731=EDGE_CURVE('NONE',#3371,#3368,#3857,.T.);
#2732=EDGE_CURVE('NONE',#3348,#3372,#81,.T.);
#2733=EDGE_CURVE('NONE',#3372,#3373,#3858,.T.);
#2734=EDGE_CURVE('NONE',#3373,#3374,#3859,.T.);
#2735=EDGE_CURVE('NONE',#3374,#3375,#3860,.T.);
#2736=EDGE_CURVE('NONE',#3375,#3349,#82,.T.);
#2737=EDGE_CURVE('NONE',#3347,#3376,#83,.F.);
#2738=EDGE_CURVE('NONE',#3376,#3377,#3861,.T.);
#2739=EDGE_CURVE('NONE',#3377,#3378,#3862,.T.);
#2740=EDGE_CURVE('NONE',#3378,#3379,#3863,.T.);
#2741=EDGE_CURVE('NONE',#3379,#3318,#84,.F.);
#2742=EDGE_CURVE('NONE',#3345,#3316,#3864,.T.);
#2743=EDGE_CURVE('NONE',#3315,#3380,#85,.F.);
#2744=EDGE_CURVE('NONE',#3380,#3381,#3865,.T.);
#2745=EDGE_CURVE('NONE',#3381,#3382,#3866,.T.);
#2746=EDGE_CURVE('NONE',#3382,#3383,#3867,.T.);
#2747=EDGE_CURVE('NONE',#3383,#3352,#86,.F.);
#2748=EDGE_CURVE('NONE',#3313,#3350,#3868,.F.);
#2749=EDGE_CURVE('NONE',#3384,#3385,#3869,.F.);
#2750=EDGE_CURVE('NONE',#3385,#3386,#3870,.F.);
#2751=EDGE_CURVE('NONE',#3387,#3386,#3871,.T.);
#2752=EDGE_CURVE('NONE',#3388,#3387,#3872,.F.);
#2753=EDGE_CURVE('NONE',#3388,#3389,#3873,.F.);
#2754=EDGE_CURVE('NONE',#3389,#3390,#3874,.F.);
#2755=EDGE_CURVE('NONE',#3390,#3391,#3875,.T.);
#2756=EDGE_CURVE('NONE',#3391,#3384,#3876,.T.);
#2757=EDGE_CURVE('NONE',#3392,#3393,#3877,.T.);
#2758=EDGE_CURVE('NONE',#3394,#3392,#3878,.T.);
#2759=EDGE_CURVE('NONE',#3394,#3395,#3879,.F.);
#2760=EDGE_CURVE('NONE',#3395,#3396,#3880,.F.);
#2761=EDGE_CURVE('NONE',#3396,#3397,#3881,.T.);
#2762=EDGE_CURVE('NONE',#3397,#3398,#3882,.T.);
#2763=EDGE_CURVE('NONE',#3398,#3399,#3883,.F.);
#2764=EDGE_CURVE('NONE',#3399,#3393,#3884,.F.);
#2765=EDGE_CURVE('NONE',#3303,#3363,#519,.T.);
#2766=EDGE_CURVE('NONE',#3305,#3302,#3885,.F.);
#2767=EDGE_CURVE('NONE',#3309,#3304,#3886,.F.);
#2768=EDGE_CURVE('NONE',#3357,#3308,#3887,.F.);
#2769=EDGE_CURVE('NONE',#3360,#3356,#520,.F.);
#2770=EDGE_CURVE('NONE',#3356,#3371,#521,.T.);
#2771=EDGE_CURVE('NONE',#3368,#3359,#522,.F.);
#2772=EDGE_CURVE('NONE',#3360,#3371,#523,.F.);
#2773=EDGE_CURVE('NONE',#3364,#3363,#524,.T.);
#2774=EDGE_CURVE('NONE',#3303,#3364,#525,.F.);
#2775=EDGE_CURVE('NONE',#3300,#3367,#526,.F.);
#2776=EDGE_CURVE('NONE',#3359,#3373,#527,.F.);
#2777=EDGE_CURVE('NONE',#3311,#3358,#3888,.T.);
#2778=EDGE_CURVE('NONE',#3307,#3310,#3889,.T.);
#2779=EDGE_CURVE('NONE',#3301,#3306,#3890,.T.);
#2780=EDGE_CURVE('NONE',#3374,#3300,#528,.T.);
#2781=EDGE_CURVE('NONE',#3368,#3373,#529,.F.);
#2782=EDGE_CURVE('NONE',#3361,#3370,#184,.T.);
#2783=EDGE_CURVE('NONE',#3365,#3362,#185,.T.);
#2784=EDGE_CURVE('NONE',#3374,#3367,#530,.T.);
#2785=EDGE_CURVE('NONE',#3369,#3372,#186,.T.);
#2786=EDGE_CURVE('NONE',#3336,#3379,#187,.T.);
#2787=EDGE_CURVE('NONE',#3380,#3343,#188,.T.);
#2788=EDGE_CURVE('NONE',#3375,#3366,#189,.T.);
#2789=EDGE_CURVE('NONE',#3376,#3325,#190,.T.);
#2790=EDGE_CURVE('NONE',#3337,#3378,#531,.T.);
#2791=EDGE_CURVE('NONE',#3381,#3342,#532,.F.);
#2792=EDGE_CURVE('NONE',#3328,#3383,#191,.T.);
#2793=EDGE_CURVE('NONE',#3377,#3324,#533,.T.);
#2794=EDGE_CURVE('NONE',#3378,#3384,#534,.T.);
#2795=EDGE_CURVE('NONE',#3389,#3377,#535,.F.);
#2796=EDGE_CURVE('NONE',#3385,#3388,#3891,.F.);
#2797=EDGE_CURVE('NONE',#3337,#3384,#536,.F.);
#2798=EDGE_CURVE('NONE',#3395,#3342,#537,.T.);
#2799=EDGE_CURVE('NONE',#3381,#3395,#538,.F.);
#2800=EDGE_CURVE('NONE',#3399,#3394,#3892,.T.);
#2801=EDGE_CURVE('NONE',#3382,#3398,#539,.F.);
#2802=EDGE_CURVE('NONE',#3329,#3382,#540,.F.);
#2803=EDGE_CURVE('NONE',#3389,#3324,#541,.T.);
#2804=EDGE_CURVE('NONE',#3338,#3391,#192,.F.);
#2805=EDGE_CURVE('NONE',#3396,#3341,#193,.F.);
#2806=EDGE_CURVE('NONE',#3329,#3398,#542,.F.);
#2807=EDGE_CURVE('NONE',#3390,#3333,#194,.F.);
#2808=EDGE_CURVE('NONE',#3339,#3400,#195,.T.);
#2809=EDGE_CURVE('NONE',#3400,#3391,#196,.T.);
#2810=EDGE_CURVE('NONE',#3340,#3322,#543,.F.);
#2811=EDGE_CURVE('NONE',#3323,#3339,#544,.T.);
#2812=EDGE_CURVE('NONE',#3401,#3340,#197,.T.);
#2813=EDGE_CURVE('NONE',#3396,#3401,#198,.T.);
#2814=EDGE_CURVE('NONE',#3330,#3397,#199,.F.);
#2815=EDGE_CURVE('NONE',#3390,#3402,#200,.T.);
#2816=EDGE_CURVE('NONE',#3402,#3332,#201,.T.);
#2817=EDGE_CURVE('NONE',#3400,#3402,#3893,.T.);
#2818=EDGE_CURVE('NONE',#3323,#3400,#545,.T.);
#2819=EDGE_CURVE('NONE',#3401,#3322,#546,.F.);
#2820=EDGE_CURVE('NONE',#3397,#3403,#202,.F.);
#2821=EDGE_CURVE('NONE',#3403,#3401,#3894,.T.);
#2822=EDGE_CURVE('NONE',#3331,#3403,#203,.T.);
#2823=EDGE_CURVE('NONE',#3320,#3402,#547,.F.);
#2824=EDGE_CURVE('NONE',#3403,#3321,#548,.F.);
#2825=EDGE_CURVE('NONE',#3320,#3332,#549,.F.);
#2826=EDGE_CURVE('NONE',#3331,#3321,#550,.T.);
#2827=EDGE_CURVE('NONE',#3404,#3388,#3895,.F.);
#2828=EDGE_CURVE('NONE',#3404,#3405,#3896,.T.);
#2829=EDGE_CURVE('NONE',#3405,#3385,#3897,.F.);
#2830=EDGE_CURVE('NONE',#3406,#3387,#3898,.T.);
#2831=EDGE_CURVE('NONE',#3407,#3406,#3899,.T.);
#2832=EDGE_CURVE('NONE',#3407,#3404,#3900,.F.);
#2833=EDGE_CURVE('NONE',#3408,#3406,#3901,.F.);
#2834=EDGE_CURVE('NONE',#3409,#3408,#3902,.F.);
#2835=EDGE_CURVE('NONE',#3409,#3407,#3903,.F.);
#2836=EDGE_CURVE('NONE',#3386,#3408,#3904,.F.);
#2837=EDGE_CURVE('NONE',#3405,#3409,#3905,.F.);
#2838=EDGE_CURVE('NONE',#3410,#3407,#551,.T.);
#2839=EDGE_CURVE('NONE',#3410,#3404,#3906,.F.);
#2840=EDGE_CURVE('NONE',#3411,#3409,#552,.T.);
#2841=EDGE_CURVE('NONE',#3411,#3410,#3907,.F.);
#2842=EDGE_CURVE('NONE',#3405,#3411,#3908,.T.);
#2843=EDGE_CURVE('NONE',#3412,#3410,#3909,.T.);
#2844=EDGE_CURVE('NONE',#3412,#3345,#3910,.F.);
#2845=EDGE_CURVE('NONE',#3345,#3404,#3911,.F.);
#2846=EDGE_CURVE('NONE',#3413,#3411,#3912,.F.);
#2847=EDGE_CURVE('NONE',#3413,#3412,#3913,.F.);
#2848=EDGE_CURVE('NONE',#3316,#3405,#3914,.F.);
#2849=EDGE_CURVE('NONE',#3316,#3413,#3915,.F.);
#2850=EDGE_CURVE('NONE',#3344,#3412,#553,.T.);
#2851=EDGE_CURVE('NONE',#3317,#3413,#554,.T.);
#2852=EDGE_CURVE('NONE',#3414,#3394,#3916,.T.);
#2853=EDGE_CURVE('NONE',#3414,#3415,#3917,.F.);
#2854=EDGE_CURVE('NONE',#3415,#3399,#3918,.T.);
#2855=EDGE_CURVE('NONE',#3393,#3416,#3919,.F.);
#2856=EDGE_CURVE('NONE',#3415,#3417,#3920,.T.);
#2857=EDGE_CURVE('NONE',#3417,#3416,#3921,.T.);
#2858=EDGE_CURVE('NONE',#3418,#3392,#3922,.T.);
#2859=EDGE_CURVE('NONE',#3419,#3418,#3923,.F.);
#2860=EDGE_CURVE('NONE',#3419,#3414,#3924,.T.);
#2861=EDGE_CURVE('NONE',#3416,#3418,#3925,.F.);
#2862=EDGE_CURVE('NONE',#3417,#3419,#3926,.T.);
#2863=EDGE_CURVE('NONE',#3415,#3420,#3927,.F.);
#2864=EDGE_CURVE('NONE',#3420,#3417,#555,.T.);
#2865=EDGE_CURVE('NONE',#3421,#3414,#3928,.T.);
#2866=EDGE_CURVE('NONE',#3421,#3419,#556,.T.);
#2867=EDGE_CURVE('NONE',#3420,#3421,#3929,.F.);
#2868=EDGE_CURVE('NONE',#3350,#3415,#3930,.T.);
#2869=EDGE_CURVE('NONE',#3350,#3422,#3931,.F.);
#2870=EDGE_CURVE('NONE',#3422,#3420,#3932,.F.);
#2871=EDGE_CURVE('NONE',#3313,#3414,#3933,.F.);
#2872=EDGE_CURVE('NONE',#3423,#3421,#3934,.F.);
#2873=EDGE_CURVE('NONE',#3423,#3313,#3935,.F.);
#2874=EDGE_CURVE('NONE',#3422,#3423,#3936,.T.);
#2875=EDGE_CURVE('NONE',#3351,#3422,#557,.T.);
#2876=EDGE_CURVE('NONE',#3312,#3423,#558,.T.);
#2877=EDGE_CURVE('NONE',#3424,#3311,#3937,.F.);
#2878=EDGE_CURVE('NONE',#3425,#3424,#3938,.F.);
#2879=EDGE_CURVE('NONE',#3425,#3308,#3939,.T.);
#2880=EDGE_CURVE('NONE',#3426,#3425,#3940,.F.);
#2881=EDGE_CURVE('NONE',#3426,#3357,#3941,.T.);
#2882=EDGE_CURVE('NONE',#3427,#3426,#3942,.T.);
#2883=EDGE_CURVE('NONE',#3427,#3358,#3943,.F.);
#2884=EDGE_CURVE('NONE',#3424,#3427,#3944,.T.);
#2885=EDGE_CURVE('NONE',#3428,#3307,#3945,.F.);
#2886=EDGE_CURVE('NONE',#3429,#3428,#3946,.F.);
#2887=EDGE_CURVE('NONE',#3429,#3304,#3947,.T.);
#2888=EDGE_CURVE('NONE',#3430,#3429,#3948,.F.);
#2889=EDGE_CURVE('NONE',#3430,#3309,#3949,.T.);
#2890=EDGE_CURVE('NONE',#3431,#3430,#3950,.T.);
#2891=EDGE_CURVE('NONE',#3431,#3310,#3951,.F.);
#2892=EDGE_CURVE('NONE',#3428,#3431,#3952,.T.);
#2893=EDGE_CURVE('NONE',#3432,#3301,#3953,.F.);
#2894=EDGE_CURVE('NONE',#3433,#3432,#3954,.F.);
#2895=EDGE_CURVE('NONE',#3433,#3302,#3955,.T.);
#2896=EDGE_CURVE('NONE',#3434,#3433,#3956,.F.);
#2897=EDGE_CURVE('NONE',#3434,#3305,#3957,.T.);
#2898=EDGE_CURVE('NONE',#3435,#3434,#3958,.T.);
#2899=EDGE_CURVE('NONE',#3435,#3306,#3959,.F.);
#2900=EDGE_CURVE('NONE',#3432,#3435,#3960,.T.);
#2901=EDGE_CURVE('NONE',#3436,#3437,#3961,.T.);
#2902=EDGE_CURVE('NONE',#3437,#3438,#559,.T.);
#2903=EDGE_CURVE('NONE',#3438,#3439,#560,.T.);
#2904=EDGE_CURVE('NONE',#3439,#3440,#561,.T.);
#2905=EDGE_CURVE('NONE',#3440,#3441,#562,.T.);
#2906=EDGE_CURVE('NONE',#3441,#3442,#3962,.F.);
#2907=EDGE_CURVE('NONE',#3442,#3436,#3963,.T.);
#2908=EDGE_CURVE('NONE',#3443,#3444,#3964,.T.);
#2909=EDGE_CURVE('NONE',#3445,#3443,#3965,.F.);
#2910=EDGE_CURVE('NONE',#3446,#3445,#563,.T.);
#2911=EDGE_CURVE('NONE',#3447,#3446,#564,.T.);
#2912=EDGE_CURVE('NONE',#3448,#3447,#565,.T.);
#2913=EDGE_CURVE('NONE',#3449,#3448,#566,.T.);
#2914=EDGE_CURVE('NONE',#3444,#3449,#3966,.T.);
#2915=EDGE_CURVE('NONE',#3450,#3437,#3967,.T.);
#2916=EDGE_CURVE('NONE',#3451,#3450,#3968,.T.);
#2917=EDGE_CURVE('NONE',#3441,#3451,#3969,.F.);
#2918=EDGE_CURVE('NONE',#3440,#3441,#567,.T.);
#2919=EDGE_CURVE('NONE',#3439,#3440,#568,.T.);
#2920=EDGE_CURVE('NONE',#3438,#3439,#569,.T.);
#2921=EDGE_CURVE('NONE',#3437,#3438,#570,.T.);
#2922=EDGE_CURVE('NONE',#3445,#3452,#3970,.F.);
#2923=EDGE_CURVE('NONE',#3452,#3453,#3971,.T.);
#2924=EDGE_CURVE('NONE',#3453,#3449,#3972,.T.);
#2925=EDGE_CURVE('NONE',#3449,#3448,#571,.T.);
#2926=EDGE_CURVE('NONE',#3448,#3447,#572,.T.);
#2927=EDGE_CURVE('NONE',#3447,#3446,#573,.T.);
#2928=EDGE_CURVE('NONE',#3446,#3445,#574,.T.);
#2929=EDGE_CURVE('NONE',#3436,#3450,#3973,.F.);
#2930=EDGE_CURVE('NONE',#3442,#3451,#3974,.T.);
#2931=EDGE_CURVE('NONE',#3443,#3452,#3975,.T.);
#2932=EDGE_CURVE('NONE',#3444,#3453,#3976,.T.);
#2933=EDGE_CURVE('NONE',#3454,#3455,#204,.F.);
#2934=EDGE_CURVE('NONE',#3456,#3455,#3977,.T.);
#2935=EDGE_CURVE('NONE',#3457,#3456,#205,.T.);
#2936=EDGE_CURVE('NONE',#3457,#3454,#3978,.T.);
#2937=EDGE_CURVE('NONE',#3455,#3458,#3979,.T.);
#2938=EDGE_CURVE('NONE',#3459,#3458,#3980,.F.);
#2939=EDGE_CURVE('NONE',#3456,#3459,#3981,.F.);
#2940=EDGE_CURVE('NONE',#3458,#3460,#206,.F.);
#2941=EDGE_CURVE('NONE',#3461,#3460,#3982,.T.);
#2942=EDGE_CURVE('NONE',#3459,#3461,#207,.T.);
#2943=EDGE_CURVE('NONE',#3460,#3462,#208,.F.);
#2944=EDGE_CURVE('NONE',#3463,#3462,#3983,.T.);
#2945=EDGE_CURVE('NONE',#3461,#3463,#209,.T.);
#2946=EDGE_CURVE('NONE',#3462,#3464,#210,.F.);
#2947=EDGE_CURVE('NONE',#3465,#3464,#3984,.T.);
#2948=EDGE_CURVE('NONE',#3463,#3465,#211,.T.);
#2949=EDGE_CURVE('NONE',#3464,#3466,#212,.F.);
#2950=EDGE_CURVE('NONE',#3467,#3466,#3985,.T.);
#2951=EDGE_CURVE('NONE',#3465,#3467,#213,.T.);
#2952=EDGE_CURVE('NONE',#3466,#3468,#214,.F.);
#2953=EDGE_CURVE('NONE',#3469,#3468,#3986,.T.);
#2954=EDGE_CURVE('NONE',#3467,#3469,#215,.T.);
#2955=EDGE_CURVE('NONE',#3468,#3470,#216,.F.);
#2956=EDGE_CURVE('NONE',#3471,#3470,#3987,.T.);
#2957=EDGE_CURVE('NONE',#3469,#3471,#217,.T.);
#2958=EDGE_CURVE('NONE',#3470,#3472,#3988,.T.);
#2959=EDGE_CURVE('NONE',#3473,#3472,#3989,.F.);
#2960=EDGE_CURVE('NONE',#3471,#3473,#3990,.F.);
#2961=EDGE_CURVE('NONE',#3472,#3474,#218,.F.);
#2962=EDGE_CURVE('NONE',#3475,#3474,#3991,.T.);
#2963=EDGE_CURVE('NONE',#3473,#3475,#219,.T.);
#2964=EDGE_CURVE('NONE',#3474,#3476,#220,.F.);
#2965=EDGE_CURVE('NONE',#3477,#3476,#3992,.T.);
#2966=EDGE_CURVE('NONE',#3475,#3477,#221,.T.);
#2967=EDGE_CURVE('NONE',#3476,#3478,#222,.F.);
#2968=EDGE_CURVE('NONE',#3479,#3478,#3993,.T.);
#2969=EDGE_CURVE('NONE',#3477,#3479,#223,.T.);
#2970=EDGE_CURVE('NONE',#3478,#3480,#224,.F.);
#2971=EDGE_CURVE('NONE',#3481,#3480,#3994,.T.);
#2972=EDGE_CURVE('NONE',#3479,#3481,#225,.T.);
#2973=EDGE_CURVE('NONE',#3480,#3454,#226,.F.);
#2974=EDGE_CURVE('NONE',#3481,#3457,#227,.T.);
#2975=EDGE_CURVE('NONE',#3482,#3483,#3995,.T.);
#2976=EDGE_CURVE('NONE',#3484,#3483,#3996,.T.);
#2977=EDGE_CURVE('NONE',#3485,#3484,#3997,.T.);
#2978=EDGE_CURVE('NONE',#3485,#3482,#3998,.T.);
#2979=EDGE_CURVE('NONE',#3483,#3486,#3999,.F.);
#2980=EDGE_CURVE('NONE',#3487,#3486,#4000,.T.);
#2981=EDGE_CURVE('NONE',#3484,#3487,#4001,.F.);
#2982=EDGE_CURVE('NONE',#3486,#3488,#4002,.T.);
#2983=EDGE_CURVE('NONE',#3489,#3488,#4003,.F.);
#2984=EDGE_CURVE('NONE',#3487,#3489,#4004,.T.);
#2985=EDGE_CURVE('NONE',#3488,#3490,#4005,.T.);
#2986=EDGE_CURVE('NONE',#3491,#3490,#4006,.T.);
#2987=EDGE_CURVE('NONE',#3489,#3491,#4007,.T.);
#2988=EDGE_CURVE('NONE',#3490,#3492,#4008,.T.);
#2989=EDGE_CURVE('NONE',#3493,#3492,#4009,.T.);
#2990=EDGE_CURVE('NONE',#3491,#3493,#4010,.T.);
#2991=EDGE_CURVE('NONE',#3492,#3494,#4011,.F.);
#2992=EDGE_CURVE('NONE',#3495,#3494,#4012,.T.);
#2993=EDGE_CURVE('NONE',#3493,#3495,#4013,.F.);
#2994=EDGE_CURVE('NONE',#3494,#3496,#4014,.T.);
#2995=EDGE_CURVE('NONE',#3497,#3496,#4015,.F.);
#2996=EDGE_CURVE('NONE',#3495,#3497,#4016,.T.);
#2997=EDGE_CURVE('NONE',#3496,#3498,#4017,.T.);
#2998=EDGE_CURVE('NONE',#3499,#3498,#4018,.T.);
#2999=EDGE_CURVE('NONE',#3497,#3499,#4019,.T.);
#3000=EDGE_CURVE('NONE',#3498,#3500,#4020,.T.);
#3001=EDGE_CURVE('NONE',#3501,#3500,#4021,.T.);
#3002=EDGE_CURVE('NONE',#3499,#3501,#4022,.T.);
#3003=EDGE_CURVE('NONE',#3500,#3502,#4023,.F.);
#3004=EDGE_CURVE('NONE',#3503,#3502,#4024,.T.);
#3005=EDGE_CURVE('NONE',#3501,#3503,#4025,.F.);
#3006=EDGE_CURVE('NONE',#3502,#3504,#4026,.T.);
#3007=EDGE_CURVE('NONE',#3505,#3504,#4027,.F.);
#3008=EDGE_CURVE('NONE',#3503,#3505,#4028,.F.);
#3009=EDGE_CURVE('NONE',#3504,#3482,#4029,.T.);
#3010=EDGE_CURVE('NONE',#3505,#3485,#4030,.T.);
#3011=VERTEX_POINT('',#8118);
#3012=VERTEX_POINT('',#8119);
#3013=VERTEX_POINT('',#8121);
#3014=VERTEX_POINT('',#8123);
#3015=VERTEX_POINT('',#8125);
#3016=VERTEX_POINT('',#8127);
#3017=VERTEX_POINT('',#8129);
#3018=VERTEX_POINT('',#8132);
#3019=VERTEX_POINT('',#8133);
#3020=VERTEX_POINT('',#8135);
#3021=VERTEX_POINT('',#8137);
#3022=VERTEX_POINT('',#8139);
#3023=VERTEX_POINT('',#8141);
#3024=VERTEX_POINT('',#8143);
#3025=VERTEX_POINT('',#8147);
#3026=VERTEX_POINT('',#8149);
#3027=VERTEX_POINT('',#8156);
#3028=VERTEX_POINT('',#8158);
#3029=VERTEX_POINT('',#8185);
#3030=VERTEX_POINT('',#8186);
#3031=VERTEX_POINT('',#8188);
#3032=VERTEX_POINT('',#8190);
#3033=VERTEX_POINT('',#8194);
#3034=VERTEX_POINT('',#8196);
#3035=VERTEX_POINT('',#8210);
#3036=VERTEX_POINT('',#8212);
#3037=VERTEX_POINT('',#8216);
#3038=VERTEX_POINT('',#8218);
#3039=VERTEX_POINT('',#8222);
#3040=VERTEX_POINT('',#8224);
#3041=VERTEX_POINT('',#8228);
#3042=VERTEX_POINT('',#8230);
#3043=VERTEX_POINT('',#8234);
#3044=VERTEX_POINT('',#8236);
#3045=VERTEX_POINT('',#8240);
#3046=VERTEX_POINT('',#8242);
#3047=VERTEX_POINT('',#8246);
#3048=VERTEX_POINT('',#8250);
#3049=VERTEX_POINT('',#8257);
#3050=VERTEX_POINT('',#8262);
#3051=VERTEX_POINT('',#8269);
#3052=VERTEX_POINT('',#8273);
#3053=VERTEX_POINT('',#8287);
#3054=VERTEX_POINT('',#8289);
#3055=VERTEX_POINT('',#8302);
#3056=VERTEX_POINT('',#8303);
#3057=VERTEX_POINT('',#8305);
#3058=VERTEX_POINT('',#8307);
#3059=VERTEX_POINT('',#8311);
#3060=VERTEX_POINT('',#8313);
#3061=VERTEX_POINT('',#8317);
#3062=VERTEX_POINT('',#8319);
#3063=VERTEX_POINT('',#8323);
#3064=VERTEX_POINT('',#8325);
#3065=VERTEX_POINT('',#8329);
#3066=VERTEX_POINT('',#8331);
#3067=VERTEX_POINT('',#8335);
#3068=VERTEX_POINT('',#8337);
#3069=VERTEX_POINT('',#8341);
#3070=VERTEX_POINT('',#8343);
#3071=VERTEX_POINT('',#8347);
#3072=VERTEX_POINT('',#8349);
#3073=VERTEX_POINT('',#8353);
#3074=VERTEX_POINT('',#8355);
#3075=VERTEX_POINT('',#8359);
#3076=VERTEX_POINT('',#8361);
#3077=VERTEX_POINT('',#8365);
#3078=VERTEX_POINT('',#8367);
#3079=VERTEX_POINT('',#8380);
#3080=VERTEX_POINT('',#8381);
#3081=VERTEX_POINT('',#8386);
#3082=VERTEX_POINT('',#8391);
#3083=VERTEX_POINT('',#8396);
#3084=VERTEX_POINT('',#8401);
#3085=VERTEX_POINT('',#8406);
#3086=VERTEX_POINT('',#8411);
#3087=VERTEX_POINT('',#8416);
#3088=VERTEX_POINT('',#8421);
#3089=VERTEX_POINT('',#8426);
#3090=VERTEX_POINT('',#8431);
#3091=VERTEX_POINT('',#8436);
#3092=VERTEX_POINT('',#8438);
#3093=VERTEX_POINT('',#8440);
#3094=VERTEX_POINT('',#8442);
#3095=VERTEX_POINT('',#8444);
#3096=VERTEX_POINT('',#8449);
#3097=VERTEX_POINT('',#8454);
#3098=VERTEX_POINT('',#8459);
#3099=VERTEX_POINT('',#8464);
#3100=VERTEX_POINT('',#8469);
#3101=VERTEX_POINT('',#8474);
#3102=VERTEX_POINT('',#8479);
#3103=VERTEX_POINT('',#8481);
#3104=VERTEX_POINT('',#8486);
#3105=VERTEX_POINT('',#8491);
#3106=VERTEX_POINT('',#8493);
#3107=VERTEX_POINT('',#8498);
#3108=VERTEX_POINT('',#8503);
#3109=VERTEX_POINT('',#8508);
#3110=VERTEX_POINT('',#8510);
#3111=VERTEX_POINT('',#8515);
#3112=VERTEX_POINT('',#8527);
#3113=VERTEX_POINT('',#8528);
#3114=VERTEX_POINT('',#8540);
#3115=VERTEX_POINT('',#8541);
#3116=VERTEX_POINT('',#8546);
#3117=VERTEX_POINT('',#8551);
#3118=VERTEX_POINT('',#8553);
#3119=VERTEX_POINT('',#8558);
#3120=VERTEX_POINT('',#8563);
#3121=VERTEX_POINT('',#8568);
#3122=VERTEX_POINT('',#8570);
#3123=VERTEX_POINT('',#8575);
#3124=VERTEX_POINT('',#8580);
#3125=VERTEX_POINT('',#8582);
#3126=VERTEX_POINT('',#8587);
#3127=VERTEX_POINT('',#8592);
#3128=VERTEX_POINT('',#8597);
#3129=VERTEX_POINT('',#8602);
#3130=VERTEX_POINT('',#8607);
#3131=VERTEX_POINT('',#8612);
#3132=VERTEX_POINT('',#8617);
#3133=VERTEX_POINT('',#8619);
#3134=VERTEX_POINT('',#8621);
#3135=VERTEX_POINT('',#8623);
#3136=VERTEX_POINT('',#8625);
#3137=VERTEX_POINT('',#8630);
#3138=VERTEX_POINT('',#8635);
#3139=VERTEX_POINT('',#8640);
#3140=VERTEX_POINT('',#8645);
#3141=VERTEX_POINT('',#8650);
#3142=VERTEX_POINT('',#8655);
#3143=VERTEX_POINT('',#8660);
#3144=VERTEX_POINT('',#8665);
#3145=VERTEX_POINT('',#8670);
#3146=VERTEX_POINT('',#8675);
#3147=VERTEX_POINT('',#8686);
#3148=VERTEX_POINT('',#8687);
#3149=VERTEX_POINT('',#8979);
#3150=VERTEX_POINT('',#8980);
#3151=VERTEX_POINT('',#8984);
#3152=VERTEX_POINT('',#8988);
#3153=VERTEX_POINT('',#8992);
#3154=VERTEX_POINT('',#8996);
#3155=VERTEX_POINT('',#9001);
#3156=VERTEX_POINT('',#9005);
#3157=VERTEX_POINT('',#9010);
#3158=VERTEX_POINT('',#9014);
#3159=VERTEX_POINT('',#9019);
#3160=VERTEX_POINT('',#9023);
#3161=VERTEX_POINT('',#9027);
#3162=VERTEX_POINT('',#9031);
#3163=VERTEX_POINT('',#9036);
#3164=VERTEX_POINT('',#9040);
#3165=VERTEX_POINT('',#9044);
#3166=VERTEX_POINT('',#9048);
#3167=VERTEX_POINT('',#9052);
#3168=VERTEX_POINT('',#9056);
#3169=VERTEX_POINT('',#9060);
#3170=VERTEX_POINT('',#9064);
#3171=VERTEX_POINT('',#9068);
#3172=VERTEX_POINT('',#9073);
#3173=VERTEX_POINT('',#9077);
#3174=VERTEX_POINT('',#9081);
#3175=VERTEX_POINT('',#9104);
#3176=VERTEX_POINT('',#9105);
#3177=VERTEX_POINT('',#9107);
#3178=VERTEX_POINT('',#9109);
#3179=VERTEX_POINT('',#9113);
#3180=VERTEX_POINT('',#9115);
#3181=VERTEX_POINT('',#9119);
#3182=VERTEX_POINT('',#9121);
#3183=VERTEX_POINT('',#9125);
#3184=VERTEX_POINT('',#9127);
#3185=VERTEX_POINT('',#9131);
#3186=VERTEX_POINT('',#9133);
#3187=VERTEX_POINT('',#9143);
#3188=VERTEX_POINT('',#9144);
#3189=VERTEX_POINT('',#9146);
#3190=VERTEX_POINT('',#9148);
#3191=VERTEX_POINT('',#9150);
#3192=VERTEX_POINT('',#9152);
#3193=VERTEX_POINT('',#9154);
#3194=VERTEX_POINT('',#9156);
#3195=VERTEX_POINT('',#9159);
#3196=VERTEX_POINT('',#9160);
#3197=VERTEX_POINT('',#9162);
#3198=VERTEX_POINT('',#9167);
#3199=VERTEX_POINT('',#9169);
#3200=VERTEX_POINT('',#9174);
#3201=VERTEX_POINT('',#9178);
#3202=VERTEX_POINT('',#9179);
#3203=VERTEX_POINT('',#9181);
#3204=VERTEX_POINT('',#9183);
#3205=VERTEX_POINT('',#9185);
#3206=VERTEX_POINT('',#9187);
#3207=VERTEX_POINT('',#9189);
#3208=VERTEX_POINT('',#9191);
#3209=VERTEX_POINT('',#9194);
#3210=VERTEX_POINT('',#9195);
#3211=VERTEX_POINT('',#9197);
#3212=VERTEX_POINT('',#9199);
#3213=VERTEX_POINT('',#9204);
#3214=VERTEX_POINT('',#9206);
#3215=VERTEX_POINT('',#9256);
#3216=VERTEX_POINT('',#9257);
#3217=VERTEX_POINT('',#9259);
#3218=VERTEX_POINT('',#9261);
#3219=VERTEX_POINT('',#9263);
#3220=VERTEX_POINT('',#9265);
#3221=VERTEX_POINT('',#9267);
#3222=VERTEX_POINT('',#9269);
#3223=VERTEX_POINT('',#9272);
#3224=VERTEX_POINT('',#9273);
#3225=VERTEX_POINT('',#9275);
#3226=VERTEX_POINT('',#9280);
#3227=VERTEX_POINT('',#9282);
#3228=VERTEX_POINT('',#9287);
#3229=VERTEX_POINT('',#9291);
#3230=VERTEX_POINT('',#9292);
#3231=VERTEX_POINT('',#9294);
#3232=VERTEX_POINT('',#9296);
#3233=VERTEX_POINT('',#9298);
#3234=VERTEX_POINT('',#9300);
#3235=VERTEX_POINT('',#9302);
#3236=VERTEX_POINT('',#9304);
#3237=VERTEX_POINT('',#9307);
#3238=VERTEX_POINT('',#9308);
#3239=VERTEX_POINT('',#9310);
#3240=VERTEX_POINT('',#9312);
#3241=VERTEX_POINT('',#9317);
#3242=VERTEX_POINT('',#9319);
#3243=VERTEX_POINT('',#9369);
#3244=VERTEX_POINT('',#9370);
#3245=VERTEX_POINT('',#9372);
#3246=VERTEX_POINT('',#9374);
#3247=VERTEX_POINT('',#9378);
#3248=VERTEX_POINT('',#9380);
#3249=VERTEX_POINT('',#9384);
#3250=VERTEX_POINT('',#9386);
#3251=VERTEX_POINT('',#9390);
#3252=VERTEX_POINT('',#9392);
#3253=VERTEX_POINT('',#9396);
#3254=VERTEX_POINT('',#9398);
#3255=VERTEX_POINT('',#9402);
#3256=VERTEX_POINT('',#9404);
#3257=VERTEX_POINT('',#9408);
#3258=VERTEX_POINT('',#9410);
#3259=VERTEX_POINT('',#9414);
#3260=VERTEX_POINT('',#9416);
#3261=VERTEX_POINT('',#9420);
#3262=VERTEX_POINT('',#9422);
#3263=VERTEX_POINT('',#9426);
#3264=VERTEX_POINT('',#9428);
#3265=VERTEX_POINT('',#9432);
#3266=VERTEX_POINT('',#9434);
#3267=VERTEX_POINT('',#9444);
#3268=VERTEX_POINT('',#9445);
#3269=VERTEX_POINT('',#9447);
#3270=VERTEX_POINT('',#9449);
#3271=VERTEX_POINT('',#9454);
#3272=VERTEX_POINT('',#9456);
#3273=VERTEX_POINT('',#9461);
#3274=VERTEX_POINT('',#9463);
#3275=VERTEX_POINT('',#9465);
#3276=VERTEX_POINT('',#9470);
#3277=VERTEX_POINT('',#9472);
#3278=VERTEX_POINT('',#9474);
#3279=VERTEX_POINT('',#9476);
#3280=VERTEX_POINT('',#9478);
#3281=VERTEX_POINT('',#9484);
#3282=VERTEX_POINT('',#9485);
#3283=VERTEX_POINT('',#9487);
#3284=VERTEX_POINT('',#9489);
#3285=VERTEX_POINT('',#9491);
#3286=VERTEX_POINT('',#9493);
#3287=VERTEX_POINT('',#9495);
#3288=VERTEX_POINT('',#9497);
#3289=VERTEX_POINT('',#9505);
#3290=VERTEX_POINT('',#9507);
#3291=VERTEX_POINT('',#9509);
#3292=VERTEX_POINT('',#9511);
#3293=VERTEX_POINT('',#9513);
#3294=VERTEX_POINT('',#9520);
#3295=VERTEX_POINT('',#9525);
#3296=VERTEX_POINT('',#9527);
#3297=VERTEX_POINT('',#9537);
#3298=VERTEX_POINT('',#9539);
#3299=VERTEX_POINT('',#9543);
#3300=VERTEX_POINT('',#9618);
#3301=VERTEX_POINT('',#9619);
#3302=VERTEX_POINT('',#9621);
#3303=VERTEX_POINT('',#9623);
#3304=VERTEX_POINT('',#9627);
#3305=VERTEX_POINT('',#9628);
#3306=VERTEX_POINT('',#9630);
#3307=VERTEX_POINT('',#9632);
#3308=VERTEX_POINT('',#9636);
#3309=VERTEX_POINT('',#9637);
#3310=VERTEX_POINT('',#9639);
#3311=VERTEX_POINT('',#9641);
#3312=VERTEX_POINT('',#9645);
#3313=VERTEX_POINT('',#9646);
#3314=VERTEX_POINT('',#9648);
#3315=VERTEX_POINT('',#9650);
#3316=VERTEX_POINT('',#9654);
#3317=VERTEX_POINT('',#9655);
#3318=VERTEX_POINT('',#9657);
#3319=VERTEX_POINT('',#9659);
#3320=VERTEX_POINT('',#9663);
#3321=VERTEX_POINT('',#9664);
#3322=VERTEX_POINT('',#9666);
#3323=VERTEX_POINT('',#9668);
#3324=VERTEX_POINT('',#9672);
#3325=VERTEX_POINT('',#9673);
#3326=VERTEX_POINT('',#9675);
#3327=VERTEX_POINT('',#9677);
#3328=VERTEX_POINT('',#9679);
#3329=VERTEX_POINT('',#9681);
#3330=VERTEX_POINT('',#9683);
#3331=VERTEX_POINT('',#9688);
#3332=VERTEX_POINT('',#9690);
#3333=VERTEX_POINT('',#9695);
#3334=VERTEX_POINT('',#9699);
#3335=VERTEX_POINT('',#9700);
#3336=VERTEX_POINT('',#9702);
#3337=VERTEX_POINT('',#9704);
#3338=VERTEX_POINT('',#9706);
#3339=VERTEX_POINT('',#9711);
#3340=VERTEX_POINT('',#9713);
#3341=VERTEX_POINT('',#9718);
#3342=VERTEX_POINT('',#9720);
#3343=VERTEX_POINT('',#9722);
#3344=VERTEX_POINT('',#9726);
#3345=VERTEX_POINT('',#9727);
#3346=VERTEX_POINT('',#9729);
#3347=VERTEX_POINT('',#9731);
#3348=VERTEX_POINT('',#9735);
#3349=VERTEX_POINT('',#9737);
#3350=VERTEX_POINT('',#9741);
#3351=VERTEX_POINT('',#9742);
#3352=VERTEX_POINT('',#9744);
#3353=VERTEX_POINT('',#9746);
#3354=VERTEX_POINT('',#9750);
#3355=VERTEX_POINT('',#9751);
#3356=VERTEX_POINT('',#9756);
#3357=VERTEX_POINT('',#9757);
#3358=VERTEX_POINT('',#9759);
#3359=VERTEX_POINT('',#9761);
#3360=VERTEX_POINT('',#9765);
#3361=VERTEX_POINT('',#9766);
#3362=VERTEX_POINT('',#9769);
#3363=VERTEX_POINT('',#9771);
#3364=VERTEX_POINT('',#9775);
#3365=VERTEX_POINT('',#9776);
#3366=VERTEX_POINT('',#9780);
#3367=VERTEX_POINT('',#9782);
#3368=VERTEX_POINT('',#9786);
#3369=VERTEX_POINT('',#9787);
#3370=VERTEX_POINT('',#9791);
#3371=VERTEX_POINT('',#9793);
#3372=VERTEX_POINT('',#9797);
#3373=VERTEX_POINT('',#9799);
#3374=VERTEX_POINT('',#9801);
#3375=VERTEX_POINT('',#9803);
#3376=VERTEX_POINT('',#9807);
#3377=VERTEX_POINT('',#9809);
#3378=VERTEX_POINT('',#9811);
#3379=VERTEX_POINT('',#9813);
#3380=VERTEX_POINT('',#9818);
#3381=VERTEX_POINT('',#9820);
#3382=VERTEX_POINT('',#9822);
#3383=VERTEX_POINT('',#9824);
#3384=VERTEX_POINT('',#9829);
#3385=VERTEX_POINT('',#9830);
#3386=VERTEX_POINT('',#9832);
#3387=VERTEX_POINT('',#9834);
#3388=VERTEX_POINT('',#9836);
#3389=VERTEX_POINT('',#9838);
#3390=VERTEX_POINT('',#9840);
#3391=VERTEX_POINT('',#9842);
#3392=VERTEX_POINT('',#9846);
#3393=VERTEX_POINT('',#9847);
#3394=VERTEX_POINT('',#9849);
#3395=VERTEX_POINT('',#9851);
#3396=VERTEX_POINT('',#9853);
#3397=VERTEX_POINT('',#9855);
#3398=VERTEX_POINT('',#9857);
#3399=VERTEX_POINT('',#9859);
#3400=VERTEX_POINT('',#9971);
#3401=VERTEX_POINT('',#9984);
#3402=VERTEX_POINT('',#9999);
#3403=VERTEX_POINT('',#10015);
#3404=VERTEX_POINT('',#10033);
#3405=VERTEX_POINT('',#10035);
#3406=VERTEX_POINT('',#10039);
#3407=VERTEX_POINT('',#10041);
#3408=VERTEX_POINT('',#10045);
#3409=VERTEX_POINT('',#10047);
#3410=VERTEX_POINT('',#10054);
#3411=VERTEX_POINT('',#10058);
#3412=VERTEX_POINT('',#10064);
#3413=VERTEX_POINT('',#10069);
#3414=VERTEX_POINT('',#10083);
#3415=VERTEX_POINT('',#10085);
#3416=VERTEX_POINT('',#10089);
#3417=VERTEX_POINT('',#10091);
#3418=VERTEX_POINT('',#10095);
#3419=VERTEX_POINT('',#10097);
#3420=VERTEX_POINT('',#10104);
#3421=VERTEX_POINT('',#10108);
#3422=VERTEX_POINT('',#10115);
#3423=VERTEX_POINT('',#10121);
#3424=VERTEX_POINT('',#10133);
#3425=VERTEX_POINT('',#10135);
#3426=VERTEX_POINT('',#10139);
#3427=VERTEX_POINT('',#10143);
#3428=VERTEX_POINT('',#10150);
#3429=VERTEX_POINT('',#10152);
#3430=VERTEX_POINT('',#10156);
#3431=VERTEX_POINT('',#10160);
#3432=VERTEX_POINT('',#10167);
#3433=VERTEX_POINT('',#10169);
#3434=VERTEX_POINT('',#10173);
#3435=VERTEX_POINT('',#10177);
#3436=VERTEX_POINT('',#10185);
#3437=VERTEX_POINT('',#10186);
#3438=VERTEX_POINT('',#10188);
#3439=VERTEX_POINT('',#10190);
#3440=VERTEX_POINT('',#10192);
#3441=VERTEX_POINT('',#10194);
#3442=VERTEX_POINT('',#10196);
#3443=VERTEX_POINT('',#10199);
#3444=VERTEX_POINT('',#10200);
#3445=VERTEX_POINT('',#10202);
#3446=VERTEX_POINT('',#10204);
#3447=VERTEX_POINT('',#10206);
#3448=VERTEX_POINT('',#10208);
#3449=VERTEX_POINT('',#10210);
#3450=VERTEX_POINT('',#10214);
#3451=VERTEX_POINT('',#10216);
#3452=VERTEX_POINT('',#10223);
#3453=VERTEX_POINT('',#10225);
#3454=VERTEX_POINT('',#10262);
#3455=VERTEX_POINT('',#10263);
#3456=VERTEX_POINT('',#10265);
#3457=VERTEX_POINT('',#10270);
#3458=VERTEX_POINT('',#10274);
#3459=VERTEX_POINT('',#10276);
#3460=VERTEX_POINT('',#10290);
#3461=VERTEX_POINT('',#10292);
#3462=VERTEX_POINT('',#10309);
#3463=VERTEX_POINT('',#10311);
#3464=VERTEX_POINT('',#10328);
#3465=VERTEX_POINT('',#10330);
#3466=VERTEX_POINT('',#10347);
#3467=VERTEX_POINT('',#10349);
#3468=VERTEX_POINT('',#10366);
#3469=VERTEX_POINT('',#10368);
#3470=VERTEX_POINT('',#10385);
#3471=VERTEX_POINT('',#10387);
#3472=VERTEX_POINT('',#10394);
#3473=VERTEX_POINT('',#10396);
#3474=VERTEX_POINT('',#10410);
#3475=VERTEX_POINT('',#10412);
#3476=VERTEX_POINT('',#10429);
#3477=VERTEX_POINT('',#10431);
#3478=VERTEX_POINT('',#10448);
#3479=VERTEX_POINT('',#10450);
#3480=VERTEX_POINT('',#10467);
#3481=VERTEX_POINT('',#10469);
#3482=VERTEX_POINT('',#10495);
#3483=VERTEX_POINT('',#10496);
#3484=VERTEX_POINT('',#10498);
#3485=VERTEX_POINT('',#10500);
#3486=VERTEX_POINT('',#10504);
#3487=VERTEX_POINT('',#10506);
#3488=VERTEX_POINT('',#10510);
#3489=VERTEX_POINT('',#10512);
#3490=VERTEX_POINT('',#10516);
#3491=VERTEX_POINT('',#10518);
#3492=VERTEX_POINT('',#10522);
#3493=VERTEX_POINT('',#10524);
#3494=VERTEX_POINT('',#10528);
#3495=VERTEX_POINT('',#10530);
#3496=VERTEX_POINT('',#10534);
#3497=VERTEX_POINT('',#10536);
#3498=VERTEX_POINT('',#10540);
#3499=VERTEX_POINT('',#10542);
#3500=VERTEX_POINT('',#10546);
#3501=VERTEX_POINT('',#10548);
#3502=VERTEX_POINT('',#10552);
#3503=VERTEX_POINT('',#10554);
#3504=VERTEX_POINT('',#10558);
#3505=VERTEX_POINT('',#10560);
#3506=LINE('',#8117,#4031);
#3507=LINE('',#8128,#4032);
#3508=LINE('',#8130,#4033);
#3509=LINE('',#8131,#4034);
#3510=LINE('',#8134,#4035);
#3511=LINE('',#8144,#4036);
#3512=LINE('',#8146,#4037);
#3513=LINE('',#8148,#4038);
#3514=LINE('',#8150,#4039);
#3515=LINE('',#8155,#4040);
#3516=LINE('',#8157,#4041);
#3517=LINE('',#8159,#4042);
#3518=LINE('',#8165,#4043);
#3519=LINE('',#8171,#4044);
#3520=LINE('',#8174,#4045);
#3521=LINE('',#8176,#4046);
#3522=LINE('',#8184,#4047);
#3523=LINE('',#8187,#4048);
#3524=LINE('',#8189,#4049);
#3525=LINE('',#8191,#4050);
#3526=LINE('',#8193,#4051);
#3527=LINE('',#8195,#4052);
#3528=LINE('',#8197,#4053);
#3529=LINE('',#8211,#4054);
#3530=LINE('',#8215,#4055);
#3531=LINE('',#8217,#4056);
#3532=LINE('',#8219,#4057);
#3533=LINE('',#8221,#4058);
#3534=LINE('',#8223,#4059);
#3535=LINE('',#8225,#4060);
#3536=LINE('',#8227,#4061);
#3537=LINE('',#8229,#4062);
#3538=LINE('',#8231,#4063);
#3539=LINE('',#8233,#4064);
#3540=LINE('',#8235,#4065);
#3541=LINE('',#8237,#4066);
#3542=LINE('',#8239,#4067);
#3543=LINE('',#8241,#4068);
#3544=LINE('',#8243,#4069);
#3545=LINE('',#8245,#4070);
#3546=LINE('',#8247,#4071);
#3547=LINE('',#8268,#4072);
#3548=LINE('',#8270,#4073);
#3549=LINE('',#8288,#4074);
#3550=LINE('',#8295,#4075);
#3551=LINE('',#8296,#4076);
#3552=LINE('',#8301,#4077);
#3553=LINE('',#8304,#4078);
#3554=LINE('',#8306,#4079);
#3555=LINE('',#8308,#4080);
#3556=LINE('',#8310,#4081);
#3557=LINE('',#8312,#4082);
#3558=LINE('',#8314,#4083);
#3559=LINE('',#8316,#4084);
#3560=LINE('',#8318,#4085);
#3561=LINE('',#8320,#4086);
#3562=LINE('',#8322,#4087);
#3563=LINE('',#8324,#4088);
#3564=LINE('',#8326,#4089);
#3565=LINE('',#8328,#4090);
#3566=LINE('',#8330,#4091);
#3567=LINE('',#8332,#4092);
#3568=LINE('',#8334,#4093);
#3569=LINE('',#8336,#4094);
#3570=LINE('',#8338,#4095);
#3571=LINE('',#8340,#4096);
#3572=LINE('',#8342,#4097);
#3573=LINE('',#8344,#4098);
#3574=LINE('',#8346,#4099);
#3575=LINE('',#8348,#4100);
#3576=LINE('',#8350,#4101);
#3577=LINE('',#8352,#4102);
#3578=LINE('',#8354,#4103);
#3579=LINE('',#8356,#4104);
#3580=LINE('',#8358,#4105);
#3581=LINE('',#8360,#4106);
#3582=LINE('',#8362,#4107);
#3583=LINE('',#8364,#4108);
#3584=LINE('',#8366,#4109);
#3585=LINE('',#8368,#4110);
#3586=LINE('',#8370,#4111);
#3587=LINE('',#8371,#4112);
#3588=LINE('',#8437,#4113);
#3589=LINE('',#8439,#4114);
#3590=LINE('',#8441,#4115);
#3591=LINE('',#8443,#4116);
#3592=LINE('',#8480,#4117);
#3593=LINE('',#8492,#4118);
#3594=LINE('',#8509,#4119);
#3595=LINE('',#8552,#4120);
#3596=LINE('',#8569,#4121);
#3597=LINE('',#8581,#4122);
#3598=LINE('',#8618,#4123);
#3599=LINE('',#8620,#4124);
#3600=LINE('',#8622,#4125);
#3601=LINE('',#8624,#4126);
#3602=LINE('',#8703,#4127);
#3603=LINE('',#8716,#4128);
#3604=LINE('',#8725,#4129);
#3605=LINE('',#8734,#4130);
#3606=LINE('',#8743,#4131);
#3607=LINE('',#8752,#4132);
#3608=LINE('',#8761,#4133);
#3609=LINE('',#8770,#4134);
#3610=LINE('',#8779,#4135);
#3611=LINE('',#8788,#4136);
#3612=LINE('',#8797,#4137);
#3613=LINE('',#8806,#4138);
#3614=LINE('',#8808,#4139);
#3615=LINE('',#8810,#4140);
#3616=LINE('',#8812,#4141);
#3617=LINE('',#8814,#4142);
#3618=LINE('',#8823,#4143);
#3619=LINE('',#8832,#4144);
#3620=LINE('',#8841,#4145);
#3621=LINE('',#8850,#4146);
#3622=LINE('',#8859,#4147);
#3623=LINE('',#8868,#4148);
#3624=LINE('',#8877,#4149);
#3625=LINE('',#8879,#4150);
#3626=LINE('',#8888,#4151);
#3627=LINE('',#8897,#4152);
#3628=LINE('',#8899,#4153);
#3629=LINE('',#8908,#4154);
#3630=LINE('',#8917,#4155);
#3631=LINE('',#8926,#4156);
#3632=LINE('',#8928,#4157);
#3633=LINE('',#8962,#4158);
#3634=LINE('',#8963,#4159);
#3635=LINE('',#8983,#4160);
#3636=LINE('',#8985,#4161);
#3637=LINE('',#9047,#4162);
#3638=LINE('',#9049,#4163);
#3639=LINE('',#9103,#4164);
#3640=LINE('',#9106,#4165);
#3641=LINE('',#9108,#4166);
#3642=LINE('',#9110,#4167);
#3643=LINE('',#9112,#4168);
#3644=LINE('',#9114,#4169);
#3645=LINE('',#9116,#4170);
#3646=LINE('',#9118,#4171);
#3647=LINE('',#9120,#4172);
#3648=LINE('',#9122,#4173);
#3649=LINE('',#9124,#4174);
#3650=LINE('',#9126,#4175);
#3651=LINE('',#9128,#4176);
#3652=LINE('',#9130,#4177);
#3653=LINE('',#9132,#4178);
#3654=LINE('',#9134,#4179);
#3655=LINE('',#9136,#4180);
#3656=LINE('',#9137,#4181);
#3657=LINE('',#9142,#4182);
#3658=LINE('',#9145,#4183);
#3659=LINE('',#9147,#4184);
#3660=LINE('',#9149,#4185);
#3661=LINE('',#9151,#4186);
#3662=LINE('',#9153,#4187);
#3663=LINE('',#9155,#4188);
#3664=LINE('',#9157,#4189);
#3665=LINE('',#9158,#4190);
#3666=LINE('',#9161,#4191);
#3667=LINE('',#9168,#4192);
#3668=LINE('',#9175,#4193);
#3669=LINE('',#9177,#4194);
#3670=LINE('',#9180,#4195);
#3671=LINE('',#9182,#4196);
#3672=LINE('',#9184,#4197);
#3673=LINE('',#9186,#4198);
#3674=LINE('',#9188,#4199);
#3675=LINE('',#9190,#4200);
#3676=LINE('',#9192,#4201);
#3677=LINE('',#9193,#4202);
#3678=LINE('',#9196,#4203);
#3679=LINE('',#9198,#4204);
#3680=LINE('',#9205,#4205);
#3681=LINE('',#9212,#4206);
#3682=LINE('',#9213,#4207);
#3683=LINE('',#9215,#4208);
#3684=LINE('',#9217,#4209);
#3685=LINE('',#9219,#4210);
#3686=LINE('',#9221,#4211);
#3687=LINE('',#9223,#4212);
#3688=LINE('',#9225,#4213);
#3689=LINE('',#9228,#4214);
#3690=LINE('',#9229,#4215);
#3691=LINE('',#9231,#4216);
#3692=LINE('',#9240,#4217);
#3693=LINE('',#9242,#4218);
#3694=LINE('',#9251,#4219);
#3695=LINE('',#9255,#4220);
#3696=LINE('',#9258,#4221);
#3697=LINE('',#9260,#4222);
#3698=LINE('',#9262,#4223);
#3699=LINE('',#9264,#4224);
#3700=LINE('',#9266,#4225);
#3701=LINE('',#9268,#4226);
#3702=LINE('',#9270,#4227);
#3703=LINE('',#9271,#4228);
#3704=LINE('',#9274,#4229);
#3705=LINE('',#9281,#4230);
#3706=LINE('',#9288,#4231);
#3707=LINE('',#9290,#4232);
#3708=LINE('',#9293,#4233);
#3709=LINE('',#9295,#4234);
#3710=LINE('',#9297,#4235);
#3711=LINE('',#9299,#4236);
#3712=LINE('',#9301,#4237);
#3713=LINE('',#9303,#4238);
#3714=LINE('',#9305,#4239);
#3715=LINE('',#9306,#4240);
#3716=LINE('',#9309,#4241);
#3717=LINE('',#9311,#4242);
#3718=LINE('',#9318,#4243);
#3719=LINE('',#9325,#4244);
#3720=LINE('',#9326,#4245);
#3721=LINE('',#9328,#4246);
#3722=LINE('',#9330,#4247);
#3723=LINE('',#9332,#4248);
#3724=LINE('',#9334,#4249);
#3725=LINE('',#9336,#4250);
#3726=LINE('',#9338,#4251);
#3727=LINE('',#9341,#4252);
#3728=LINE('',#9342,#4253);
#3729=LINE('',#9344,#4254);
#3730=LINE('',#9353,#4255);
#3731=LINE('',#9355,#4256);
#3732=LINE('',#9364,#4257);
#3733=LINE('',#9368,#4258);
#3734=LINE('',#9371,#4259);
#3735=LINE('',#9373,#4260);
#3736=LINE('',#9375,#4261);
#3737=LINE('',#9377,#4262);
#3738=LINE('',#9379,#4263);
#3739=LINE('',#9381,#4264);
#3740=LINE('',#9383,#4265);
#3741=LINE('',#9385,#4266);
#3742=LINE('',#9387,#4267);
#3743=LINE('',#9389,#4268);
#3744=LINE('',#9391,#4269);
#3745=LINE('',#9393,#4270);
#3746=LINE('',#9395,#4271);
#3747=LINE('',#9397,#4272);
#3748=LINE('',#9399,#4273);
#3749=LINE('',#9401,#4274);
#3750=LINE('',#9403,#4275);
#3751=LINE('',#9405,#4276);
#3752=LINE('',#9407,#4277);
#3753=LINE('',#9409,#4278);
#3754=LINE('',#9411,#4279);
#3755=LINE('',#9413,#4280);
#3756=LINE('',#9415,#4281);
#3757=LINE('',#9417,#4282);
#3758=LINE('',#9419,#4283);
#3759=LINE('',#9421,#4284);
#3760=LINE('',#9423,#4285);
#3761=LINE('',#9425,#4286);
#3762=LINE('',#9427,#4287);
#3763=LINE('',#9429,#4288);
#3764=LINE('',#9431,#4289);
#3765=LINE('',#9433,#4290);
#3766=LINE('',#9435,#4291);
#3767=LINE('',#9437,#4292);
#3768=LINE('',#9438,#4293);
#3769=LINE('',#9446,#4294);
#3770=LINE('',#9455,#4295);
#3771=LINE('',#9471,#4296);
#3772=LINE('',#9473,#4297);
#3773=LINE('',#9475,#4298);
#3774=LINE('',#9477,#4299);
#3775=LINE('',#9488,#4300);
#3776=LINE('',#9490,#4301);
#3777=LINE('',#9506,#4302);
#3778=LINE('',#9508,#4303);
#3779=LINE('',#9510,#4304);
#3780=LINE('',#9512,#4305);
#3781=LINE('',#9526,#4306);
#3782=LINE('',#9533,#4307);
#3783=LINE('',#9542,#4308);
#3784=LINE('',#9544,#4309);
#3785=LINE('',#9556,#4310);
#3786=LINE('',#9558,#4311);
#3787=LINE('',#9581,#4312);
#3788=LINE('',#9583,#4313);
#3789=LINE('',#9585,#4314);
#3790=LINE('',#9587,#4315);
#3791=LINE('',#9589,#4316);
#3792=LINE('',#9613,#4317);
#3793=LINE('',#9617,#4318);
#3794=LINE('',#9620,#4319);
#3795=LINE('',#9622,#4320);
#3796=LINE('',#9624,#4321);
#3797=LINE('',#9626,#4322);
#3798=LINE('',#9629,#4323);
#3799=LINE('',#9631,#4324);
#3800=LINE('',#9633,#4325);
#3801=LINE('',#9635,#4326);
#3802=LINE('',#9638,#4327);
#3803=LINE('',#9640,#4328);
#3804=LINE('',#9642,#4329);
#3805=LINE('',#9644,#4330);
#3806=LINE('',#9647,#4331);
#3807=LINE('',#9649,#4332);
#3808=LINE('',#9651,#4333);
#3809=LINE('',#9653,#4334);
#3810=LINE('',#9656,#4335);
#3811=LINE('',#9658,#4336);
#3812=LINE('',#9660,#4337);
#3813=LINE('',#9662,#4338);
#3814=LINE('',#9665,#4339);
#3815=LINE('',#9667,#4340);
#3816=LINE('',#9669,#4341);
#3817=LINE('',#9671,#4342);
#3818=LINE('',#9676,#4343);
#3819=LINE('',#9680,#4344);
#3820=LINE('',#9682,#4345);
#3821=LINE('',#9689,#4346);
#3822=LINE('',#9696,#4347);
#3823=LINE('',#9698,#4348);
#3824=LINE('',#9703,#4349);
#3825=LINE('',#9705,#4350);
#3826=LINE('',#9712,#4351);
#3827=LINE('',#9719,#4352);
#3828=LINE('',#9721,#4353);
#3829=LINE('',#9725,#4354);
#3830=LINE('',#9728,#4355);
#3831=LINE('',#9730,#4356);
#3832=LINE('',#9732,#4357);
#3833=LINE('',#9734,#4358);
#3834=LINE('',#9736,#4359);
#3835=LINE('',#9738,#4360);
#3836=LINE('',#9740,#4361);
#3837=LINE('',#9743,#4362);
#3838=LINE('',#9745,#4363);
#3839=LINE('',#9747,#4364);
#3840=LINE('',#9749,#4365);
#3841=LINE('',#9752,#4366);
#3842=LINE('',#9753,#4367);
#3843=LINE('',#9755,#4368);
#3844=LINE('',#9758,#4369);
#3845=LINE('',#9760,#4370);
#3846=LINE('',#9762,#4371);
#3847=LINE('',#9764,#4372);
#3848=LINE('',#9770,#4373);
#3849=LINE('',#9772,#4374);
#3850=LINE('',#9774,#4375);
#3851=LINE('',#9778,#4376);
#3852=LINE('',#9781,#4377);
#3853=LINE('',#9783,#4378);
#3854=LINE('',#9785,#4379);
#3855=LINE('',#9789,#4380);
#3856=LINE('',#9792,#4381);
#3857=LINE('',#9794,#4382);
#3858=LINE('',#9798,#4383);
#3859=LINE('',#9800,#4384);
#3860=LINE('',#9802,#4385);
#3861=LINE('',#9808,#4386);
#3862=LINE('',#9810,#4387);
#3863=LINE('',#9812,#4388);
#3864=LINE('',#9815,#4389);
#3865=LINE('',#9819,#4390);
#3866=LINE('',#9821,#4391);
#3867=LINE('',#9823,#4392);
#3868=LINE('',#9826,#4393);
#3869=LINE('',#9828,#4394);
#3870=LINE('',#9831,#4395);
#3871=LINE('',#9833,#4396);
#3872=LINE('',#9835,#4397);
#3873=LINE('',#9837,#4398);
#3874=LINE('',#9839,#4399);
#3875=LINE('',#9841,#4400);
#3876=LINE('',#9843,#4401);
#3877=LINE('',#9845,#4402);
#3878=LINE('',#9848,#4403);
#3879=LINE('',#9850,#4404);
#3880=LINE('',#9852,#4405);
#3881=LINE('',#9854,#4406);
#3882=LINE('',#9856,#4407);
#3883=LINE('',#9858,#4408);
#3884=LINE('',#9860,#4409);
#3885=LINE('',#9863,#4410);
#3886=LINE('',#9864,#4411);
#3887=LINE('',#9865,#4412);
#3888=LINE('',#9879,#4413);
#3889=LINE('',#9880,#4414);
#3890=LINE('',#9881,#4415);
#3891=LINE('',#9936,#4416);
#3892=LINE('',#9943,#4417);
#3893=LINE('',#10005,#4418);
#3894=LINE('',#10016,#4419);
#3895=LINE('',#10032,#4420);
#3896=LINE('',#10034,#4421);
#3897=LINE('',#10036,#4422);
#3898=LINE('',#10038,#4423);
#3899=LINE('',#10040,#4424);
#3900=LINE('',#10042,#4425);
#3901=LINE('',#10044,#4426);
#3902=LINE('',#10046,#4427);
#3903=LINE('',#10048,#4428);
#3904=LINE('',#10050,#4429);
#3905=LINE('',#10051,#4430);
#3906=LINE('',#10055,#4431);
#3907=LINE('',#10059,#4432);
#3908=LINE('',#10061,#4433);
#3909=LINE('',#10063,#4434);
#3910=LINE('',#10065,#4435);
#3911=LINE('',#10066,#4436);
#3912=LINE('',#10068,#4437);
#3913=LINE('',#10070,#4438);
#3914=LINE('',#10072,#4439);
#3915=LINE('',#10073,#4440);
#3916=LINE('',#10082,#4441);
#3917=LINE('',#10084,#4442);
#3918=LINE('',#10086,#4443);
#3919=LINE('',#10088,#4444);
#3920=LINE('',#10090,#4445);
#3921=LINE('',#10092,#4446);
#3922=LINE('',#10094,#4447);
#3923=LINE('',#10096,#4448);
#3924=LINE('',#10098,#4449);
#3925=LINE('',#10100,#4450);
#3926=LINE('',#10101,#4451);
#3927=LINE('',#10103,#4452);
#3928=LINE('',#10107,#4453);
#3929=LINE('',#10111,#4454);
#3930=LINE('',#10113,#4455);
#3931=LINE('',#10114,#4456);
#3932=LINE('',#10116,#4457);
#3933=LINE('',#10118,#4458);
#3934=LINE('',#10120,#4459);
#3935=LINE('',#10122,#4460);
#3936=LINE('',#10124,#4461);
#3937=LINE('',#10132,#4462);
#3938=LINE('',#10134,#4463);
#3939=LINE('',#10136,#4464);
#3940=LINE('',#10138,#4465);
#3941=LINE('',#10140,#4466);
#3942=LINE('',#10142,#4467);
#3943=LINE('',#10144,#4468);
#3944=LINE('',#10146,#4469);
#3945=LINE('',#10149,#4470);
#3946=LINE('',#10151,#4471);
#3947=LINE('',#10153,#4472);
#3948=LINE('',#10155,#4473);
#3949=LINE('',#10157,#4474);
#3950=LINE('',#10159,#4475);
#3951=LINE('',#10161,#4476);
#3952=LINE('',#10163,#4477);
#3953=LINE('',#10166,#4478);
#3954=LINE('',#10168,#4479);
#3955=LINE('',#10170,#4480);
#3956=LINE('',#10172,#4481);
#3957=LINE('',#10174,#4482);
#3958=LINE('',#10176,#4483);
#3959=LINE('',#10178,#4484);
#3960=LINE('',#10180,#4485);
#3961=LINE('',#10184,#4486);
#3962=LINE('',#10195,#4487);
#3963=LINE('',#10197,#4488);
#3964=LINE('',#10198,#4489);
#3965=LINE('',#10201,#4490);
#3966=LINE('',#10211,#4491);
#3967=LINE('',#10213,#4492);
#3968=LINE('',#10215,#4493);
#3969=LINE('',#10217,#4494);
#3970=LINE('',#10222,#4495);
#3971=LINE('',#10224,#4496);
#3972=LINE('',#10226,#4497);
#3973=LINE('',#10232,#4498);
#3974=LINE('',#10238,#4499);
#3975=LINE('',#10241,#4500);
#3976=LINE('',#10243,#4501);
#3977=LINE('',#10264,#4502);
#3978=LINE('',#10271,#4503);
#3979=LINE('',#10273,#4504);
#3980=LINE('',#10275,#4505);
#3981=LINE('',#10277,#4506);
#3982=LINE('',#10291,#4507);
#3983=LINE('',#10310,#4508);
#3984=LINE('',#10329,#4509);
#3985=LINE('',#10348,#4510);
#3986=LINE('',#10367,#4511);
#3987=LINE('',#10386,#4512);
#3988=LINE('',#10393,#4513);
#3989=LINE('',#10395,#4514);
#3990=LINE('',#10397,#4515);
#3991=LINE('',#10411,#4516);
#3992=LINE('',#10430,#4517);
#3993=LINE('',#10449,#4518);
#3994=LINE('',#10468,#4519);
#3995=LINE('',#10494,#4520);
#3996=LINE('',#10497,#4521);
#3997=LINE('',#10499,#4522);
#3998=LINE('',#10501,#4523);
#3999=LINE('',#10503,#4524);
#4000=LINE('',#10505,#4525);
#4001=LINE('',#10507,#4526);
#4002=LINE('',#10509,#4527);
#4003=LINE('',#10511,#4528);
#4004=LINE('',#10513,#4529);
#4005=LINE('',#10515,#4530);
#4006=LINE('',#10517,#4531);
#4007=LINE('',#10519,#4532);
#4008=LINE('',#10521,#4533);
#4009=LINE('',#10523,#4534);
#4010=LINE('',#10525,#4535);
#4011=LINE('',#10527,#4536);
#4012=LINE('',#10529,#4537);
#4013=LINE('',#10531,#4538);
#4014=LINE('',#10533,#4539);
#4015=LINE('',#10535,#4540);
#4016=LINE('',#10537,#4541);
#4017=LINE('',#10539,#4542);
#4018=LINE('',#10541,#4543);
#4019=LINE('',#10543,#4544);
#4020=LINE('',#10545,#4545);
#4021=LINE('',#10547,#4546);
#4022=LINE('',#10549,#4547);
#4023=LINE('',#10551,#4548);
#4024=LINE('',#10553,#4549);
#4025=LINE('',#10555,#4550);
#4026=LINE('',#10557,#4551);
#4027=LINE('',#10559,#4552);
#4028=LINE('',#10561,#4553);
#4029=LINE('',#10563,#4554);
#4030=LINE('',#10564,#4555);
#4031=VECTOR('',#6684,1.);
#4032=VECTOR('',#6693,1.);
#4033=VECTOR('',#6694,1.);
#4034=VECTOR('',#6695,1.);
#4035=VECTOR('',#6696,1.);
#4036=VECTOR('',#6705,1.);
#4037=VECTOR('',#6708,1.);
#4038=VECTOR('',#6709,1.);
#4039=VECTOR('',#6710,1.);
#4040=VECTOR('',#6719,1.);
#4041=VECTOR('',#6720,1.);
#4042=VECTOR('',#6721,1.);
#4043=VECTOR('',#6732,1.);
#4044=VECTOR('',#6743,1.);
#4045=VECTOR('',#6748,1.);
#4046=VECTOR('',#6751,1.);
#4047=VECTOR('',#6766,1.);
#4048=VECTOR('',#6767,1.);
#4049=VECTOR('',#6768,1.);
#4050=VECTOR('',#6769,1.);
#4051=VECTOR('',#6772,1.);
#4052=VECTOR('',#6773,1.);
#4053=VECTOR('',#6774,1.);
#4054=VECTOR('',#6775,1.);
#4055=VECTOR('',#6780,1.);
#4056=VECTOR('',#6781,1.);
#4057=VECTOR('',#6782,1.);
#4058=VECTOR('',#6785,1.);
#4059=VECTOR('',#6786,1.);
#4060=VECTOR('',#6787,1.);
#4061=VECTOR('',#6790,1.);
#4062=VECTOR('',#6791,1.);
#4063=VECTOR('',#6792,1.);
#4064=VECTOR('',#6795,1.);
#4065=VECTOR('',#6796,1.);
#4066=VECTOR('',#6797,1.);
#4067=VECTOR('',#6800,1.);
#4068=VECTOR('',#6801,1.);
#4069=VECTOR('',#6802,1.);
#4070=VECTOR('',#6805,1.);
#4071=VECTOR('',#6806,1.);
#4072=VECTOR('',#6817,1.);
#4073=VECTOR('',#6818,1.);
#4074=VECTOR('',#6825,1.);
#4075=VECTOR('',#6828,1.);
#4076=VECTOR('',#6829,1.);
#4077=VECTOR('',#6838,1.);
#4078=VECTOR('',#6839,1.);
#4079=VECTOR('',#6840,1.);
#4080=VECTOR('',#6841,1.);
#4081=VECTOR('',#6844,1.);
#4082=VECTOR('',#6845,1.);
#4083=VECTOR('',#6846,1.);
#4084=VECTOR('',#6849,1.);
#4085=VECTOR('',#6850,1.);
#4086=VECTOR('',#6851,1.);
#4087=VECTOR('',#6854,1.);
#4088=VECTOR('',#6855,1.);
#4089=VECTOR('',#6856,1.);
#4090=VECTOR('',#6859,1.);
#4091=VECTOR('',#6860,1.);
#4092=VECTOR('',#6861,1.);
#4093=VECTOR('',#6864,1.);
#4094=VECTOR('',#6865,1.);
#4095=VECTOR('',#6866,1.);
#4096=VECTOR('',#6869,1.);
#4097=VECTOR('',#6870,1.);
#4098=VECTOR('',#6871,1.);
#4099=VECTOR('',#6874,1.);
#4100=VECTOR('',#6875,1.);
#4101=VECTOR('',#6876,1.);
#4102=VECTOR('',#6879,1.);
#4103=VECTOR('',#6880,1.);
#4104=VECTOR('',#6881,1.);
#4105=VECTOR('',#6884,1.);
#4106=VECTOR('',#6885,1.);
#4107=VECTOR('',#6886,1.);
#4108=VECTOR('',#6889,1.);
#4109=VECTOR('',#6890,1.);
#4110=VECTOR('',#6891,1.);
#4111=VECTOR('',#6894,1.);
#4112=VECTOR('',#6895,1.);
#4113=VECTOR('',#6904,1.);
#4114=VECTOR('',#6905,1.);
#4115=VECTOR('',#6906,1.);
#4116=VECTOR('',#6907,1.);
#4117=VECTOR('',#6908,1.);
#4118=VECTOR('',#6909,1.);
#4119=VECTOR('',#6910,1.);
#4120=VECTOR('',#6913,1.);
#4121=VECTOR('',#6914,1.);
#4122=VECTOR('',#6915,1.);
#4123=VECTOR('',#6916,1.);
#4124=VECTOR('',#6917,1.);
#4125=VECTOR('',#6918,1.);
#4126=VECTOR('',#6919,1.);
#4127=VECTOR('',#6920,1.);
#4128=VECTOR('',#6921,1.);
#4129=VECTOR('',#6922,1.);
#4130=VECTOR('',#6923,1.);
#4131=VECTOR('',#6924,1.);
#4132=VECTOR('',#6925,1.);
#4133=VECTOR('',#6926,1.);
#4134=VECTOR('',#6927,1.);
#4135=VECTOR('',#6928,1.);
#4136=VECTOR('',#6929,1.);
#4137=VECTOR('',#6930,1.);
#4138=VECTOR('',#6931,1.);
#4139=VECTOR('',#6934,1.);
#4140=VECTOR('',#6937,1.);
#4141=VECTOR('',#6940,1.);
#4142=VECTOR('',#6943,1.);
#4143=VECTOR('',#6944,1.);
#4144=VECTOR('',#6945,1.);
#4145=VECTOR('',#6946,1.);
#4146=VECTOR('',#6947,1.);
#4147=VECTOR('',#6948,1.);
#4148=VECTOR('',#6949,1.);
#4149=VECTOR('',#6950,1.);
#4150=VECTOR('',#6953,1.);
#4151=VECTOR('',#6954,1.);
#4152=VECTOR('',#6955,1.);
#4153=VECTOR('',#6958,1.);
#4154=VECTOR('',#6959,1.);
#4155=VECTOR('',#6960,1.);
#4156=VECTOR('',#6961,1.);
#4157=VECTOR('',#6964,1.);
#4158=VECTOR('',#6967,1.);
#4159=VECTOR('',#6968,1.);
#4160=VECTOR('',#6979,1.);
#4161=VECTOR('',#6980,1.);
#4162=VECTOR('',#7043,1.);
#4163=VECTOR('',#7044,1.);
#4164=VECTOR('',#7095,1.);
#4165=VECTOR('',#7096,1.);
#4166=VECTOR('',#7097,1.);
#4167=VECTOR('',#7098,1.);
#4168=VECTOR('',#7101,1.);
#4169=VECTOR('',#7102,1.);
#4170=VECTOR('',#7103,1.);
#4171=VECTOR('',#7106,1.);
#4172=VECTOR('',#7107,1.);
#4173=VECTOR('',#7108,1.);
#4174=VECTOR('',#7111,1.);
#4175=VECTOR('',#7112,1.);
#4176=VECTOR('',#7113,1.);
#4177=VECTOR('',#7116,1.);
#4178=VECTOR('',#7117,1.);
#4179=VECTOR('',#7118,1.);
#4180=VECTOR('',#7121,1.);
#4181=VECTOR('',#7122,1.);
#4182=VECTOR('',#7131,1.);
#4183=VECTOR('',#7132,1.);
#4184=VECTOR('',#7133,1.);
#4185=VECTOR('',#7134,1.);
#4186=VECTOR('',#7135,1.);
#4187=VECTOR('',#7136,1.);
#4188=VECTOR('',#7137,1.);
#4189=VECTOR('',#7138,1.);
#4190=VECTOR('',#7139,1.);
#4191=VECTOR('',#7140,1.);
#4192=VECTOR('',#7141,1.);
#4193=VECTOR('',#7142,1.);
#4194=VECTOR('',#7145,1.);
#4195=VECTOR('',#7146,1.);
#4196=VECTOR('',#7147,1.);
#4197=VECTOR('',#7148,1.);
#4198=VECTOR('',#7149,1.);
#4199=VECTOR('',#7150,1.);
#4200=VECTOR('',#7151,1.);
#4201=VECTOR('',#7152,1.);
#4202=VECTOR('',#7153,1.);
#4203=VECTOR('',#7154,1.);
#4204=VECTOR('',#7155,1.);
#4205=VECTOR('',#7156,1.);
#4206=VECTOR('',#7159,1.);
#4207=VECTOR('',#7160,1.);
#4208=VECTOR('',#7163,1.);
#4209=VECTOR('',#7166,1.);
#4210=VECTOR('',#7169,1.);
#4211=VECTOR('',#7172,1.);
#4212=VECTOR('',#7175,1.);
#4213=VECTOR('',#7178,1.);
#4214=VECTOR('',#7183,1.);
#4215=VECTOR('',#7184,1.);
#4216=VECTOR('',#7187,1.);
#4217=VECTOR('',#7188,1.);
#4218=VECTOR('',#7191,1.);
#4219=VECTOR('',#7192,1.);
#4220=VECTOR('',#7199,1.);
#4221=VECTOR('',#7200,1.);
#4222=VECTOR('',#7201,1.);
#4223=VECTOR('',#7202,1.);
#4224=VECTOR('',#7203,1.);
#4225=VECTOR('',#7204,1.);
#4226=VECTOR('',#7205,1.);
#4227=VECTOR('',#7206,1.);
#4228=VECTOR('',#7207,1.);
#4229=VECTOR('',#7208,1.);
#4230=VECTOR('',#7209,1.);
#4231=VECTOR('',#7210,1.);
#4232=VECTOR('',#7213,1.);
#4233=VECTOR('',#7214,1.);
#4234=VECTOR('',#7215,1.);
#4235=VECTOR('',#7216,1.);
#4236=VECTOR('',#7217,1.);
#4237=VECTOR('',#7218,1.);
#4238=VECTOR('',#7219,1.);
#4239=VECTOR('',#7220,1.);
#4240=VECTOR('',#7221,1.);
#4241=VECTOR('',#7222,1.);
#4242=VECTOR('',#7223,1.);
#4243=VECTOR('',#7224,1.);
#4244=VECTOR('',#7227,1.);
#4245=VECTOR('',#7228,1.);
#4246=VECTOR('',#7231,1.);
#4247=VECTOR('',#7234,1.);
#4248=VECTOR('',#7237,1.);
#4249=VECTOR('',#7240,1.);
#4250=VECTOR('',#7243,1.);
#4251=VECTOR('',#7246,1.);
#4252=VECTOR('',#7251,1.);
#4253=VECTOR('',#7252,1.);
#4254=VECTOR('',#7255,1.);
#4255=VECTOR('',#7256,1.);
#4256=VECTOR('',#7259,1.);
#4257=VECTOR('',#7260,1.);
#4258=VECTOR('',#7267,1.);
#4259=VECTOR('',#7268,1.);
#4260=VECTOR('',#7269,1.);
#4261=VECTOR('',#7270,1.);
#4262=VECTOR('',#7273,1.);
#4263=VECTOR('',#7274,1.);
#4264=VECTOR('',#7275,1.);
#4265=VECTOR('',#7278,1.);
#4266=VECTOR('',#7279,1.);
#4267=VECTOR('',#7280,1.);
#4268=VECTOR('',#7283,1.);
#4269=VECTOR('',#7284,1.);
#4270=VECTOR('',#7285,1.);
#4271=VECTOR('',#7288,1.);
#4272=VECTOR('',#7289,1.);
#4273=VECTOR('',#7290,1.);
#4274=VECTOR('',#7293,1.);
#4275=VECTOR('',#7294,1.);
#4276=VECTOR('',#7295,1.);
#4277=VECTOR('',#7298,1.);
#4278=VECTOR('',#7299,1.);
#4279=VECTOR('',#7300,1.);
#4280=VECTOR('',#7303,1.);
#4281=VECTOR('',#7304,1.);
#4282=VECTOR('',#7305,1.);
#4283=VECTOR('',#7308,1.);
#4284=VECTOR('',#7309,1.);
#4285=VECTOR('',#7310,1.);
#4286=VECTOR('',#7313,1.);
#4287=VECTOR('',#7314,1.);
#4288=VECTOR('',#7315,1.);
#4289=VECTOR('',#7318,1.);
#4290=VECTOR('',#7319,1.);
#4291=VECTOR('',#7320,1.);
#4292=VECTOR('',#7323,1.);
#4293=VECTOR('',#7324,1.);
#4294=VECTOR('',#7335,1.);
#4295=VECTOR('',#7338,1.);
#4296=VECTOR('',#7343,1.);
#4297=VECTOR('',#7344,1.);
#4298=VECTOR('',#7345,1.);
#4299=VECTOR('',#7346,1.);
#4300=VECTOR('',#7351,1.);
#4301=VECTOR('',#7352,1.);
#4302=VECTOR('',#7365,1.);
#4303=VECTOR('',#7366,1.);
#4304=VECTOR('',#7367,1.);
#4305=VECTOR('',#7368,1.);
#4306=VECTOR('',#7373,1.);
#4307=VECTOR('',#7376,1.);
#4308=VECTOR('',#7389,1.);
#4309=VECTOR('',#7390,1.);
#4310=VECTOR('',#7397,1.);
#4311=VECTOR('',#7400,1.);
#4312=VECTOR('',#7405,1.);
#4313=VECTOR('',#7408,1.);
#4314=VECTOR('',#7411,1.);
#4315=VECTOR('',#7414,1.);
#4316=VECTOR('',#7417,1.);
#4317=VECTOR('',#7432,1.);
#4318=VECTOR('',#7439,1.);
#4319=VECTOR('',#7440,1.);
#4320=VECTOR('',#7441,1.);
#4321=VECTOR('',#7442,1.);
#4322=VECTOR('',#7445,1.);
#4323=VECTOR('',#7446,1.);
#4324=VECTOR('',#7447,1.);
#4325=VECTOR('',#7448,1.);
#4326=VECTOR('',#7451,1.);
#4327=VECTOR('',#7452,1.);
#4328=VECTOR('',#7453,1.);
#4329=VECTOR('',#7454,1.);
#4330=VECTOR('',#7457,1.);
#4331=VECTOR('',#7458,1.);
#4332=VECTOR('',#7459,1.);
#4333=VECTOR('',#7460,1.);
#4334=VECTOR('',#7463,1.);
#4335=VECTOR('',#7464,1.);
#4336=VECTOR('',#7465,1.);
#4337=VECTOR('',#7466,1.);
#4338=VECTOR('',#7469,1.);
#4339=VECTOR('',#7470,1.);
#4340=VECTOR('',#7471,1.);
#4341=VECTOR('',#7472,1.);
#4342=VECTOR('',#7475,1.);
#4343=VECTOR('',#7478,1.);
#4344=VECTOR('',#7481,1.);
#4345=VECTOR('',#7482,1.);
#4346=VECTOR('',#7483,1.);
#4347=VECTOR('',#7484,1.);
#4348=VECTOR('',#7487,1.);
#4349=VECTOR('',#7490,1.);
#4350=VECTOR('',#7491,1.);
#4351=VECTOR('',#7492,1.);
#4352=VECTOR('',#7493,1.);
#4353=VECTOR('',#7494,1.);
#4354=VECTOR('',#7499,1.);
#4355=VECTOR('',#7500,1.);
#4356=VECTOR('',#7501,1.);
#4357=VECTOR('',#7502,1.);
#4358=VECTOR('',#7505,1.);
#4359=VECTOR('',#7506,1.);
#4360=VECTOR('',#7507,1.);
#4361=VECTOR('',#7510,1.);
#4362=VECTOR('',#7511,1.);
#4363=VECTOR('',#7512,1.);
#4364=VECTOR('',#7513,1.);
#4365=VECTOR('',#7516,1.);
#4366=VECTOR('',#7517,1.);
#4367=VECTOR('',#7518,1.);
#4368=VECTOR('',#7521,1.);
#4369=VECTOR('',#7522,1.);
#4370=VECTOR('',#7523,1.);
#4371=VECTOR('',#7524,1.);
#4372=VECTOR('',#7527,1.);
#4373=VECTOR('',#7532,1.);
#4374=VECTOR('',#7533,1.);
#4375=VECTOR('',#7536,1.);
#4376=VECTOR('',#7539,1.);
#4377=VECTOR('',#7542,1.);
#4378=VECTOR('',#7543,1.);
#4379=VECTOR('',#7546,1.);
#4380=VECTOR('',#7549,1.);
#4381=VECTOR('',#7552,1.);
#4382=VECTOR('',#7553,1.);
#4383=VECTOR('',#7558,1.);
#4384=VECTOR('',#7559,1.);
#4385=VECTOR('',#7560,1.);
#4386=VECTOR('',#7567,1.);
#4387=VECTOR('',#7568,1.);
#4388=VECTOR('',#7569,1.);
#4389=VECTOR('',#7572,1.);
#4390=VECTOR('',#7577,1.);
#4391=VECTOR('',#7578,1.);
#4392=VECTOR('',#7579,1.);
#4393=VECTOR('',#7582,1.);
#4394=VECTOR('',#7585,1.);
#4395=VECTOR('',#7586,1.);
#4396=VECTOR('',#7587,1.);
#4397=VECTOR('',#7588,1.);
#4398=VECTOR('',#7589,1.);
#4399=VECTOR('',#7590,1.);
#4400=VECTOR('',#7591,1.);
#4401=VECTOR('',#7592,1.);
#4402=VECTOR('',#7595,1.);
#4403=VECTOR('',#7596,1.);
#4404=VECTOR('',#7597,1.);
#4405=VECTOR('',#7598,1.);
#4406=VECTOR('',#7599,1.);
#4407=VECTOR('',#7600,1.);
#4408=VECTOR('',#7601,1.);
#4409=VECTOR('',#7602,1.);
#4410=VECTOR('',#7607,1.);
#4411=VECTOR('',#7608,1.);
#4412=VECTOR('',#7609,1.);
#4413=VECTOR('',#7636,1.);
#4414=VECTOR('',#7637,1.);
#4415=VECTOR('',#7638,1.);
#4416=VECTOR('',#7683,1.);
#4417=VECTOR('',#7696,1.);
#4418=VECTOR('',#7733,1.);
#4419=VECTOR('',#7744,1.);
#4420=VECTOR('',#7767,1.);
#4421=VECTOR('',#7768,1.);
#4422=VECTOR('',#7769,1.);
#4423=VECTOR('',#7772,1.);
#4424=VECTOR('',#7773,1.);
#4425=VECTOR('',#7774,1.);
#4426=VECTOR('',#7777,1.);
#4427=VECTOR('',#7778,1.);
#4428=VECTOR('',#7779,1.);
#4429=VECTOR('',#7782,1.);
#4430=VECTOR('',#7783,1.);
#4431=VECTOR('',#7788,1.);
#4432=VECTOR('',#7793,1.);
#4433=VECTOR('',#7796,1.);
#4434=VECTOR('',#7799,1.);
#4435=VECTOR('',#7800,1.);
#4436=VECTOR('',#7801,1.);
#4437=VECTOR('',#7804,1.);
#4438=VECTOR('',#7805,1.);
#4439=VECTOR('',#7808,1.);
#4440=VECTOR('',#7809,1.);
#4441=VECTOR('',#7826,1.);
#4442=VECTOR('',#7827,1.);
#4443=VECTOR('',#7828,1.);
#4444=VECTOR('',#7831,1.);
#4445=VECTOR('',#7832,1.);
#4446=VECTOR('',#7833,1.);
#4447=VECTOR('',#7836,1.);
#4448=VECTOR('',#7837,1.);
#4449=VECTOR('',#7838,1.);
#4450=VECTOR('',#7841,1.);
#4451=VECTOR('',#7842,1.);
#4452=VECTOR('',#7845,1.);
#4453=VECTOR('',#7850,1.);
#4454=VECTOR('',#7855,1.);
#4455=VECTOR('',#7858,1.);
#4456=VECTOR('',#7859,1.);
#4457=VECTOR('',#7860,1.);
#4458=VECTOR('',#7863,1.);
#4459=VECTOR('',#7866,1.);
#4460=VECTOR('',#7867,1.);
#4461=VECTOR('',#7870,1.);
#4462=VECTOR('',#7885,1.);
#4463=VECTOR('',#7886,1.);
#4464=VECTOR('',#7887,1.);
#4465=VECTOR('',#7890,1.);
#4466=VECTOR('',#7891,1.);
#4467=VECTOR('',#7894,1.);
#4468=VECTOR('',#7895,1.);
#4469=VECTOR('',#7898,1.);
#4470=VECTOR('',#7903,1.);
#4471=VECTOR('',#7904,1.);
#4472=VECTOR('',#7905,1.);
#4473=VECTOR('',#7908,1.);
#4474=VECTOR('',#7909,1.);
#4475=VECTOR('',#7912,1.);
#4476=VECTOR('',#7913,1.);
#4477=VECTOR('',#7916,1.);
#4478=VECTOR('',#7921,1.);
#4479=VECTOR('',#7922,1.);
#4480=VECTOR('',#7923,1.);
#4481=VECTOR('',#7926,1.);
#4482=VECTOR('',#7927,1.);
#4483=VECTOR('',#7930,1.);
#4484=VECTOR('',#7931,1.);
#4485=VECTOR('',#7934,1.);
#4486=VECTOR('',#7941,1.);
#4487=VECTOR('',#7950,1.);
#4488=VECTOR('',#7951,1.);
#4489=VECTOR('',#7952,1.);
#4490=VECTOR('',#7953,1.);
#4491=VECTOR('',#7962,1.);
#4492=VECTOR('',#7965,1.);
#4493=VECTOR('',#7966,1.);
#4494=VECTOR('',#7967,1.);
#4495=VECTOR('',#7976,1.);
#4496=VECTOR('',#7977,1.);
#4497=VECTOR('',#7978,1.);
#4498=VECTOR('',#7989,1.);
#4499=VECTOR('',#8000,1.);
#4500=VECTOR('',#8005,1.);
#4501=VECTOR('',#8008,1.);
#4502=VECTOR('',#8021,1.);
#4503=VECTOR('',#8022,1.);
#4504=VECTOR('',#8025,1.);
#4505=VECTOR('',#8026,1.);
#4506=VECTOR('',#8027,1.);
#4507=VECTOR('',#8028,1.);
#4508=VECTOR('',#8029,1.);
#4509=VECTOR('',#8030,1.);
#4510=VECTOR('',#8031,1.);
#4511=VECTOR('',#8032,1.);
#4512=VECTOR('',#8033,1.);
#4513=VECTOR('',#8036,1.);
#4514=VECTOR('',#8037,1.);
#4515=VECTOR('',#8038,1.);
#4516=VECTOR('',#8039,1.);
#4517=VECTOR('',#8040,1.);
#4518=VECTOR('',#8041,1.);
#4519=VECTOR('',#8042,1.);
#4520=VECTOR('',#8051,1.);
#4521=VECTOR('',#8052,1.);
#4522=VECTOR('',#8053,1.);
#4523=VECTOR('',#8054,1.);
#4524=VECTOR('',#8057,1.);
#4525=VECTOR('',#8058,1.);
#4526=VECTOR('',#8059,1.);
#4527=VECTOR('',#8062,1.);
#4528=VECTOR('',#8063,1.);
#4529=VECTOR('',#8064,1.);
#4530=VECTOR('',#8067,1.);
#4531=VECTOR('',#8068,1.);
#4532=VECTOR('',#8069,1.);
#4533=VECTOR('',#8072,1.);
#4534=VECTOR('',#8073,1.);
#4535=VECTOR('',#8074,1.);
#4536=VECTOR('',#8077,1.);
#4537=VECTOR('',#8078,1.);
#4538=VECTOR('',#8079,1.);
#4539=VECTOR('',#8082,1.);
#4540=VECTOR('',#8083,1.);
#4541=VECTOR('',#8084,1.);
#4542=VECTOR('',#8087,1.);
#4543=VECTOR('',#8088,1.);
#4544=VECTOR('',#8089,1.);
#4545=VECTOR('',#8092,1.);
#4546=VECTOR('',#8093,1.);
#4547=VECTOR('',#8094,1.);
#4548=VECTOR('',#8097,1.);
#4549=VECTOR('',#8098,1.);
#4550=VECTOR('',#8099,1.);
#4551=VECTOR('',#8102,1.);
#4552=VECTOR('',#8103,1.);
#4553=VECTOR('',#8104,1.);
#4554=VECTOR('',#8107,1.);
#4555=VECTOR('',#8108,1.);
#4556=EDGE_LOOP('',(#575,#576,#577,#578,#579,#580,#581));
#4557=EDGE_LOOP('',(#582,#583,#584,#585,#586,#587,#588));
#4558=EDGE_LOOP('',(#589,#590,#591,#592,#593,#594,#595));
#4559=EDGE_LOOP('',(#596,#597,#598,#599,#600,#601,#602));
#4560=EDGE_LOOP('',(#603,#604,#605));
#4561=EDGE_LOOP('',(#606,#607));
#4562=EDGE_LOOP('',(#608,#609));
#4563=EDGE_LOOP('',(#610,#611));
#4564=EDGE_LOOP('',(#612,#613));
#4565=EDGE_LOOP('',(#614,#615,#616));
#4566=EDGE_LOOP('',(#617,#618,#619,#620));
#4567=EDGE_LOOP('',(#621,#622,#623));
#4568=EDGE_LOOP('',(#624,#625,#626,#627));
#4569=EDGE_LOOP('',(#628,#629,#630));
#4570=EDGE_LOOP('',(#631,#632));
#4571=EDGE_LOOP('',(#633,#634));
#4572=EDGE_LOOP('',(#635,#636));
#4573=EDGE_LOOP('',(#637,#638));
#4574=EDGE_LOOP('',(#639,#640,#641,#642));
#4575=EDGE_LOOP('',(#643,#644,#645,#646));
#4576=EDGE_LOOP('',(#647,#648,#649,#650));
#4577=EDGE_LOOP('',(#651,#652,#653,#654));
#4578=EDGE_LOOP('',(#655,#656,#657,#658));
#4579=EDGE_LOOP('',(#659,#660,#661,#662));
#4580=EDGE_LOOP('',(#663,#664,#665,#666));
#4581=EDGE_LOOP('',(#667,#668,#669,#670));
#4582=EDGE_LOOP('',(#671,#672,#673));
#4583=EDGE_LOOP('',(#674,#675));
#4584=EDGE_LOOP('',(#676,#677,#678));
#4585=EDGE_LOOP('',(#679,#680,#681));
#4586=EDGE_LOOP('',(#682,#683));
#4587=EDGE_LOOP('',(#684,#685,#686));
#4588=EDGE_LOOP('',(#687,#688,#689,#690));
#4589=EDGE_LOOP('',(#691,#692,#693,#694,#695,#696,#697,#698,#699,#700,#701,
#702,#703,#704,#705));
#4590=EDGE_LOOP('',(#706,#707,#708,#709,#710,#711,#712,#713,#714,#715,#716,
#717,#718,#719,#720));
#4591=EDGE_LOOP('',(#721,#722,#723,#724));
#4592=EDGE_LOOP('',(#725,#726,#727,#728));
#4593=EDGE_LOOP('',(#729,#730,#731,#732));
#4594=EDGE_LOOP('',(#733,#734,#735,#736));
#4595=EDGE_LOOP('',(#737,#738,#739,#740));
#4596=EDGE_LOOP('',(#741,#742,#743,#744));
#4597=EDGE_LOOP('',(#745,#746,#747,#748));
#4598=EDGE_LOOP('',(#749,#750,#751,#752));
#4599=EDGE_LOOP('',(#753,#754,#755,#756));
#4600=EDGE_LOOP('',(#757,#758,#759,#760));
#4601=EDGE_LOOP('',(#761,#762,#763,#764));
#4602=EDGE_LOOP('',(#765,#766,#767,#768));
#4603=EDGE_LOOP('',(#769,#770,#771,#772,#773,#774,#775,#776,#777,#778,#779,
#780));
#4604=EDGE_LOOP('',(#781,#782,#783,#784,#785,#786,#787,#788,#789,#790,#791,
#792));
#4605=EDGE_LOOP('',(#793,#794,#795,#796,#797,#798,#799,#800,#801,#802,#803,
#804,#805,#806,#807,#808,#809,#810,#811,#812,#813,#814,#815,#816,#817,#818,
#819,#820,#821,#822,#823,#824,#825));
#4606=EDGE_LOOP('',(#826,#827));
#4607=EDGE_LOOP('',(#828,#829,#830,#831,#832,#833,#834,#835,#836,#837,#838,
#839,#840,#841,#842,#843,#844,#845,#846,#847,#848,#849,#850,#851,#852,#853,
#854,#855,#856,#857,#858,#859,#860));
#4608=EDGE_LOOP('',(#861,#862));
#4609=EDGE_LOOP('',(#863,#864,#865,#866));
#4610=EDGE_LOOP('',(#867,#868,#869,#870));
#4611=EDGE_LOOP('',(#871,#872,#873,#874));
#4612=EDGE_LOOP('',(#875,#876,#877,#878));
#4613=EDGE_LOOP('',(#879,#880,#881,#882));
#4614=EDGE_LOOP('',(#883,#884,#885,#886));
#4615=EDGE_LOOP('',(#887,#888,#889,#890));
#4616=EDGE_LOOP('',(#891,#892,#893,#894));
#4617=EDGE_LOOP('',(#895,#896,#897,#898));
#4618=EDGE_LOOP('',(#899,#900,#901,#902));
#4619=EDGE_LOOP('',(#903,#904,#905,#906));
#4620=EDGE_LOOP('',(#907,#908,#909,#910));
#4621=EDGE_LOOP('',(#911,#912,#913,#914));
#4622=EDGE_LOOP('',(#915,#916,#917,#918));
#4623=EDGE_LOOP('',(#919,#920,#921,#922));
#4624=EDGE_LOOP('',(#923,#924,#925,#926));
#4625=EDGE_LOOP('',(#927,#928,#929,#930));
#4626=EDGE_LOOP('',(#931,#932,#933,#934));
#4627=EDGE_LOOP('',(#935,#936,#937,#938));
#4628=EDGE_LOOP('',(#939,#940,#941,#942));
#4629=EDGE_LOOP('',(#943,#944,#945,#946));
#4630=EDGE_LOOP('',(#947,#948,#949,#950));
#4631=EDGE_LOOP('',(#951,#952,#953,#954));
#4632=EDGE_LOOP('',(#955,#956,#957,#958));
#4633=EDGE_LOOP('',(#959,#960,#961,#962));
#4634=EDGE_LOOP('',(#963,#964,#965,#966));
#4635=EDGE_LOOP('',(#967,#968,#969,#970));
#4636=EDGE_LOOP('',(#971,#972,#973,#974));
#4637=EDGE_LOOP('',(#975,#976,#977,#978));
#4638=EDGE_LOOP('',(#979,#980,#981,#982));
#4639=EDGE_LOOP('',(#983,#984,#985,#986));
#4640=EDGE_LOOP('',(#987,#988,#989,#990));
#4641=EDGE_LOOP('',(#991,#992,#993,#994));
#4642=EDGE_LOOP('',(#995,#996,#997,#998));
#4643=EDGE_LOOP('',(#999,#1000,#1001,#1002));
#4644=EDGE_LOOP('',(#1003,#1004));
#4645=EDGE_LOOP('',(#1005,#1006));
#4646=EDGE_LOOP('',(#1007,#1008));
#4647=EDGE_LOOP('',(#1009,#1010));
#4648=EDGE_LOOP('',(#1011,#1012,#1013));
#4649=EDGE_LOOP('',(#1014,#1015,#1016,#1017));
#4650=EDGE_LOOP('',(#1018,#1019,#1020,#1021));
#4651=EDGE_LOOP('',(#1022,#1023,#1024));
#4652=EDGE_LOOP('',(#1025,#1026));
#4653=EDGE_LOOP('',(#1027,#1028,#1029));
#4654=EDGE_LOOP('',(#1030,#1031,#1032));
#4655=EDGE_LOOP('',(#1033,#1034));
#4656=EDGE_LOOP('',(#1035,#1036));
#4657=EDGE_LOOP('',(#1037,#1038));
#4658=EDGE_LOOP('',(#1039,#1040));
#4659=EDGE_LOOP('',(#1041,#1042));
#4660=EDGE_LOOP('',(#1043,#1044));
#4661=EDGE_LOOP('',(#1045,#1046,#1047));
#4662=EDGE_LOOP('',(#1048,#1049,#1050));
#4663=EDGE_LOOP('',(#1051,#1052));
#4664=EDGE_LOOP('',(#1053,#1054));
#4665=EDGE_LOOP('',(#1055,#1056,#1057,#1058,#1059,#1060,#1061,#1062,#1063,
#1064,#1065,#1066,#1067,#1068,#1069,#1070,#1071,#1072,#1073,#1074,#1075));
#4666=EDGE_LOOP('',(#1076,#1077,#1078,#1079,#1080,#1081,#1082,#1083,#1084,
#1085,#1086,#1087,#1088,#1089,#1090,#1091,#1092,#1093,#1094,#1095,#1096));
#4667=EDGE_LOOP('',(#1097,#1098,#1099,#1100));
#4668=EDGE_LOOP('',(#1101,#1102,#1103,#1104));
#4669=EDGE_LOOP('',(#1105,#1106,#1107,#1108));
#4670=EDGE_LOOP('',(#1109,#1110,#1111,#1112));
#4671=EDGE_LOOP('',(#1113,#1114,#1115,#1116));
#4672=EDGE_LOOP('',(#1117,#1118,#1119,#1120));
#4673=EDGE_LOOP('',(#1121,#1122,#1123,#1124,#1125,#1126));
#4674=EDGE_LOOP('',(#1127,#1128,#1129,#1130,#1131,#1132));
#4675=EDGE_LOOP('',(#1133,#1134,#1135,#1136,#1137,#1138,#1139,#1140));
#4676=EDGE_LOOP('',(#1141,#1142,#1143,#1144,#1145,#1146));
#4677=EDGE_LOOP('',(#1147,#1148,#1149,#1150,#1151,#1152,#1153,#1154));
#4678=EDGE_LOOP('',(#1155,#1156,#1157,#1158,#1159,#1160));
#4679=EDGE_LOOP('',(#1161,#1162,#1163,#1164));
#4680=EDGE_LOOP('',(#1165,#1166,#1167,#1168));
#4681=EDGE_LOOP('',(#1169,#1170,#1171,#1172));
#4682=EDGE_LOOP('',(#1173,#1174,#1175,#1176));
#4683=EDGE_LOOP('',(#1177,#1178,#1179,#1180));
#4684=EDGE_LOOP('',(#1181,#1182,#1183,#1184));
#4685=EDGE_LOOP('',(#1185,#1186,#1187,#1188));
#4686=EDGE_LOOP('',(#1189,#1190,#1191,#1192));
#4687=EDGE_LOOP('',(#1193,#1194,#1195,#1196));
#4688=EDGE_LOOP('',(#1197,#1198,#1199,#1200));
#4689=EDGE_LOOP('',(#1201,#1202,#1203,#1204));
#4690=EDGE_LOOP('',(#1205,#1206,#1207,#1208));
#4691=EDGE_LOOP('',(#1209,#1210,#1211,#1212));
#4692=EDGE_LOOP('',(#1213,#1214,#1215,#1216));
#4693=EDGE_LOOP('',(#1217,#1218,#1219,#1220,#1221,#1222,#1223,#1224));
#4694=EDGE_LOOP('',(#1225,#1226,#1227,#1228,#1229,#1230));
#4695=EDGE_LOOP('',(#1231,#1232,#1233,#1234,#1235,#1236,#1237,#1238));
#4696=EDGE_LOOP('',(#1239,#1240,#1241,#1242,#1243,#1244));
#4697=EDGE_LOOP('',(#1245,#1246,#1247,#1248));
#4698=EDGE_LOOP('',(#1249,#1250,#1251,#1252));
#4699=EDGE_LOOP('',(#1253,#1254,#1255,#1256));
#4700=EDGE_LOOP('',(#1257,#1258,#1259,#1260));
#4701=EDGE_LOOP('',(#1261,#1262,#1263,#1264));
#4702=EDGE_LOOP('',(#1265,#1266,#1267,#1268));
#4703=EDGE_LOOP('',(#1269,#1270,#1271,#1272));
#4704=EDGE_LOOP('',(#1273,#1274,#1275,#1276));
#4705=EDGE_LOOP('',(#1277,#1278,#1279,#1280));
#4706=EDGE_LOOP('',(#1281,#1282,#1283,#1284));
#4707=EDGE_LOOP('',(#1285,#1286,#1287,#1288));
#4708=EDGE_LOOP('',(#1289,#1290,#1291,#1292));
#4709=EDGE_LOOP('',(#1293,#1294,#1295,#1296));
#4710=EDGE_LOOP('',(#1297,#1298,#1299,#1300));
#4711=EDGE_LOOP('',(#1301,#1302,#1303,#1304));
#4712=EDGE_LOOP('',(#1305,#1306,#1307,#1308));
#4713=EDGE_LOOP('',(#1309,#1310,#1311,#1312));
#4714=EDGE_LOOP('',(#1313,#1314,#1315,#1316));
#4715=EDGE_LOOP('',(#1317,#1318,#1319,#1320));
#4716=EDGE_LOOP('',(#1321,#1322,#1323,#1324));
#4717=EDGE_LOOP('',(#1325,#1326,#1327,#1328));
#4718=EDGE_LOOP('',(#1329,#1330,#1331,#1332));
#4719=EDGE_LOOP('',(#1333,#1334,#1335,#1336));
#4720=EDGE_LOOP('',(#1337,#1338,#1339,#1340));
#4721=EDGE_LOOP('',(#1341,#1342,#1343,#1344));
#4722=EDGE_LOOP('',(#1345,#1346,#1347,#1348));
#4723=EDGE_LOOP('',(#1349,#1350,#1351,#1352,#1353,#1354,#1355,#1356,#1357,
#1358,#1359,#1360));
#4724=EDGE_LOOP('',(#1361,#1362,#1363,#1364,#1365,#1366,#1367,#1368,#1369,
#1370,#1371,#1372));
#4725=EDGE_LOOP('',(#1373,#1374,#1375,#1376,#1377,#1378,#1379,#1380,#1381,
#1382,#1383,#1384,#1385,#1386));
#4726=EDGE_LOOP('',(#1387,#1388,#1389,#1390,#1391,#1392,#1393,#1394));
#4727=EDGE_LOOP('',(#1395,#1396,#1397,#1398,#1399,#1400,#1401,#1402,#1403,
#1404,#1405,#1406,#1407,#1408));
#4728=EDGE_LOOP('',(#1409,#1410,#1411,#1412,#1413,#1414,#1415,#1416));
#4729=EDGE_LOOP('',(#1417,#1418));
#4730=EDGE_LOOP('',(#1419,#1420));
#4731=EDGE_LOOP('',(#1421,#1422));
#4732=EDGE_LOOP('',(#1423,#1424,#1425));
#4733=EDGE_LOOP('',(#1426,#1427,#1428,#1429));
#4734=EDGE_LOOP('',(#1430,#1431,#1432,#1433));
#4735=EDGE_LOOP('',(#1434,#1435,#1436));
#4736=EDGE_LOOP('',(#1437,#1438));
#4737=EDGE_LOOP('',(#1439,#1440,#1441));
#4738=EDGE_LOOP('',(#1442,#1443,#1444,#1445));
#4739=EDGE_LOOP('',(#1446,#1447,#1448,#1449));
#4740=EDGE_LOOP('',(#1450,#1451,#1452,#1453));
#4741=EDGE_LOOP('',(#1454,#1455,#1456,#1457));
#4742=EDGE_LOOP('',(#1458,#1459,#1460));
#4743=EDGE_LOOP('',(#1461,#1462));
#4744=EDGE_LOOP('',(#1463,#1464));
#4745=EDGE_LOOP('',(#1465,#1466,#1467));
#4746=EDGE_LOOP('',(#1468,#1469,#1470,#1471));
#4747=EDGE_LOOP('',(#1472,#1473,#1474));
#4748=EDGE_LOOP('',(#1475,#1476));
#4749=EDGE_LOOP('',(#1477,#1478,#1479));
#4750=EDGE_LOOP('',(#1480,#1481,#1482));
#4751=EDGE_LOOP('',(#1483,#1484,#1485,#1486));
#4752=EDGE_LOOP('',(#1487,#1488,#1489,#1490));
#4753=EDGE_LOOP('',(#1491,#1492,#1493,#1494));
#4754=EDGE_LOOP('',(#1495,#1496,#1497,#1498));
#4755=EDGE_LOOP('',(#1499,#1500,#1501,#1502));
#4756=EDGE_LOOP('',(#1503,#1504,#1505,#1506));
#4757=EDGE_LOOP('',(#1507,#1508,#1509,#1510,#1511,#1512,#1513,#1514,#1515,
#1516));
#4758=EDGE_LOOP('',(#1517,#1518,#1519,#1520,#1521,#1522,#1523,#1524,#1525,
#1526));
#4759=EDGE_LOOP('',(#1527,#1528,#1529,#1530));
#4760=EDGE_LOOP('',(#1531,#1532,#1533,#1534));
#4761=EDGE_LOOP('',(#1535,#1536,#1537,#1538));
#4762=EDGE_LOOP('',(#1539,#1540,#1541,#1542));
#4763=EDGE_LOOP('',(#1543,#1544,#1545,#1546));
#4764=EDGE_LOOP('',(#1547,#1548,#1549,#1550,#1551,#1552));
#4765=EDGE_LOOP('',(#1553,#1554,#1555,#1556,#1557,#1558,#1559,#1560));
#4766=EDGE_LOOP('',(#1561,#1562,#1563,#1564,#1565,#1566,#1567,#1568));
#4767=EDGE_LOOP('',(#1569,#1570,#1571,#1572,#1573,#1574));
#4768=EDGE_LOOP('',(#1575,#1576,#1577,#1578,#1579,#1580,#1581,#1582));
#4769=EDGE_LOOP('',(#1583,#1584,#1585,#1586,#1587,#1588,#1589,#1590));
#4770=EDGE_LOOP('',(#1591,#1592,#1593,#1594,#1595,#1596,#1597,#1598));
#4771=EDGE_LOOP('',(#1599,#1600,#1601,#1602,#1603,#1604,#1605,#1606));
#4772=EDGE_LOOP('',(#1607,#1608,#1609,#1610,#1611,#1612,#1613,#1614,#1615,
#1616));
#4773=EDGE_LOOP('',(#1617,#1618,#1619,#1620));
#4774=EDGE_LOOP('',(#1621,#1622,#1623));
#4775=EDGE_LOOP('',(#1624,#1625,#1626));
#4776=EDGE_LOOP('',(#1627,#1628,#1629,#1630));
#4777=EDGE_LOOP('',(#1631,#1632,#1633,#1634,#1635,#1636,#1637,#1638,#1639,
#1640));
#4778=EDGE_LOOP('',(#1641,#1642,#1643));
#4779=EDGE_LOOP('',(#1644,#1645,#1646,#1647));
#4780=EDGE_LOOP('',(#1648,#1649,#1650,#1651));
#4781=EDGE_LOOP('',(#1652,#1653,#1654));
#4782=EDGE_LOOP('',(#1655,#1656,#1657,#1658));
#4783=EDGE_LOOP('',(#1659,#1660,#1661,#1662,#1663,#1664,#1665,#1666));
#4784=EDGE_LOOP('',(#1667,#1668,#1669,#1670,#1671,#1672,#1673,#1674));
#4785=EDGE_LOOP('',(#1675,#1676,#1677,#1678));
#4786=EDGE_LOOP('',(#1679,#1680,#1681,#1682,#1683,#1684,#1685,#1686));
#4787=EDGE_LOOP('',(#1687,#1688,#1689,#1690));
#4788=EDGE_LOOP('',(#1691,#1692,#1693,#1694));
#4789=EDGE_LOOP('',(#1695,#1696,#1697,#1698,#1699,#1700,#1701,#1702));
#4790=EDGE_LOOP('',(#1703,#1704,#1705,#1706));
#4791=EDGE_LOOP('',(#1707,#1708,#1709,#1710,#1711,#1712));
#4792=EDGE_LOOP('',(#1713,#1714,#1715));
#4793=EDGE_LOOP('',(#1716,#1717,#1718));
#4794=EDGE_LOOP('',(#1719,#1720,#1721,#1722,#1723,#1724));
#4795=EDGE_LOOP('',(#1725,#1726,#1727,#1728));
#4796=EDGE_LOOP('',(#1729,#1730,#1731));
#4797=EDGE_LOOP('',(#1732,#1733,#1734,#1735));
#4798=EDGE_LOOP('',(#1736,#1737,#1738,#1739));
#4799=EDGE_LOOP('',(#1740,#1741,#1742));
#4800=EDGE_LOOP('',(#1743,#1744,#1745,#1746));
#4801=EDGE_LOOP('',(#1747,#1748,#1749,#1750));
#4802=EDGE_LOOP('',(#1751,#1752,#1753,#1754));
#4803=EDGE_LOOP('',(#1755,#1756,#1757,#1758));
#4804=EDGE_LOOP('',(#1759,#1760,#1761,#1762));
#4805=EDGE_LOOP('',(#1763,#1764,#1765,#1766));
#4806=EDGE_LOOP('',(#1767,#1768,#1769,#1770));
#4807=EDGE_LOOP('',(#1771,#1772,#1773));
#4808=EDGE_LOOP('',(#1774,#1775,#1776));
#4809=EDGE_LOOP('',(#1777,#1778,#1779,#1780));
#4810=EDGE_LOOP('',(#1781,#1782,#1783,#1784));
#4811=EDGE_LOOP('',(#1785,#1786,#1787,#1788));
#4812=EDGE_LOOP('',(#1789,#1790,#1791,#1792));
#4813=EDGE_LOOP('',(#1793,#1794,#1795));
#4814=EDGE_LOOP('',(#1796,#1797,#1798));
#4815=EDGE_LOOP('',(#1799,#1800,#1801,#1802));
#4816=EDGE_LOOP('',(#1803,#1804,#1805,#1806));
#4817=EDGE_LOOP('',(#1807,#1808,#1809,#1810,#1811));
#4818=EDGE_LOOP('',(#1812,#1813,#1814,#1815));
#4819=EDGE_LOOP('',(#1816,#1817,#1818,#1819,#1820));
#4820=EDGE_LOOP('',(#1821,#1822,#1823));
#4821=EDGE_LOOP('',(#1824,#1825,#1826,#1827));
#4822=EDGE_LOOP('',(#1828,#1829,#1830));
#4823=EDGE_LOOP('',(#1831,#1832,#1833,#1834));
#4824=EDGE_LOOP('',(#1835,#1836,#1837,#1838));
#4825=EDGE_LOOP('',(#1839,#1840,#1841,#1842));
#4826=EDGE_LOOP('',(#1843,#1844,#1845,#1846));
#4827=EDGE_LOOP('',(#1847,#1848,#1849));
#4828=EDGE_LOOP('',(#1850,#1851,#1852,#1853));
#4829=EDGE_LOOP('',(#1854,#1855,#1856));
#4830=EDGE_LOOP('',(#1857,#1858,#1859,#1860));
#4831=EDGE_LOOP('',(#1861,#1862,#1863,#1864));
#4832=EDGE_LOOP('',(#1865,#1866,#1867,#1868,#1869));
#4833=EDGE_LOOP('',(#1870,#1871,#1872,#1873,#1874));
#4834=EDGE_LOOP('',(#1875,#1876,#1877,#1878));
#4835=EDGE_LOOP('',(#1879,#1880,#1881));
#4836=EDGE_LOOP('',(#1882,#1883,#1884));
#4837=EDGE_LOOP('',(#1885,#1886,#1887,#1888));
#4838=EDGE_LOOP('',(#1889,#1890,#1891,#1892));
#4839=EDGE_LOOP('',(#1893,#1894,#1895,#1896));
#4840=EDGE_LOOP('',(#1897,#1898,#1899,#1900));
#4841=EDGE_LOOP('',(#1901,#1902,#1903,#1904));
#4842=EDGE_LOOP('',(#1905,#1906,#1907));
#4843=EDGE_LOOP('',(#1908,#1909,#1910));
#4844=EDGE_LOOP('',(#1911,#1912,#1913,#1914));
#4845=EDGE_LOOP('',(#1915,#1916,#1917,#1918));
#4846=EDGE_LOOP('',(#1919,#1920,#1921,#1922));
#4847=EDGE_LOOP('',(#1923,#1924,#1925,#1926));
#4848=EDGE_LOOP('',(#1927,#1928,#1929,#1930));
#4849=EDGE_LOOP('',(#1931,#1932,#1933,#1934));
#4850=EDGE_LOOP('',(#1935,#1936,#1937,#1938));
#4851=EDGE_LOOP('',(#1939,#1940,#1941,#1942));
#4852=EDGE_LOOP('',(#1943,#1944,#1945,#1946));
#4853=EDGE_LOOP('',(#1947,#1948,#1949,#1950));
#4854=EDGE_LOOP('',(#1951,#1952,#1953,#1954));
#4855=EDGE_LOOP('',(#1955,#1956,#1957,#1958));
#4856=EDGE_LOOP('',(#1959,#1960,#1961,#1962));
#4857=EDGE_LOOP('',(#1963,#1964,#1965,#1966));
#4858=EDGE_LOOP('',(#1967,#1968,#1969,#1970));
#4859=EDGE_LOOP('',(#1971,#1972,#1973,#1974));
#4860=EDGE_LOOP('',(#1975,#1976,#1977,#1978));
#4861=EDGE_LOOP('',(#1979,#1980,#1981,#1982,#1983,#1984,#1985));
#4862=EDGE_LOOP('',(#1986,#1987,#1988,#1989,#1990,#1991,#1992));
#4863=EDGE_LOOP('',(#1993,#1994,#1995,#1996,#1997,#1998,#1999));
#4864=EDGE_LOOP('',(#2000,#2001,#2002,#2003,#2004,#2005,#2006));
#4865=EDGE_LOOP('',(#2007,#2008,#2009));
#4866=EDGE_LOOP('',(#2010,#2011));
#4867=EDGE_LOOP('',(#2012,#2013));
#4868=EDGE_LOOP('',(#2014,#2015));
#4869=EDGE_LOOP('',(#2016,#2017));
#4870=EDGE_LOOP('',(#2018,#2019,#2020));
#4871=EDGE_LOOP('',(#2021,#2022,#2023,#2024));
#4872=EDGE_LOOP('',(#2025,#2026,#2027));
#4873=EDGE_LOOP('',(#2028,#2029,#2030,#2031));
#4874=EDGE_LOOP('',(#2032,#2033,#2034));
#4875=EDGE_LOOP('',(#2035,#2036));
#4876=EDGE_LOOP('',(#2037,#2038));
#4877=EDGE_LOOP('',(#2039,#2040));
#4878=EDGE_LOOP('',(#2041,#2042));
#4879=EDGE_LOOP('',(#2043,#2044,#2045,#2046));
#4880=EDGE_LOOP('',(#2047,#2048,#2049,#2050));
#4881=EDGE_LOOP('',(#2051,#2052,#2053,#2054));
#4882=EDGE_LOOP('',(#2055,#2056,#2057,#2058));
#4883=EDGE_LOOP('',(#2059,#2060,#2061,#2062));
#4884=EDGE_LOOP('',(#2063,#2064,#2065,#2066));
#4885=EDGE_LOOP('',(#2067,#2068,#2069,#2070));
#4886=EDGE_LOOP('',(#2071,#2072,#2073,#2074));
#4887=EDGE_LOOP('',(#2075,#2076,#2077,#2078));
#4888=EDGE_LOOP('',(#2079,#2080,#2081,#2082));
#4889=EDGE_LOOP('',(#2083,#2084,#2085,#2086));
#4890=EDGE_LOOP('',(#2087,#2088,#2089,#2090));
#4891=EDGE_LOOP('',(#2091,#2092,#2093,#2094));
#4892=EDGE_LOOP('',(#2095,#2096,#2097,#2098));
#4893=EDGE_LOOP('',(#2099,#2100,#2101,#2102,#2103,#2104,#2105,#2106,#2107,
#2108,#2109,#2110,#2111,#2112));
#4894=EDGE_LOOP('',(#2113,#2114,#2115,#2116,#2117,#2118,#2119,#2120,#2121,
#2122,#2123,#2124,#2125,#2126));
#4895=EDGE_LOOP('',(#2127,#2128,#2129,#2130));
#4896=EDGE_LOOP('',(#2131,#2132,#2133,#2134));
#4897=EDGE_LOOP('',(#2135,#2136,#2137,#2138));
#4898=EDGE_LOOP('',(#2139,#2140,#2141,#2142));
#4899=EDGE_LOOP('',(#2143,#2144,#2145,#2146));
#4900=EDGE_LOOP('',(#2147,#2148,#2149,#2150));
#4901=EDGE_LOOP('',(#2151,#2152,#2153,#2154));
#4902=EDGE_LOOP('',(#2155,#2156,#2157,#2158));
#4903=EDGE_LOOP('',(#2159,#2160,#2161,#2162));
#4904=EDGE_LOOP('',(#2163,#2164,#2165,#2166));
#4905=EDGE_LOOP('',(#2167,#2168,#2169,#2170));
#4906=EDGE_LOOP('',(#2171,#2172,#2173,#2174));
#4907=EDGE_LOOP('',(#2175,#2176,#2177,#2178,#2179,#2180,#2181,#2182,#2183,
#2184,#2185,#2186));
#4908=EDGE_LOOP('',(#2187,#2188,#2189,#2190,#2191,#2192,#2193,#2194,#2195,
#2196,#2197,#2198));
#4909=FACE_BOUND('',#4556,.T.);
#4910=FACE_BOUND('',#4557,.T.);
#4911=FACE_BOUND('',#4558,.T.);
#4912=FACE_BOUND('',#4559,.T.);
#4913=FACE_BOUND('',#4560,.T.);
#4914=FACE_BOUND('',#4561,.T.);
#4915=FACE_BOUND('',#4562,.T.);
#4916=FACE_BOUND('',#4563,.T.);
#4917=FACE_BOUND('',#4564,.T.);
#4918=FACE_BOUND('',#4565,.T.);
#4919=FACE_BOUND('',#4566,.T.);
#4920=FACE_BOUND('',#4567,.T.);
#4921=FACE_BOUND('',#4568,.T.);
#4922=FACE_BOUND('',#4569,.T.);
#4923=FACE_BOUND('',#4570,.T.);
#4924=FACE_BOUND('',#4571,.T.);
#4925=FACE_BOUND('',#4572,.T.);
#4926=FACE_BOUND('',#4573,.T.);
#4927=FACE_BOUND('',#4574,.T.);
#4928=FACE_BOUND('',#4575,.T.);
#4929=FACE_BOUND('',#4576,.T.);
#4930=FACE_BOUND('',#4577,.T.);
#4931=FACE_BOUND('',#4578,.T.);
#4932=FACE_BOUND('',#4579,.T.);
#4933=FACE_BOUND('',#4580,.T.);
#4934=FACE_BOUND('',#4581,.T.);
#4935=FACE_BOUND('',#4582,.T.);
#4936=FACE_BOUND('',#4583,.T.);
#4937=FACE_BOUND('',#4584,.T.);
#4938=FACE_BOUND('',#4585,.T.);
#4939=FACE_BOUND('',#4586,.T.);
#4940=FACE_BOUND('',#4587,.T.);
#4941=FACE_BOUND('',#4588,.T.);
#4942=FACE_BOUND('',#4589,.T.);
#4943=FACE_BOUND('',#4590,.T.);
#4944=FACE_BOUND('',#4591,.T.);
#4945=FACE_BOUND('',#4592,.T.);
#4946=FACE_BOUND('',#4593,.T.);
#4947=FACE_BOUND('',#4594,.T.);
#4948=FACE_BOUND('',#4595,.T.);
#4949=FACE_BOUND('',#4596,.T.);
#4950=FACE_BOUND('',#4597,.T.);
#4951=FACE_BOUND('',#4598,.T.);
#4952=FACE_BOUND('',#4599,.T.);
#4953=FACE_BOUND('',#4600,.T.);
#4954=FACE_BOUND('',#4601,.T.);
#4955=FACE_BOUND('',#4602,.T.);
#4956=FACE_BOUND('',#4603,.T.);
#4957=FACE_BOUND('',#4604,.T.);
#4958=FACE_BOUND('',#4605,.T.);
#4959=FACE_BOUND('',#4606,.T.);
#4960=FACE_BOUND('',#4607,.T.);
#4961=FACE_BOUND('',#4608,.T.);
#4962=FACE_BOUND('',#4609,.T.);
#4963=FACE_BOUND('',#4610,.T.);
#4964=FACE_BOUND('',#4611,.T.);
#4965=FACE_BOUND('',#4612,.T.);
#4966=FACE_BOUND('',#4613,.T.);
#4967=FACE_BOUND('',#4614,.T.);
#4968=FACE_BOUND('',#4615,.T.);
#4969=FACE_BOUND('',#4616,.T.);
#4970=FACE_BOUND('',#4617,.T.);
#4971=FACE_BOUND('',#4618,.T.);
#4972=FACE_BOUND('',#4619,.T.);
#4973=FACE_BOUND('',#4620,.T.);
#4974=FACE_BOUND('',#4621,.T.);
#4975=FACE_BOUND('',#4622,.T.);
#4976=FACE_BOUND('',#4623,.T.);
#4977=FACE_BOUND('',#4624,.T.);
#4978=FACE_BOUND('',#4625,.T.);
#4979=FACE_BOUND('',#4626,.T.);
#4980=FACE_BOUND('',#4627,.T.);
#4981=FACE_BOUND('',#4628,.T.);
#4982=FACE_BOUND('',#4629,.T.);
#4983=FACE_BOUND('',#4630,.T.);
#4984=FACE_BOUND('',#4631,.T.);
#4985=FACE_BOUND('',#4632,.T.);
#4986=FACE_BOUND('',#4633,.T.);
#4987=FACE_BOUND('',#4634,.T.);
#4988=FACE_BOUND('',#4635,.T.);
#4989=FACE_BOUND('',#4636,.T.);
#4990=FACE_BOUND('',#4637,.T.);
#4991=FACE_BOUND('',#4638,.T.);
#4992=FACE_BOUND('',#4639,.T.);
#4993=FACE_BOUND('',#4640,.T.);
#4994=FACE_BOUND('',#4641,.T.);
#4995=FACE_BOUND('',#4642,.T.);
#4996=FACE_BOUND('',#4643,.T.);
#4997=FACE_BOUND('',#4644,.T.);
#4998=FACE_BOUND('',#4645,.T.);
#4999=FACE_BOUND('',#4646,.T.);
#5000=FACE_BOUND('',#4647,.T.);
#5001=FACE_BOUND('',#4648,.T.);
#5002=FACE_BOUND('',#4649,.T.);
#5003=FACE_BOUND('',#4650,.T.);
#5004=FACE_BOUND('',#4651,.T.);
#5005=FACE_BOUND('',#4652,.T.);
#5006=FACE_BOUND('',#4653,.T.);
#5007=FACE_BOUND('',#4654,.T.);
#5008=FACE_BOUND('',#4655,.T.);
#5009=FACE_BOUND('',#4656,.T.);
#5010=FACE_BOUND('',#4657,.T.);
#5011=FACE_BOUND('',#4658,.T.);
#5012=FACE_BOUND('',#4659,.T.);
#5013=FACE_BOUND('',#4660,.T.);
#5014=FACE_BOUND('',#4661,.T.);
#5015=FACE_BOUND('',#4662,.T.);
#5016=FACE_BOUND('',#4663,.T.);
#5017=FACE_BOUND('',#4664,.T.);
#5018=FACE_BOUND('',#4665,.T.);
#5019=FACE_BOUND('',#4666,.T.);
#5020=FACE_BOUND('',#4667,.T.);
#5021=FACE_BOUND('',#4668,.T.);
#5022=FACE_BOUND('',#4669,.T.);
#5023=FACE_BOUND('',#4670,.T.);
#5024=FACE_BOUND('',#4671,.T.);
#5025=FACE_BOUND('',#4672,.T.);
#5026=FACE_BOUND('',#4673,.T.);
#5027=FACE_BOUND('',#4674,.T.);
#5028=FACE_BOUND('',#4675,.T.);
#5029=FACE_BOUND('',#4676,.T.);
#5030=FACE_BOUND('',#4677,.T.);
#5031=FACE_BOUND('',#4678,.T.);
#5032=FACE_BOUND('',#4679,.T.);
#5033=FACE_BOUND('',#4680,.T.);
#5034=FACE_BOUND('',#4681,.T.);
#5035=FACE_BOUND('',#4682,.T.);
#5036=FACE_BOUND('',#4683,.T.);
#5037=FACE_BOUND('',#4684,.T.);
#5038=FACE_BOUND('',#4685,.T.);
#5039=FACE_BOUND('',#4686,.T.);
#5040=FACE_BOUND('',#4687,.T.);
#5041=FACE_BOUND('',#4688,.T.);
#5042=FACE_BOUND('',#4689,.T.);
#5043=FACE_BOUND('',#4690,.T.);
#5044=FACE_BOUND('',#4691,.T.);
#5045=FACE_BOUND('',#4692,.T.);
#5046=FACE_BOUND('',#4693,.T.);
#5047=FACE_BOUND('',#4694,.T.);
#5048=FACE_BOUND('',#4695,.T.);
#5049=FACE_BOUND('',#4696,.T.);
#5050=FACE_BOUND('',#4697,.T.);
#5051=FACE_BOUND('',#4698,.T.);
#5052=FACE_BOUND('',#4699,.T.);
#5053=FACE_BOUND('',#4700,.T.);
#5054=FACE_BOUND('',#4701,.T.);
#5055=FACE_BOUND('',#4702,.T.);
#5056=FACE_BOUND('',#4703,.T.);
#5057=FACE_BOUND('',#4704,.T.);
#5058=FACE_BOUND('',#4705,.T.);
#5059=FACE_BOUND('',#4706,.T.);
#5060=FACE_BOUND('',#4707,.T.);
#5061=FACE_BOUND('',#4708,.T.);
#5062=FACE_BOUND('',#4709,.T.);
#5063=FACE_BOUND('',#4710,.T.);
#5064=FACE_BOUND('',#4711,.T.);
#5065=FACE_BOUND('',#4712,.T.);
#5066=FACE_BOUND('',#4713,.T.);
#5067=FACE_BOUND('',#4714,.T.);
#5068=FACE_BOUND('',#4715,.T.);
#5069=FACE_BOUND('',#4716,.T.);
#5070=FACE_BOUND('',#4717,.T.);
#5071=FACE_BOUND('',#4718,.T.);
#5072=FACE_BOUND('',#4719,.T.);
#5073=FACE_BOUND('',#4720,.T.);
#5074=FACE_BOUND('',#4721,.T.);
#5075=FACE_BOUND('',#4722,.T.);
#5076=FACE_BOUND('',#4723,.T.);
#5077=FACE_BOUND('',#4724,.T.);
#5078=FACE_BOUND('',#4725,.T.);
#5079=FACE_BOUND('',#4726,.T.);
#5080=FACE_BOUND('',#4727,.T.);
#5081=FACE_BOUND('',#4728,.T.);
#5082=FACE_BOUND('',#4729,.T.);
#5083=FACE_BOUND('',#4730,.T.);
#5084=FACE_BOUND('',#4731,.T.);
#5085=FACE_BOUND('',#4732,.T.);
#5086=FACE_BOUND('',#4733,.T.);
#5087=FACE_BOUND('',#4734,.T.);
#5088=FACE_BOUND('',#4735,.T.);
#5089=FACE_BOUND('',#4736,.T.);
#5090=FACE_BOUND('',#4737,.T.);
#5091=FACE_BOUND('',#4738,.T.);
#5092=FACE_BOUND('',#4739,.T.);
#5093=FACE_BOUND('',#4740,.T.);
#5094=FACE_BOUND('',#4741,.T.);
#5095=FACE_BOUND('',#4742,.T.);
#5096=FACE_BOUND('',#4743,.T.);
#5097=FACE_BOUND('',#4744,.T.);
#5098=FACE_BOUND('',#4745,.T.);
#5099=FACE_BOUND('',#4746,.T.);
#5100=FACE_BOUND('',#4747,.T.);
#5101=FACE_BOUND('',#4748,.T.);
#5102=FACE_BOUND('',#4749,.T.);
#5103=FACE_BOUND('',#4750,.T.);
#5104=FACE_BOUND('',#4751,.T.);
#5105=FACE_BOUND('',#4752,.T.);
#5106=FACE_BOUND('',#4753,.T.);
#5107=FACE_BOUND('',#4754,.T.);
#5108=FACE_BOUND('',#4755,.T.);
#5109=FACE_BOUND('',#4756,.T.);
#5110=FACE_BOUND('',#4757,.T.);
#5111=FACE_BOUND('',#4758,.T.);
#5112=FACE_BOUND('',#4759,.T.);
#5113=FACE_BOUND('',#4760,.T.);
#5114=FACE_BOUND('',#4761,.T.);
#5115=FACE_BOUND('',#4762,.T.);
#5116=FACE_BOUND('',#4763,.T.);
#5117=FACE_BOUND('',#4764,.T.);
#5118=FACE_BOUND('',#4765,.T.);
#5119=FACE_BOUND('',#4766,.T.);
#5120=FACE_BOUND('',#4767,.T.);
#5121=FACE_BOUND('',#4768,.T.);
#5122=FACE_BOUND('',#4769,.T.);
#5123=FACE_BOUND('',#4770,.T.);
#5124=FACE_BOUND('',#4771,.T.);
#5125=FACE_BOUND('',#4772,.T.);
#5126=FACE_BOUND('',#4773,.T.);
#5127=FACE_BOUND('',#4774,.T.);
#5128=FACE_BOUND('',#4775,.T.);
#5129=FACE_BOUND('',#4776,.T.);
#5130=FACE_BOUND('',#4777,.T.);
#5131=FACE_BOUND('',#4778,.T.);
#5132=FACE_BOUND('',#4779,.T.);
#5133=FACE_BOUND('',#4780,.T.);
#5134=FACE_BOUND('',#4781,.T.);
#5135=FACE_BOUND('',#4782,.T.);
#5136=FACE_BOUND('',#4783,.T.);
#5137=FACE_BOUND('',#4784,.T.);
#5138=FACE_BOUND('',#4785,.T.);
#5139=FACE_BOUND('',#4786,.T.);
#5140=FACE_BOUND('',#4787,.T.);
#5141=FACE_BOUND('',#4788,.T.);
#5142=FACE_BOUND('',#4789,.T.);
#5143=FACE_BOUND('',#4790,.T.);
#5144=FACE_BOUND('',#4791,.T.);
#5145=FACE_BOUND('',#4792,.T.);
#5146=FACE_BOUND('',#4793,.T.);
#5147=FACE_BOUND('',#4794,.T.);
#5148=FACE_BOUND('',#4795,.T.);
#5149=FACE_BOUND('',#4796,.T.);
#5150=FACE_BOUND('',#4797,.T.);
#5151=FACE_BOUND('',#4798,.T.);
#5152=FACE_BOUND('',#4799,.T.);
#5153=FACE_BOUND('',#4800,.T.);
#5154=FACE_BOUND('',#4801,.T.);
#5155=FACE_BOUND('',#4802,.T.);
#5156=FACE_BOUND('',#4803,.T.);
#5157=FACE_BOUND('',#4804,.T.);
#5158=FACE_BOUND('',#4805,.T.);
#5159=FACE_BOUND('',#4806,.T.);
#5160=FACE_BOUND('',#4807,.T.);
#5161=FACE_BOUND('',#4808,.T.);
#5162=FACE_BOUND('',#4809,.T.);
#5163=FACE_BOUND('',#4810,.T.);
#5164=FACE_BOUND('',#4811,.T.);
#5165=FACE_BOUND('',#4812,.T.);
#5166=FACE_BOUND('',#4813,.T.);
#5167=FACE_BOUND('',#4814,.T.);
#5168=FACE_BOUND('',#4815,.T.);
#5169=FACE_BOUND('',#4816,.T.);
#5170=FACE_BOUND('',#4817,.T.);
#5171=FACE_BOUND('',#4818,.T.);
#5172=FACE_BOUND('',#4819,.T.);
#5173=FACE_BOUND('',#4820,.T.);
#5174=FACE_BOUND('',#4821,.T.);
#5175=FACE_BOUND('',#4822,.T.);
#5176=FACE_BOUND('',#4823,.T.);
#5177=FACE_BOUND('',#4824,.T.);
#5178=FACE_BOUND('',#4825,.T.);
#5179=FACE_BOUND('',#4826,.T.);
#5180=FACE_BOUND('',#4827,.T.);
#5181=FACE_BOUND('',#4828,.T.);
#5182=FACE_BOUND('',#4829,.T.);
#5183=FACE_BOUND('',#4830,.T.);
#5184=FACE_BOUND('',#4831,.T.);
#5185=FACE_BOUND('',#4832,.T.);
#5186=FACE_BOUND('',#4833,.T.);
#5187=FACE_BOUND('',#4834,.T.);
#5188=FACE_BOUND('',#4835,.T.);
#5189=FACE_BOUND('',#4836,.T.);
#5190=FACE_BOUND('',#4837,.T.);
#5191=FACE_BOUND('',#4838,.T.);
#5192=FACE_BOUND('',#4839,.T.);
#5193=FACE_BOUND('',#4840,.T.);
#5194=FACE_BOUND('',#4841,.T.);
#5195=FACE_BOUND('',#4842,.T.);
#5196=FACE_BOUND('',#4843,.T.);
#5197=FACE_BOUND('',#4844,.T.);
#5198=FACE_BOUND('',#4845,.T.);
#5199=FACE_BOUND('',#4846,.T.);
#5200=FACE_BOUND('',#4847,.T.);
#5201=FACE_BOUND('',#4848,.T.);
#5202=FACE_BOUND('',#4849,.T.);
#5203=FACE_BOUND('',#4850,.T.);
#5204=FACE_BOUND('',#4851,.T.);
#5205=FACE_BOUND('',#4852,.T.);
#5206=FACE_BOUND('',#4853,.T.);
#5207=FACE_BOUND('',#4854,.T.);
#5208=FACE_BOUND('',#4855,.T.);
#5209=FACE_BOUND('',#4856,.T.);
#5210=FACE_BOUND('',#4857,.T.);
#5211=FACE_BOUND('',#4858,.T.);
#5212=FACE_BOUND('',#4859,.T.);
#5213=FACE_BOUND('',#4860,.T.);
#5214=FACE_BOUND('',#4861,.T.);
#5215=FACE_BOUND('',#4862,.T.);
#5216=FACE_BOUND('',#4863,.T.);
#5217=FACE_BOUND('',#4864,.T.);
#5218=FACE_BOUND('',#4865,.T.);
#5219=FACE_BOUND('',#4866,.T.);
#5220=FACE_BOUND('',#4867,.T.);
#5221=FACE_BOUND('',#4868,.T.);
#5222=FACE_BOUND('',#4869,.T.);
#5223=FACE_BOUND('',#4870,.T.);
#5224=FACE_BOUND('',#4871,.T.);
#5225=FACE_BOUND('',#4872,.T.);
#5226=FACE_BOUND('',#4873,.T.);
#5227=FACE_BOUND('',#4874,.T.);
#5228=FACE_BOUND('',#4875,.T.);
#5229=FACE_BOUND('',#4876,.T.);
#5230=FACE_BOUND('',#4877,.T.);
#5231=FACE_BOUND('',#4878,.T.);
#5232=FACE_BOUND('',#4879,.T.);
#5233=FACE_BOUND('',#4880,.T.);
#5234=FACE_BOUND('',#4881,.T.);
#5235=FACE_BOUND('',#4882,.T.);
#5236=FACE_BOUND('',#4883,.T.);
#5237=FACE_BOUND('',#4884,.T.);
#5238=FACE_BOUND('',#4885,.T.);
#5239=FACE_BOUND('',#4886,.T.);
#5240=FACE_BOUND('',#4887,.T.);
#5241=FACE_BOUND('',#4888,.T.);
#5242=FACE_BOUND('',#4889,.T.);
#5243=FACE_BOUND('',#4890,.T.);
#5244=FACE_BOUND('',#4891,.T.);
#5245=FACE_BOUND('',#4892,.T.);
#5246=FACE_BOUND('',#4893,.T.);
#5247=FACE_BOUND('',#4894,.T.);
#5248=FACE_BOUND('',#4895,.T.);
#5249=FACE_BOUND('',#4896,.T.);
#5250=FACE_BOUND('',#4897,.T.);
#5251=FACE_BOUND('',#4898,.T.);
#5252=FACE_BOUND('',#4899,.T.);
#5253=FACE_BOUND('',#4900,.T.);
#5254=FACE_BOUND('',#4901,.T.);
#5255=FACE_BOUND('',#4902,.T.);
#5256=FACE_BOUND('',#4903,.T.);
#5257=FACE_BOUND('',#4904,.T.);
#5258=FACE_BOUND('',#4905,.T.);
#5259=FACE_BOUND('',#4906,.T.);
#5260=FACE_BOUND('',#4907,.T.);
#5261=FACE_BOUND('',#4908,.T.);
#5262=PLANE('',#6226);
#5263=PLANE('',#6235);
#5264=PLANE('',#6244);
#5265=PLANE('',#6249);
#5266=PLANE('',#6250);
#5267=PLANE('',#6251);
#5268=PLANE('',#6252);
#5269=PLANE('',#6253);
#5270=PLANE('',#6259);
#5271=PLANE('',#6260);
#5272=PLANE('',#6262);
#5273=PLANE('',#6263);
#5274=PLANE('',#6264);
#5275=PLANE('',#6265);
#5276=PLANE('',#6266);
#5277=PLANE('',#6267);
#5278=PLANE('',#6272);
#5279=PLANE('',#6276);
#5280=PLANE('',#6277);
#5281=PLANE('',#6278);
#5282=PLANE('',#6280);
#5283=PLANE('',#6281);
#5284=PLANE('',#6282);
#5285=PLANE('',#6283);
#5286=PLANE('',#6284);
#5287=PLANE('',#6285);
#5288=PLANE('',#6286);
#5289=PLANE('',#6287);
#5290=PLANE('',#6288);
#5291=PLANE('',#6289);
#5292=PLANE('',#6290);
#5293=PLANE('',#6291);
#5294=PLANE('',#6292);
#5295=PLANE('',#6293);
#5296=PLANE('',#6295);
#5297=PLANE('',#6296);
#5298=PLANE('',#6297);
#5299=PLANE('',#6298);
#5300=PLANE('',#6299);
#5301=PLANE('',#6300);
#5302=PLANE('',#6301);
#5303=PLANE('',#6302);
#5304=PLANE('',#6303);
#5305=PLANE('',#6309);
#5306=PLANE('',#6340);
#5307=PLANE('',#6362);
#5308=PLANE('',#6363);
#5309=PLANE('',#6365);
#5310=PLANE('',#6366);
#5311=PLANE('',#6367);
#5312=PLANE('',#6368);
#5313=PLANE('',#6369);
#5314=PLANE('',#6370);
#5315=PLANE('',#6371);
#5316=PLANE('',#6372);
#5317=PLANE('',#6374);
#5318=PLANE('',#6375);
#5319=PLANE('',#6376);
#5320=PLANE('',#6377);
#5321=PLANE('',#6378);
#5322=PLANE('',#6379);
#5323=PLANE('',#6380);
#5324=PLANE('',#6381);
#5325=PLANE('',#6382);
#5326=PLANE('',#6383);
#5327=PLANE('',#6384);
#5328=PLANE('',#6385);
#5329=PLANE('',#6386);
#5330=PLANE('',#6387);
#5331=PLANE('',#6389);
#5332=PLANE('',#6390);
#5333=PLANE('',#6391);
#5334=PLANE('',#6392);
#5335=PLANE('',#6393);
#5336=PLANE('',#6394);
#5337=PLANE('',#6395);
#5338=PLANE('',#6396);
#5339=PLANE('',#6397);
#5340=PLANE('',#6398);
#5341=PLANE('',#6399);
#5342=PLANE('',#6400);
#5343=PLANE('',#6401);
#5344=PLANE('',#6402);
#5345=PLANE('',#6404);
#5346=PLANE('',#6405);
#5347=PLANE('',#6406);
#5348=PLANE('',#6407);
#5349=PLANE('',#6408);
#5350=PLANE('',#6409);
#5351=PLANE('',#6410);
#5352=PLANE('',#6411);
#5353=PLANE('',#6412);
#5354=PLANE('',#6413);
#5355=PLANE('',#6414);
#5356=PLANE('',#6415);
#5357=PLANE('',#6416);
#5358=PLANE('',#6417);
#5359=PLANE('',#6419);
#5360=PLANE('',#6430);
#5361=PLANE('',#6442);
#5362=PLANE('',#6444);
#5363=PLANE('',#6447);
#5364=PLANE('',#6448);
#5365=PLANE('',#6449);
#5366=PLANE('',#6450);
#5367=PLANE('',#6457);
#5368=PLANE('',#6458);
#5369=PLANE('',#6460);
#5370=PLANE('',#6461);
#5371=PLANE('',#6462);
#5372=PLANE('',#6463);
#5373=PLANE('',#6464);
#5374=PLANE('',#6465);
#5375=PLANE('',#6466);
#5376=PLANE('',#6469);
#5377=PLANE('',#6472);
#5378=PLANE('',#6473);
#5379=PLANE('',#6474);
#5380=PLANE('',#6475);
#5381=PLANE('',#6476);
#5382=PLANE('',#6477);
#5383=PLANE('',#6480);
#5384=PLANE('',#6483);
#5385=PLANE('',#6486);
#5386=PLANE('',#6489);
#5387=PLANE('',#6492);
#5388=PLANE('',#6495);
#5389=PLANE('',#6496);
#5390=PLANE('',#6573);
#5391=PLANE('',#6574);
#5392=PLANE('',#6575);
#5393=PLANE('',#6576);
#5394=PLANE('',#6577);
#5395=PLANE('',#6581);
#5396=PLANE('',#6582);
#5397=PLANE('',#6583);
#5398=PLANE('',#6584);
#5399=PLANE('',#6585);
#5400=PLANE('',#6586);
#5401=PLANE('',#6590);
#5402=PLANE('',#6591);
#5403=PLANE('',#6592);
#5404=PLANE('',#6593);
#5405=PLANE('',#6594);
#5406=PLANE('',#6595);
#5407=PLANE('',#6596);
#5408=PLANE('',#6598);
#5409=PLANE('',#6601);
#5410=PLANE('',#6602);
#5411=PLANE('',#6603);
#5412=PLANE('',#6604);
#5413=PLANE('',#6605);
#5414=PLANE('',#6607);
#5415=PLANE('',#6610);
#5416=PLANE('',#6611);
#5417=PLANE('',#6612);
#5418=PLANE('',#6613);
#5419=PLANE('',#6614);
#5420=PLANE('',#6615);
#5421=PLANE('',#6616);
#5422=PLANE('',#6617);
#5423=PLANE('',#6618);
#5424=PLANE('',#6619);
#5425=PLANE('',#6620);
#5426=PLANE('',#6621);
#5427=PLANE('',#6622);
#5428=PLANE('',#6623);
#5429=PLANE('',#6624);
#5430=PLANE('',#6625);
#5431=PLANE('',#6627);
#5432=PLANE('',#6636);
#5433=PLANE('',#6645);
#5434=PLANE('',#6650);
#5435=PLANE('',#6651);
#5436=PLANE('',#6652);
#5437=PLANE('',#6653);
#5438=PLANE('',#6654);
#5439=PLANE('',#6660);
#5440=PLANE('',#6661);
#5441=PLANE('',#6662);
#5442=PLANE('',#6663);
#5443=PLANE('',#6665);
#5444=PLANE('',#6666);
#5445=PLANE('',#6667);
#5446=PLANE('',#6668);
#5447=PLANE('',#6669);
#5448=PLANE('',#6670);
#5449=PLANE('',#6671);
#5450=PLANE('',#6672);
#5451=PLANE('',#6673);
#5452=PLANE('',#6674);
#5453=PLANE('',#6675);
#5454=PLANE('',#6676);
#5455=PLANE('',#6677);
#5456=PLANE('',#6678);
#5457=ADVANCED_FACE('NONE',(#4909,#4910),#5262,.T.);
#5458=ADVANCED_FACE('NONE',(#4911,#4912),#5263,.F.);
#5459=ADVANCED_FACE('NONE',(#4913),#5264,.F.);
#5460=ADVANCED_FACE('NONE',(#4914),#362,.T.);
#5461=ADVANCED_FACE('NONE',(#4915),#363,.T.);
#5462=ADVANCED_FACE('NONE',(#4916),#364,.T.);
#5463=ADVANCED_FACE('NONE',(#4917),#365,.T.);
#5464=ADVANCED_FACE('NONE',(#4918),#5265,.F.);
#5465=ADVANCED_FACE('NONE',(#4919),#5266,.F.);
#5466=ADVANCED_FACE('NONE',(#4920),#5267,.T.);
#5467=ADVANCED_FACE('NONE',(#4921),#5268,.T.);
#5468=ADVANCED_FACE('NONE',(#4922),#5269,.T.);
#5469=ADVANCED_FACE('NONE',(#4923),#366,.F.);
#5470=ADVANCED_FACE('NONE',(#4924),#367,.F.);
#5471=ADVANCED_FACE('NONE',(#4925),#368,.F.);
#5472=ADVANCED_FACE('NONE',(#4926),#369,.F.);
#5473=ADVANCED_FACE('NONE',(#4927),#5270,.F.);
#5474=ADVANCED_FACE('NONE',(#4928),#5271,.F.);
#5475=ADVANCED_FACE('NONE',(#4929),#228,.F.);
#5476=ADVANCED_FACE('NONE',(#4930),#5272,.F.);
#5477=ADVANCED_FACE('NONE',(#4931),#5273,.F.);
#5478=ADVANCED_FACE('NONE',(#4932),#5274,.F.);
#5479=ADVANCED_FACE('NONE',(#4933),#5275,.F.);
#5480=ADVANCED_FACE('NONE',(#4934),#5276,.F.);
#5481=ADVANCED_FACE('NONE',(#4935),#5277,.F.);
#5482=ADVANCED_FACE('NONE',(#4936),#370,.F.);
#5483=ADVANCED_FACE('NONE',(#4937),#371,.F.);
#5484=ADVANCED_FACE('NONE',(#4938),#5278,.F.);
#5485=ADVANCED_FACE('NONE',(#4939),#372,.T.);
#5486=ADVANCED_FACE('NONE',(#4940),#229,.F.);
#5487=ADVANCED_FACE('NONE',(#4941),#5279,.F.);
#5488=ADVANCED_FACE('NONE',(#4942),#5280,.T.);
#5489=ADVANCED_FACE('NONE',(#4943),#5281,.F.);
#5490=ADVANCED_FACE('NONE',(#4944),#5282,.F.);
#5491=ADVANCED_FACE('NONE',(#4945),#5283,.F.);
#5492=ADVANCED_FACE('NONE',(#4946),#5284,.F.);
#5493=ADVANCED_FACE('NONE',(#4947),#5285,.F.);
#5494=ADVANCED_FACE('NONE',(#4948),#5286,.F.);
#5495=ADVANCED_FACE('NONE',(#4949),#5287,.F.);
#5496=ADVANCED_FACE('NONE',(#4950),#5288,.F.);
#5497=ADVANCED_FACE('NONE',(#4951),#5289,.F.);
#5498=ADVANCED_FACE('NONE',(#4952),#5290,.F.);
#5499=ADVANCED_FACE('NONE',(#4953),#5291,.F.);
#5500=ADVANCED_FACE('NONE',(#4954),#5292,.F.);
#5501=ADVANCED_FACE('NONE',(#4955),#5293,.F.);
#5502=ADVANCED_FACE('NONE',(#4956),#5294,.F.);
#5503=ADVANCED_FACE('NONE',(#4957),#5295,.T.);
#5504=ADVANCED_FACE('NONE',(#4958,#4959),#5296,.F.);
#5505=ADVANCED_FACE('NONE',(#4960,#4961),#5297,.T.);
#5506=ADVANCED_FACE('NONE',(#4962),#230,.F.);
#5507=ADVANCED_FACE('NONE',(#4963),#231,.F.);
#5508=ADVANCED_FACE('NONE',(#4964),#232,.F.);
#5509=ADVANCED_FACE('NONE',(#4965),#233,.F.);
#5510=ADVANCED_FACE('NONE',(#4966),#234,.F.);
#5511=ADVANCED_FACE('NONE',(#4967),#235,.F.);
#5512=ADVANCED_FACE('NONE',(#4968),#236,.F.);
#5513=ADVANCED_FACE('NONE',(#4969),#237,.F.);
#5514=ADVANCED_FACE('NONE',(#4970),#238,.F.);
#5515=ADVANCED_FACE('NONE',(#4971),#239,.F.);
#5516=ADVANCED_FACE('NONE',(#4972),#240,.F.);
#5517=ADVANCED_FACE('NONE',(#4973),#241,.F.);
#5518=ADVANCED_FACE('NONE',(#4974),#5298,.F.);
#5519=ADVANCED_FACE('NONE',(#4975),#5299,.F.);
#5520=ADVANCED_FACE('NONE',(#4976),#5300,.F.);
#5521=ADVANCED_FACE('NONE',(#4977),#5301,.F.);
#5522=ADVANCED_FACE('NONE',(#4978),#242,.F.);
#5523=ADVANCED_FACE('NONE',(#4979),#243,.F.);
#5524=ADVANCED_FACE('NONE',(#4980),#244,.F.);
#5525=ADVANCED_FACE('NONE',(#4981),#245,.F.);
#5526=ADVANCED_FACE('NONE',(#4982),#246,.F.);
#5527=ADVANCED_FACE('NONE',(#4983),#247,.F.);
#5528=ADVANCED_FACE('NONE',(#4984),#248,.F.);
#5529=ADVANCED_FACE('NONE',(#4985),#5302,.F.);
#5530=ADVANCED_FACE('NONE',(#4986),#249,.F.);
#5531=ADVANCED_FACE('NONE',(#4987),#250,.F.);
#5532=ADVANCED_FACE('NONE',(#4988),#5303,.F.);
#5533=ADVANCED_FACE('NONE',(#4989),#251,.F.);
#5534=ADVANCED_FACE('NONE',(#4990),#252,.F.);
#5535=ADVANCED_FACE('NONE',(#4991),#253,.F.);
#5536=ADVANCED_FACE('NONE',(#4992),#5304,.F.);
#5537=ADVANCED_FACE('NONE',(#4993),#254,.F.);
#5538=ADVANCED_FACE('NONE',(#4994),#373,.T.);
#5539=ADVANCED_FACE('NONE',(#4995),#255,.T.);
#5540=ADVANCED_FACE('NONE',(#4996),#256,.T.);
#5541=ADVANCED_FACE('NONE',(#4997),#374,.F.);
#5542=ADVANCED_FACE('NONE',(#4998),#5305,.F.);
#5543=ADVANCED_FACE('NONE',(#4999),#375,.T.);
#5544=ADVANCED_FACE('NONE',(#5000),#376,.T.);
#5545=ADVANCED_FACE('NONE',(#5001),#377,.T.);
#5546=ADVANCED_FACE('NONE',(#5002),#378,.T.);
#5547=ADVANCED_FACE('NONE',(#5003),#379,.T.);
#5548=ADVANCED_FACE('NONE',(#5004),#380,.F.);
#5549=ADVANCED_FACE('NONE',(#5005),#381,.F.);
#5550=ADVANCED_FACE('NONE',(#5006),#382,.F.);
#5551=ADVANCED_FACE('NONE',(#5007),#383,.F.);
#5552=ADVANCED_FACE('NONE',(#5008),#384,.F.);
#5553=ADVANCED_FACE('NONE',(#5009),#5306,.F.);
#5554=ADVANCED_FACE('NONE',(#5010),#385,.T.);
#5555=ADVANCED_FACE('NONE',(#5011),#386,.T.);
#5556=ADVANCED_FACE('NONE',(#5012),#387,.T.);
#5557=ADVANCED_FACE('NONE',(#5013),#388,.T.);
#5558=ADVANCED_FACE('NONE',(#5014),#389,.T.);
#5559=ADVANCED_FACE('NONE',(#5015),#390,.F.);
#5560=ADVANCED_FACE('NONE',(#5016),#391,.F.);
#5561=ADVANCED_FACE('NONE',(#5017),#257,.F.);
#5562=ADVANCED_FACE('NONE',(#5018),#5307,.F.);
#5563=ADVANCED_FACE('NONE',(#5019),#5308,.T.);
#5564=ADVANCED_FACE('NONE',(#5020),#5309,.F.);
#5565=ADVANCED_FACE('NONE',(#5021),#5310,.F.);
#5566=ADVANCED_FACE('NONE',(#5022),#5311,.F.);
#5567=ADVANCED_FACE('NONE',(#5023),#5312,.F.);
#5568=ADVANCED_FACE('NONE',(#5024),#5313,.F.);
#5569=ADVANCED_FACE('NONE',(#5025),#5314,.F.);
#5570=ADVANCED_FACE('NONE',(#5026),#5315,.F.);
#5571=ADVANCED_FACE('NONE',(#5027),#5316,.T.);
#5572=ADVANCED_FACE('NONE',(#5028,#5029),#5317,.F.);
#5573=ADVANCED_FACE('NONE',(#5030,#5031),#5318,.T.);
#5574=ADVANCED_FACE('NONE',(#5032),#5319,.F.);
#5575=ADVANCED_FACE('NONE',(#5033),#5320,.F.);
#5576=ADVANCED_FACE('NONE',(#5034),#5321,.F.);
#5577=ADVANCED_FACE('NONE',(#5035),#5322,.F.);
#5578=ADVANCED_FACE('NONE',(#5036),#5323,.F.);
#5579=ADVANCED_FACE('NONE',(#5037),#5324,.F.);
#5580=ADVANCED_FACE('NONE',(#5038),#5325,.F.);
#5581=ADVANCED_FACE('NONE',(#5039),#5326,.F.);
#5582=ADVANCED_FACE('NONE',(#5040),#5327,.T.);
#5583=ADVANCED_FACE('NONE',(#5041),#5328,.T.);
#5584=ADVANCED_FACE('NONE',(#5042),#258,.T.);
#5585=ADVANCED_FACE('NONE',(#5043),#5329,.T.);
#5586=ADVANCED_FACE('NONE',(#5044),#259,.T.);
#5587=ADVANCED_FACE('NONE',(#5045),#5330,.T.);
#5588=ADVANCED_FACE('NONE',(#5046,#5047),#5331,.F.);
#5589=ADVANCED_FACE('NONE',(#5048,#5049),#5332,.T.);
#5590=ADVANCED_FACE('NONE',(#5050),#5333,.F.);
#5591=ADVANCED_FACE('NONE',(#5051),#5334,.F.);
#5592=ADVANCED_FACE('NONE',(#5052),#5335,.F.);
#5593=ADVANCED_FACE('NONE',(#5053),#5336,.F.);
#5594=ADVANCED_FACE('NONE',(#5054),#5337,.F.);
#5595=ADVANCED_FACE('NONE',(#5055),#5338,.F.);
#5596=ADVANCED_FACE('NONE',(#5056),#5339,.F.);
#5597=ADVANCED_FACE('NONE',(#5057),#5340,.F.);
#5598=ADVANCED_FACE('NONE',(#5058),#5341,.T.);
#5599=ADVANCED_FACE('NONE',(#5059),#5342,.T.);
#5600=ADVANCED_FACE('NONE',(#5060),#260,.T.);
#5601=ADVANCED_FACE('NONE',(#5061),#5343,.T.);
#5602=ADVANCED_FACE('NONE',(#5062),#261,.T.);
#5603=ADVANCED_FACE('NONE',(#5063),#5344,.T.);
#5604=ADVANCED_FACE('NONE',(#5064),#5345,.F.);
#5605=ADVANCED_FACE('NONE',(#5065),#5346,.F.);
#5606=ADVANCED_FACE('NONE',(#5066),#5347,.F.);
#5607=ADVANCED_FACE('NONE',(#5067),#5348,.F.);
#5608=ADVANCED_FACE('NONE',(#5068),#5349,.F.);
#5609=ADVANCED_FACE('NONE',(#5069),#5350,.F.);
#5610=ADVANCED_FACE('NONE',(#5070),#5351,.F.);
#5611=ADVANCED_FACE('NONE',(#5071),#5352,.F.);
#5612=ADVANCED_FACE('NONE',(#5072),#5353,.F.);
#5613=ADVANCED_FACE('NONE',(#5073),#5354,.F.);
#5614=ADVANCED_FACE('NONE',(#5074),#5355,.F.);
#5615=ADVANCED_FACE('NONE',(#5075),#5356,.F.);
#5616=ADVANCED_FACE('NONE',(#5076),#5357,.F.);
#5617=ADVANCED_FACE('NONE',(#5077),#5358,.T.);
#5618=ADVANCED_FACE('NONE',(#5078,#5079),#5359,.T.);
#5619=ADVANCED_FACE('NONE',(#5080,#5081),#5360,.F.);
#5620=ADVANCED_FACE('NONE',(#5082),#392,.T.);
#5621=ADVANCED_FACE('NONE',(#5083),#5361,.F.);
#5622=ADVANCED_FACE('NONE',(#5084),#393,.F.);
#5623=ADVANCED_FACE('NONE',(#5085),#262,.F.);
#5624=ADVANCED_FACE('NONE',(#5086),#5362,.F.);
#5625=ADVANCED_FACE('NONE',(#5087),#263,.F.);
#5626=ADVANCED_FACE('NONE',(#5088),#394,.T.);
#5627=ADVANCED_FACE('NONE',(#5089),#395,.T.);
#5628=ADVANCED_FACE('NONE',(#5090),#264,.F.);
#5629=ADVANCED_FACE('NONE',(#5091),#5363,.F.);
#5630=ADVANCED_FACE('NONE',(#5092),#5364,.F.);
#5631=ADVANCED_FACE('NONE',(#5093),#5365,.F.);
#5632=ADVANCED_FACE('NONE',(#5094),#5366,.F.);
#5633=ADVANCED_FACE('NONE',(#5095),#265,.F.);
#5634=ADVANCED_FACE('NONE',(#5096),#396,.F.);
#5635=ADVANCED_FACE('NONE',(#5097),#397,.F.);
#5636=ADVANCED_FACE('NONE',(#5098),#398,.F.);
#5637=ADVANCED_FACE('NONE',(#5099),#399,.F.);
#5638=ADVANCED_FACE('NONE',(#5100),#400,.F.);
#5639=ADVANCED_FACE('NONE',(#5101),#401,.F.);
#5640=ADVANCED_FACE('NONE',(#5102),#5367,.T.);
#5641=ADVANCED_FACE('NONE',(#5103),#5368,.T.);
#5642=ADVANCED_FACE('NONE',(#5104),#5369,.F.);
#5643=ADVANCED_FACE('NONE',(#5105),#5370,.F.);
#5644=ADVANCED_FACE('NONE',(#5106),#5371,.F.);
#5645=ADVANCED_FACE('NONE',(#5107),#5372,.T.);
#5646=ADVANCED_FACE('NONE',(#5108),#5373,.T.);
#5647=ADVANCED_FACE('NONE',(#5109),#5374,.T.);
#5648=ADVANCED_FACE('NONE',(#5110),#5375,.F.);
#5649=ADVANCED_FACE('NONE',(#5111),#5376,.F.);
#5650=ADVANCED_FACE('NONE',(#5112),#5377,.T.);
#5651=ADVANCED_FACE('NONE',(#5113),#5378,.T.);
#5652=ADVANCED_FACE('NONE',(#5114),#5379,.T.);
#5653=ADVANCED_FACE('NONE',(#5115),#5380,.T.);
#5654=ADVANCED_FACE('NONE',(#5116),#5381,.F.);
#5655=ADVANCED_FACE('NONE',(#5117),#5382,.T.);
#5656=ADVANCED_FACE('NONE',(#5118),#5383,.T.);
#5657=ADVANCED_FACE('NONE',(#5119),#5384,.T.);
#5658=ADVANCED_FACE('NONE',(#5120),#5385,.T.);
#5659=ADVANCED_FACE('NONE',(#5121),#5386,.F.);
#5660=ADVANCED_FACE('NONE',(#5122),#5387,.F.);
#5661=ADVANCED_FACE('NONE',(#5123),#5388,.F.);
#5662=ADVANCED_FACE('NONE',(#5124),#5389,.F.);
#5663=ADVANCED_FACE('NONE',(#5125),#402,.T.);
#5664=ADVANCED_FACE('NONE',(#5126),#403,.T.);
#5665=ADVANCED_FACE('NONE',(#5127),#59,.T.);
#5666=ADVANCED_FACE('NONE',(#5128),#60,.T.);
#5667=ADVANCED_FACE('NONE',(#5129),#404,.T.);
#5668=ADVANCED_FACE('NONE',(#5130),#405,.T.);
#5669=ADVANCED_FACE('NONE',(#5131),#61,.T.);
#5670=ADVANCED_FACE('NONE',(#5132),#406,.T.);
#5671=ADVANCED_FACE('NONE',(#5133),#407,.T.);
#5672=ADVANCED_FACE('NONE',(#5134),#62,.T.);
#5673=ADVANCED_FACE('NONE',(#5135),#408,.T.);
#5674=ADVANCED_FACE('NONE',(#5136),#409,.T.);
#5675=ADVANCED_FACE('NONE',(#5137),#410,.T.);
#5676=ADVANCED_FACE('NONE',(#5138),#411,.T.);
#5677=ADVANCED_FACE('NONE',(#5139),#412,.T.);
#5678=ADVANCED_FACE('NONE',(#5140),#413,.T.);
#5679=ADVANCED_FACE('NONE',(#5141),#414,.T.);
#5680=ADVANCED_FACE('NONE',(#5142),#415,.T.);
#5681=ADVANCED_FACE('NONE',(#5143),#416,.T.);
#5682=ADVANCED_FACE('NONE',(#5144),#417,.T.);
#5683=ADVANCED_FACE('NONE',(#5145),#63,.T.);
#5684=ADVANCED_FACE('NONE',(#5146),#64,.T.);
#5685=ADVANCED_FACE('NONE',(#5147),#418,.T.);
#5686=ADVANCED_FACE('NONE',(#5148),#419,.T.);
#5687=ADVANCED_FACE('NONE',(#5149),#65,.T.);
#5688=ADVANCED_FACE('NONE',(#5150),#420,.T.);
#5689=ADVANCED_FACE('NONE',(#5151),#421,.T.);
#5690=ADVANCED_FACE('NONE',(#5152),#66,.T.);
#5691=ADVANCED_FACE('NONE',(#5153),#422,.T.);
#5692=ADVANCED_FACE('NONE',(#5154),#55,.T.);
#5693=ADVANCED_FACE('NONE',(#5155),#423,.T.);
#5694=ADVANCED_FACE('NONE',(#5156),#56,.T.);
#5695=ADVANCED_FACE('NONE',(#5157),#424,.T.);
#5696=ADVANCED_FACE('NONE',(#5158),#57,.T.);
#5697=ADVANCED_FACE('NONE',(#5159),#425,.F.);
#5698=ADVANCED_FACE('NONE',(#5160),#67,.T.);
#5699=ADVANCED_FACE('NONE',(#5161),#68,.T.);
#5700=ADVANCED_FACE('NONE',(#5162),#426,.F.);
#5701=ADVANCED_FACE('NONE',(#5163),#58,.T.);
#5702=ADVANCED_FACE('NONE',(#5164),#427,.T.);
#5703=ADVANCED_FACE('NONE',(#5165),#428,.T.);
#5704=ADVANCED_FACE('NONE',(#5166),#69,.T.);
#5705=ADVANCED_FACE('NONE',(#5167),#70,.T.);
#5706=ADVANCED_FACE('NONE',(#5168),#429,.T.);
#5707=ADVANCED_FACE('NONE',(#5169),#5390,.T.);
#5708=ADVANCED_FACE('NONE',(#5170),#5391,.T.);
#5709=ADVANCED_FACE('NONE',(#5171),#5392,.T.);
#5710=ADVANCED_FACE('NONE',(#5172),#5393,.T.);
#5711=ADVANCED_FACE('NONE',(#5173),#5394,.T.);
#5712=ADVANCED_FACE('NONE',(#5174),#430,.T.);
#5713=ADVANCED_FACE('NONE',(#5175),#5395,.T.);
#5714=ADVANCED_FACE('NONE',(#5176),#5396,.T.);
#5715=ADVANCED_FACE('NONE',(#5177),#5397,.T.);
#5716=ADVANCED_FACE('NONE',(#5178),#5398,.T.);
#5717=ADVANCED_FACE('NONE',(#5179),#5399,.T.);
#5718=ADVANCED_FACE('NONE',(#5180),#5400,.T.);
#5719=ADVANCED_FACE('NONE',(#5181),#431,.T.);
#5720=ADVANCED_FACE('NONE',(#5182),#5401,.T.);
#5721=ADVANCED_FACE('NONE',(#5183),#5402,.T.);
#5722=ADVANCED_FACE('NONE',(#5184),#5403,.T.);
#5723=ADVANCED_FACE('NONE',(#5185),#5404,.T.);
#5724=ADVANCED_FACE('NONE',(#5186),#5405,.T.);
#5725=ADVANCED_FACE('NONE',(#5187),#5406,.T.);
#5726=ADVANCED_FACE('NONE',(#5188),#5407,.T.);
#5727=ADVANCED_FACE('NONE',(#5189),#5408,.T.);
#5728=ADVANCED_FACE('NONE',(#5190),#432,.T.);
#5729=ADVANCED_FACE('NONE',(#5191),#5409,.T.);
#5730=ADVANCED_FACE('NONE',(#5192),#5410,.T.);
#5731=ADVANCED_FACE('NONE',(#5193),#5411,.T.);
#5732=ADVANCED_FACE('NONE',(#5194),#5412,.T.);
#5733=ADVANCED_FACE('NONE',(#5195),#5413,.T.);
#5734=ADVANCED_FACE('NONE',(#5196),#5414,.T.);
#5735=ADVANCED_FACE('NONE',(#5197),#433,.T.);
#5736=ADVANCED_FACE('NONE',(#5198),#5415,.T.);
#5737=ADVANCED_FACE('NONE',(#5199),#5416,.F.);
#5738=ADVANCED_FACE('NONE',(#5200),#5417,.F.);
#5739=ADVANCED_FACE('NONE',(#5201),#5418,.F.);
#5740=ADVANCED_FACE('NONE',(#5202),#5419,.F.);
#5741=ADVANCED_FACE('NONE',(#5203),#5420,.T.);
#5742=ADVANCED_FACE('NONE',(#5204),#5421,.F.);
#5743=ADVANCED_FACE('NONE',(#5205),#5422,.F.);
#5744=ADVANCED_FACE('NONE',(#5206),#5423,.F.);
#5745=ADVANCED_FACE('NONE',(#5207),#5424,.F.);
#5746=ADVANCED_FACE('NONE',(#5208),#5425,.T.);
#5747=ADVANCED_FACE('NONE',(#5209),#5426,.F.);
#5748=ADVANCED_FACE('NONE',(#5210),#5427,.F.);
#5749=ADVANCED_FACE('NONE',(#5211),#5428,.F.);
#5750=ADVANCED_FACE('NONE',(#5212),#5429,.F.);
#5751=ADVANCED_FACE('NONE',(#5213),#5430,.T.);
#5752=ADVANCED_FACE('NONE',(#5214,#5215),#5431,.T.);
#5753=ADVANCED_FACE('NONE',(#5216,#5217),#5432,.F.);
#5754=ADVANCED_FACE('NONE',(#5218),#5433,.F.);
#5755=ADVANCED_FACE('NONE',(#5219),#434,.T.);
#5756=ADVANCED_FACE('NONE',(#5220),#435,.T.);
#5757=ADVANCED_FACE('NONE',(#5221),#436,.T.);
#5758=ADVANCED_FACE('NONE',(#5222),#437,.T.);
#5759=ADVANCED_FACE('NONE',(#5223),#5434,.F.);
#5760=ADVANCED_FACE('NONE',(#5224),#5435,.F.);
#5761=ADVANCED_FACE('NONE',(#5225),#5436,.T.);
#5762=ADVANCED_FACE('NONE',(#5226),#5437,.T.);
#5763=ADVANCED_FACE('NONE',(#5227),#5438,.T.);
#5764=ADVANCED_FACE('NONE',(#5228),#438,.F.);
#5765=ADVANCED_FACE('NONE',(#5229),#439,.F.);
#5766=ADVANCED_FACE('NONE',(#5230),#440,.F.);
#5767=ADVANCED_FACE('NONE',(#5231),#441,.F.);
#5768=ADVANCED_FACE('NONE',(#5232),#266,.F.);
#5769=ADVANCED_FACE('NONE',(#5233),#5439,.F.);
#5770=ADVANCED_FACE('NONE',(#5234),#267,.F.);
#5771=ADVANCED_FACE('NONE',(#5235),#268,.F.);
#5772=ADVANCED_FACE('NONE',(#5236),#269,.F.);
#5773=ADVANCED_FACE('NONE',(#5237),#270,.F.);
#5774=ADVANCED_FACE('NONE',(#5238),#271,.F.);
#5775=ADVANCED_FACE('NONE',(#5239),#272,.F.);
#5776=ADVANCED_FACE('NONE',(#5240),#5440,.F.);
#5777=ADVANCED_FACE('NONE',(#5241),#273,.F.);
#5778=ADVANCED_FACE('NONE',(#5242),#274,.F.);
#5779=ADVANCED_FACE('NONE',(#5243),#275,.F.);
#5780=ADVANCED_FACE('NONE',(#5244),#276,.F.);
#5781=ADVANCED_FACE('NONE',(#5245),#277,.F.);
#5782=ADVANCED_FACE('NONE',(#5246),#5441,.T.);
#5783=ADVANCED_FACE('NONE',(#5247),#5442,.F.);
#5784=ADVANCED_FACE('NONE',(#5248),#5443,.F.);
#5785=ADVANCED_FACE('NONE',(#5249),#5444,.F.);
#5786=ADVANCED_FACE('NONE',(#5250),#5445,.F.);
#5787=ADVANCED_FACE('NONE',(#5251),#5446,.F.);
#5788=ADVANCED_FACE('NONE',(#5252),#5447,.F.);
#5789=ADVANCED_FACE('NONE',(#5253),#5448,.F.);
#5790=ADVANCED_FACE('NONE',(#5254),#5449,.F.);
#5791=ADVANCED_FACE('NONE',(#5255),#5450,.F.);
#5792=ADVANCED_FACE('NONE',(#5256),#5451,.F.);
#5793=ADVANCED_FACE('NONE',(#5257),#5452,.F.);
#5794=ADVANCED_FACE('NONE',(#5258),#5453,.F.);
#5795=ADVANCED_FACE('NONE',(#5259),#5454,.F.);
#5796=ADVANCED_FACE('NONE',(#5260),#5455,.F.);
#5797=ADVANCED_FACE('NONE',(#5261),#5456,.T.);
#5798=CLOSED_SHELL('',(#5457,#5458,#5459,#5460,#5461,#5462,#5463,#5464,
#5465,#5466,#5467,#5468,#5469,#5470,#5471,#5472));
#5799=CLOSED_SHELL('',(#5473,#5474,#5475,#5476,#5477,#5478,#5479,#5480,
#5481,#5482,#5483,#5484,#5485,#5486,#5487,#5488,#5489));
#5800=CLOSED_SHELL('',(#5490,#5491,#5492,#5493,#5494,#5495,#5496,#5497,
#5498,#5499,#5500,#5501,#5502,#5503));
#5801=CLOSED_SHELL('',(#5504,#5505,#5506,#5507,#5508,#5509,#5510,#5511,
#5512,#5513,#5514,#5515,#5516,#5517,#5518,#5519,#5520,#5521,#5522,#5523,
#5524,#5525,#5526,#5527,#5528,#5529,#5530,#5531,#5532,#5533,#5534,#5535,
#5536,#5537,#5538,#5539,#5540));
#5802=CLOSED_SHELL('',(#5541,#5542,#5543,#5544,#5545,#5546,#5547,#5548,
#5549,#5550,#5551,#5552,#5553,#5554,#5555,#5556,#5557,#5558,#5559,#5560,
#5561,#5562,#5563));
#5803=CLOSED_SHELL('',(#5564,#5565,#5566,#5567,#5568,#5569,#5570,#5571));
#5804=CLOSED_SHELL('',(#5572,#5573,#5574,#5575,#5576,#5577,#5578,#5579,
#5580,#5581,#5582,#5583,#5584,#5585,#5586,#5587));
#5805=CLOSED_SHELL('',(#5588,#5589,#5590,#5591,#5592,#5593,#5594,#5595,
#5596,#5597,#5598,#5599,#5600,#5601,#5602,#5603));
#5806=CLOSED_SHELL('',(#5604,#5605,#5606,#5607,#5608,#5609,#5610,#5611,
#5612,#5613,#5614,#5615,#5616,#5617));
#5807=CLOSED_SHELL('',(#5618,#5619,#5620,#5621,#5622,#5623,#5624,#5625,
#5626,#5627,#5628,#5629,#5630,#5631,#5632,#5633,#5634,#5635,#5636,#5637,
#5638,#5639,#5640,#5641));
#5808=CLOSED_SHELL('',(#5642,#5643,#5644,#5645,#5646,#5647,#5648,#5649,
#5650,#5651,#5652,#5653,#5654,#5655,#5656,#5657,#5658,#5659,#5660,#5661,
#5662,#5663,#5664,#5665,#5666,#5667,#5668,#5669,#5670,#5671,#5672,#5673,
#5674,#5675,#5676,#5677,#5678,#5679,#5680,#5681,#5682,#5683,#5684,#5685,
#5686,#5687,#5688,#5689,#5690,#5691,#5692,#5693,#5694,#5695,#5696,#5697,
#5698,#5699,#5700,#5701,#5702,#5703,#5704,#5705,#5706,#5707,#5708,#5709,
#5710,#5711,#5712,#5713,#5714,#5715,#5716,#5717,#5718,#5719,#5720,#5721,
#5722,#5723,#5724,#5725,#5726,#5727,#5728,#5729,#5730,#5731,#5732,#5733,
#5734,#5735,#5736,#5737,#5738,#5739,#5740,#5741,#5742,#5743,#5744,#5745,
#5746,#5747,#5748,#5749,#5750,#5751));
#5809=CLOSED_SHELL('',(#5752,#5753,#5754,#5755,#5756,#5757,#5758,#5759,
#5760,#5761,#5762,#5763,#5764,#5765,#5766,#5767));
#5810=CLOSED_SHELL('',(#5768,#5769,#5770,#5771,#5772,#5773,#5774,#5775,
#5776,#5777,#5778,#5779,#5780,#5781,#5782,#5783));
#5811=CLOSED_SHELL('',(#5784,#5785,#5786,#5787,#5788,#5789,#5790,#5791,
#5792,#5793,#5794,#5795,#5796,#5797));
#5812=STYLED_ITEM('',(#5826),#6181);
#5813=STYLED_ITEM('',(#5827),#6182);
#5814=STYLED_ITEM('',(#5828),#6183);
#5815=STYLED_ITEM('',(#5829),#6184);
#5816=STYLED_ITEM('',(#5830),#6185);
#5817=STYLED_ITEM('',(#5831),#6186);
#5818=STYLED_ITEM('',(#5832),#6187);
#5819=STYLED_ITEM('',(#5833),#6188);
#5820=STYLED_ITEM('',(#5834),#6189);
#5821=STYLED_ITEM('',(#5835),#6190);
#5822=STYLED_ITEM('',(#5836),#6191);
#5823=STYLED_ITEM('',(#5882),#6192);
#5824=STYLED_ITEM('',(#5883),#6193);
#5825=STYLED_ITEM('',(#5884),#6194);
#5826=PRESENTATION_STYLE_ASSIGNMENT((#5885));
#5827=PRESENTATION_STYLE_ASSIGNMENT((#5886));
#5828=PRESENTATION_STYLE_ASSIGNMENT((#5887));
#5829=PRESENTATION_STYLE_ASSIGNMENT((#5888));
#5830=PRESENTATION_STYLE_ASSIGNMENT((#5889));
#5831=PRESENTATION_STYLE_ASSIGNMENT((#5890));
#5832=PRESENTATION_STYLE_ASSIGNMENT((#5891));
#5833=PRESENTATION_STYLE_ASSIGNMENT((#5892));
#5834=PRESENTATION_STYLE_ASSIGNMENT((#5893));
#5835=PRESENTATION_STYLE_ASSIGNMENT((#5894));
#5836=PRESENTATION_STYLE_ASSIGNMENT((#5895));
#5837=PRESENTATION_STYLE_ASSIGNMENT((#5896));
#5838=PRESENTATION_STYLE_ASSIGNMENT((#5897));
#5839=PRESENTATION_STYLE_ASSIGNMENT((#5898));
#5840=PRESENTATION_STYLE_ASSIGNMENT((#5899));
#5841=PRESENTATION_STYLE_ASSIGNMENT((#5900));
#5842=PRESENTATION_STYLE_ASSIGNMENT((#5901));
#5843=PRESENTATION_STYLE_ASSIGNMENT((#5902));
#5844=PRESENTATION_STYLE_ASSIGNMENT((#5903));
#5845=PRESENTATION_STYLE_ASSIGNMENT((#5904));
#5846=PRESENTATION_STYLE_ASSIGNMENT((#5905));
#5847=PRESENTATION_STYLE_ASSIGNMENT((#5906));
#5848=PRESENTATION_STYLE_ASSIGNMENT((#5907));
#5849=PRESENTATION_STYLE_ASSIGNMENT((#5908));
#5850=PRESENTATION_STYLE_ASSIGNMENT((#5909));
#5851=PRESENTATION_STYLE_ASSIGNMENT((#5910));
#5852=PRESENTATION_STYLE_ASSIGNMENT((#5911));
#5853=PRESENTATION_STYLE_ASSIGNMENT((#5912));
#5854=PRESENTATION_STYLE_ASSIGNMENT((#5913));
#5855=PRESENTATION_STYLE_ASSIGNMENT((#5914));
#5856=PRESENTATION_STYLE_ASSIGNMENT((#5915));
#5857=PRESENTATION_STYLE_ASSIGNMENT((#5916));
#5858=PRESENTATION_STYLE_ASSIGNMENT((#5917));
#5859=PRESENTATION_STYLE_ASSIGNMENT((#5918));
#5860=PRESENTATION_STYLE_ASSIGNMENT((#5919));
#5861=PRESENTATION_STYLE_ASSIGNMENT((#5920));
#5862=PRESENTATION_STYLE_ASSIGNMENT((#5921));
#5863=PRESENTATION_STYLE_ASSIGNMENT((#5922));
#5864=PRESENTATION_STYLE_ASSIGNMENT((#5923));
#5865=PRESENTATION_STYLE_ASSIGNMENT((#5924));
#5866=PRESENTATION_STYLE_ASSIGNMENT((#5925));
#5867=PRESENTATION_STYLE_ASSIGNMENT((#5926));
#5868=PRESENTATION_STYLE_ASSIGNMENT((#5927));
#5869=PRESENTATION_STYLE_ASSIGNMENT((#5928));
#5870=PRESENTATION_STYLE_ASSIGNMENT((#5929));
#5871=PRESENTATION_STYLE_ASSIGNMENT((#5930));
#5872=PRESENTATION_STYLE_ASSIGNMENT((#5931));
#5873=PRESENTATION_STYLE_ASSIGNMENT((#5932));
#5874=PRESENTATION_STYLE_ASSIGNMENT((#5933));
#5875=PRESENTATION_STYLE_ASSIGNMENT((#5934));
#5876=PRESENTATION_STYLE_ASSIGNMENT((#5935));
#5877=PRESENTATION_STYLE_ASSIGNMENT((#5936));
#5878=PRESENTATION_STYLE_ASSIGNMENT((#5937));
#5879=PRESENTATION_STYLE_ASSIGNMENT((#5938));
#5880=PRESENTATION_STYLE_ASSIGNMENT((#5939));
#5881=PRESENTATION_STYLE_ASSIGNMENT((#5940));
#5882=PRESENTATION_STYLE_ASSIGNMENT((#5941));
#5883=PRESENTATION_STYLE_ASSIGNMENT((#5942));
#5884=PRESENTATION_STYLE_ASSIGNMENT((#5943));
#5885=SURFACE_STYLE_USAGE(.BOTH.,#5944);
#5886=SURFACE_STYLE_USAGE(.BOTH.,#5945);
#5887=SURFACE_STYLE_USAGE(.BOTH.,#5946);
#5888=SURFACE_STYLE_USAGE(.BOTH.,#5947);
#5889=SURFACE_STYLE_USAGE(.BOTH.,#5948);
#5890=SURFACE_STYLE_USAGE(.BOTH.,#5949);
#5891=SURFACE_STYLE_USAGE(.BOTH.,#5950);
#5892=SURFACE_STYLE_USAGE(.BOTH.,#5951);
#5893=SURFACE_STYLE_USAGE(.BOTH.,#5952);
#5894=SURFACE_STYLE_USAGE(.BOTH.,#5953);
#5895=SURFACE_STYLE_USAGE(.BOTH.,#5954);
#5896=SURFACE_STYLE_USAGE(.BOTH.,#5955);
#5897=SURFACE_STYLE_USAGE(.BOTH.,#5956);
#5898=SURFACE_STYLE_USAGE(.BOTH.,#5957);
#5899=SURFACE_STYLE_USAGE(.BOTH.,#5958);
#5900=SURFACE_STYLE_USAGE(.BOTH.,#5959);
#5901=SURFACE_STYLE_USAGE(.BOTH.,#5960);
#5902=SURFACE_STYLE_USAGE(.BOTH.,#5961);
#5903=SURFACE_STYLE_USAGE(.BOTH.,#5962);
#5904=SURFACE_STYLE_USAGE(.BOTH.,#5963);
#5905=SURFACE_STYLE_USAGE(.BOTH.,#5964);
#5906=SURFACE_STYLE_USAGE(.BOTH.,#5965);
#5907=SURFACE_STYLE_USAGE(.BOTH.,#5966);
#5908=SURFACE_STYLE_USAGE(.BOTH.,#5967);
#5909=SURFACE_STYLE_USAGE(.BOTH.,#5968);
#5910=SURFACE_STYLE_USAGE(.BOTH.,#5969);
#5911=SURFACE_STYLE_USAGE(.BOTH.,#5970);
#5912=SURFACE_STYLE_USAGE(.BOTH.,#5971);
#5913=SURFACE_STYLE_USAGE(.BOTH.,#5972);
#5914=SURFACE_STYLE_USAGE(.BOTH.,#5973);
#5915=SURFACE_STYLE_USAGE(.BOTH.,#5974);
#5916=SURFACE_STYLE_USAGE(.BOTH.,#5975);
#5917=SURFACE_STYLE_USAGE(.BOTH.,#5976);
#5918=SURFACE_STYLE_USAGE(.BOTH.,#5977);
#5919=SURFACE_STYLE_USAGE(.BOTH.,#5978);
#5920=SURFACE_STYLE_USAGE(.BOTH.,#5979);
#5921=SURFACE_STYLE_USAGE(.BOTH.,#5980);
#5922=SURFACE_STYLE_USAGE(.BOTH.,#5981);
#5923=SURFACE_STYLE_USAGE(.BOTH.,#5982);
#5924=SURFACE_STYLE_USAGE(.BOTH.,#5983);
#5925=SURFACE_STYLE_USAGE(.BOTH.,#5984);
#5926=SURFACE_STYLE_USAGE(.BOTH.,#5985);
#5927=SURFACE_STYLE_USAGE(.BOTH.,#5986);
#5928=SURFACE_STYLE_USAGE(.BOTH.,#5987);
#5929=SURFACE_STYLE_USAGE(.BOTH.,#5988);
#5930=SURFACE_STYLE_USAGE(.BOTH.,#5989);
#5931=SURFACE_STYLE_USAGE(.BOTH.,#5990);
#5932=SURFACE_STYLE_USAGE(.BOTH.,#5991);
#5933=SURFACE_STYLE_USAGE(.BOTH.,#5992);
#5934=SURFACE_STYLE_USAGE(.BOTH.,#5993);
#5935=SURFACE_STYLE_USAGE(.BOTH.,#5994);
#5936=SURFACE_STYLE_USAGE(.BOTH.,#5995);
#5937=SURFACE_STYLE_USAGE(.BOTH.,#5996);
#5938=SURFACE_STYLE_USAGE(.BOTH.,#5997);
#5939=SURFACE_STYLE_USAGE(.BOTH.,#5998);
#5940=SURFACE_STYLE_USAGE(.BOTH.,#5999);
#5941=SURFACE_STYLE_USAGE(.BOTH.,#6000);
#5942=SURFACE_STYLE_USAGE(.BOTH.,#6001);
#5943=SURFACE_STYLE_USAGE(.BOTH.,#6002);
#5944=SURFACE_SIDE_STYLE('',(#6003));
#5945=SURFACE_SIDE_STYLE('',(#6004));
#5946=SURFACE_SIDE_STYLE('',(#6005));
#5947=SURFACE_SIDE_STYLE('',(#6006));
#5948=SURFACE_SIDE_STYLE('',(#6007));
#5949=SURFACE_SIDE_STYLE('',(#6008));
#5950=SURFACE_SIDE_STYLE('',(#6009));
#5951=SURFACE_SIDE_STYLE('',(#6010));
#5952=SURFACE_SIDE_STYLE('',(#6011));
#5953=SURFACE_SIDE_STYLE('',(#6012));
#5954=SURFACE_SIDE_STYLE('',(#6013));
#5955=SURFACE_SIDE_STYLE('',(#6014));
#5956=SURFACE_SIDE_STYLE('',(#6015));
#5957=SURFACE_SIDE_STYLE('',(#6016));
#5958=SURFACE_SIDE_STYLE('',(#6017));
#5959=SURFACE_SIDE_STYLE('',(#6018));
#5960=SURFACE_SIDE_STYLE('',(#6019));
#5961=SURFACE_SIDE_STYLE('',(#6020));
#5962=SURFACE_SIDE_STYLE('',(#6021));
#5963=SURFACE_SIDE_STYLE('',(#6022));
#5964=SURFACE_SIDE_STYLE('',(#6023));
#5965=SURFACE_SIDE_STYLE('',(#6024));
#5966=SURFACE_SIDE_STYLE('',(#6025));
#5967=SURFACE_SIDE_STYLE('',(#6026));
#5968=SURFACE_SIDE_STYLE('',(#6027));
#5969=SURFACE_SIDE_STYLE('',(#6028));
#5970=SURFACE_SIDE_STYLE('',(#6029));
#5971=SURFACE_SIDE_STYLE('',(#6030));
#5972=SURFACE_SIDE_STYLE('',(#6031));
#5973=SURFACE_SIDE_STYLE('',(#6032));
#5974=SURFACE_SIDE_STYLE('',(#6033));
#5975=SURFACE_SIDE_STYLE('',(#6034));
#5976=SURFACE_SIDE_STYLE('',(#6035));
#5977=SURFACE_SIDE_STYLE('',(#6036));
#5978=SURFACE_SIDE_STYLE('',(#6037));
#5979=SURFACE_SIDE_STYLE('',(#6038));
#5980=SURFACE_SIDE_STYLE('',(#6039));
#5981=SURFACE_SIDE_STYLE('',(#6040));
#5982=SURFACE_SIDE_STYLE('',(#6041));
#5983=SURFACE_SIDE_STYLE('',(#6042));
#5984=SURFACE_SIDE_STYLE('',(#6043));
#5985=SURFACE_SIDE_STYLE('',(#6044));
#5986=SURFACE_SIDE_STYLE('',(#6045));
#5987=SURFACE_SIDE_STYLE('',(#6046));
#5988=SURFACE_SIDE_STYLE('',(#6047));
#5989=SURFACE_SIDE_STYLE('',(#6048));
#5990=SURFACE_SIDE_STYLE('',(#6049));
#5991=SURFACE_SIDE_STYLE('',(#6050));
#5992=SURFACE_SIDE_STYLE('',(#6051));
#5993=SURFACE_SIDE_STYLE('',(#6052));
#5994=SURFACE_SIDE_STYLE('',(#6053));
#5995=SURFACE_SIDE_STYLE('',(#6054));
#5996=SURFACE_SIDE_STYLE('',(#6055));
#5997=SURFACE_SIDE_STYLE('',(#6056));
#5998=SURFACE_SIDE_STYLE('',(#6057));
#5999=SURFACE_SIDE_STYLE('',(#6058));
#6000=SURFACE_SIDE_STYLE('',(#6059));
#6001=SURFACE_SIDE_STYLE('',(#6060));
#6002=SURFACE_SIDE_STYLE('',(#6061));
#6003=SURFACE_STYLE_FILL_AREA(#6062);
#6004=SURFACE_STYLE_FILL_AREA(#6063);
#6005=SURFACE_STYLE_FILL_AREA(#6064);
#6006=SURFACE_STYLE_FILL_AREA(#6065);
#6007=SURFACE_STYLE_FILL_AREA(#6066);
#6008=SURFACE_STYLE_FILL_AREA(#6067);
#6009=SURFACE_STYLE_FILL_AREA(#6068);
#6010=SURFACE_STYLE_FILL_AREA(#6069);
#6011=SURFACE_STYLE_FILL_AREA(#6070);
#6012=SURFACE_STYLE_FILL_AREA(#6071);
#6013=SURFACE_STYLE_FILL_AREA(#6072);
#6014=SURFACE_STYLE_FILL_AREA(#6073);
#6015=SURFACE_STYLE_FILL_AREA(#6074);
#6016=SURFACE_STYLE_FILL_AREA(#6075);
#6017=SURFACE_STYLE_FILL_AREA(#6076);
#6018=SURFACE_STYLE_FILL_AREA(#6077);
#6019=SURFACE_STYLE_FILL_AREA(#6078);
#6020=SURFACE_STYLE_FILL_AREA(#6079);
#6021=SURFACE_STYLE_FILL_AREA(#6080);
#6022=SURFACE_STYLE_FILL_AREA(#6081);
#6023=SURFACE_STYLE_FILL_AREA(#6082);
#6024=SURFACE_STYLE_FILL_AREA(#6083);
#6025=SURFACE_STYLE_FILL_AREA(#6084);
#6026=SURFACE_STYLE_FILL_AREA(#6085);
#6027=SURFACE_STYLE_FILL_AREA(#6086);
#6028=SURFACE_STYLE_FILL_AREA(#6087);
#6029=SURFACE_STYLE_FILL_AREA(#6088);
#6030=SURFACE_STYLE_FILL_AREA(#6089);
#6031=SURFACE_STYLE_FILL_AREA(#6090);
#6032=SURFACE_STYLE_FILL_AREA(#6091);
#6033=SURFACE_STYLE_FILL_AREA(#6092);
#6034=SURFACE_STYLE_FILL_AREA(#6093);
#6035=SURFACE_STYLE_FILL_AREA(#6094);
#6036=SURFACE_STYLE_FILL_AREA(#6095);
#6037=SURFACE_STYLE_FILL_AREA(#6096);
#6038=SURFACE_STYLE_FILL_AREA(#6097);
#6039=SURFACE_STYLE_FILL_AREA(#6098);
#6040=SURFACE_STYLE_FILL_AREA(#6099);
#6041=SURFACE_STYLE_FILL_AREA(#6100);
#6042=SURFACE_STYLE_FILL_AREA(#6101);
#6043=SURFACE_STYLE_FILL_AREA(#6102);
#6044=SURFACE_STYLE_FILL_AREA(#6103);
#6045=SURFACE_STYLE_FILL_AREA(#6104);
#6046=SURFACE_STYLE_FILL_AREA(#6105);
#6047=SURFACE_STYLE_FILL_AREA(#6106);
#6048=SURFACE_STYLE_FILL_AREA(#6107);
#6049=SURFACE_STYLE_FILL_AREA(#6108);
#6050=SURFACE_STYLE_FILL_AREA(#6109);
#6051=SURFACE_STYLE_FILL_AREA(#6110);
#6052=SURFACE_STYLE_FILL_AREA(#6111);
#6053=SURFACE_STYLE_FILL_AREA(#6112);
#6054=SURFACE_STYLE_FILL_AREA(#6113);
#6055=SURFACE_STYLE_FILL_AREA(#6114);
#6056=SURFACE_STYLE_FILL_AREA(#6115);
#6057=SURFACE_STYLE_FILL_AREA(#6116);
#6058=SURFACE_STYLE_FILL_AREA(#6117);
#6059=SURFACE_STYLE_FILL_AREA(#6118);
#6060=SURFACE_STYLE_FILL_AREA(#6119);
#6061=SURFACE_STYLE_FILL_AREA(#6120);
#6062=FILL_AREA_STYLE('',(#6121));
#6063=FILL_AREA_STYLE('',(#6122));
#6064=FILL_AREA_STYLE('',(#6123));
#6065=FILL_AREA_STYLE('',(#6124));
#6066=FILL_AREA_STYLE('',(#6125));
#6067=FILL_AREA_STYLE('',(#6126));
#6068=FILL_AREA_STYLE('',(#6127));
#6069=FILL_AREA_STYLE('',(#6128));
#6070=FILL_AREA_STYLE('',(#6129));
#6071=FILL_AREA_STYLE('',(#6130));
#6072=FILL_AREA_STYLE('',(#6131));
#6073=FILL_AREA_STYLE('',(#6132));
#6074=FILL_AREA_STYLE('',(#6133));
#6075=FILL_AREA_STYLE('',(#6134));
#6076=FILL_AREA_STYLE('',(#6135));
#6077=FILL_AREA_STYLE('',(#6136));
#6078=FILL_AREA_STYLE('',(#6137));
#6079=FILL_AREA_STYLE('',(#6138));
#6080=FILL_AREA_STYLE('',(#6139));
#6081=FILL_AREA_STYLE('',(#6140));
#6082=FILL_AREA_STYLE('',(#6141));
#6083=FILL_AREA_STYLE('',(#6142));
#6084=FILL_AREA_STYLE('',(#6143));
#6085=FILL_AREA_STYLE('',(#6144));
#6086=FILL_AREA_STYLE('',(#6145));
#6087=FILL_AREA_STYLE('',(#6146));
#6088=FILL_AREA_STYLE('',(#6147));
#6089=FILL_AREA_STYLE('',(#6148));
#6090=FILL_AREA_STYLE('',(#6149));
#6091=FILL_AREA_STYLE('',(#6150));
#6092=FILL_AREA_STYLE('',(#6151));
#6093=FILL_AREA_STYLE('',(#6152));
#6094=FILL_AREA_STYLE('',(#6153));
#6095=FILL_AREA_STYLE('',(#6154));
#6096=FILL_AREA_STYLE('',(#6155));
#6097=FILL_AREA_STYLE('',(#6156));
#6098=FILL_AREA_STYLE('',(#6157));
#6099=FILL_AREA_STYLE('',(#6158));
#6100=FILL_AREA_STYLE('',(#6159));
#6101=FILL_AREA_STYLE('',(#6160));
#6102=FILL_AREA_STYLE('',(#6161));
#6103=FILL_AREA_STYLE('',(#6162));
#6104=FILL_AREA_STYLE('',(#6163));
#6105=FILL_AREA_STYLE('',(#6164));
#6106=FILL_AREA_STYLE('',(#6165));
#6107=FILL_AREA_STYLE('',(#6166));
#6108=FILL_AREA_STYLE('',(#6167));
#6109=FILL_AREA_STYLE('',(#6168));
#6110=FILL_AREA_STYLE('',(#6169));
#6111=FILL_AREA_STYLE('',(#6170));
#6112=FILL_AREA_STYLE('',(#6171));
#6113=FILL_AREA_STYLE('',(#6172));
#6114=FILL_AREA_STYLE('',(#6173));
#6115=FILL_AREA_STYLE('',(#6174));
#6116=FILL_AREA_STYLE('',(#6175));
#6117=FILL_AREA_STYLE('',(#6176));
#6118=FILL_AREA_STYLE('',(#6177));
#6119=FILL_AREA_STYLE('',(#6178));
#6120=FILL_AREA_STYLE('',(#6179));
#6121=FILL_AREA_STYLE_COLOUR('',#6180);
#6122=FILL_AREA_STYLE_COLOUR('',#6180);
#6123=FILL_AREA_STYLE_COLOUR('',#6180);
#6124=FILL_AREA_STYLE_COLOUR('',#6180);
#6125=FILL_AREA_STYLE_COLOUR('',#6180);
#6126=FILL_AREA_STYLE_COLOUR('',#6180);
#6127=FILL_AREA_STYLE_COLOUR('',#6180);
#6128=FILL_AREA_STYLE_COLOUR('',#6180);
#6129=FILL_AREA_STYLE_COLOUR('',#6180);
#6130=FILL_AREA_STYLE_COLOUR('',#6180);
#6131=FILL_AREA_STYLE_COLOUR('',#87);
#6132=FILL_AREA_STYLE_COLOUR('',#88);
#6133=FILL_AREA_STYLE_COLOUR('',#88);
#6134=FILL_AREA_STYLE_COLOUR('',#88);
#6135=FILL_AREA_STYLE_COLOUR('',#88);
#6136=FILL_AREA_STYLE_COLOUR('',#88);
#6137=FILL_AREA_STYLE_COLOUR('',#88);
#6138=FILL_AREA_STYLE_COLOUR('',#88);
#6139=FILL_AREA_STYLE_COLOUR('',#88);
#6140=FILL_AREA_STYLE_COLOUR('',#88);
#6141=FILL_AREA_STYLE_COLOUR('',#88);
#6142=FILL_AREA_STYLE_COLOUR('',#88);
#6143=FILL_AREA_STYLE_COLOUR('',#88);
#6144=FILL_AREA_STYLE_COLOUR('',#88);
#6145=FILL_AREA_STYLE_COLOUR('',#88);
#6146=FILL_AREA_STYLE_COLOUR('',#88);
#6147=FILL_AREA_STYLE_COLOUR('',#88);
#6148=FILL_AREA_STYLE_COLOUR('',#88);
#6149=FILL_AREA_STYLE_COLOUR('',#88);
#6150=FILL_AREA_STYLE_COLOUR('',#88);
#6151=FILL_AREA_STYLE_COLOUR('',#88);
#6152=FILL_AREA_STYLE_COLOUR('',#88);
#6153=FILL_AREA_STYLE_COLOUR('',#88);
#6154=FILL_AREA_STYLE_COLOUR('',#88);
#6155=FILL_AREA_STYLE_COLOUR('',#88);
#6156=FILL_AREA_STYLE_COLOUR('',#88);
#6157=FILL_AREA_STYLE_COLOUR('',#88);
#6158=FILL_AREA_STYLE_COLOUR('',#88);
#6159=FILL_AREA_STYLE_COLOUR('',#88);
#6160=FILL_AREA_STYLE_COLOUR('',#88);
#6161=FILL_AREA_STYLE_COLOUR('',#88);
#6162=FILL_AREA_STYLE_COLOUR('',#89);
#6163=FILL_AREA_STYLE_COLOUR('',#89);
#6164=FILL_AREA_STYLE_COLOUR('',#89);
#6165=FILL_AREA_STYLE_COLOUR('',#89);
#6166=FILL_AREA_STYLE_COLOUR('',#89);
#6167=FILL_AREA_STYLE_COLOUR('',#89);
#6168=FILL_AREA_STYLE_COLOUR('',#89);
#6169=FILL_AREA_STYLE_COLOUR('',#89);
#6170=FILL_AREA_STYLE_COLOUR('',#89);
#6171=FILL_AREA_STYLE_COLOUR('',#89);
#6172=FILL_AREA_STYLE_COLOUR('',#89);
#6173=FILL_AREA_STYLE_COLOUR('',#89);
#6174=FILL_AREA_STYLE_COLOUR('',#89);
#6175=FILL_AREA_STYLE_COLOUR('',#89);
#6176=FILL_AREA_STYLE_COLOUR('',#89);
#6177=FILL_AREA_STYLE_COLOUR('',#6180);
#6178=FILL_AREA_STYLE_COLOUR('',#6180);
#6179=FILL_AREA_STYLE_COLOUR('',#6180);
#6180=DRAUGHTING_PRE_DEFINED_COLOUR('white');
#6181=MANIFOLD_SOLID_BREP(
'SMA_L4.3-W2.6-LS5.2-RD~SMA_L4.3-W2.6-LS5.2-RD~2QC5__\X\CD\X\B9\X\CC\X\A8
-\X\EF\X\BF\X\BD\X\EF\X\BF\X\BD\X\EF\X\BF\X\BD\X\EF\X\BF\X\BD2[11]',#5798);
#6182=MANIFOLD_SOLID_BREP(
'SMA_L4.3-W2.6-LS5.2-RD~SMA_L4.3-W2.6-LS5.2-RD~2QC5__\X\CD\X\B9\X\CC\X\A8
-\X\EF\X\BF\X\BD\X\EF\X\BF\X\BD\X\EF\X\BF\X\BD\X\EF\X\BF\X\BD2[9]',#5799);
#6183=MANIFOLD_SOLID_BREP(
'SMA_L4.3-W2.6-LS5.2-RD~SMA_L4.3-W2.6-LS5.2-RD~2QC5__\X\CD\X\B9\X\CC\X\A8
-\X\EF\X\BF\X\BD\X\EF\X\BF\X\BD\X\EF\X\BF\X\BD\X\EF\X\BF\X\BD2[6]',#5800);
#6184=MANIFOLD_SOLID_BREP(
'SMA_L4.3-W2.6-LS5.2-RD~SMA_L4.3-W2.6-LS5.2-RD~2QC5__\X\CD\X\B9\X\CC\X\A8
-\X\EF\X\BF\X\BD\X\EF\X\BF\X\BD\X\EF\X\BF\X\BD\X\EF\X\BF\X\BD2[13]',#5801);
#6185=MANIFOLD_SOLID_BREP(
'SMA_L4.3-W2.6-LS5.2-RD~SMA_L4.3-W2.6-LS5.2-RD~2QC5__\X\CD\X\B9\X\CC\X\A8
-\X\EF\X\BF\X\BD\X\EF\X\BF\X\BD\X\EF\X\BF\X\BD\X\EF\X\BF\X\BD2[8]',#5802);
#6186=MANIFOLD_SOLID_BREP(
'SMA_L4.3-W2.6-LS5.2-RD~SMA_L4.3-W2.6-LS5.2-RD~2QC5__\X\CD\X\B9\X\CC\X\A8
-\X\EF\X\BF\X\BD\X\EF\X\BF\X\BD\X\EF\X\BF\X\BD\X\EF\X\BF\X\BD2[1]',#5803);
#6187=MANIFOLD_SOLID_BREP(
'SMA_L4.3-W2.6-LS5.2-RD~SMA_L4.3-W2.6-LS5.2-RD~2QC5__\X\CD\X\B9\X\CC\X\A8
-\X\EF\X\BF\X\BD\X\EF\X\BF\X\BD\X\EF\X\BF\X\BD\X\EF\X\BF\X\BD2[5]',#5804);
#6188=MANIFOLD_SOLID_BREP(
'SMA_L4.3-W2.6-LS5.2-RD~SMA_L4.3-W2.6-LS5.2-RD~2QC5__\X\CD\X\B9\X\CC\X\A8
-\X\EF\X\BF\X\BD\X\EF\X\BF\X\BD\X\EF\X\BF\X\BD\X\EF\X\BF\X\BD2[12]',#5805);
#6189=MANIFOLD_SOLID_BREP(
'SMA_L4.3-W2.6-LS5.2-RD~SMA_L4.3-W2.6-LS5.2-RD~2QC5__\X\CD\X\B9\X\CC\X\A8
-\X\EF\X\BF\X\BD\X\EF\X\BF\X\BD\X\EF\X\BF\X\BD\X\EF\X\BF\X\BD2[10]',#5806);
#6190=MANIFOLD_SOLID_BREP(
'SMA_L4.3-W2.6-LS5.2-RD~SMA_L4.3-W2.6-LS5.2-RD~2QC5__\X\CD\X\B9\X\CC\X\A8
-\X\EF\X\BF\X\BD\X\EF\X\BF\X\BD\X\EF\X\BF\X\BD\X\EF\X\BF\X\BD2[7]',#5807);
#6191=MANIFOLD_SOLID_BREP(
'SMA_L4.3-W2.6-LS5.2-RD~SMA_L4.3-W2.6-LS5.2-RD~2QC5__\X\EF\X\BF\X\BD\X\D0
\X\B3\X\EF\X\BF\X\BD-\X\EF\X\BF\X\BD\X\EF\X\BF\X\BD\X\EF\X\BF\X\BD\X\EF
\X\BF\X\BD4',#5808);
#6192=MANIFOLD_SOLID_BREP(
'SMA_L4.3-W2.6-LS5.2-RD~SMA_L4.3-W2.6-LS5.2-RD~2QC5__\X\CD\X\B9\X\CC\X\A8
-\X\EF\X\BF\X\BD\X\EF\X\BF\X\BD\X\EF\X\BF\X\BD\X\EF\X\BF\X\BD2[4]',#5809);
#6193=MANIFOLD_SOLID_BREP(
'SMA_L4.3-W2.6-LS5.2-RD~SMA_L4.3-W2.6-LS5.2-RD~2QC5__\X\CD\X\B9\X\CC\X\A8
-\X\EF\X\BF\X\BD\X\EF\X\BF\X\BD\X\EF\X\BF\X\BD\X\EF\X\BF\X\BD2[2]',#5810);
#6194=MANIFOLD_SOLID_BREP(
'SMA_L4.3-W2.6-LS5.2-RD~SMA_L4.3-W2.6-LS5.2-RD~2QC5__\X\CD\X\B9\X\CC\X\A8
-\X\EF\X\BF\X\BD\X\EF\X\BF\X\BD\X\EF\X\BF\X\BD\X\EF\X\BF\X\BD2[3]',#5811);
#6195=SHAPE_DEFINITION_REPRESENTATION(#10602,#6210);
#6196=SHAPE_DEFINITION_REPRESENTATION(#10603,#6211);
#6197=SHAPE_DEFINITION_REPRESENTATION(#10605,#6212);
#6198=SHAPE_DEFINITION_REPRESENTATION(#10607,#6213);
#6199=SHAPE_DEFINITION_REPRESENTATION(#10609,#6214);
#6200=SHAPE_DEFINITION_REPRESENTATION(#10611,#6215);
#6201=SHAPE_DEFINITION_REPRESENTATION(#10613,#6216);
#6202=SHAPE_DEFINITION_REPRESENTATION(#10615,#6217);
#6203=SHAPE_DEFINITION_REPRESENTATION(#10617,#6218);
#6204=SHAPE_DEFINITION_REPRESENTATION(#10619,#6219);
#6205=SHAPE_DEFINITION_REPRESENTATION(#10621,#6220);
#6206=SHAPE_DEFINITION_REPRESENTATION(#10623,#6221);
#6207=SHAPE_DEFINITION_REPRESENTATION(#10625,#6222);
#6208=SHAPE_DEFINITION_REPRESENTATION(#10627,#6223);
#6209=SHAPE_DEFINITION_REPRESENTATION(#10629,#6224);
#6210=SHAPE_REPRESENTATION(
'SMA_L4.3-W2.6-LS5.2-RD~SMA_L4.3-W2.6-LS5.2-RD~2QC5',(#6225,#6258,#6279,
#6294,#6305,#6364,#6373,#6388,#6403,#6418,#6459,#6626,#6659,#6664,#6679),
#10569);
#6211=SHAPE_REPRESENTATION(
'SMA_L4.3-W2.6-LS5.2-RD~SMA_L4.3-W2.6-LS5.2-RD~2QC5__\X\CD\X\B9\X\CC\X\A8
-\X\EF\X\BF\X\BD\X\EF\X\BF\X\BD\X\EF\X\BF\X\BD\X\EF\X\BF\X\BD2[11]',(#6225),
#10570);
#6212=SHAPE_REPRESENTATION(
'SMA_L4.3-W2.6-LS5.2-RD~SMA_L4.3-W2.6-LS5.2-RD~2QC5__\X\CD\X\B9\X\CC\X\A8
-\X\EF\X\BF\X\BD\X\EF\X\BF\X\BD\X\EF\X\BF\X\BD\X\EF\X\BF\X\BD2[9]',(#6225),
#10571);
#6213=SHAPE_REPRESENTATION(
'SMA_L4.3-W2.6-LS5.2-RD~SMA_L4.3-W2.6-LS5.2-RD~2QC5__\X\CD\X\B9\X\CC\X\A8
-\X\EF\X\BF\X\BD\X\EF\X\BF\X\BD\X\EF\X\BF\X\BD\X\EF\X\BF\X\BD2[6]',(#6225),
#10572);
#6214=SHAPE_REPRESENTATION(
'SMA_L4.3-W2.6-LS5.2-RD~SMA_L4.3-W2.6-LS5.2-RD~2QC5__\X\CD\X\B9\X\CC\X\A8
-\X\EF\X\BF\X\BD\X\EF\X\BF\X\BD\X\EF\X\BF\X\BD\X\EF\X\BF\X\BD2[13]',(#6225),
#10573);
#6215=SHAPE_REPRESENTATION(
'SMA_L4.3-W2.6-LS5.2-RD~SMA_L4.3-W2.6-LS5.2-RD~2QC5__\X\CD\X\B9\X\CC\X\A8
-\X\EF\X\BF\X\BD\X\EF\X\BF\X\BD\X\EF\X\BF\X\BD\X\EF\X\BF\X\BD2[8]',(#6225),
#10574);
#6216=SHAPE_REPRESENTATION(
'SMA_L4.3-W2.6-LS5.2-RD~SMA_L4.3-W2.6-LS5.2-RD~2QC5__\X\CD\X\B9\X\CC\X\A8
-\X\EF\X\BF\X\BD\X\EF\X\BF\X\BD\X\EF\X\BF\X\BD\X\EF\X\BF\X\BD2[1]',(#6225),
#10575);
#6217=SHAPE_REPRESENTATION(
'SMA_L4.3-W2.6-LS5.2-RD~SMA_L4.3-W2.6-LS5.2-RD~2QC5__\X\CD\X\B9\X\CC\X\A8
-\X\EF\X\BF\X\BD\X\EF\X\BF\X\BD\X\EF\X\BF\X\BD\X\EF\X\BF\X\BD2[5]',(#6225),
#10576);
#6218=SHAPE_REPRESENTATION(
'SMA_L4.3-W2.6-LS5.2-RD~SMA_L4.3-W2.6-LS5.2-RD~2QC5__\X\CD\X\B9\X\CC\X\A8
-\X\EF\X\BF\X\BD\X\EF\X\BF\X\BD\X\EF\X\BF\X\BD\X\EF\X\BF\X\BD2[12]',(#6225),
#10577);
#6219=SHAPE_REPRESENTATION(
'SMA_L4.3-W2.6-LS5.2-RD~SMA_L4.3-W2.6-LS5.2-RD~2QC5__\X\CD\X\B9\X\CC\X\A8
-\X\EF\X\BF\X\BD\X\EF\X\BF\X\BD\X\EF\X\BF\X\BD\X\EF\X\BF\X\BD2[10]',(#6225),
#10578);
#6220=SHAPE_REPRESENTATION(
'SMA_L4.3-W2.6-LS5.2-RD~SMA_L4.3-W2.6-LS5.2-RD~2QC5__\X\CD\X\B9\X\CC\X\A8
-\X\EF\X\BF\X\BD\X\EF\X\BF\X\BD\X\EF\X\BF\X\BD\X\EF\X\BF\X\BD2[7]',(#6225),
#10579);
#6221=SHAPE_REPRESENTATION(
'SMA_L4.3-W2.6-LS5.2-RD~SMA_L4.3-W2.6-LS5.2-RD~2QC5__\X\EF\X\BF\X\BD\X\D0
\X\B3\X\EF\X\BF\X\BD-\X\EF\X\BF\X\BD\X\EF\X\BF\X\BD\X\EF\X\BF\X\BD\X\EF
\X\BF\X\BD4',(#6225),#10580);
#6222=SHAPE_REPRESENTATION(
'SMA_L4.3-W2.6-LS5.2-RD~SMA_L4.3-W2.6-LS5.2-RD~2QC5__\X\CD\X\B9\X\CC\X\A8
-\X\EF\X\BF\X\BD\X\EF\X\BF\X\BD\X\EF\X\BF\X\BD\X\EF\X\BF\X\BD2[4]',(#6225),
#10581);
#6223=SHAPE_REPRESENTATION(
'SMA_L4.3-W2.6-LS5.2-RD~SMA_L4.3-W2.6-LS5.2-RD~2QC5__\X\CD\X\B9\X\CC\X\A8
-\X\EF\X\BF\X\BD\X\EF\X\BF\X\BD\X\EF\X\BF\X\BD\X\EF\X\BF\X\BD2[2]',(#6225),
#10582);
#6224=SHAPE_REPRESENTATION(
'SMA_L4.3-W2.6-LS5.2-RD~SMA_L4.3-W2.6-LS5.2-RD~2QC5__\X\CD\X\B9\X\CC\X\A8
-\X\EF\X\BF\X\BD\X\EF\X\BF\X\BD\X\EF\X\BF\X\BD\X\EF\X\BF\X\BD2[3]',(#6225),
#10583);
#6225=AXIS2_PLACEMENT_3D('',#8115,#6680,#6681);
#6226=AXIS2_PLACEMENT_3D('',#8116,#6682,#6683);
#6227=AXIS2_PLACEMENT_3D('',#8120,#6685,#6686);
#6228=AXIS2_PLACEMENT_3D('',#8122,#6687,#6688);
#6229=AXIS2_PLACEMENT_3D('',#8124,#6689,#6690);
#6230=AXIS2_PLACEMENT_3D('',#8126,#6691,#6692);
#6231=AXIS2_PLACEMENT_3D('',#8136,#6697,#6698);
#6232=AXIS2_PLACEMENT_3D('',#8138,#6699,#6700);
#6233=AXIS2_PLACEMENT_3D('',#8140,#6701,#6702);
#6234=AXIS2_PLACEMENT_3D('',#8142,#6703,#6704);
#6235=AXIS2_PLACEMENT_3D('',#8145,#6706,#6707);
#6236=AXIS2_PLACEMENT_3D('',#8151,#6711,#6712);
#6237=AXIS2_PLACEMENT_3D('',#8152,#6713,#6714);
#6238=AXIS2_PLACEMENT_3D('',#8153,#6715,#6716);
#6239=AXIS2_PLACEMENT_3D('',#8154,#6717,#6718);
#6240=AXIS2_PLACEMENT_3D('',#8160,#6722,#6723);
#6241=AXIS2_PLACEMENT_3D('',#8161,#6724,#6725);
#6242=AXIS2_PLACEMENT_3D('',#8162,#6726,#6727);
#6243=AXIS2_PLACEMENT_3D('',#8163,#6728,#6729);
#6244=AXIS2_PLACEMENT_3D('',#8164,#6730,#6731);
#6245=AXIS2_PLACEMENT_3D('',#8166,#6733,#6734);
#6246=AXIS2_PLACEMENT_3D('',#8167,#6735,#6736);
#6247=AXIS2_PLACEMENT_3D('',#8168,#6737,#6738);
#6248=AXIS2_PLACEMENT_3D('',#8169,#6739,#6740);
#6249=AXIS2_PLACEMENT_3D('',#8170,#6741,#6742);
#6250=AXIS2_PLACEMENT_3D('',#8172,#6744,#6745);
#6251=AXIS2_PLACEMENT_3D('',#8173,#6746,#6747);
#6252=AXIS2_PLACEMENT_3D('',#8175,#6749,#6750);
#6253=AXIS2_PLACEMENT_3D('',#8177,#6752,#6753);
#6254=AXIS2_PLACEMENT_3D('',#8178,#6754,#6755);
#6255=AXIS2_PLACEMENT_3D('',#8179,#6756,#6757);
#6256=AXIS2_PLACEMENT_3D('',#8180,#6758,#6759);
#6257=AXIS2_PLACEMENT_3D('',#8181,#6760,#6761);
#6258=AXIS2_PLACEMENT_3D('',#8182,#6762,#6763);
#6259=AXIS2_PLACEMENT_3D('',#8183,#6764,#6765);
#6260=AXIS2_PLACEMENT_3D('',#8192,#6770,#6771);
#6261=AXIS2_PLACEMENT_3D('',#8213,#6776,#6777);
#6262=AXIS2_PLACEMENT_3D('',#8214,#6778,#6779);
#6263=AXIS2_PLACEMENT_3D('',#8220,#6783,#6784);
#6264=AXIS2_PLACEMENT_3D('',#8226,#6788,#6789);
#6265=AXIS2_PLACEMENT_3D('',#8232,#6793,#6794);
#6266=AXIS2_PLACEMENT_3D('',#8238,#6798,#6799);
#6267=AXIS2_PLACEMENT_3D('',#8244,#6803,#6804);
#6268=AXIS2_PLACEMENT_3D('',#8248,#6807,#6808);
#6269=AXIS2_PLACEMENT_3D('',#8249,#6809,#6810);
#6270=AXIS2_PLACEMENT_3D('',#8251,#6811,#6812);
#6271=AXIS2_PLACEMENT_3D('',#8252,#6813,#6814);
#6272=AXIS2_PLACEMENT_3D('',#8267,#6815,#6816);
#6273=AXIS2_PLACEMENT_3D('',#8271,#6819,#6820);
#6274=AXIS2_PLACEMENT_3D('',#8272,#6821,#6822);
#6275=AXIS2_PLACEMENT_3D('',#8274,#6823,#6824);
#6276=AXIS2_PLACEMENT_3D('',#8294,#6826,#6827);
#6277=AXIS2_PLACEMENT_3D('',#8297,#6830,#6831);
#6278=AXIS2_PLACEMENT_3D('',#8298,#6832,#6833);
#6279=AXIS2_PLACEMENT_3D('',#8299,#6834,#6835);
#6280=AXIS2_PLACEMENT_3D('',#8300,#6836,#6837);
#6281=AXIS2_PLACEMENT_3D('',#8309,#6842,#6843);
#6282=AXIS2_PLACEMENT_3D('',#8315,#6847,#6848);
#6283=AXIS2_PLACEMENT_3D('',#8321,#6852,#6853);
#6284=AXIS2_PLACEMENT_3D('',#8327,#6857,#6858);
#6285=AXIS2_PLACEMENT_3D('',#8333,#6862,#6863);
#6286=AXIS2_PLACEMENT_3D('',#8339,#6867,#6868);
#6287=AXIS2_PLACEMENT_3D('',#8345,#6872,#6873);
#6288=AXIS2_PLACEMENT_3D('',#8351,#6877,#6878);
#6289=AXIS2_PLACEMENT_3D('',#8357,#6882,#6883);
#6290=AXIS2_PLACEMENT_3D('',#8363,#6887,#6888);
#6291=AXIS2_PLACEMENT_3D('',#8369,#6892,#6893);
#6292=AXIS2_PLACEMENT_3D('',#8372,#6896,#6897);
#6293=AXIS2_PLACEMENT_3D('',#8373,#6898,#6899);
#6294=AXIS2_PLACEMENT_3D('',#8374,#6900,#6901);
#6295=AXIS2_PLACEMENT_3D('',#8375,#6902,#6903);
#6296=AXIS2_PLACEMENT_3D('',#8535,#6911,#6912);
#6297=AXIS2_PLACEMENT_3D('',#8807,#6932,#6933);
#6298=AXIS2_PLACEMENT_3D('',#8809,#6935,#6936);
#6299=AXIS2_PLACEMENT_3D('',#8811,#6938,#6939);
#6300=AXIS2_PLACEMENT_3D('',#8813,#6941,#6942);
#6301=AXIS2_PLACEMENT_3D('',#8878,#6951,#6952);
#6302=AXIS2_PLACEMENT_3D('',#8898,#6956,#6957);
#6303=AXIS2_PLACEMENT_3D('',#8927,#6962,#6963);
#6304=AXIS2_PLACEMENT_3D('',#8941,#6965,#6966);
#6305=AXIS2_PLACEMENT_3D('',#8976,#6969,#6970);
#6306=AXIS2_PLACEMENT_3D('',#8977,#6971,#6972);
#6307=AXIS2_PLACEMENT_3D('',#8978,#6973,#6974);
#6308=AXIS2_PLACEMENT_3D('',#8981,#6975,#6976);
#6309=AXIS2_PLACEMENT_3D('',#8982,#6977,#6978);
#6310=AXIS2_PLACEMENT_3D('',#8986,#6981,#6982);
#6311=AXIS2_PLACEMENT_3D('',#8987,#6983,#6984);
#6312=AXIS2_PLACEMENT_3D('',#8989,#6985,#6986);
#6313=AXIS2_PLACEMENT_3D('',#8990,#6987,#6988);
#6314=AXIS2_PLACEMENT_3D('',#8991,#6989,#6990);
#6315=AXIS2_PLACEMENT_3D('',#8993,#6991,#6992);
#6316=AXIS2_PLACEMENT_3D('',#8994,#6993,#6994);
#6317=AXIS2_PLACEMENT_3D('',#8995,#6995,#6996);
#6318=AXIS2_PLACEMENT_3D('',#9002,#6997,#6998);
#6319=AXIS2_PLACEMENT_3D('',#9003,#6999,#7000);
#6320=AXIS2_PLACEMENT_3D('',#9004,#7001,#7002);
#6321=AXIS2_PLACEMENT_3D('',#9011,#7003,#7004);
#6322=AXIS2_PLACEMENT_3D('',#9012,#7005,#7006);
#6323=AXIS2_PLACEMENT_3D('',#9013,#7007,#7008);
#6324=AXIS2_PLACEMENT_3D('',#9020,#7009,#7010);
#6325=AXIS2_PLACEMENT_3D('',#9021,#7011,#7012);
#6326=AXIS2_PLACEMENT_3D('',#9022,#7013,#7014);
#6327=AXIS2_PLACEMENT_3D('',#9024,#7015,#7016);
#6328=AXIS2_PLACEMENT_3D('',#9025,#7017,#7018);
#6329=AXIS2_PLACEMENT_3D('',#9026,#7019,#7020);
#6330=AXIS2_PLACEMENT_3D('',#9028,#7021,#7022);
#6331=AXIS2_PLACEMENT_3D('',#9029,#7023,#7024);
#6332=AXIS2_PLACEMENT_3D('',#9030,#7025,#7026);
#6333=AXIS2_PLACEMENT_3D('',#9037,#7027,#7028);
#6334=AXIS2_PLACEMENT_3D('',#9038,#7029,#7030);
#6335=AXIS2_PLACEMENT_3D('',#9039,#7031,#7032);
#6336=AXIS2_PLACEMENT_3D('',#9041,#7033,#7034);
#6337=AXIS2_PLACEMENT_3D('',#9042,#7035,#7036);
#6338=AXIS2_PLACEMENT_3D('',#9043,#7037,#7038);
#6339=AXIS2_PLACEMENT_3D('',#9045,#7039,#7040);
#6340=AXIS2_PLACEMENT_3D('',#9046,#7041,#7042);
#6341=AXIS2_PLACEMENT_3D('',#9050,#7045,#7046);
#6342=AXIS2_PLACEMENT_3D('',#9051,#7047,#7048);
#6343=AXIS2_PLACEMENT_3D('',#9053,#7049,#7050);
#6344=AXIS2_PLACEMENT_3D('',#9054,#7051,#7052);
#6345=AXIS2_PLACEMENT_3D('',#9055,#7053,#7054);
#6346=AXIS2_PLACEMENT_3D('',#9057,#7055,#7056);
#6347=AXIS2_PLACEMENT_3D('',#9058,#7057,#7058);
#6348=AXIS2_PLACEMENT_3D('',#9059,#7059,#7060);
#6349=AXIS2_PLACEMENT_3D('',#9061,#7061,#7062);
#6350=AXIS2_PLACEMENT_3D('',#9062,#7063,#7064);
#6351=AXIS2_PLACEMENT_3D('',#9063,#7065,#7066);
#6352=AXIS2_PLACEMENT_3D('',#9065,#7067,#7068);
#6353=AXIS2_PLACEMENT_3D('',#9066,#7069,#7070);
#6354=AXIS2_PLACEMENT_3D('',#9067,#7071,#7072);
#6355=AXIS2_PLACEMENT_3D('',#9074,#7073,#7074);
#6356=AXIS2_PLACEMENT_3D('',#9075,#7075,#7076);
#6357=AXIS2_PLACEMENT_3D('',#9076,#7077,#7078);
#6358=AXIS2_PLACEMENT_3D('',#9078,#7079,#7080);
#6359=AXIS2_PLACEMENT_3D('',#9079,#7081,#7082);
#6360=AXIS2_PLACEMENT_3D('',#9080,#7083,#7084);
#6361=AXIS2_PLACEMENT_3D('',#9082,#7085,#7086);
#6362=AXIS2_PLACEMENT_3D('',#9099,#7087,#7088);
#6363=AXIS2_PLACEMENT_3D('',#9100,#7089,#7090);
#6364=AXIS2_PLACEMENT_3D('',#9101,#7091,#7092);
#6365=AXIS2_PLACEMENT_3D('',#9102,#7093,#7094);
#6366=AXIS2_PLACEMENT_3D('',#9111,#7099,#7100);
#6367=AXIS2_PLACEMENT_3D('',#9117,#7104,#7105);
#6368=AXIS2_PLACEMENT_3D('',#9123,#7109,#7110);
#6369=AXIS2_PLACEMENT_3D('',#9129,#7114,#7115);
#6370=AXIS2_PLACEMENT_3D('',#9135,#7119,#7120);
#6371=AXIS2_PLACEMENT_3D('',#9138,#7123,#7124);
#6372=AXIS2_PLACEMENT_3D('',#9139,#7125,#7126);
#6373=AXIS2_PLACEMENT_3D('',#9140,#7127,#7128);
#6374=AXIS2_PLACEMENT_3D('',#9141,#7129,#7130);
#6375=AXIS2_PLACEMENT_3D('',#9176,#7143,#7144);
#6376=AXIS2_PLACEMENT_3D('',#9211,#7157,#7158);
#6377=AXIS2_PLACEMENT_3D('',#9214,#7161,#7162);
#6378=AXIS2_PLACEMENT_3D('',#9216,#7164,#7165);
#6379=AXIS2_PLACEMENT_3D('',#9218,#7167,#7168);
#6380=AXIS2_PLACEMENT_3D('',#9220,#7170,#7171);
#6381=AXIS2_PLACEMENT_3D('',#9222,#7173,#7174);
#6382=AXIS2_PLACEMENT_3D('',#9224,#7176,#7177);
#6383=AXIS2_PLACEMENT_3D('',#9226,#7179,#7180);
#6384=AXIS2_PLACEMENT_3D('',#9227,#7181,#7182);
#6385=AXIS2_PLACEMENT_3D('',#9230,#7185,#7186);
#6386=AXIS2_PLACEMENT_3D('',#9241,#7189,#7190);
#6387=AXIS2_PLACEMENT_3D('',#9252,#7193,#7194);
#6388=AXIS2_PLACEMENT_3D('',#9253,#7195,#7196);
#6389=AXIS2_PLACEMENT_3D('',#9254,#7197,#7198);
#6390=AXIS2_PLACEMENT_3D('',#9289,#7211,#7212);
#6391=AXIS2_PLACEMENT_3D('',#9324,#7225,#7226);
#6392=AXIS2_PLACEMENT_3D('',#9327,#7229,#7230);
#6393=AXIS2_PLACEMENT_3D('',#9329,#7232,#7233);
#6394=AXIS2_PLACEMENT_3D('',#9331,#7235,#7236);
#6395=AXIS2_PLACEMENT_3D('',#9333,#7238,#7239);
#6396=AXIS2_PLACEMENT_3D('',#9335,#7241,#7242);
#6397=AXIS2_PLACEMENT_3D('',#9337,#7244,#7245);
#6398=AXIS2_PLACEMENT_3D('',#9339,#7247,#7248);
#6399=AXIS2_PLACEMENT_3D('',#9340,#7249,#7250);
#6400=AXIS2_PLACEMENT_3D('',#9343,#7253,#7254);
#6401=AXIS2_PLACEMENT_3D('',#9354,#7257,#7258);
#6402=AXIS2_PLACEMENT_3D('',#9365,#7261,#7262);
#6403=AXIS2_PLACEMENT_3D('',#9366,#7263,#7264);
#6404=AXIS2_PLACEMENT_3D('',#9367,#7265,#7266);
#6405=AXIS2_PLACEMENT_3D('',#9376,#7271,#7272);
#6406=AXIS2_PLACEMENT_3D('',#9382,#7276,#7277);
#6407=AXIS2_PLACEMENT_3D('',#9388,#7281,#7282);
#6408=AXIS2_PLACEMENT_3D('',#9394,#7286,#7287);
#6409=AXIS2_PLACEMENT_3D('',#9400,#7291,#7292);
#6410=AXIS2_PLACEMENT_3D('',#9406,#7296,#7297);
#6411=AXIS2_PLACEMENT_3D('',#9412,#7301,#7302);
#6412=AXIS2_PLACEMENT_3D('',#9418,#7306,#7307);
#6413=AXIS2_PLACEMENT_3D('',#9424,#7311,#7312);
#6414=AXIS2_PLACEMENT_3D('',#9430,#7316,#7317);
#6415=AXIS2_PLACEMENT_3D('',#9436,#7321,#7322);
#6416=AXIS2_PLACEMENT_3D('',#9439,#7325,#7326);
#6417=AXIS2_PLACEMENT_3D('',#9440,#7327,#7328);
#6418=AXIS2_PLACEMENT_3D('',#9441,#7329,#7330);
#6419=AXIS2_PLACEMENT_3D('',#9442,#7331,#7332);
#6420=AXIS2_PLACEMENT_3D('',#9443,#7333,#7334);
#6421=AXIS2_PLACEMENT_3D('',#9448,#7336,#7337);
#6422=AXIS2_PLACEMENT_3D('',#9462,#7339,#7340);
#6423=AXIS2_PLACEMENT_3D('',#9464,#7341,#7342);
#6424=AXIS2_PLACEMENT_3D('',#9483,#7347,#7348);
#6425=AXIS2_PLACEMENT_3D('',#9486,#7349,#7350);
#6426=AXIS2_PLACEMENT_3D('',#9492,#7353,#7354);
#6427=AXIS2_PLACEMENT_3D('',#9494,#7355,#7356);
#6428=AXIS2_PLACEMENT_3D('',#9496,#7357,#7358);
#6429=AXIS2_PLACEMENT_3D('',#9498,#7359,#7360);
#6430=AXIS2_PLACEMENT_3D('',#9499,#7361,#7362);
#6431=AXIS2_PLACEMENT_3D('',#9500,#7363,#7364);
#6432=AXIS2_PLACEMENT_3D('',#9518,#7369,#7370);
#6433=AXIS2_PLACEMENT_3D('',#9519,#7371,#7372);
#6434=AXIS2_PLACEMENT_3D('',#9532,#7374,#7375);
#6435=AXIS2_PLACEMENT_3D('',#9534,#7377,#7378);
#6436=AXIS2_PLACEMENT_3D('',#9535,#7379,#7380);
#6437=AXIS2_PLACEMENT_3D('',#9536,#7381,#7382);
#6438=AXIS2_PLACEMENT_3D('',#9538,#7383,#7384);
#6439=AXIS2_PLACEMENT_3D('',#9540,#7385,#7386);
#6440=AXIS2_PLACEMENT_3D('',#9541,#7387,#7388);
#6441=AXIS2_PLACEMENT_3D('',#9545,#7391,#7392);
#6442=AXIS2_PLACEMENT_3D('',#9546,#7393,#7394);
#6443=AXIS2_PLACEMENT_3D('',#9547,#7395,#7396);
#6444=AXIS2_PLACEMENT_3D('',#9557,#7398,#7399);
#6445=AXIS2_PLACEMENT_3D('',#9571,#7401,#7402);
#6446=AXIS2_PLACEMENT_3D('',#9572,#7403,#7404);
#6447=AXIS2_PLACEMENT_3D('',#9582,#7406,#7407);
#6448=AXIS2_PLACEMENT_3D('',#9584,#7409,#7410);
#6449=AXIS2_PLACEMENT_3D('',#9586,#7412,#7413);
#6450=AXIS2_PLACEMENT_3D('',#9588,#7415,#7416);
#6451=AXIS2_PLACEMENT_3D('',#9598,#7418,#7419);
#6452=AXIS2_PLACEMENT_3D('',#9599,#7420,#7421);
#6453=AXIS2_PLACEMENT_3D('',#9600,#7422,#7423);
#6454=AXIS2_PLACEMENT_3D('',#9605,#7424,#7425);
#6455=AXIS2_PLACEMENT_3D('',#9610,#7426,#7427);
#6456=AXIS2_PLACEMENT_3D('',#9611,#7428,#7429);
#6457=AXIS2_PLACEMENT_3D('',#9612,#7430,#7431);
#6458=AXIS2_PLACEMENT_3D('',#9614,#7433,#7434);
#6459=AXIS2_PLACEMENT_3D('',#9615,#7435,#7436);
#6460=AXIS2_PLACEMENT_3D('',#9616,#7437,#7438);
#6461=AXIS2_PLACEMENT_3D('',#9625,#7443,#7444);
#6462=AXIS2_PLACEMENT_3D('',#9634,#7449,#7450);
#6463=AXIS2_PLACEMENT_3D('',#9643,#7455,#7456);
#6464=AXIS2_PLACEMENT_3D('',#9652,#7461,#7462);
#6465=AXIS2_PLACEMENT_3D('',#9661,#7467,#7468);
#6466=AXIS2_PLACEMENT_3D('',#9670,#7473,#7474);
#6467=AXIS2_PLACEMENT_3D('',#9674,#7476,#7477);
#6468=AXIS2_PLACEMENT_3D('',#9678,#7479,#7480);
#6469=AXIS2_PLACEMENT_3D('',#9697,#7485,#7486);
#6470=AXIS2_PLACEMENT_3D('',#9701,#7488,#7489);
#6471=AXIS2_PLACEMENT_3D('',#9723,#7495,#7496);
#6472=AXIS2_PLACEMENT_3D('',#9724,#7497,#7498);
#6473=AXIS2_PLACEMENT_3D('',#9733,#7503,#7504);
#6474=AXIS2_PLACEMENT_3D('',#9739,#7508,#7509);
#6475=AXIS2_PLACEMENT_3D('',#9748,#7514,#7515);
#6476=AXIS2_PLACEMENT_3D('',#9754,#7519,#7520);
#6477=AXIS2_PLACEMENT_3D('',#9763,#7525,#7526);
#6478=AXIS2_PLACEMENT_3D('',#9767,#7528,#7529);
#6479=AXIS2_PLACEMENT_3D('',#9768,#7530,#7531);
#6480=AXIS2_PLACEMENT_3D('',#9773,#7534,#7535);
#6481=AXIS2_PLACEMENT_3D('',#9777,#7537,#7538);
#6482=AXIS2_PLACEMENT_3D('',#9779,#7540,#7541);
#6483=AXIS2_PLACEMENT_3D('',#9784,#7544,#7545);
#6484=AXIS2_PLACEMENT_3D('',#9788,#7547,#7548);
#6485=AXIS2_PLACEMENT_3D('',#9790,#7550,#7551);
#6486=AXIS2_PLACEMENT_3D('',#9795,#7554,#7555);
#6487=AXIS2_PLACEMENT_3D('',#9796,#7556,#7557);
#6488=AXIS2_PLACEMENT_3D('',#9804,#7561,#7562);
#6489=AXIS2_PLACEMENT_3D('',#9805,#7563,#7564);
#6490=AXIS2_PLACEMENT_3D('',#9806,#7565,#7566);
#6491=AXIS2_PLACEMENT_3D('',#9814,#7570,#7571);
#6492=AXIS2_PLACEMENT_3D('',#9816,#7573,#7574);
#6493=AXIS2_PLACEMENT_3D('',#9817,#7575,#7576);
#6494=AXIS2_PLACEMENT_3D('',#9825,#7580,#7581);
#6495=AXIS2_PLACEMENT_3D('',#9827,#7583,#7584);
#6496=AXIS2_PLACEMENT_3D('',#9844,#7593,#7594);
#6497=AXIS2_PLACEMENT_3D('',#9861,#7603,#7604);
#6498=AXIS2_PLACEMENT_3D('',#9862,#7605,#7606);
#6499=AXIS2_PLACEMENT_3D('',#9866,#7610,#7611);
#6500=AXIS2_PLACEMENT_3D('',#9867,#7612,#7613);
#6501=AXIS2_PLACEMENT_3D('',#9868,#7614,#7615);
#6502=AXIS2_PLACEMENT_3D('',#9869,#7616,#7617);
#6503=AXIS2_PLACEMENT_3D('',#9870,#7618,#7619);
#6504=AXIS2_PLACEMENT_3D('',#9871,#7620,#7621);
#6505=AXIS2_PLACEMENT_3D('',#9872,#7622,#7623);
#6506=AXIS2_PLACEMENT_3D('',#9873,#7624,#7625);
#6507=AXIS2_PLACEMENT_3D('',#9874,#7626,#7627);
#6508=AXIS2_PLACEMENT_3D('',#9875,#7628,#7629);
#6509=AXIS2_PLACEMENT_3D('',#9876,#7630,#7631);
#6510=AXIS2_PLACEMENT_3D('',#9877,#7632,#7633);
#6511=AXIS2_PLACEMENT_3D('',#9878,#7634,#7635);
#6512=AXIS2_PLACEMENT_3D('',#9882,#7639,#7640);
#6513=AXIS2_PLACEMENT_3D('',#9883,#7641,#7642);
#6514=AXIS2_PLACEMENT_3D('',#9884,#7643,#7644);
#6515=AXIS2_PLACEMENT_3D('',#9885,#7645,#7646);
#6516=AXIS2_PLACEMENT_3D('',#9890,#7647,#7648);
#6517=AXIS2_PLACEMENT_3D('',#9895,#7649,#7650);
#6518=AXIS2_PLACEMENT_3D('',#9896,#7651,#7652);
#6519=AXIS2_PLACEMENT_3D('',#9897,#7653,#7654);
#6520=AXIS2_PLACEMENT_3D('',#9902,#7655,#7656);
#6521=AXIS2_PLACEMENT_3D('',#9907,#7657,#7658);
#6522=AXIS2_PLACEMENT_3D('',#9912,#7659,#7660);
#6523=AXIS2_PLACEMENT_3D('',#9917,#7661,#7662);
#6524=AXIS2_PLACEMENT_3D('',#9922,#7663,#7664);
#6525=AXIS2_PLACEMENT_3D('',#9923,#7665,#7666);
#6526=AXIS2_PLACEMENT_3D('',#9924,#7667,#7668);
#6527=AXIS2_PLACEMENT_3D('',#9925,#7669,#7670);
#6528=AXIS2_PLACEMENT_3D('',#9926,#7671,#7672);
#6529=AXIS2_PLACEMENT_3D('',#9931,#7673,#7674);
#6530=AXIS2_PLACEMENT_3D('',#9932,#7675,#7676);
#6531=AXIS2_PLACEMENT_3D('',#9933,#7677,#7678);
#6532=AXIS2_PLACEMENT_3D('',#9934,#7679,#7680);
#6533=AXIS2_PLACEMENT_3D('',#9935,#7681,#7682);
#6534=AXIS2_PLACEMENT_3D('',#9937,#7684,#7685);
#6535=AXIS2_PLACEMENT_3D('',#9938,#7686,#7687);
#6536=AXIS2_PLACEMENT_3D('',#9939,#7688,#7689);
#6537=AXIS2_PLACEMENT_3D('',#9940,#7690,#7691);
#6538=AXIS2_PLACEMENT_3D('',#9941,#7692,#7693);
#6539=AXIS2_PLACEMENT_3D('',#9942,#7694,#7695);
#6540=AXIS2_PLACEMENT_3D('',#9944,#7697,#7698);
#6541=AXIS2_PLACEMENT_3D('',#9945,#7699,#7700);
#6542=AXIS2_PLACEMENT_3D('',#9946,#7701,#7702);
#6543=AXIS2_PLACEMENT_3D('',#9947,#7703,#7704);
#6544=AXIS2_PLACEMENT_3D('',#9948,#7705,#7706);
#6545=AXIS2_PLACEMENT_3D('',#9949,#7707,#7708);
#6546=AXIS2_PLACEMENT_3D('',#9954,#7709,#7710);
#6547=AXIS2_PLACEMENT_3D('',#9959,#7711,#7712);
#6548=AXIS2_PLACEMENT_3D('',#9960,#7713,#7714);
#6549=AXIS2_PLACEMENT_3D('',#9961,#7715,#7716);
#6550=AXIS2_PLACEMENT_3D('',#9966,#7717,#7718);
#6551=AXIS2_PLACEMENT_3D('',#9976,#7719,#7720);
#6552=AXIS2_PLACEMENT_3D('',#9977,#7721,#7722);
#6553=AXIS2_PLACEMENT_3D('',#9978,#7723,#7724);
#6554=AXIS2_PLACEMENT_3D('',#9979,#7725,#7726);
#6555=AXIS2_PLACEMENT_3D('',#9989,#7727,#7728);
#6556=AXIS2_PLACEMENT_3D('',#9994,#7729,#7730);
#6557=AXIS2_PLACEMENT_3D('',#10004,#7731,#7732);
#6558=AXIS2_PLACEMENT_3D('',#10006,#7734,#7735);
#6559=AXIS2_PLACEMENT_3D('',#10007,#7736,#7737);
#6560=AXIS2_PLACEMENT_3D('',#10008,#7738,#7739);
#6561=AXIS2_PLACEMENT_3D('',#10009,#7740,#7741);
#6562=AXIS2_PLACEMENT_3D('',#10010,#7742,#7743);
#6563=AXIS2_PLACEMENT_3D('',#10017,#7745,#7746);
#6564=AXIS2_PLACEMENT_3D('',#10022,#7747,#7748);
#6565=AXIS2_PLACEMENT_3D('',#10023,#7749,#7750);
#6566=AXIS2_PLACEMENT_3D('',#10024,#7751,#7752);
#6567=AXIS2_PLACEMENT_3D('',#10025,#7753,#7754);
#6568=AXIS2_PLACEMENT_3D('',#10026,#7755,#7756);
#6569=AXIS2_PLACEMENT_3D('',#10027,#7757,#7758);
#6570=AXIS2_PLACEMENT_3D('',#10028,#7759,#7760);
#6571=AXIS2_PLACEMENT_3D('',#10029,#7761,#7762);
#6572=AXIS2_PLACEMENT_3D('',#10030,#7763,#7764);
#6573=AXIS2_PLACEMENT_3D('',#10031,#7765,#7766);
#6574=AXIS2_PLACEMENT_3D('',#10037,#7770,#7771);
#6575=AXIS2_PLACEMENT_3D('',#10043,#7775,#7776);
#6576=AXIS2_PLACEMENT_3D('',#10049,#7780,#7781);
#6577=AXIS2_PLACEMENT_3D('',#10052,#7784,#7785);
#6578=AXIS2_PLACEMENT_3D('',#10053,#7786,#7787);
#6579=AXIS2_PLACEMENT_3D('',#10056,#7789,#7790);
#6580=AXIS2_PLACEMENT_3D('',#10057,#7791,#7792);
#6581=AXIS2_PLACEMENT_3D('',#10060,#7794,#7795);
#6582=AXIS2_PLACEMENT_3D('',#10062,#7797,#7798);
#6583=AXIS2_PLACEMENT_3D('',#10067,#7802,#7803);
#6584=AXIS2_PLACEMENT_3D('',#10071,#7806,#7807);
#6585=AXIS2_PLACEMENT_3D('',#10074,#7810,#7811);
#6586=AXIS2_PLACEMENT_3D('',#10075,#7812,#7813);
#6587=AXIS2_PLACEMENT_3D('',#10076,#7814,#7815);
#6588=AXIS2_PLACEMENT_3D('',#10077,#7816,#7817);
#6589=AXIS2_PLACEMENT_3D('',#10078,#7818,#7819);
#6590=AXIS2_PLACEMENT_3D('',#10079,#7820,#7821);
#6591=AXIS2_PLACEMENT_3D('',#10080,#7822,#7823);
#6592=AXIS2_PLACEMENT_3D('',#10081,#7824,#7825);
#6593=AXIS2_PLACEMENT_3D('',#10087,#7829,#7830);
#6594=AXIS2_PLACEMENT_3D('',#10093,#7834,#7835);
#6595=AXIS2_PLACEMENT_3D('',#10099,#7839,#7840);
#6596=AXIS2_PLACEMENT_3D('',#10102,#7843,#7844);
#6597=AXIS2_PLACEMENT_3D('',#10105,#7846,#7847);
#6598=AXIS2_PLACEMENT_3D('',#10106,#7848,#7849);
#6599=AXIS2_PLACEMENT_3D('',#10109,#7851,#7852);
#6600=AXIS2_PLACEMENT_3D('',#10110,#7853,#7854);
#6601=AXIS2_PLACEMENT_3D('',#10112,#7856,#7857);
#6602=AXIS2_PLACEMENT_3D('',#10117,#7861,#7862);
#6603=AXIS2_PLACEMENT_3D('',#10119,#7864,#7865);
#6604=AXIS2_PLACEMENT_3D('',#10123,#7868,#7869);
#6605=AXIS2_PLACEMENT_3D('',#10125,#7871,#7872);
#6606=AXIS2_PLACEMENT_3D('',#10126,#7873,#7874);
#6607=AXIS2_PLACEMENT_3D('',#10127,#7875,#7876);
#6608=AXIS2_PLACEMENT_3D('',#10128,#7877,#7878);
#6609=AXIS2_PLACEMENT_3D('',#10129,#7879,#7880);
#6610=AXIS2_PLACEMENT_3D('',#10130,#7881,#7882);
#6611=AXIS2_PLACEMENT_3D('',#10131,#7883,#7884);
#6612=AXIS2_PLACEMENT_3D('',#10137,#7888,#7889);
#6613=AXIS2_PLACEMENT_3D('',#10141,#7892,#7893);
#6614=AXIS2_PLACEMENT_3D('',#10145,#7896,#7897);
#6615=AXIS2_PLACEMENT_3D('',#10147,#7899,#7900);
#6616=AXIS2_PLACEMENT_3D('',#10148,#7901,#7902);
#6617=AXIS2_PLACEMENT_3D('',#10154,#7906,#7907);
#6618=AXIS2_PLACEMENT_3D('',#10158,#7910,#7911);
#6619=AXIS2_PLACEMENT_3D('',#10162,#7914,#7915);
#6620=AXIS2_PLACEMENT_3D('',#10164,#7917,#7918);
#6621=AXIS2_PLACEMENT_3D('',#10165,#7919,#7920);
#6622=AXIS2_PLACEMENT_3D('',#10171,#7924,#7925);
#6623=AXIS2_PLACEMENT_3D('',#10175,#7928,#7929);
#6624=AXIS2_PLACEMENT_3D('',#10179,#7932,#7933);
#6625=AXIS2_PLACEMENT_3D('',#10181,#7935,#7936);
#6626=AXIS2_PLACEMENT_3D('',#10182,#7937,#7938);
#6627=AXIS2_PLACEMENT_3D('',#10183,#7939,#7940);
#6628=AXIS2_PLACEMENT_3D('',#10187,#7942,#7943);
#6629=AXIS2_PLACEMENT_3D('',#10189,#7944,#7945);
#6630=AXIS2_PLACEMENT_3D('',#10191,#7946,#7947);
#6631=AXIS2_PLACEMENT_3D('',#10193,#7948,#7949);
#6632=AXIS2_PLACEMENT_3D('',#10203,#7954,#7955);
#6633=AXIS2_PLACEMENT_3D('',#10205,#7956,#7957);
#6634=AXIS2_PLACEMENT_3D('',#10207,#7958,#7959);
#6635=AXIS2_PLACEMENT_3D('',#10209,#7960,#7961);
#6636=AXIS2_PLACEMENT_3D('',#10212,#7963,#7964);
#6637=AXIS2_PLACEMENT_3D('',#10218,#7968,#7969);
#6638=AXIS2_PLACEMENT_3D('',#10219,#7970,#7971);
#6639=AXIS2_PLACEMENT_3D('',#10220,#7972,#7973);
#6640=AXIS2_PLACEMENT_3D('',#10221,#7974,#7975);
#6641=AXIS2_PLACEMENT_3D('',#10227,#7979,#7980);
#6642=AXIS2_PLACEMENT_3D('',#10228,#7981,#7982);
#6643=AXIS2_PLACEMENT_3D('',#10229,#7983,#7984);
#6644=AXIS2_PLACEMENT_3D('',#10230,#7985,#7986);
#6645=AXIS2_PLACEMENT_3D('',#10231,#7987,#7988);
#6646=AXIS2_PLACEMENT_3D('',#10233,#7990,#7991);
#6647=AXIS2_PLACEMENT_3D('',#10234,#7992,#7993);
#6648=AXIS2_PLACEMENT_3D('',#10235,#7994,#7995);
#6649=AXIS2_PLACEMENT_3D('',#10236,#7996,#7997);
#6650=AXIS2_PLACEMENT_3D('',#10237,#7998,#7999);
#6651=AXIS2_PLACEMENT_3D('',#10239,#8001,#8002);
#6652=AXIS2_PLACEMENT_3D('',#10240,#8003,#8004);
#6653=AXIS2_PLACEMENT_3D('',#10242,#8006,#8007);
#6654=AXIS2_PLACEMENT_3D('',#10244,#8009,#8010);
#6655=AXIS2_PLACEMENT_3D('',#10245,#8011,#8012);
#6656=AXIS2_PLACEMENT_3D('',#10246,#8013,#8014);
#6657=AXIS2_PLACEMENT_3D('',#10247,#8015,#8016);
#6658=AXIS2_PLACEMENT_3D('',#10248,#8017,#8018);
#6659=AXIS2_PLACEMENT_3D('',#10249,#8019,#8020);
#6660=AXIS2_PLACEMENT_3D('',#10272,#8023,#8024);
#6661=AXIS2_PLACEMENT_3D('',#10392,#8034,#8035);
#6662=AXIS2_PLACEMENT_3D('',#10490,#8043,#8044);
#6663=AXIS2_PLACEMENT_3D('',#10491,#8045,#8046);
#6664=AXIS2_PLACEMENT_3D('',#10492,#8047,#8048);
#6665=AXIS2_PLACEMENT_3D('',#10493,#8049,#8050);
#6666=AXIS2_PLACEMENT_3D('',#10502,#8055,#8056);
#6667=AXIS2_PLACEMENT_3D('',#10508,#8060,#8061);
#6668=AXIS2_PLACEMENT_3D('',#10514,#8065,#8066);
#6669=AXIS2_PLACEMENT_3D('',#10520,#8070,#8071);
#6670=AXIS2_PLACEMENT_3D('',#10526,#8075,#8076);
#6671=AXIS2_PLACEMENT_3D('',#10532,#8080,#8081);
#6672=AXIS2_PLACEMENT_3D('',#10538,#8085,#8086);
#6673=AXIS2_PLACEMENT_3D('',#10544,#8090,#8091);
#6674=AXIS2_PLACEMENT_3D('',#10550,#8095,#8096);
#6675=AXIS2_PLACEMENT_3D('',#10556,#8100,#8101);
#6676=AXIS2_PLACEMENT_3D('',#10562,#8105,#8106);
#6677=AXIS2_PLACEMENT_3D('',#10565,#8109,#8110);
#6678=AXIS2_PLACEMENT_3D('',#10566,#8111,#8112);
#6679=AXIS2_PLACEMENT_3D('',#10567,#8113,#8114);
#6680=DIRECTION('',(0.,0.,1.));
#6681=DIRECTION('',(1.,0.,0.));
#6682=DIRECTION('',(0.986393923832198,-2.31266362274347E-15,0.164398987305033));
#6683=DIRECTION('',(0.164398987305033,0.,-0.986393923832198));
#6684=DIRECTION('',(2.28119734534191E-15,1.,3.80199557556215E-16));
#6685=DIRECTION('',(0.986393923812052,1.80522571991949E-9,0.164398987425909));
#6686=DIRECTION('',(0.164398987425909,0.,-0.986393923812052));
#6687=DIRECTION('',(0.986393924084133,-1.90746136065299E-10,0.164398985793425));
#6688=DIRECTION('',(0.164398985793425,0.,-0.986393924084132));
#6689=DIRECTION('',(0.986393923935214,4.45584736579208E-11,0.164398986686934));
#6690=DIRECTION('',(0.164398986686934,0.,-0.986393923935214));
#6691=DIRECTION('',(0.986393923858777,4.09329164714752E-10,0.164398987145561));
#6692=DIRECTION('',(0.16439898714556,0.,-0.986393923858777));
#6693=DIRECTION('',(2.28119734534191E-15,1.,3.80199557556215E-16));
#6694=DIRECTION('',(0.164398987305033,0.,-0.986393923832198));
#6695=DIRECTION('',(0.164398987307431,2.76590135682937E-15,-0.986393923831798));
#6696=DIRECTION('',(0.,1.,0.));
#6697=DIRECTION('',(0.986393923756635,-1.74812371291171E-10,0.164398987758407));
#6698=DIRECTION('',(0.164398987758407,0.,-0.986393923756635));
#6699=DIRECTION('',(0.986393923692508,-1.8241775579244E-11,0.164398988143172));
#6700=DIRECTION('',(0.164398988143172,0.,-0.986393923692508));
#6701=DIRECTION('',(0.986393923347374,2.79963688390582E-10,0.164398990213976));
#6702=DIRECTION('',(0.164398990213976,0.,-0.986393923347374));
#6703=DIRECTION('',(0.986393923818009,-2.64651346365359E-9,0.164398987390168));
#6704=DIRECTION('',(0.164398987390168,0.,-0.986393923818009));
#6705=DIRECTION('',(-7.93867386022169E-16,1.,4.76320431614267E-15));
#6706=DIRECTION('',(0.986393923832198,-2.31266362274347E-15,0.164398987305033));
#6707=DIRECTION('',(0.164398987305033,0.,-0.986393923832198));
#6708=DIRECTION('',(0.,1.,0.));
#6709=DIRECTION('',(0.164398987306954,3.19860371634951E-15,-0.986393923831878));
#6710=DIRECTION('',(0.,1.,0.));
#6711=DIRECTION('',(0.986393923858777,4.09329164714752E-10,0.164398987145561));
#6712=DIRECTION('',(0.16439898714556,0.,-0.986393923858777));
#6713=DIRECTION('',(0.986393923935214,4.45584736579208E-11,0.164398986686934));
#6714=DIRECTION('',(0.164398986686934,0.,-0.986393923935214));
#6715=DIRECTION('',(0.986393924084133,-1.90746136065299E-10,0.164398985793425));
#6716=DIRECTION('',(0.164398985793425,0.,-0.986393924084132));
#6717=DIRECTION('',(0.986393923812052,1.80522571991949E-9,0.164398987425909));
#6718=DIRECTION('',(0.164398987425909,0.,-0.986393923812052));
#6719=DIRECTION('',(2.28119734534191E-15,1.,3.80199557556215E-16));
#6720=DIRECTION('',(0.164398987305033,0.,-0.986393923832198));
#6721=DIRECTION('',(2.28119734534191E-15,1.,3.80199557556215E-16));
#6722=DIRECTION('',(0.986393923818009,-2.64651346365359E-9,0.164398987390168));
#6723=DIRECTION('',(0.164398987390168,0.,-0.986393923818009));
#6724=DIRECTION('',(0.986393923347374,2.79963688390582E-10,0.164398990213976));
#6725=DIRECTION('',(0.164398990213976,0.,-0.986393923347374));
#6726=DIRECTION('',(0.986393923692508,-1.8241775579244E-11,0.164398988143172));
#6727=DIRECTION('',(0.164398988143172,0.,-0.986393923692508));
#6728=DIRECTION('',(0.986393923756635,-1.74812371291171E-10,0.164398987758407));
#6729=DIRECTION('',(0.164398987758407,0.,-0.986393923756635));
#6730=DIRECTION('',(-0.164398987305033,0.,0.986393923832198));
#6731=DIRECTION('',(0.986393923832198,0.,0.164398987305033));
#6732=DIRECTION('',(0.986393923832198,0.,0.164398987305033));
#6733=DIRECTION('',(0.986393923812052,1.80522571991949E-9,0.164398987425909));
#6734=DIRECTION('',(0.164398987425909,0.,-0.986393923812052));
#6735=DIRECTION('',(0.986393924084133,-1.90746136065299E-10,0.164398985793425));
#6736=DIRECTION('',(0.164398985793425,0.,-0.986393924084132));
#6737=DIRECTION('',(0.986393923935214,4.45584736579208E-11,0.164398986686934));
#6738=DIRECTION('',(0.164398986686934,0.,-0.986393923935214));
#6739=DIRECTION('',(0.986393923858777,4.09329164714752E-10,0.164398987145561));
#6740=DIRECTION('',(0.16439898714556,0.,-0.986393923858777));
#6741=DIRECTION('',(0.164398987305033,0.,-0.986393923832198));
#6742=DIRECTION('',(-0.986393923832198,0.,-0.164398987305033));
#6743=DIRECTION('',(-0.986393923886178,0.,-0.164398986981151));
#6744=DIRECTION('',(-5.258472117591E-16,1.,3.155083270554E-15));
#6745=DIRECTION('',(0.,-3.155083270554E-15,1.));
#6746=DIRECTION('',(0.164398987305033,0.,-0.986393923832198));
#6747=DIRECTION('',(-0.986393923832198,0.,-0.164398987305033));
#6748=DIRECTION('',(-0.986393923832198,0.,-0.164398987305033));
#6749=DIRECTION('',(-4.547113820506E-16,1.,2.728268292303E-15));
#6750=DIRECTION('',(0.,-2.728268292303E-15,1.));
#6751=DIRECTION('',(-0.986393923724052,0.,-0.164398987953909));
#6752=DIRECTION('',(-0.164398987305033,-4.82890678973097E-15,0.986393923832198));
#6753=DIRECTION('',(0.986393923832198,0.,0.164398987305033));
#6754=DIRECTION('',(0.986393923818009,-2.64651346365359E-9,0.164398987390168));
#6755=DIRECTION('',(0.164398987390168,0.,-0.986393923818009));
#6756=DIRECTION('',(0.986393923347374,2.79963688390582E-10,0.164398990213976));
#6757=DIRECTION('',(0.164398990213976,0.,-0.986393923347374));
#6758=DIRECTION('',(0.986393923692508,-1.8241775579244E-11,0.164398988143172));
#6759=DIRECTION('',(0.164398988143172,0.,-0.986393923692508));
#6760=DIRECTION('',(0.986393923756635,-1.74812371291171E-10,0.164398987758407));
#6761=DIRECTION('',(0.164398987758407,0.,-0.986393923756635));
#6762=DIRECTION('',(0.,0.,1.));
#6763=DIRECTION('',(1.,0.,0.));
#6764=DIRECTION('',(0.164398987305033,1.61977503344533E-14,-0.986393923832198));
#6765=DIRECTION('',(-0.986393923832198,1.18329135783152E-30,-0.164398987305033));
#6766=DIRECTION('',(-2.66289375160388E-15,1.,1.59773625096557E-14));
#6767=DIRECTION('',(-0.986393923879931,1.04761034904317E-10,-0.164398987018636));
#6768=DIRECTION('',(-1.04357903231057E-13,1.,-1.73929838718076E-14));
#6769=DIRECTION('',(-0.986393923832198,1.18329135783152E-30,-0.164398987305033));
#6770=DIRECTION('',(0.0560465404520574,0.940093110399963,-0.336279242716344));
#6771=DIRECTION('',(2.02407535176974E-14,0.336808652936417,0.941573115221094));
#6772=DIRECTION('',(0.154550355316927,-0.340917796218564,-0.927302131935913));
#6773=DIRECTION('',(0.986393923879954,-1.04788139958674E-10,0.164398987018495));
#6774=DIRECTION('',(0.154550355322213,-0.340917796218744,-0.927302131934966));
#6775=DIRECTION('',(-0.986393923832198,0.,-0.164398987305033));
#6776=DIRECTION('',(0.986393923832248,1.57047291837742E-12,0.16439898730473));
#6777=DIRECTION('',(-0.0498670556702185,-0.952885743449246,0.299202334031606));
#6778=DIRECTION('',(0.164398987305033,0.,-0.986393923832198));
#6779=DIRECTION('',(-0.986393923832198,0.,-0.164398987305033));
#6780=DIRECTION('',(0.,1.,0.));
#6781=DIRECTION('',(-0.986393923882744,-7.99599102115913E-11,-0.164398987001757));
#6782=DIRECTION('',(-1.04357903231057E-13,1.,-1.73929838718076E-14));
#6783=DIRECTION('',(0.0414979042710111,-0.967617272386258,-0.248987425628066));
#6784=DIRECTION('',(6.76542155630955E-17,0.249202090562215,-0.968451505269841));
#6785=DIRECTION('',(-0.159075299705732,-0.252421897187578,0.954451798072462));
#6786=DIRECTION('',(-0.986393923880446,-1.01400008169964E-10,-0.164398987015542));
#6787=DIRECTION('',(-0.159075299684539,-0.252421897063486,0.954451798108813));
#6788=DIRECTION('',(0.0539797769800361,-0.944557460429632,-0.323878661884216));
#6789=DIRECTION('',(3.6876751652315E-14,0.324351557048565,-0.945936608573836));
#6790=DIRECTION('',(-0.155284289937924,-0.328346164811963,0.931705739679514));
#6791=DIRECTION('',(-0.986393923832198,3.94430452610506E-31,-0.164398987305033));
#6792=DIRECTION('',(-0.155284289945631,-0.328346164818527,0.931705739675916));
#6793=DIRECTION('',(0.164398987305033,1.5015432791173E-14,-0.986393923832198));
#6794=DIRECTION('',(-0.986393923832198,3.94430452610506E-31,-0.164398987305033));
#6795=DIRECTION('',(-2.46852194481563E-15,1.,1.48111316689238E-14));
#6796=DIRECTION('',(-0.986393923878981,-1.11970979350553E-10,-0.164398987024332));
#6797=DIRECTION('',(-1.04357903231057E-13,1.,-1.73929838718076E-14));
#6798=DIRECTION('',(-0.0601468362190518,0.930670322635802,0.360881017314311));
#6799=DIRECTION('',(-1.35655375821386E-15,-0.361535562930278,0.93235831992678));
#6800=DIRECTION('',(0.153001258550221,0.365858921669232,-0.918007551339898));
#6801=DIRECTION('',(-0.986393923740496,-2.36491598807156E-10,-0.164398987855241));
#6802=DIRECTION('',(0.153001258555411,0.365858921680437,-0.918007551334567));
#6803=DIRECTION('',(0.0640758640700419,0.920917203017601,-0.38445518442325));
#6804=DIRECTION('',(-3.06317471387985E-14,0.385246855009675,0.922813556849461));
#6805=DIRECTION('',(0.151397855579501,-0.389758265064689,-0.908387133407168));
#6806=DIRECTION('',(0.15139785556595,-0.389758265093508,-0.908387133397061));
#6807=DIRECTION('',(0.986393924011921,-6.54609879174153E-10,0.164398986226695));
#6808=DIRECTION('',(0.164398986226695,0.,-0.986393924011921));
#6809=DIRECTION('',(0.986393924011921,-6.54609879174153E-10,0.164398986226695));
#6810=DIRECTION('',(0.164398986226695,0.,-0.986393924011921));
#6811=DIRECTION('',(0.986393924011921,-6.54609879174153E-10,0.164398986226695));
#6812=DIRECTION('',(0.164398986226695,0.,-0.986393924011921));
#6813=DIRECTION('',(0.98639392388644,4.824707905333E-12,0.164398986979581));
#6814=DIRECTION('',(0.164398986979581,0.,-0.98639392388644));
#6815=DIRECTION('',(0.,1.,0.));
#6816=DIRECTION('',(0.,0.,1.));
#6817=DIRECTION('',(0.164398987248111,0.,-0.986393923841685));
#6818=DIRECTION('',(0.164398987305033,0.,-0.986393923832198));
#6819=DIRECTION('',(0.986393923724128,-2.60192805324582E-12,0.164398987953451));
#6820=DIRECTION('',(0.164398987953451,0.,-0.986393923724128));
#6821=DIRECTION('',(0.986393923724128,-2.60192805324582E-12,0.164398987953451));
#6822=DIRECTION('',(0.164398987953451,0.,-0.986393923724128));
#6823=DIRECTION('',(0.986393923724128,-2.60192805324582E-12,0.164398987953451));
#6824=DIRECTION('',(0.164398987953451,0.,-0.986393923724128));
#6825=DIRECTION('',(-0.986393923878911,1.11889664187618E-10,-0.164398987024754));
#6826=DIRECTION('',(-0.0603011669650323,-0.930300737781498,0.361807001792193));
#6827=DIRECTION('',(5.19376208707456E-15,-0.362466608069193,-0.931996758596732));
#6828=DIRECTION('',(-0.1529404991789,0.366797678950128,0.917642995084531));
#6829=DIRECTION('',(-0.152940499180464,0.366797678949814,0.917642995084396));
#6830=DIRECTION('',(0.986393923832198,1.05797390585721E-13,0.164398987305033));
#6831=DIRECTION('',(0.164398987305033,0.,-0.986393923832198));
#6832=DIRECTION('',(0.986393923832198,1.05797390585721E-13,0.164398987305033));
#6833=DIRECTION('',(0.164398987305033,0.,-0.986393923832198));
#6834=DIRECTION('',(0.,0.,1.));
#6835=DIRECTION('',(1.,0.,0.));
#6836=DIRECTION('',(0.,-1.,0.));
#6837=DIRECTION('',(0.,0.,-1.));
#6838=DIRECTION('',(-0.164398987347338,0.,0.986393923825147));
#6839=DIRECTION('',(-0.986393923832198,0.,-0.164398987305033));
#6840=DIRECTION('',(-0.164398987305033,3.6977854932235E-32,0.986393923832198));
#6841=DIRECTION('',(-0.986393923859114,0.,-0.164398987143536));
#6842=DIRECTION('',(0.164398987305033,5.14600198222303E-15,-0.986393923832198));
#6843=DIRECTION('',(-0.986393923832198,0.,-0.164398987305033));
#6844=DIRECTION('',(-8.45997514547159E-16,1.,5.07598508729324E-15));
#6845=DIRECTION('',(-0.986393923724052,0.,-0.164398987953909));
#6846=DIRECTION('',(6.42942027455288E-16,1.,1.07157004575664E-16));
#6847=DIRECTION('',(5.210522523833E-16,-1.,-3.126313514299E-15));
#6848=DIRECTION('',(0.,3.126313514299E-15,-1.));
#6849=DIRECTION('',(-0.164398987300615,-3.16943711711002E-15,0.986393923832934));
#6850=DIRECTION('',(0.986393923832198,-3.94430452610506E-31,0.164398987305033));
#6851=DIRECTION('',(-0.164398987305033,3.6977854932235E-32,0.986393923832198));
#6852=DIRECTION('',(-0.164398987305033,-5.88167060011818E-15,0.986393923832198));
#6853=DIRECTION('',(0.986393923832198,-3.94430452610506E-31,0.164398987305033));
#6854=DIRECTION('',(-9.66940690321214E-16,1.,5.80164414193905E-15));
#6855=DIRECTION('',(-0.98639392372404,0.,-0.16439898795398));
#6856=DIRECTION('',(6.42942027455288E-16,1.,1.07157004575664E-16));
#6857=DIRECTION('',(1.530590991381E-15,-1.,-9.183545948289E-15));
#6858=DIRECTION('',(0.,9.183545948289E-15,-1.));
#6859=DIRECTION('',(-0.164398987305381,-9.31022153167549E-15,0.98639392383214));
#6860=DIRECTION('',(-0.986393923832198,0.,-0.164398987305033));
#6861=DIRECTION('',(-0.164398987305033,3.6977854932235E-32,0.986393923832198));
#6862=DIRECTION('',(0.164398987305033,0.,-0.986393923832198));
#6863=DIRECTION('',(-0.986393923832198,0.,-0.164398987305033));
#6864=DIRECTION('',(0.,1.,0.));
#6865=DIRECTION('',(-0.986393923723993,0.,-0.164398987954261));
#6866=DIRECTION('',(6.42942027455288E-16,1.,1.07157004575664E-16));
#6867=DIRECTION('',(5.476875112825E-16,-1.,-3.286125067695E-15));
#6868=DIRECTION('',(0.,3.286125067695E-15,-1.));
#6869=DIRECTION('',(-0.164398987315328,-3.33145307192231E-15,0.986393923830482));
#6870=DIRECTION('',(0.986393923832198,-2.9582283945788E-31,0.164398987305033));
#6871=DIRECTION('',(-0.164398987305033,3.6977854932235E-32,0.986393923832198));
#6872=DIRECTION('',(-0.164398987305033,-5.4493093838421E-15,0.986393923832198));
#6873=DIRECTION('',(0.986393923832198,-2.9582283945788E-31,0.164398987305033));
#6874=DIRECTION('',(-8.95860944215454E-16,1.,5.37516566530362E-15));
#6875=DIRECTION('',(-0.98639392372404,0.,-0.16439898795398));
#6876=DIRECTION('',(6.42942027455288E-16,1.,1.07157004575664E-16));
#6877=DIRECTION('',(0.,-1.,0.));
#6878=DIRECTION('',(0.,0.,-1.));
#6879=DIRECTION('',(-0.164398987263762,0.,0.986393923839076));
#6880=DIRECTION('',(-0.986393923832198,9.86076131526265E-32,-0.164398987305033));
#6881=DIRECTION('',(-0.164398987305033,3.6977854932235E-32,0.986393923832198));
#6882=DIRECTION('',(0.164398987305033,4.08360157300682E-15,-0.986393923832198));
#6883=DIRECTION('',(-0.986393923832198,9.86076131526265E-32,-0.164398987305033));
#6884=DIRECTION('',(-6.71339963159561E-16,1.,4.02803977896554E-15));
#6885=DIRECTION('',(-0.986393923886178,0.,-0.164398986981151));
#6886=DIRECTION('',(6.42942027455288E-16,1.,1.07157004575664E-16));
#6887=DIRECTION('',(-5.258472117591E-16,1.,3.155083270554E-15));
#6888=DIRECTION('',(0.,-3.155083270554E-15,1.));
#6889=DIRECTION('',(0.164398987306954,3.19860371634951E-15,-0.986393923831878));
#6890=DIRECTION('',(0.986393923832198,-3.94430452610506E-31,0.164398987305033));
#6891=DIRECTION('',(-0.164398987305033,3.6977854932235E-32,0.986393923832198));
#6892=DIRECTION('',(-0.164398987305033,-3.91086367375878E-15,0.986393923832198));
#6893=DIRECTION('',(0.986393923832198,-3.94430452610506E-31,0.164398987305033));
#6894=DIRECTION('',(-6.42942027453985E-16,1.,3.85765216473173E-15));
#6895=DIRECTION('',(6.42942027455288E-16,1.,1.07157004575664E-16));
#6896=DIRECTION('',(-0.986393923832198,6.51810612293131E-16,-0.164398987305033));
#6897=DIRECTION('',(-0.164398987305033,3.6977854932235E-32,0.986393923832198));
#6898=DIRECTION('',(-0.986393923832198,6.51810612293131E-16,-0.164398987305033));
#6899=DIRECTION('',(-0.164398987305033,3.6977854932235E-32,0.986393923832198));
#6900=DIRECTION('',(0.,0.,1.));
#6901=DIRECTION('',(1.,0.,0.));
#6902=DIRECTION('',(-0.986393923832198,-3.62178468305273E-15,-0.164398987305033));
#6903=DIRECTION('',(-0.164398987305033,3.94430452610506E-31,0.986393923832198));
#6904=DIRECTION('',(-0.164398987305033,3.94430452610506E-31,0.986393923832198));
#6905=DIRECTION('',(-0.0768248479923216,0.884094950242653,0.460949087954839));
#6906=DIRECTION('',(-0.141907193423782,-0.504883048652624,0.851443160544389));
#6907=DIRECTION('',(0.076119701054331,-0.886348842793271,-0.456718206326865));
#6908=DIRECTION('',(-3.57250640479173E-15,1.,-5.95417734130749E-16));
#6909=DIRECTION('',(-3.57250640479173E-15,1.,-5.95417734130749E-16));
#6910=DIRECTION('',(-3.57250640479173E-15,1.,-5.95417734130749E-16));
#6911=DIRECTION('',(-0.986393923832198,-3.62178468305273E-15,-0.164398987305033));
#6912=DIRECTION('',(-0.164398987305033,3.94430452610506E-31,0.986393923832198));
#6913=DIRECTION('',(0.,1.,0.));
#6914=DIRECTION('',(-1.08079378166125E-15,1.,6.48476268998063E-15));
#6915=DIRECTION('',(0.,1.,0.));
#6916=DIRECTION('',(0.0761197010580605,-0.88634884279601,-0.456718206320927));
#6917=DIRECTION('',(-0.141907193435284,-0.504883048649835,0.851443160544125));
#6918=DIRECTION('',(-0.0768248479907915,0.884094950248051,0.46094908794474));
#6919=DIRECTION('',(-0.164398987238016,-7.49856106224165E-15,0.986393923843367));
#6920=DIRECTION('',(-0.986393923886225,0.,-0.16439898698087));
#6921=DIRECTION('',(-0.986393923697011,0.,-0.164398988116153));
#6922=DIRECTION('',(-0.986393923886213,0.,-0.16439898698094));
#6923=DIRECTION('',(-0.986393923859184,0.,-0.164398987143114));
#6924=DIRECTION('',(-0.986393923886178,0.,-0.164398986981151));
#6925=DIRECTION('',(-0.986393923886178,0.,-0.164398986981151));
#6926=DIRECTION('',(-0.986393923886213,0.,-0.16439898698094));
#6927=DIRECTION('',(-0.98639392388619,0.,-0.164398986981081));
#6928=DIRECTION('',(-0.986393923886178,0.,-0.164398986981151));
#6929=DIRECTION('',(-0.98639392388619,0.,-0.164398986981081));
#6930=DIRECTION('',(-0.986393923724005,0.,-0.164398987954191));
#6931=DIRECTION('',(-0.986393923886178,0.,-0.164398986981151));
#6932=DIRECTION('',(1.232664734561E-15,-1.,-7.395988407368E-15));
#6933=DIRECTION('',(0.,7.395988407368E-15,-1.));
#6934=DIRECTION('',(-0.986393923844041,1.35633691762292E-10,-0.164398987233976));
#6935=DIRECTION('',(-0.145344314502073,-0.467307306754236,0.87206588701544));
#6936=DIRECTION('',(-7.56547602343005E-14,-0.881425626776866,-0.47232283923288));
#6937=DIRECTION('',(-0.98639392375162,2.87150945302432E-10,-0.164398987788501));
#6938=DIRECTION('',(0.0830022619050258,-0.863187758941268,-0.498013571434154));
#6939=DIRECTION('',(1.97758476261356E-15,0.499737987926012,-0.866176623688068));
#6940=DIRECTION('',(-0.986393923843865,1.34603699698525E-10,-0.164398987235031));
#6941=DIRECTION('',(0.145714852154129,0.463018065386409,-0.874289112929772));
#6942=DIRECTION('',(4.59909887950971E-14,0.88372139792468,0.468013344735007));
#6943=DIRECTION('',(0.98639392384383,-1.34495279481284E-10,0.164398987235242));
#6944=DIRECTION('',(-0.986393923859149,0.,-0.164398987143325));
#6945=DIRECTION('',(-0.986393923886225,0.,-0.16439898698087));
#6946=DIRECTION('',(-0.986393923886178,0.,-0.164398986981151));
#6947=DIRECTION('',(-0.986393923724005,0.,-0.164398987954191));
#6948=DIRECTION('',(-0.986393923859114,0.,-0.164398987143536));
#6949=DIRECTION('',(-0.986393923886178,0.,-0.164398986981151));
#6950=DIRECTION('',(0.986393923832198,0.,0.164398987305033));
#6951=DIRECTION('',(-0.164398987305033,0.,0.986393923832198));
#6952=DIRECTION('',(0.986393923832198,0.,0.164398987305033));
#6953=DIRECTION('',(0.986393923832198,0.,0.164398987305033));
#6954=DIRECTION('',(-0.986393923724005,0.,-0.164398987954191));
#6955=DIRECTION('',(-0.986393923832198,0.,-0.164398987305033));
#6956=DIRECTION('',(0.164398987305033,6.57421191808132E-15,-0.986393923832198));
#6957=DIRECTION('',(-0.986393923832198,0.,-0.164398987305033));
#6958=DIRECTION('',(-0.986393923832198,0.,-0.164398987305033));
#6959=DIRECTION('',(-0.986393923724017,0.,-0.164398987954121));
#6960=DIRECTION('',(-0.986393923886178,0.,-0.164398986981151));
#6961=DIRECTION('',(0.986393923832198,0.,0.164398987305033));
#6962=DIRECTION('',(-0.164398987305033,0.,0.986393923832198));
#6963=DIRECTION('',(0.986393923832198,0.,0.164398987305033));
#6964=DIRECTION('',(0.986393923832198,0.,0.164398987305033));
#6965=DIRECTION('',(0.986393923887383,-7.01843190181189E-11,0.164398986973922));
#6966=DIRECTION('',(0.164398986973922,0.,-0.986393923887383));
#6967=DIRECTION('',(-0.986393923886178,0.,-0.164398986981151));
#6968=DIRECTION('',(-0.986393923886178,0.,-0.164398986981151));
#6969=DIRECTION('',(0.,0.,1.));
#6970=DIRECTION('',(1.,0.,0.));
#6971=DIRECTION('',(0.986393923876649,6.20320145856089E-10,0.164398987038326));
#6972=DIRECTION('',(0.164398987038326,0.,-0.986393923876649));
#6973=DIRECTION('',(0.986393923876649,6.20320145856089E-10,0.164398987038326));
#6974=DIRECTION('',(0.164398987038326,0.,-0.986393923876649));
#6975=DIRECTION('',(0.986393923876649,6.20320145856089E-10,0.164398987038326));
#6976=DIRECTION('',(0.164398987038326,0.,-0.986393923876649));
#6977=DIRECTION('',(0.,1.,0.));
#6978=DIRECTION('',(0.,0.,1.));
#6979=DIRECTION('',(0.164398987280687,0.,-0.986393923836255));
#6980=DIRECTION('',(-0.164398987305033,1.57772181044203E-30,0.986393923832198));
#6981=DIRECTION('',(0.986393923880263,1.39299739857141E-9,0.16439898701664));
#6982=DIRECTION('',(0.16439898701664,0.,-0.986393923880263));
#6983=DIRECTION('',(0.986393923880263,1.39299739857141E-9,0.16439898701664));
#6984=DIRECTION('',(0.16439898701664,0.,-0.986393923880263));
#6985=DIRECTION('',(0.986393923880263,1.39299739857141E-9,0.16439898701664));
#6986=DIRECTION('',(0.16439898701664,0.,-0.986393923880263));
#6987=DIRECTION('',(0.98639392385254,3.68695391997124E-10,0.164398987182983));
#6988=DIRECTION('',(0.164398987182983,0.,-0.98639392385254));
#6989=DIRECTION('',(0.98639392385254,3.68695391997124E-10,0.164398987182983));
#6990=DIRECTION('',(0.164398987182983,0.,-0.98639392385254));
#6991=DIRECTION('',(0.98639392385254,3.68695391997124E-10,0.164398987182983));
#6992=DIRECTION('',(0.164398987182983,0.,-0.98639392385254));
#6993=DIRECTION('',(0.986393923818581,3.30072728097436E-12,0.164398987386737));
#6994=DIRECTION('',(0.164398987386737,0.,-0.98639392381858));
#6995=DIRECTION('',(0.986393923818581,3.30072728097436E-12,0.164398987386737));
#6996=DIRECTION('',(0.164398987386737,0.,-0.98639392381858));
#6997=DIRECTION('',(0.986393923818581,3.30072728097436E-12,0.164398987386737));
#6998=DIRECTION('',(0.164398987386737,0.,-0.98639392381858));
#6999=DIRECTION('',(0.986393923838448,5.96079393323477E-12,0.164398987267533));
#7000=DIRECTION('',(0.164398987267533,0.,-0.986393923838448));
#7001=DIRECTION('',(0.986393923838448,5.96079393323477E-12,0.164398987267533));
#7002=DIRECTION('',(0.164398987267533,0.,-0.986393923838448));
#7003=DIRECTION('',(0.986393923838448,5.96079393323477E-12,0.164398987267533));
#7004=DIRECTION('',(0.164398987267533,0.,-0.986393923838448));
#7005=DIRECTION('',(0.986393923670464,-1.83895889023356E-9,0.164398988275436));
#7006=DIRECTION('',(0.164398988275436,0.,-0.986393923670464));
#7007=DIRECTION('',(0.986393923670464,-1.83895889023356E-9,0.164398988275436));
#7008=DIRECTION('',(0.164398988275436,0.,-0.986393923670464));
#7009=DIRECTION('',(0.986393923670464,-1.83895889023356E-9,0.164398988275436));
#7010=DIRECTION('',(0.164398988275436,0.,-0.986393923670464));
#7011=DIRECTION('',(0.986393923823175,3.0523183416447E-10,0.164398987359167));
#7012=DIRECTION('',(0.164398987359167,0.,-0.986393923823175));
#7013=DIRECTION('',(0.986393923823175,3.0523183416447E-10,0.164398987359167));
#7014=DIRECTION('',(0.164398987359167,0.,-0.986393923823175));
#7015=DIRECTION('',(0.986393923823175,3.0523183416447E-10,0.164398987359167));
#7016=DIRECTION('',(0.164398987359167,0.,-0.986393923823175));
#7017=DIRECTION('',(0.986393923757717,-8.77119305587399E-11,0.164398987751919));
#7018=DIRECTION('',(0.164398987751919,0.,-0.986393923757717));
#7019=DIRECTION('',(0.986393923757717,-8.77119305587399E-11,0.164398987751919));
#7020=DIRECTION('',(0.164398987751919,0.,-0.986393923757717));
#7021=DIRECTION('',(0.986393923757717,-8.77119305587399E-11,0.164398987751919));
#7022=DIRECTION('',(0.164398987751919,0.,-0.986393923757717));
#7023=DIRECTION('',(0.986393923845036,-1.95733172391369E-10,0.164398987228007));
#7024=DIRECTION('',(0.164398987228007,0.,-0.986393923845036));
#7025=DIRECTION('',(0.986393923845036,-1.95733172391369E-10,0.164398987228007));
#7026=DIRECTION('',(0.164398987228007,0.,-0.986393923845036));
#7027=DIRECTION('',(0.986393923845036,-1.95733172391369E-10,0.164398987228007));
#7028=DIRECTION('',(0.164398987228007,0.,-0.986393923845036));
#7029=DIRECTION('',(0.986393923882394,1.08685963197192E-10,0.164398987003857));
#7030=DIRECTION('',(0.164398987003857,0.,-0.986393923882394));
#7031=DIRECTION('',(0.986393923882394,1.08685963197192E-10,0.164398987003857));
#7032=DIRECTION('',(0.164398987003857,0.,-0.986393923882394));
#7033=DIRECTION('',(0.986393923882394,1.08685963197192E-10,0.164398987003857));
#7034=DIRECTION('',(0.164398987003857,0.,-0.986393923882394));
#7035=DIRECTION('',(0.986393923908339,1.3347130424204E-9,0.164398986848186));
#7036=DIRECTION('',(0.164398986848186,0.,-0.986393923908339));
#7037=DIRECTION('',(0.986393923908339,1.3347130424204E-9,0.164398986848186));
#7038=DIRECTION('',(0.164398986848186,0.,-0.986393923908339));
#7039=DIRECTION('',(0.986393923908339,1.3347130424204E-9,0.164398986848186));
#7040=DIRECTION('',(0.164398986848186,0.,-0.986393923908339));
#7041=DIRECTION('',(0.,-1.,0.));
#7042=DIRECTION('',(0.,0.,-1.));
#7043=DIRECTION('',(-0.164398987305394,0.,0.986393923832138));
#7044=DIRECTION('',(-0.164398987305033,1.57772181044203E-30,0.986393923832198));
#7045=DIRECTION('',(0.986393923700968,-2.10507442112688E-9,0.164398988092411));
#7046=DIRECTION('',(0.164398988092411,0.,-0.986393923700968));
#7047=DIRECTION('',(0.986393923700968,-2.10507442112688E-9,0.164398988092411));
#7048=DIRECTION('',(0.164398988092411,0.,-0.986393923700968));
#7049=DIRECTION('',(0.986393923700968,-2.10507442112688E-9,0.164398988092411));
#7050=DIRECTION('',(0.164398988092411,0.,-0.986393923700968));
#7051=DIRECTION('',(0.986393923746726,-6.97038954179463E-10,0.164398987817867));
#7052=DIRECTION('',(0.164398987817867,0.,-0.986393923746725));
#7053=DIRECTION('',(0.986393923746726,-6.97038954179463E-10,0.164398987817867));
#7054=DIRECTION('',(0.164398987817867,0.,-0.986393923746725));
#7055=DIRECTION('',(0.986393923746726,-6.97038954179463E-10,0.164398987817867));
#7056=DIRECTION('',(0.164398987817867,0.,-0.986393923746725));
#7057=DIRECTION('',(0.986393923745044,1.12664150407288E-10,0.16439898782796));
#7058=DIRECTION('',(0.16439898782796,0.,-0.986393923745043));
#7059=DIRECTION('',(0.986393923745044,1.12664150407288E-10,0.16439898782796));
#7060=DIRECTION('',(0.16439898782796,0.,-0.986393923745043));
#7061=DIRECTION('',(0.986393923745044,1.12664150407288E-10,0.16439898782796));
#7062=DIRECTION('',(0.16439898782796,0.,-0.986393923745043));
#7063=DIRECTION('',(0.986393923866035,-2.42737051696066E-11,0.16439898710201));
#7064=DIRECTION('',(0.16439898710201,0.,-0.986393923866035));
#7065=DIRECTION('',(0.986393923866035,-2.42737051696066E-11,0.16439898710201));
#7066=DIRECTION('',(0.16439898710201,0.,-0.986393923866035));
#7067=DIRECTION('',(0.986393923866035,-2.42737051696066E-11,0.16439898710201));
#7068=DIRECTION('',(0.16439898710201,0.,-0.986393923866035));
#7069=DIRECTION('',(0.986393923730718,-6.01498673712174E-10,0.164398987913911));
#7070=DIRECTION('',(0.164398987913911,0.,-0.986393923730718));
#7071=DIRECTION('',(0.986393923730718,-6.01498673712174E-10,0.164398987913911));
#7072=DIRECTION('',(0.164398987913911,0.,-0.986393923730718));
#7073=DIRECTION('',(0.986393923730718,-6.01498673712174E-10,0.164398987913911));
#7074=DIRECTION('',(0.164398987913911,0.,-0.986393923730718));
#7075=DIRECTION('',(0.986393923522095,-3.40616345405431E-9,0.164398989165652));
#7076=DIRECTION('',(0.164398989165652,0.,-0.986393923522095));
#7077=DIRECTION('',(0.986393923522095,-3.40616345405431E-9,0.164398989165652));
#7078=DIRECTION('',(0.164398989165652,0.,-0.986393923522095));
#7079=DIRECTION('',(0.986393923522095,-3.40616345405431E-9,0.164398989165652));
#7080=DIRECTION('',(0.164398989165652,0.,-0.986393923522095));
#7081=DIRECTION('',(0.986393923881431,8.80694619586405E-11,0.164398987009636));
#7082=DIRECTION('',(0.164398987009636,0.,-0.986393923881431));
#7083=DIRECTION('',(0.986393923881431,8.80694619586405E-11,0.164398987009636));
#7084=DIRECTION('',(0.164398987009636,0.,-0.986393923881431));
#7085=DIRECTION('',(0.986393923881431,8.80694619586405E-11,0.164398987009636));
#7086=DIRECTION('',(0.164398987009636,0.,-0.986393923881431));
#7087=DIRECTION('',(-0.986393923832198,-2.39843381592148E-14,-0.164398987305033));
#7088=DIRECTION('',(-0.164398987305033,1.57772181044203E-30,0.986393923832198));
#7089=DIRECTION('',(-0.986393923832198,-2.39843381592148E-14,-0.164398987305033));
#7090=DIRECTION('',(-0.164398987305033,1.57772181044203E-30,0.986393923832198));
#7091=DIRECTION('',(0.,0.,1.));
#7092=DIRECTION('',(1.,0.,0.));
#7093=DIRECTION('',(0.,-1.,0.));
#7094=DIRECTION('',(0.,0.,-1.));
#7095=DIRECTION('',(-0.164398987263407,0.,0.986393923839136));
#7096=DIRECTION('',(-0.986393923832198,0.,-0.164398987305033));
#7097=DIRECTION('',(-0.164398987305033,0.,0.986393923832198));
#7098=DIRECTION('',(-0.986393923886143,0.,-0.164398986981362));
#7099=DIRECTION('',(0.164398987305033,0.,-0.986393923832198));
#7100=DIRECTION('',(-0.986393923832198,0.,-0.164398987305033));
#7101=DIRECTION('',(0.,1.,0.));
#7102=DIRECTION('',(-0.986393923859196,0.,-0.164398987143044));
#7103=DIRECTION('',(6.55719837984283E-16,1.,1.09286639663826E-16));
#7104=DIRECTION('',(5.935124905946E-16,-1.,-3.561074943567E-15));
#7105=DIRECTION('',(0.,3.561074943567E-15,-1.));
#7106=DIRECTION('',(-0.164398987312557,-3.61019553902377E-15,0.986393923830944));
#7107=DIRECTION('',(-0.986393923832198,0.,-0.164398987305033));
#7108=DIRECTION('',(-0.164398987305033,0.,0.986393923832198));
#7109=DIRECTION('',(0.164398987305033,0.,-0.986393923832198));
#7110=DIRECTION('',(-0.986393923832198,0.,-0.164398987305033));
#7111=DIRECTION('',(0.,1.,0.));
#7112=DIRECTION('',(-0.986393923886225,0.,-0.16439898698087));
#7113=DIRECTION('',(6.55719837984283E-16,1.,1.09286639663826E-16));
#7114=DIRECTION('',(-5.258472117591E-16,1.,3.155083270554E-15));
#7115=DIRECTION('',(0.,-3.155083270554E-15,1.));
#7116=DIRECTION('',(0.164398987306953,3.19860371634951E-15,-0.986393923831878));
#7117=DIRECTION('',(0.986393923832198,0.,0.164398987305033));
#7118=DIRECTION('',(-0.164398987305033,0.,0.986393923832198));
#7119=DIRECTION('',(-0.164398987305033,-3.9885880608638E-15,0.986393923832198));
#7120=DIRECTION('',(0.986393923832198,0.,0.164398987305033));
#7121=DIRECTION('',(-6.55719837982954E-16,1.,3.9343190279057E-15));
#7122=DIRECTION('',(6.55719837984283E-16,1.,1.09286639663826E-16));
#7123=DIRECTION('',(-0.986393923832198,6.64764676810633E-16,-0.164398987305033));
#7124=DIRECTION('',(-0.164398987305033,0.,0.986393923832198));
#7125=DIRECTION('',(-0.986393923832198,6.64764676810633E-16,-0.164398987305033));
#7126=DIRECTION('',(-0.164398987305033,0.,0.986393923832198));
#7127=DIRECTION('',(0.,0.,1.));
#7128=DIRECTION('',(1.,0.,0.));
#7129=DIRECTION('',(-0.986393923832198,0.,-0.164398987305033));
#7130=DIRECTION('',(-0.164398987305033,0.,0.986393923832198));
#7131=DIRECTION('',(-0.153632569755145,-0.355935724369591,0.921795418532727));
#7132=DIRECTION('',(0.,1.,0.));
#7133=DIRECTION('',(0.153632569755145,-0.355935724369591,-0.921795418532727));
#7134=DIRECTION('',(0.,1.,0.));
#7135=DIRECTION('',(-0.15510144089532,0.331528418371262,0.930608645373792));
#7136=DIRECTION('',(0.,1.,0.));
#7137=DIRECTION('',(0.154037798005065,0.349395479463241,-0.924226788032246));
#7138=DIRECTION('',(0.,1.,0.));
#7139=DIRECTION('',(-1.03027420088939E-15,1.,6.18164520534885E-15));
#7140=DIRECTION('',(0.154691849798752,-0.338535034313392,-0.928151098770168));
#7141=DIRECTION('',(0.,1.,0.));
#7142=DIRECTION('',(-0.154509408696713,-0.341603830681709,0.927056452157998));
#7143=DIRECTION('',(-0.986393923832198,0.,-0.164398987305033));
#7144=DIRECTION('',(-0.164398987305033,0.,0.986393923832198));
#7145=DIRECTION('',(-0.153632569756918,-0.35593572436989,0.921795418532316));
#7146=DIRECTION('',(0.,1.,0.));
#7147=DIRECTION('',(0.154037798005045,0.349395479468509,-0.924226788030258));
#7148=DIRECTION('',(-8.30417449819696E-16,1.,4.98250469892828E-15));
#7149=DIRECTION('',(-0.155101440896861,0.331528418349992,0.930608645381113));
#7150=DIRECTION('',(0.,1.,0.));
#7151=DIRECTION('',(0.153632569757293,-0.355935724363912,-0.921795418534562));
#7152=DIRECTION('',(0.,1.,0.));
#7153=DIRECTION('',(0.154691849794781,-0.338535034314047,-0.928151098770591));
#7154=DIRECTION('',(0.,1.,0.));
#7155=DIRECTION('',(-0.154509408693125,-0.341603830676132,0.927056452160651));
#7156=DIRECTION('',(0.,1.,0.));
#7157=DIRECTION('',(0.0585154726320464,-0.934510438741742,-0.351092835793278));
#7158=DIRECTION('',(-2.13405682014667E-14,0.351695465377746,-0.936114469299952));
#7159=DIRECTION('',(-0.986393923832198,0.,-0.164398987305033));
#7160=DIRECTION('',(-0.986393923879321,-1.09179158756666E-10,-0.164398987022292));
#7161=DIRECTION('',(0.164398987305033,0.,-0.986393923832198));
#7162=DIRECTION('',(-0.986393923832198,0.,-0.164398987305033));
#7163=DIRECTION('',(-0.986393923879356,1.09233368865287E-10,-0.164398987022081));
#7164=DIRECTION('',(0.0585154726310638,0.934510438744018,-0.351092835787383));
#7165=DIRECTION('',(-1.34232902571085E-14,0.351695465371822,0.936114469302178));
#7166=DIRECTION('',(0.986393923832198,0.,0.164398987305033));
#7167=DIRECTION('',(-0.164398987305033,0.,0.986393923832198));
#7168=DIRECTION('',(0.986393923832198,0.,0.164398987305033));
#7169=DIRECTION('',(-0.986393923880247,1.02131844636376E-10,-0.164398987016737));
#7170=DIRECTION('',(-0.0545029362390368,-0.943445233082638,0.327017617438221));
#7171=DIRECTION('',(1.08871245352304E-14,-0.327504416631943,-0.944849647873444));
#7172=DIRECTION('',(0.986393923832198,3.94430452610506E-31,0.164398987305033));
#7173=DIRECTION('',(-0.164398987305033,-5.05123214827901E-15,0.986393923832198));
#7174=DIRECTION('',(0.986393923832198,3.94430452610506E-31,0.164398987305033));
#7175=DIRECTION('',(-0.986393923879685,-1.07064964520556E-10,-0.164398987020112));
#7176=DIRECTION('',(-0.0574402629930442,0.936975345954721,0.344641577962265));
#7177=DIRECTION('',(-1.55847557081757E-14,-0.345211541167983,0.938524902090736));
#7178=DIRECTION('',(0.986393923832198,0.,0.164398987305033));
#7179=DIRECTION('',(-0.164398987305033,0.,0.986393923832198));
#7180=DIRECTION('',(0.986393923832198,0.,0.164398987305033));
#7181=DIRECTION('',(-0.164398987305033,-6.26691330511526E-15,0.986393923832198));
#7182=DIRECTION('',(0.986393923832198,5.91645678915759E-31,0.164398987305033));
#7183=DIRECTION('',(-0.986393923736453,-2.09955750642976E-10,-0.164398987879504));
#7184=DIRECTION('',(0.986393923832198,5.91645678915759E-31,0.164398987305033));
#7185=DIRECTION('',(0.0561593238230552,-0.939844041776923,-0.336955942942331));
#7186=DIRECTION('',(-2.33563168805517E-14,0.337488560690483,-0.941329629515117));
#7187=DIRECTION('',(-0.986393923712811,2.64545330273381E-10,-0.164398988021352));
#7188=DIRECTION('',(-0.986393923832198,0.,-0.164398987305033));
#7189=DIRECTION('',(0.164398987305033,0.,-0.986393923832198));
#7190=DIRECTION('',(-0.986393923832198,0.,-0.164398987305033));
#7191=DIRECTION('',(-0.986393923832198,0.,-0.164398987305033));
#7192=DIRECTION('',(0.986393923712518,2.62322715818252E-10,0.164398988023111));
#7193=DIRECTION('',(0.0556548168080195,0.940953787676329,-0.333928900851117));
#7194=DIRECTION('',(-9.47852907273728E-15,0.334447270863219,0.942414464560124));
#7195=DIRECTION('',(0.,0.,1.));
#7196=DIRECTION('',(1.,0.,0.));
#7197=DIRECTION('',(-0.986393923832198,2.4577231690355E-15,-0.164398987305033));
#7198=DIRECTION('',(-0.164398987305033,-9.86076131526265E-32,0.986393923832198));
#7199=DIRECTION('',(-0.153632569755112,-0.355935724370095,0.921795418532538));
#7200=DIRECTION('',(2.42428320039823E-15,1.,4.04047200065551E-16));
#7201=DIRECTION('',(0.153632569755108,-0.355935724370095,-0.921795418532538));
#7202=DIRECTION('',(2.42428320039823E-15,1.,4.04047200065551E-16));
#7203=DIRECTION('',(-0.155101440896345,0.331528418353277,0.930608645380029));
#7204=DIRECTION('',(2.42428320039823E-15,1.,4.04047200065551E-16));
#7205=DIRECTION('',(0.154037798002474,0.349395479505501,-0.924226788016702));
#7206=DIRECTION('',(2.42428320039823E-15,1.,4.04047200065551E-16));
#7207=DIRECTION('',(0.,1.,0.));
#7208=DIRECTION('',(0.154691849796199,-0.338535034295322,-0.928151098777185));
#7209=DIRECTION('',(0.,1.,0.));
#7210=DIRECTION('',(-0.154509408692607,-0.341603830689933,0.927056452155652));
#7211=DIRECTION('',(-0.986393923832198,2.4577231690355E-15,-0.164398987305033));
#7212=DIRECTION('',(-0.164398987305033,-9.86076131526265E-32,0.986393923832198));
#7213=DIRECTION('',(-0.153632569757293,-0.355935724363912,0.921795418534562));
#7214=DIRECTION('',(-2.42428320039331E-15,1.,1.45456992023893E-14));
#7215=DIRECTION('',(0.154037798008775,0.349395479497083,-0.924226788018834));
#7216=DIRECTION('',(-8.30417449819532E-16,1.,4.98250469892729E-15));
#7217=DIRECTION('',(-0.155101440901942,0.331528418357221,0.930608645377691));
#7218=DIRECTION('',(0.,1.,0.));
#7219=DIRECTION('',(0.153632569756918,-0.35593572436989,-0.921795418532316));
#7220=DIRECTION('',(0.,1.,0.));
#7221=DIRECTION('',(0.154691849796435,-0.33853503428617,-0.928151098780484));
#7222=DIRECTION('',(2.42428320039823E-15,1.,4.04047200065551E-16));
#7223=DIRECTION('',(-0.154509408691274,-0.341603830707192,0.927056452149514));
#7224=DIRECTION('',(2.42428320039823E-15,1.,4.04047200065551E-16));
#7225=DIRECTION('',(0.0585154726310638,-0.934510438744018,-0.351092835787383));
#7226=DIRECTION('',(1.34232902571085E-14,0.351695465371822,-0.936114469302178));
#7227=DIRECTION('',(-0.986393923832198,0.,-0.164398987305033));
#7228=DIRECTION('',(-0.986393923855715,-5.45353693235332E-11,-0.164398987163931));
#7229=DIRECTION('',(0.164398987305033,0.,-0.986393923832198));
#7230=DIRECTION('',(-0.986393923832198,0.,-0.164398987305033));
#7231=DIRECTION('',(-0.986393923879345,1.09124948648098E-10,-0.164398987022152));
#7232=DIRECTION('',(0.0585154726320464,0.934510438741742,-0.351092835793278));
#7233=DIRECTION('',(2.13405682014667E-14,0.351695465377746,0.936114469299952));
#7234=DIRECTION('',(0.986393923832198,0.,0.164398987305033));
#7235=DIRECTION('',(-0.164398987305033,0.,0.986393923832198));
#7236=DIRECTION('',(0.986393923832198,0.,0.164398987305033));
#7237=DIRECTION('',(-0.986393923856184,5.05780313905152E-11,-0.164398987161118));
#7238=DIRECTION('',(-0.0545029362400634,-0.943445233080097,0.32701761744538));
#7239=DIRECTION('',(1.02730324247346E-14,-0.327504416639131,-0.944849647870952));
#7240=DIRECTION('',(0.986393923832198,1.97215226305253E-31,0.164398987305033));
#7241=DIRECTION('',(-0.164398987305033,-5.05123214827801E-15,0.986393923832198));
#7242=DIRECTION('',(0.986393923832198,1.97215226305253E-31,0.164398987305033));
#7243=DIRECTION('',(-0.986393923879567,-1.0733601506368E-10,-0.164398987020816));
#7244=DIRECTION('',(-0.0574402629980654,0.936975345944068,0.344641577990393));
#7245=DIRECTION('',(7.07767178198537E-15,-0.345211541196255,0.938524902080337));
#7246=DIRECTION('',(0.986393923832198,0.,0.164398987305033));
#7247=DIRECTION('',(-0.164398987305033,-1.4746339014213E-14,0.986393923832198));
#7248=DIRECTION('',(0.986393923832198,0.,0.164398987305033));
#7249=DIRECTION('',(-0.164398987305033,0.,0.986393923832198));
#7250=DIRECTION('',(0.986393923832198,0.,0.164398987305033));
#7251=DIRECTION('',(-0.986393923880071,1.0424603887246E-10,-0.164398987017791));
#7252=DIRECTION('',(0.986393923832198,0.,0.164398987305033));
#7253=DIRECTION('',(0.0561593238250558,-0.939844041773933,-0.336955942950335));
#7254=DIRECTION('',(-2.41091868691256E-14,0.337488560698537,-0.941329629512229));
#7255=DIRECTION('',(-0.98639392387986,-1.05492871370652E-10,-0.164398987019058));
#7256=DIRECTION('',(-0.986393923832198,0.,-0.164398987305033));
#7257=DIRECTION('',(0.164398987305033,0.,-0.986393923832198));
#7258=DIRECTION('',(-0.986393923832198,0.,-0.164398987305033));
#7259=DIRECTION('',(-0.986393923832198,0.,-0.164398987305033));
#7260=DIRECTION('',(0.986393923880036,-1.04191828763839E-10,0.164398987018002));
#7261=DIRECTION('',(0.0556548168050491,0.94095378768283,-0.333928900833294));
#7262=DIRECTION('',(7.45931094670027E-15,0.334447270845312,0.942414464566479));
#7263=DIRECTION('',(0.,0.,1.));
#7264=DIRECTION('',(1.,0.,0.));
#7265=DIRECTION('',(0.,-1.,0.));
#7266=DIRECTION('',(0.,0.,-1.));
#7267=DIRECTION('',(-0.164398987347338,0.,0.986393923825147));
#7268=DIRECTION('',(-0.986393923832198,0.,-0.164398987305033));
#7269=DIRECTION('',(-0.164398987305033,0.,0.986393923832198));
#7270=DIRECTION('',(-0.986393923859114,0.,-0.164398987143536));
#7271=DIRECTION('',(0.164398987305033,0.,-0.986393923832198));
#7272=DIRECTION('',(-0.986393923832198,0.,-0.164398987305033));
#7273=DIRECTION('',(0.,1.,0.));
#7274=DIRECTION('',(-0.986393923724052,0.,-0.164398987953909));
#7275=DIRECTION('',(0.,1.,0.));
#7276=DIRECTION('',(5.210522523833E-16,-1.,-3.126313514299E-15));
#7277=DIRECTION('',(0.,3.126313514299E-15,-1.));
#7278=DIRECTION('',(-0.164398987300615,-3.16943711711002E-15,0.986393923832934));
#7279=DIRECTION('',(0.986393923832198,0.,0.164398987305033));
#7280=DIRECTION('',(-0.164398987305033,0.,0.986393923832198));
#7281=DIRECTION('',(-0.164398987305033,0.,0.986393923832198));
#7282=DIRECTION('',(0.986393923832198,0.,0.164398987305033));
#7283=DIRECTION('',(0.,1.,0.));
#7284=DIRECTION('',(-0.98639392372404,0.,-0.16439898795398));
#7285=DIRECTION('',(0.,1.,0.));
#7286=DIRECTION('',(1.530590991381E-15,-1.,-9.183545948289E-15));
#7287=DIRECTION('',(0.,9.183545948289E-15,-1.));
#7288=DIRECTION('',(-0.164398987305381,-9.31022153167549E-15,0.98639392383214));
#7289=DIRECTION('',(-0.986393923832198,-3.94430452610506E-31,-0.164398987305033));
#7290=DIRECTION('',(-0.164398987305033,0.,0.986393923832198));
#7291=DIRECTION('',(0.164398987305033,5.88167060022918E-15,-0.986393923832198));
#7292=DIRECTION('',(-0.986393923832198,-3.94430452610506E-31,-0.164398987305033));
#7293=DIRECTION('',(-9.66940690339463E-16,1.,5.80164414204854E-15));
#7294=DIRECTION('',(-0.986393923723993,0.,-0.164398987954261));
#7295=DIRECTION('',(0.,1.,0.));
#7296=DIRECTION('',(5.476875112825E-16,-1.,-3.286125067695E-15));
#7297=DIRECTION('',(0.,3.286125067695E-15,-1.));
#7298=DIRECTION('',(-0.164398987315328,-3.33145307192231E-15,0.986393923830482));
#7299=DIRECTION('',(0.986393923832198,0.,0.164398987305033));
#7300=DIRECTION('',(-0.164398987305033,0.,0.986393923832198));
#7301=DIRECTION('',(-0.164398987305033,0.,0.986393923832198));
#7302=DIRECTION('',(0.986393923832198,0.,0.164398987305033));
#7303=DIRECTION('',(0.,1.,0.));
#7304=DIRECTION('',(-0.98639392372404,0.,-0.16439898795398));
#7305=DIRECTION('',(0.,1.,0.));
#7306=DIRECTION('',(0.,-1.,0.));
#7307=DIRECTION('',(0.,0.,-1.));
#7308=DIRECTION('',(-0.164398987263762,0.,0.986393923839076));
#7309=DIRECTION('',(-0.986393923832198,0.,-0.164398987305033));
#7310=DIRECTION('',(-0.164398987305033,0.,0.986393923832198));
#7311=DIRECTION('',(0.164398987305033,0.,-0.986393923832198));
#7312=DIRECTION('',(-0.986393923832198,0.,-0.164398987305033));
#7313=DIRECTION('',(0.,1.,0.));
#7314=DIRECTION('',(-0.986393923886178,0.,-0.164398986981151));
#7315=DIRECTION('',(0.,1.,0.));
#7316=DIRECTION('',(-5.258472117591E-16,1.,3.155083270554E-15));
#7317=DIRECTION('',(0.,-3.155083270554E-15,1.));
#7318=DIRECTION('',(0.164398987306954,3.19860371634951E-15,-0.986393923831878));
#7319=DIRECTION('',(0.986393923832198,0.,0.164398987305033));
#7320=DIRECTION('',(-0.164398987305033,0.,0.986393923832198));
#7321=DIRECTION('',(-0.164398987305033,0.,0.986393923832198));
#7322=DIRECTION('',(0.986393923832198,0.,0.164398987305033));
#7323=DIRECTION('',(0.,1.,0.));
#7324=DIRECTION('',(0.,1.,0.));
#7325=DIRECTION('',(-0.986393923832198,0.,-0.164398987305033));
#7326=DIRECTION('',(-0.164398987305033,0.,0.986393923832198));
#7327=DIRECTION('',(-0.986393923832198,0.,-0.164398987305033));
#7328=DIRECTION('',(-0.164398987305033,0.,0.986393923832198));
#7329=DIRECTION('',(0.,0.,1.));
#7330=DIRECTION('',(1.,0.,0.));
#7331=DIRECTION('',(0.986393923832198,-1.44339609824529E-14,0.164398987305033));
#7332=DIRECTION('',(0.164398987305033,-3.94430452610506E-31,-0.986393923832198));
#7333=DIRECTION('',(0.986393923755851,-1.65927330612233E-10,0.164398987763115));
#7334=DIRECTION('',(0.164398987763115,0.,-0.986393923755851));
#7335=DIRECTION('',(0.164398987305033,-3.94430452610506E-31,-0.986393923832198));
#7336=DIRECTION('',(0.98639392389909,-2.91342946646782E-10,0.164398986903679));
#7337=DIRECTION('',(0.164398986903679,0.,-0.98639392389909));
#7338=DIRECTION('',(0.0228089930849477,-0.990328603986868,-0.136853958510055));
#7339=DIRECTION('',(0.986393923747697,-6.84498339454169E-11,0.164398987812038));
#7340=DIRECTION('',(0.164398987812038,0.,-0.986393923747697));
#7341=DIRECTION('',(0.986393923872713,7.79459066133427E-10,0.164398987061942));
#7342=DIRECTION('',(0.164398987061942,0.,-0.986393923872713));
#7343=DIRECTION('',(1.42375714099226E-14,1.,2.37292856831562E-15));
#7344=DIRECTION('',(0.164398987305033,-3.94430452610506E-31,-0.986393923832198));
#7345=DIRECTION('',(1.42375714099226E-14,1.,2.37292856831562E-15));
#7346=DIRECTION('',(0.164398987305033,-3.94430452610506E-31,-0.986393923832198));
#7347=DIRECTION('',(0.986393923845533,-5.10897883218525E-11,0.164398987225025));
#7348=DIRECTION('',(0.164398987225025,0.,-0.986393923845533));
#7349=DIRECTION('',(0.986393923883595,-4.58134423488655E-11,0.164398986996647));
#7350=DIRECTION('',(0.164398986996647,0.,-0.986393923883595));
#7351=DIRECTION('',(-0.0219233883007201,0.991068366299881,0.131540329804587));
#7352=DIRECTION('',(-0.164398987305337,0.,0.986393923832147));
#7353=DIRECTION('',(0.986393923844464,-1.52088746780621E-11,0.164398987231438));
#7354=DIRECTION('',(0.164398987231438,0.,-0.986393923844464));
#7355=DIRECTION('',(0.986393923727853,1.03225632073999E-9,0.164398987931101));
#7356=DIRECTION('',(0.164398987931101,0.,-0.986393923727853));
#7357=DIRECTION('',(0.98639392375233,-1.69799766255643E-10,0.164398987784242));
#7358=DIRECTION('',(0.164398987784242,0.,-0.98639392375233));
#7359=DIRECTION('',(0.986393923765845,-6.55937344496655E-12,0.164398987703152));
#7360=DIRECTION('',(0.164398987703152,0.,-0.986393923765845));
#7361=DIRECTION('',(0.986393923832198,-1.44339609824529E-14,0.164398987305033));
#7362=DIRECTION('',(0.164398987305033,-3.94430452610506E-31,-0.986393923832198));
#7363=DIRECTION('',(0.986393923755851,-1.65927330612233E-10,0.164398987763115));
#7364=DIRECTION('',(0.164398987763115,0.,-0.986393923755851));
#7365=DIRECTION('',(-0.164398987319249,-2.31978823478741E-15,0.986393923829828));
#7366=DIRECTION('',(0.,1.,0.));
#7367=DIRECTION('',(0.164398987348695,0.,-0.986393923824921));
#7368=DIRECTION('',(0.,1.,0.));
#7369=DIRECTION('',(0.986393923872713,7.79459066133427E-10,0.164398987061942));
#7370=DIRECTION('',(0.164398987061942,0.,-0.986393923872713));
#7371=DIRECTION('',(0.986393923747697,-6.84498339454169E-11,0.164398987812038));
#7372=DIRECTION('',(0.164398987812038,0.,-0.986393923747697));
#7373=DIRECTION('',(-0.0228089930834341,0.990328603988171,0.136853958500882));
#7374=DIRECTION('',(0.98639392389909,-2.91342946646782E-10,0.164398986903679));
#7375=DIRECTION('',(0.164398986903679,0.,-0.98639392389909));
#7376=DIRECTION('',(0.16439898730536,8.76256144130783E-15,-0.986393923832143));
#7377=DIRECTION('',(0.986393923883595,-4.58134423488655E-11,0.164398986996647));
#7378=DIRECTION('',(0.164398986996647,0.,-0.986393923883595));
#7379=DIRECTION('',(0.986393923845533,-5.10897883218525E-11,0.164398987225025));
#7380=DIRECTION('',(0.164398987225025,0.,-0.986393923845533));
#7381=DIRECTION('',(0.986393923765845,-6.55937344496655E-12,0.164398987703152));
#7382=DIRECTION('',(0.164398987703152,0.,-0.986393923765845));
#7383=DIRECTION('',(0.98639392375233,-1.69799766255643E-10,0.164398987784242));
#7384=DIRECTION('',(0.164398987784242,0.,-0.98639392375233));
#7385=DIRECTION('',(0.986393923727853,1.03225632073999E-9,0.164398987931101));
#7386=DIRECTION('',(0.164398987931101,0.,-0.986393923727853));
#7387=DIRECTION('',(0.986393923844464,-1.52088746780621E-11,0.164398987231438));
#7388=DIRECTION('',(0.164398987231438,0.,-0.986393923844464));
#7389=DIRECTION('',(0.164398987305033,-3.94430452610506E-31,-0.986393923832198));
#7390=DIRECTION('',(0.0219233882994858,-0.991068366300872,-0.131540329797332));
#7391=DIRECTION('',(0.986393923755851,-1.65927330612233E-10,0.164398987763115));
#7392=DIRECTION('',(0.164398987763115,0.,-0.986393923755851));
#7393=DIRECTION('',(-1.440556227116E-15,1.,8.643337362701E-15));
#7394=DIRECTION('',(0.,-8.643337362701E-15,1.));
#7395=DIRECTION('',(0.98639392389909,-2.91342946646782E-10,0.164398986903679));
#7396=DIRECTION('',(0.164398986903679,0.,-0.98639392389909));
#7397=DIRECTION('',(-0.986393923832172,2.2360585605341E-14,-0.16439898730519));
#7398=DIRECTION('',(0.162809019595022,0.138741688482018,-0.976854117571128));
#7399=DIRECTION('',(-0.986393923832172,2.2360585605341E-14,-0.16439898730519));
#7400=DIRECTION('',(-0.986393923832172,2.2360585605341E-14,-0.16439898730519));
#7401=DIRECTION('',(0.986393923747697,-6.84498339454169E-11,0.164398987812038));
#7402=DIRECTION('',(0.164398987812038,0.,-0.986393923747697));
#7403=DIRECTION('',(0.986393923872713,7.79459066133427E-10,0.164398987061942));
#7404=DIRECTION('',(0.164398987061942,0.,-0.986393923872713));
#7405=DIRECTION('',(0.986393923832198,0.,0.164398987305033));
#7406=DIRECTION('',(-0.164398987305033,0.,0.986393923832198));
#7407=DIRECTION('',(0.986393923832198,0.,0.164398987305033));
#7408=DIRECTION('',(-0.98639392372404,0.,-0.16439898795398));
#7409=DIRECTION('',(0.,1.,0.));
#7410=DIRECTION('',(0.,0.,1.));
#7411=DIRECTION('',(0.986393923832198,0.,0.164398987305033));
#7412=DIRECTION('',(-0.164398987305033,0.,0.986393923832198));
#7413=DIRECTION('',(0.986393923832198,0.,0.164398987305033));
#7414=DIRECTION('',(-0.986393923859137,0.,-0.164398987143395));
#7415=DIRECTION('',(3.813708365637E-16,-1.,-2.288225019382E-15));
#7416=DIRECTION('',(0.,2.288225019382E-15,-1.));
#7417=DIRECTION('',(0.986393923886225,0.,0.16439898698087));
#7418=DIRECTION('',(0.986393923883595,-4.58134423488655E-11,0.164398986996647));
#7419=DIRECTION('',(0.164398986996647,0.,-0.986393923883595));
#7420=DIRECTION('',(0.986393923845533,-5.10897883218525E-11,0.164398987225025));
#7421=DIRECTION('',(0.164398987225025,0.,-0.986393923845533));
#7422=DIRECTION('',(0.986393923765845,-6.55937344496655E-12,0.164398987703152));
#7423=DIRECTION('',(0.164398987703152,0.,-0.986393923765845));
#7424=DIRECTION('',(0.98639392375233,-1.69799766255643E-10,0.164398987784242));
#7425=DIRECTION('',(0.164398987784242,0.,-0.98639392375233));
#7426=DIRECTION('',(0.986393923727853,1.03225632073999E-9,0.164398987931101));
#7427=DIRECTION('',(0.164398987931101,0.,-0.986393923727853));
#7428=DIRECTION('',(0.986393923844464,-1.52088746780621E-11,0.164398987231438));
#7429=DIRECTION('',(0.164398987231438,0.,-0.986393923844464));
#7430=DIRECTION('',(0.,-1.,0.));
#7431=DIRECTION('',(0.,0.,-1.));
#7432=DIRECTION('',(-0.986393923724075,0.,-0.164398987953769));
#7433=DIRECTION('',(0.162930635770075,0.133354764893062,-0.977583814620453));
#7434=DIRECTION('',(-0.986393923832145,4.34652314140748E-14,-0.164398987305351));
#7435=DIRECTION('',(0.,0.,1.));
#7436=DIRECTION('',(1.,0.,0.));
#7437=DIRECTION('',(0.,0.,-1.));
#7438=DIRECTION('',(-1.,0.,0.));
#7439=DIRECTION('',(-1.,0.,0.));
#7440=DIRECTION('',(0.,1.,0.));
#7441=DIRECTION('',(-1.,0.,0.));
#7442=DIRECTION('',(0.,1.,0.));
#7443=DIRECTION('',(0.,0.,-1.));
#7444=DIRECTION('',(-1.,0.,0.));
#7445=DIRECTION('',(-1.,0.,0.));
#7446=DIRECTION('',(0.,1.,0.));
#7447=DIRECTION('',(-1.,0.,0.));
#7448=DIRECTION('',(0.,1.,0.));
#7449=DIRECTION('',(0.,0.,-1.));
#7450=DIRECTION('',(-1.,0.,0.));
#7451=DIRECTION('',(-1.,0.,0.));
#7452=DIRECTION('',(0.,1.,0.));
#7453=DIRECTION('',(-1.,0.,0.));
#7454=DIRECTION('',(0.,1.,0.));
#7455=DIRECTION('',(-1.,0.,0.));
#7456=DIRECTION('',(0.,0.,1.));
#7457=DIRECTION('',(0.,0.,1.));
#7458=DIRECTION('',(0.,1.,0.));
#7459=DIRECTION('',(0.,0.,1.));
#7460=DIRECTION('',(0.,1.,0.));
#7461=DIRECTION('',(1.,0.,0.));
#7462=DIRECTION('',(0.,0.,-1.));
#7463=DIRECTION('',(0.,0.,1.));
#7464=DIRECTION('',(0.,1.,0.));
#7465=DIRECTION('',(0.,0.,-1.));
#7466=DIRECTION('',(0.,1.,0.));
#7467=DIRECTION('',(0.,0.,-1.));
#7468=DIRECTION('',(-1.,0.,0.));
#7469=DIRECTION('',(-1.,0.,0.));
#7470=DIRECTION('',(0.,1.,0.));
#7471=DIRECTION('',(-1.,0.,0.));
#7472=DIRECTION('',(0.,1.,0.));
#7473=DIRECTION('',(0.,0.986393923832198,0.164398987305033));
#7474=DIRECTION('',(1.,0.,0.));
#7475=DIRECTION('',(0.162221421130561,-0.162221421130448,0.973328526784661));
#7476=DIRECTION('',(0.,0.986393923832198,0.164398987305033));
#7477=DIRECTION('',(0.,-0.164398987305033,0.986393923832198));
#7478=DIRECTION('',(1.,0.,0.));
#7479=DIRECTION('',(0.,0.986393923832198,0.164398987305033));
#7480=DIRECTION('',(0.,-0.164398987305033,0.986393923832198));
#7481=DIRECTION('',(0.16222142113056,0.162221421130448,-0.973328526784662));
#7482=DIRECTION('',(1.,0.,0.));
#7483=DIRECTION('',(1.,0.,0.));
#7484=DIRECTION('',(1.,0.,0.));
#7485=DIRECTION('',(0.,-0.986393923832198,0.164398987305033));
#7486=DIRECTION('',(-1.,0.,0.));
#7487=DIRECTION('',(1.,0.,0.));
#7488=DIRECTION('',(0.,-0.986393923832198,0.164398987305033));
#7489=DIRECTION('',(0.,0.164398987305033,0.986393923832198));
#7490=DIRECTION('',(-0.162221421130561,-0.162221421130448,-0.973328526784661));
#7491=DIRECTION('',(-1.,0.,0.));
#7492=DIRECTION('',(-1.,0.,0.));
#7493=DIRECTION('',(-1.,0.,0.));
#7494=DIRECTION('',(-0.16222142113056,0.162221421130448,0.973328526784662));
#7495=DIRECTION('',(0.,-0.986393923832198,0.164398987305033));
#7496=DIRECTION('',(0.,0.164398987305033,0.986393923832198));
#7497=DIRECTION('',(1.,0.,0.));
#7498=DIRECTION('',(0.,0.,-1.));
#7499=DIRECTION('',(0.,0.,-1.));
#7500=DIRECTION('',(0.,1.,0.));
#7501=DIRECTION('',(0.,0.,-1.));
#7502=DIRECTION('',(0.,1.,0.));
#7503=DIRECTION('',(0.,-1.,0.));
#7504=DIRECTION('',(0.,0.,-1.));
#7505=DIRECTION('',(0.,0.,-1.));
#7506=DIRECTION('',(1.,0.,0.));
#7507=DIRECTION('',(0.,0.,-1.));
#7508=DIRECTION('',(-1.,0.,0.));
#7509=DIRECTION('',(0.,0.,1.));
#7510=DIRECTION('',(0.,0.,-1.));
#7511=DIRECTION('',(0.,1.,0.));
#7512=DIRECTION('',(0.,0.,1.));
#7513=DIRECTION('',(0.,1.,0.));
#7514=DIRECTION('',(0.,1.,0.));
#7515=DIRECTION('',(0.,0.,1.));
#7516=DIRECTION('',(1.,0.,0.));
#7517=DIRECTION('',(0.,0.,1.));
#7518=DIRECTION('',(0.,0.,1.));
#7519=DIRECTION('',(0.,0.,-1.));
#7520=DIRECTION('',(-1.,0.,0.));
#7521=DIRECTION('',(-1.,0.,0.));
#7522=DIRECTION('',(0.,1.,0.));
#7523=DIRECTION('',(-1.,0.,0.));
#7524=DIRECTION('',(0.,1.,0.));
#7525=DIRECTION('',(0.,0.986393923832198,0.164398987305033));
#7526=DIRECTION('',(1.,0.,0.));
#7527=DIRECTION('',(0.162221421130942,0.162221421130438,-0.973328526784599));
#7528=DIRECTION('',(0.,0.986393923832198,0.164398987305033));
#7529=DIRECTION('',(0.,-0.164398987305033,0.986393923832198));
#7530=DIRECTION('',(0.,0.986393923832198,0.164398987305033));
#7531=DIRECTION('',(0.,-0.164398987305033,0.986393923832198));
#7532=DIRECTION('',(0.162221421130942,-0.162221421130438,0.9733285267846));
#7533=DIRECTION('',(1.,0.,0.));
#7534=DIRECTION('',(-0.986393923832198,0.,0.164398987305033));
#7535=DIRECTION('',(0.,1.,0.));
#7536=DIRECTION('',(-0.162221421130438,0.162221421130942,-0.973328526784599));
#7537=DIRECTION('',(-0.986393923832198,0.,0.164398987305033));
#7538=DIRECTION('',(0.164398987305033,0.,0.986393923832198));
#7539=DIRECTION('',(0.,-1.,0.));
#7540=DIRECTION('',(-0.986393923832198,0.,0.164398987305033));
#7541=DIRECTION('',(0.164398987305033,0.,0.986393923832198));
#7542=DIRECTION('',(0.162221421130438,0.162221421130942,0.9733285267846));
#7543=DIRECTION('',(0.,1.,0.));
#7544=DIRECTION('',(0.986393923832198,0.,0.164398987305033));
#7545=DIRECTION('',(0.,-1.,0.));
#7546=DIRECTION('',(0.162221421130438,-0.162221421130942,-0.9733285267846));
#7547=DIRECTION('',(0.986393923832198,0.,0.164398987305033));
#7548=DIRECTION('',(-0.164398987305033,0.,0.986393923832198));
#7549=DIRECTION('',(0.,1.,0.));
#7550=DIRECTION('',(0.986393923832198,0.,0.164398987305033));
#7551=DIRECTION('',(-0.164398987305033,0.,0.986393923832198));
#7552=DIRECTION('',(-0.162221421130438,-0.162221421130942,0.9733285267846));
#7553=DIRECTION('',(0.,-1.,0.));
#7554=DIRECTION('',(0.,-0.986393923832198,0.164398987305033));
#7555=DIRECTION('',(-1.,0.,0.));
#7556=DIRECTION('',(0.,-0.986393923832198,0.164398987305033));
#7557=DIRECTION('',(0.,0.164398987305033,0.986393923832198));
#7558=DIRECTION('',(-0.162221421130942,0.162221421130438,0.973328526784599));
#7559=DIRECTION('',(-1.,0.,0.));
#7560=DIRECTION('',(-0.162221421130942,-0.162221421130438,-0.973328526784599));
#7561=DIRECTION('',(0.,-0.986393923832198,0.164398987305033));
#7562=DIRECTION('',(0.,0.164398987305033,0.986393923832198));
#7563=DIRECTION('',(-0.986393923832198,0.,0.164398987305033));
#7564=DIRECTION('',(0.,1.,0.));
#7565=DIRECTION('',(-0.986393923832198,0.,0.164398987305033));
#7566=DIRECTION('',(0.164398987305033,0.,0.986393923832198));
#7567=DIRECTION('',(-0.162221421130448,0.16222142113056,-0.973328526784662));
#7568=DIRECTION('',(0.,1.,0.));
#7569=DIRECTION('',(0.162221421130448,0.162221421130561,0.973328526784661));
#7570=DIRECTION('',(-0.986393923832198,0.,0.164398987305033));
#7571=DIRECTION('',(0.164398987305033,0.,0.986393923832198));
#7572=DIRECTION('',(0.,1.,0.));
#7573=DIRECTION('',(0.986393923832198,0.,0.164398987305033));
#7574=DIRECTION('',(0.,-1.,0.));
#7575=DIRECTION('',(0.986393923832198,0.,0.164398987305033));
#7576=DIRECTION('',(-0.164398987305033,0.,0.986393923832198));
#7577=DIRECTION('',(0.162221421130448,-0.162221421130561,-0.973328526784661));
#7578=DIRECTION('',(0.,-1.,0.));
#7579=DIRECTION('',(-0.162221421130448,-0.16222142113056,0.973328526784662));
#7580=DIRECTION('',(0.986393923832198,0.,0.164398987305033));
#7581=DIRECTION('',(-0.164398987305033,0.,0.986393923832198));
#7582=DIRECTION('',(0.,1.,0.));
#7583=DIRECTION('',(0.,0.,1.));
#7584=DIRECTION('',(1.,0.,0.));
#7585=DIRECTION('',(0.,1.,0.));
#7586=DIRECTION('',(1.,0.,0.));
#7587=DIRECTION('',(0.,1.,0.));
#7588=DIRECTION('',(1.,-6.953725210842E-32,-3.76962199023139E-47));
#7589=DIRECTION('',(0.,1.,0.));
#7590=DIRECTION('',(1.,0.,0.));
#7591=DIRECTION('',(0.,1.,0.));
#7592=DIRECTION('',(1.,0.,0.));
#7593=DIRECTION('',(0.,0.,1.));
#7594=DIRECTION('',(-1.,0.,0.));
#7595=DIRECTION('',(0.,-1.,0.));
#7596=DIRECTION('',(1.,6.953725210842E-32,3.76962199023139E-47));
#7597=DIRECTION('',(0.,-1.,0.));
#7598=DIRECTION('',(-1.,0.,0.));
#7599=DIRECTION('',(0.,-1.,0.));
#7600=DIRECTION('',(-1.,0.,0.));
#7601=DIRECTION('',(0.,-1.,0.));
#7602=DIRECTION('',(-1.,0.,0.));
#7603=DIRECTION('',(1.,0.,0.));
#7604=DIRECTION('',(0.,0.,-1.));
#7605=DIRECTION('',(-1.,0.,-1.83697019872103E-16));
#7606=DIRECTION('',(-1.83697019872103E-16,0.,1.));
#7607=DIRECTION('',(1.,0.,0.));
#7608=DIRECTION('',(1.,0.,0.));
#7609=DIRECTION('',(1.,0.,0.));
#7610=DIRECTION('',(-1.,0.,-1.83697019872103E-16));
#7611=DIRECTION('',(-1.83697019872103E-16,0.,1.));
#7612=DIRECTION('',(0.,-1.,0.));
#7613=DIRECTION('',(0.,0.,-1.));
#7614=DIRECTION('',(0.,1.,0.));
#7615=DIRECTION('',(0.,0.,1.));
#7616=DIRECTION('',(0.,1.,0.));
#7617=DIRECTION('',(0.,0.,1.));
#7618=DIRECTION('',(0.,1.,0.));
#7619=DIRECTION('',(1.,0.,0.));
#7620=DIRECTION('',(-0.162221421130131,-0.162221421130131,0.973328526784786));
#7621=DIRECTION('',(0.986393923832253,0.,0.1643989873047));
#7622=DIRECTION('',(0.,1.,0.));
#7623=DIRECTION('',(1.,0.,0.));
#7624=DIRECTION('',(-0.162221421130131,0.162221421130131,-0.973328526784786));
#7625=DIRECTION('',(-0.986393923832253,0.,0.1643989873047));
#7626=DIRECTION('',(0.,1.,0.));
#7627=DIRECTION('',(0.,0.,1.));
#7628=DIRECTION('',(0.,1.,0.));
#7629=DIRECTION('',(0.,0.,1.));
#7630=DIRECTION('',(0.,1.,0.));
#7631=DIRECTION('',(0.,0.,1.));
#7632=DIRECTION('',(-1.,0.,0.));
#7633=DIRECTION('',(0.,0.,1.));
#7634=DIRECTION('',(-1.,0.,1.4057016151574E-11));
#7635=DIRECTION('',(1.4057016151574E-11,0.,1.));
#7636=DIRECTION('',(1.,0.,0.));
#7637=DIRECTION('',(1.,0.,0.));
#7638=DIRECTION('',(1.,0.,0.));
#7639=DIRECTION('',(-1.,0.,-1.83697019872103E-16));
#7640=DIRECTION('',(-1.83697019872103E-16,0.,1.));
#7641=DIRECTION('',(0.,1.,0.));
#7642=DIRECTION('',(1.,0.,0.));
#7643=DIRECTION('',(-0.162221421130131,0.162221421130131,0.973328526784786));
#7644=DIRECTION('',(0.986393923832253,0.,0.1643989873047));
#7645=DIRECTION('',(-0.162221421130131,-0.162221421130131,0.973328526784786));
#7646=DIRECTION('',(0.986393923832252,5.40539835114373E-14,0.164398987304709));
#7647=DIRECTION('',(-0.162221421130131,0.162221421130131,-0.973328526784786));
#7648=DIRECTION('',(-0.986393923832252,5.40539835114373E-14,0.164398987304709));
#7649=DIRECTION('',(0.,1.,0.));
#7650=DIRECTION('',(1.,0.,0.));
#7651=DIRECTION('',(-0.162221421130131,-0.162221421130131,-0.973328526784786));
#7652=DIRECTION('',(-0.986393923832253,0.,0.1643989873047));
#7653=DIRECTION('',(-0.162221421130131,0.162221421130131,0.973328526784786));
#7654=DIRECTION('',(0.986393923832252,-5.40539835114373E-14,0.164398987304709));
#7655=DIRECTION('',(0.,0.,1.));
#7656=DIRECTION('',(1.,0.,0.));
#7657=DIRECTION('',(0.,0.,1.));
#7658=DIRECTION('',(1.,0.,0.));
#7659=DIRECTION('',(-0.162221421130131,-0.162221421130131,-0.973328526784786));
#7660=DIRECTION('',(-0.986393923832252,-5.40539835114373E-14,0.164398987304709));
#7661=DIRECTION('',(0.,0.,1.));
#7662=DIRECTION('',(1.,0.,0.));
#7663=DIRECTION('',(-0.162221421130131,-0.162221421130131,-0.973328526784786));
#7664=DIRECTION('',(-0.986393923832252,-5.40539835114373E-14,0.164398987304709));
#7665=DIRECTION('',(-0.162221421130131,-0.162221421130131,-0.973328526784786));
#7666=DIRECTION('',(-0.986393923832253,0.,0.1643989873047));
#7667=DIRECTION('',(-0.162221421130131,0.162221421130131,0.973328526784786));
#7668=DIRECTION('',(0.986393923832252,-5.40539835114373E-14,0.164398987304709));
#7669=DIRECTION('',(-0.162221421130131,0.162221421130131,0.973328526784786));
#7670=DIRECTION('',(0.986393923832253,0.,0.1643989873047));
#7671=DIRECTION('',(0.,0.,1.));
#7672=DIRECTION('',(1.,0.,0.));
#7673=DIRECTION('',(-0.162221421130131,0.162221421130131,-0.973328526784786));
#7674=DIRECTION('',(-0.986393923832252,5.40539835114373E-14,0.164398987304709));
#7675=DIRECTION('',(-0.162221421130131,0.162221421130131,-0.973328526784786));
#7676=DIRECTION('',(-0.986393923832253,0.,0.1643989873047));
#7677=DIRECTION('',(0.,-1.,0.));
#7678=DIRECTION('',(0.,0.,-1.));
#7679=DIRECTION('',(0.,1.,0.));
#7680=DIRECTION('',(0.,0.,1.));
#7681=DIRECTION('',(0.,1.,0.));
#7682=DIRECTION('',(0.,0.,1.));
#7683=DIRECTION('',(0.,1.,0.));
#7684=DIRECTION('',(0.,1.,0.));
#7685=DIRECTION('',(1.,0.,0.));
#7686=DIRECTION('',(1.,0.,0.));
#7687=DIRECTION('',(0.,0.,-1.));
#7688=DIRECTION('',(0.,1.,0.));
#7689=DIRECTION('',(1.,0.,0.));
#7690=DIRECTION('',(1.,0.,0.));
#7691=DIRECTION('',(0.,0.,-1.));
#7692=DIRECTION('',(0.,1.,0.));
#7693=DIRECTION('',(0.,0.,1.));
#7694=DIRECTION('',(0.,1.,0.));
#7695=DIRECTION('',(0.,0.,1.));
#7696=DIRECTION('',(0.,1.,0.));
#7697=DIRECTION('',(0.,1.,0.));
#7698=DIRECTION('',(0.,0.,1.));
#7699=DIRECTION('',(-0.162221421130131,-0.162221421130131,0.973328526784786));
#7700=DIRECTION('',(0.986393923832252,5.40539835114373E-14,0.164398987304709));
#7701=DIRECTION('',(-0.162221421130131,-0.162221421130131,0.973328526784786));
#7702=DIRECTION('',(0.986393923832253,0.,0.1643989873047));
#7703=DIRECTION('',(0.,1.,0.));
#7704=DIRECTION('',(1.,0.,0.));
#7705=DIRECTION('',(-1.,0.,0.));
#7706=DIRECTION('',(0.,0.,1.));
#7707=DIRECTION('',(1.,0.,0.));
#7708=DIRECTION('',(0.,0.,-1.));
#7709=DIRECTION('',(1.,0.,0.));
#7710=DIRECTION('',(0.,0.,-1.));
#7711=DIRECTION('',(0.,1.,0.));
#7712=DIRECTION('',(1.,0.,0.));
#7713=DIRECTION('',(-1.,0.,0.));
#7714=DIRECTION('',(0.,0.,1.));
#7715=DIRECTION('',(-1.,0.,0.));
#7716=DIRECTION('',(0.,0.,1.));
#7717=DIRECTION('',(0.00124062582827785,0.986195017279626,-0.165583358887277));
#7718=DIRECTION('',(0.,0.16558348631644,0.986195776232738));
#7719=DIRECTION('',(-1.,0.,0.));
#7720=DIRECTION('',(0.,0.,1.));
#7721=DIRECTION('',(1.,0.,-3.82856869892695E-16));
#7722=DIRECTION('',(-3.82856869892695E-16,0.,-1.));
#7723=DIRECTION('',(1.,0.,2.00016171993818E-11));
#7724=DIRECTION('',(2.00016171993818E-11,0.,-1.));
#7725=DIRECTION('',(-0.00124062582717436,0.986195017277255,-0.165583358901404));
#7726=DIRECTION('',(0.,0.165583486330567,0.986195776230366));
#7727=DIRECTION('',(-1.,0.,0.));
#7728=DIRECTION('',(0.,0.,1.));
#7729=DIRECTION('',(-0.00124062582625892,0.98619501727735,0.165583358900845));
#7730=DIRECTION('',(0.,-0.165583486330008,0.98619577623046));
#7731=DIRECTION('',(1.337820445382E-16,-1.,0.));
#7732=DIRECTION('',(1.,1.337820445382E-16,0.));
#7733=DIRECTION('',(1.337820445382E-16,-1.,0.));
#7734=DIRECTION('',(0.,1.,0.));
#7735=DIRECTION('',(1.,0.,0.));
#7736=DIRECTION('',(1.337820445382E-16,-1.,0.));
#7737=DIRECTION('',(1.,1.337820445382E-16,0.));
#7738=DIRECTION('',(0.,1.,0.));
#7739=DIRECTION('',(1.,0.,0.));
#7740=DIRECTION('',(1.337820445382E-16,1.,0.));
#7741=DIRECTION('',(-1.,1.337820445382E-16,0.));
#7742=DIRECTION('',(1.337820445382E-16,1.,0.));
#7743=DIRECTION('',(-1.,1.337820445382E-16,0.));
#7744=DIRECTION('',(1.337820445382E-16,1.,0.));
#7745=DIRECTION('',(0.00124062582626103,0.98619501727735,0.165583358900846));
#7746=DIRECTION('',(0.,-0.165583486330008,0.98619577623046));
#7747=DIRECTION('',(1.337820445382E-16,-1.,0.));
#7748=DIRECTION('',(1.,1.337820445382E-16,0.));
#7749=DIRECTION('',(0.,1.,0.));
#7750=DIRECTION('',(0.,0.,1.));
#7751=DIRECTION('',(1.337820445382E-16,1.,0.));
#7752=DIRECTION('',(-1.,1.337820445382E-16,0.));
#7753=DIRECTION('',(0.,1.,0.));
#7754=DIRECTION('',(0.,0.,1.));
#7755=DIRECTION('',(0.,1.,0.));
#7756=DIRECTION('',(1.,0.,0.));
#7757=DIRECTION('',(1.,0.,0.));
#7758=DIRECTION('',(0.,0.,-1.));
#7759=DIRECTION('',(0.,1.,0.));
#7760=DIRECTION('',(1.,0.,0.));
#7761=DIRECTION('',(1.,0.,0.));
#7762=DIRECTION('',(0.,0.,-1.));
#7763=DIRECTION('',(1.,0.,0.));
#7764=DIRECTION('',(0.,0.,-1.));
#7765=DIRECTION('',(1.282735893232E-16,0.,1.));
#7766=DIRECTION('',(1.,0.,-1.282735893232E-16));
#7767=DIRECTION('',(1.,-6.953725210842E-32,-3.76962199023139E-47));
#7768=DIRECTION('',(0.,1.,0.));
#7769=DIRECTION('',(1.,0.,-1.282735893232E-16));
#7770=DIRECTION('',(-6.953725210842E-32,-1.,-5.421010862428E-16));
#7771=DIRECTION('',(0.,5.421010862428E-16,-1.));
#7772=DIRECTION('',(1.282735893232E-16,0.,1.));
#7773=DIRECTION('',(-1.,0.,1.282735893232E-16));
#7774=DIRECTION('',(0.,5.421010862428E-16,-1.));
#7775=DIRECTION('',(-1.282735893232E-16,0.,-1.));
#7776=DIRECTION('',(-1.,0.,1.282735893232E-16));
#7777=DIRECTION('',(0.,1.,0.));
#7778=DIRECTION('',(1.,-6.953725210842E-32,-3.76962199023139E-47));
#7779=DIRECTION('',(0.,1.,0.));
#7780=DIRECTION('',(6.953725210842E-32,1.,5.421010862428E-16));
#7781=DIRECTION('',(0.,-5.421010862428E-16,1.));
#7782=DIRECTION('',(1.282735893232E-16,0.,1.));
#7783=DIRECTION('',(0.,-5.421010862428E-16,1.));
#7784=DIRECTION('',(0.,-1.,0.));
#7785=DIRECTION('',(0.,0.,-1.));
#7786=DIRECTION('',(0.,1.,0.));
#7787=DIRECTION('',(0.,0.,1.));
#7788=DIRECTION('',(1.,0.,0.));
#7789=DIRECTION('',(0.,1.,0.));
#7790=DIRECTION('',(0.,0.,1.));
#7791=DIRECTION('',(0.,1.,0.));
#7792=DIRECTION('',(0.,0.,1.));
#7793=DIRECTION('',(0.,1.,0.));
#7794=DIRECTION('',(0.,1.,0.));
#7795=DIRECTION('',(0.,0.,1.));
#7796=DIRECTION('',(1.,0.,0.));
#7797=DIRECTION('',(5.421010862428E-16,-1.,2.938735877056E-31));
#7798=DIRECTION('',(1.,5.421010862428E-16,0.));
#7799=DIRECTION('',(5.421010862427E-16,0.,-1.));
#7800=DIRECTION('',(1.,5.421010862428E-16,0.));
#7801=DIRECTION('',(-1.59309191113275E-46,2.938735877056E-31,1.));
#7802=DIRECTION('',(1.,0.,5.421010862427E-16));
#7803=DIRECTION('',(5.421010862427E-16,0.,-1.));
#7804=DIRECTION('',(-1.59309191113275E-46,2.938735877056E-31,1.));
#7805=DIRECTION('',(0.,1.,0.));
#7806=DIRECTION('',(-5.421010862428E-16,1.,-2.938735877056E-31));
#7807=DIRECTION('',(-1.,-5.421010862428E-16,0.));
#7808=DIRECTION('',(-5.421010862427E-16,0.,1.));
#7809=DIRECTION('',(-1.,-5.421010862428E-16,0.));
#7810=DIRECTION('',(-1.,0.,-5.421010862427E-16));
#7811=DIRECTION('',(-5.421010862427E-16,0.,1.));
#7812=DIRECTION('',(0.,-1.,0.));
#7813=DIRECTION('',(0.,0.,-1.));
#7814=DIRECTION('',(0.,1.,0.));
#7815=DIRECTION('',(0.,0.,1.));
#7816=DIRECTION('',(0.,1.,0.));
#7817=DIRECTION('',(0.,0.,1.));
#7818=DIRECTION('',(0.,1.,0.));
#7819=DIRECTION('',(0.,0.,1.));
#7820=DIRECTION('',(0.,1.,0.));
#7821=DIRECTION('',(0.,0.,1.));
#7822=DIRECTION('',(-1.,0.,1.282735893232E-16));
#7823=DIRECTION('',(1.282735893232E-16,0.,1.));
#7824=DIRECTION('',(-1.282735893232E-16,0.,1.));
#7825=DIRECTION('',(1.,0.,1.282735893232E-16));
#7826=DIRECTION('',(1.,6.953725210842E-32,3.76962199023139E-47));
#7827=DIRECTION('',(0.,1.,0.));
#7828=DIRECTION('',(1.,0.,1.282735893232E-16));
#7829=DIRECTION('',(6.953725210842E-32,-1.,-5.421010862428E-16));
#7830=DIRECTION('',(0.,5.421010862428E-16,-1.));
#7831=DIRECTION('',(-1.282735893232E-16,0.,1.));
#7832=DIRECTION('',(0.,5.421010862428E-16,-1.));
#7833=DIRECTION('',(1.,6.953725210842E-32,3.76962199023139E-47));
#7834=DIRECTION('',(-6.953725210842E-32,1.,5.421010862428E-16));
#7835=DIRECTION('',(0.,-5.421010862428E-16,1.));
#7836=DIRECTION('',(-1.282735893232E-16,0.,1.));
#7837=DIRECTION('',(-1.,0.,-1.282735893232E-16));
#7838=DIRECTION('',(0.,-5.421010862428E-16,1.));
#7839=DIRECTION('',(1.282735893232E-16,0.,-1.));
#7840=DIRECTION('',(-1.,0.,-1.282735893232E-16));
#7841=DIRECTION('',(0.,-1.,0.));
#7842=DIRECTION('',(0.,1.,0.));
#7843=DIRECTION('',(0.,-1.,0.));
#7844=DIRECTION('',(0.,0.,-1.));
#7845=DIRECTION('',(1.,0.,0.));
#7846=DIRECTION('',(0.,-1.,0.));
#7847=DIRECTION('',(0.,0.,-1.));
#7848=DIRECTION('',(0.,1.,0.));
#7849=DIRECTION('',(0.,0.,1.));
#7850=DIRECTION('',(1.,0.,0.));
#7851=DIRECTION('',(0.,-1.,0.));
#7852=DIRECTION('',(0.,0.,-1.));
#7853=DIRECTION('',(0.,-1.,0.));
#7854=DIRECTION('',(0.,0.,-1.));
#7855=DIRECTION('',(0.,-1.,0.));
#7856=DIRECTION('',(-5.421010862428E-16,-1.,2.938735877056E-31));
#7857=DIRECTION('',(1.,-5.421010862428E-16,0.));
#7858=DIRECTION('',(-5.421010862427E-16,0.,-1.));
#7859=DIRECTION('',(1.,-5.421010862428E-16,0.));
#7860=DIRECTION('',(1.59309191113275E-46,2.938735877056E-31,1.));
#7861=DIRECTION('',(1.,0.,-5.421010862427E-16));
#7862=DIRECTION('',(-5.421010862427E-16,0.,-1.));
#7863=DIRECTION('',(1.59309191113275E-46,2.938735877056E-31,1.));
#7864=DIRECTION('',(5.421010862428E-16,1.,-2.938735877056E-31));
#7865=DIRECTION('',(-1.,5.421010862428E-16,0.));
#7866=DIRECTION('',(5.421010862427E-16,0.,1.));
#7867=DIRECTION('',(-1.,5.421010862428E-16,0.));
#7868=DIRECTION('',(-1.,0.,5.421010862427E-16));
#7869=DIRECTION('',(5.421010862427E-16,0.,1.));
#7870=DIRECTION('',(0.,1.,0.));
#7871=DIRECTION('',(0.,-1.,0.));
#7872=DIRECTION('',(0.,0.,-1.));
#7873=DIRECTION('',(0.,-1.,0.));
#7874=DIRECTION('',(0.,0.,-1.));
#7875=DIRECTION('',(0.,1.,0.));
#7876=DIRECTION('',(0.,0.,1.));
#7877=DIRECTION('',(0.,-1.,0.));
#7878=DIRECTION('',(0.,0.,-1.));
#7879=DIRECTION('',(0.,-1.,0.));
#7880=DIRECTION('',(0.,0.,-1.));
#7881=DIRECTION('',(1.,0.,1.282735893232E-16));
#7882=DIRECTION('',(-1.282735893232E-16,0.,1.));
#7883=DIRECTION('',(-1.,0.,0.));
#7884=DIRECTION('',(0.,0.,1.));
#7885=DIRECTION('',(0.,0.,-1.));
#7886=DIRECTION('',(0.,1.,0.));
#7887=DIRECTION('',(0.,0.,1.));
#7888=DIRECTION('',(0.,1.,0.));
#7889=DIRECTION('',(0.,0.,1.));
#7890=DIRECTION('',(1.,0.,0.));
#7891=DIRECTION('',(0.,0.,1.));
#7892=DIRECTION('',(1.,0.,0.));
#7893=DIRECTION('',(0.,0.,-1.));
#7894=DIRECTION('',(0.,1.,0.));
#7895=DIRECTION('',(0.,0.,-1.));
#7896=DIRECTION('',(0.,-1.,0.));
#7897=DIRECTION('',(0.,0.,-1.));
#7898=DIRECTION('',(1.,0.,0.));
#7899=DIRECTION('',(0.,0.,1.));
#7900=DIRECTION('',(1.,0.,0.));
#7901=DIRECTION('',(-1.,0.,0.));
#7902=DIRECTION('',(0.,0.,1.));
#7903=DIRECTION('',(0.,0.,-1.));
#7904=DIRECTION('',(0.,1.,0.));
#7905=DIRECTION('',(0.,0.,1.));
#7906=DIRECTION('',(0.,1.,0.));
#7907=DIRECTION('',(0.,0.,1.));
#7908=DIRECTION('',(1.,0.,0.));
#7909=DIRECTION('',(0.,0.,1.));
#7910=DIRECTION('',(1.,0.,0.));
#7911=DIRECTION('',(0.,0.,-1.));
#7912=DIRECTION('',(0.,1.,0.));
#7913=DIRECTION('',(0.,0.,-1.));
#7914=DIRECTION('',(0.,-1.,0.));
#7915=DIRECTION('',(0.,0.,-1.));
#7916=DIRECTION('',(1.,0.,0.));
#7917=DIRECTION('',(0.,0.,1.));
#7918=DIRECTION('',(1.,0.,0.));
#7919=DIRECTION('',(-1.,0.,0.));
#7920=DIRECTION('',(0.,0.,1.));
#7921=DIRECTION('',(0.,0.,-1.));
#7922=DIRECTION('',(0.,1.,0.));
#7923=DIRECTION('',(0.,0.,1.));
#7924=DIRECTION('',(0.,1.,0.));
#7925=DIRECTION('',(0.,0.,1.));
#7926=DIRECTION('',(1.,0.,0.));
#7927=DIRECTION('',(0.,0.,1.));
#7928=DIRECTION('',(1.,0.,0.));
#7929=DIRECTION('',(0.,0.,-1.));
#7930=DIRECTION('',(0.,1.,0.));
#7931=DIRECTION('',(0.,0.,-1.));
#7932=DIRECTION('',(0.,-1.,0.));
#7933=DIRECTION('',(0.,0.,-1.));
#7934=DIRECTION('',(1.,0.,0.));
#7935=DIRECTION('',(0.,0.,1.));
#7936=DIRECTION('',(1.,0.,0.));
#7937=DIRECTION('',(0.,0.,1.));
#7938=DIRECTION('',(1.,0.,0.));
#7939=DIRECTION('',(0.986393923832198,0.,0.164398987305033));
#7940=DIRECTION('',(0.164398987305033,0.,-0.986393923832198));
#7941=DIRECTION('',(0.,1.,0.));
#7942=DIRECTION('',(0.986393923856439,-3.87167577002647E-10,0.164398987159588));
#7943=DIRECTION('',(0.164398987159588,0.,-0.986393923856439));
#7944=DIRECTION('',(0.986393923993407,-7.97035557768193E-11,0.16439898633778));
#7945=DIRECTION('',(0.16439898633778,0.,-0.986393923993407));
#7946=DIRECTION('',(0.986393923677629,-1.52966614163165E-10,0.164398988232445));
#7947=DIRECTION('',(0.164398988232445,0.,-0.986393923677629));
#7948=DIRECTION('',(0.98639392389232,1.35827140272761E-9,0.164398986944299));
#7949=DIRECTION('',(0.164398986944299,0.,-0.98639392389232));
#7950=DIRECTION('',(0.,1.,0.));
#7951=DIRECTION('',(0.164398987305033,0.,-0.986393923832198));
#7952=DIRECTION('',(0.164398987295014,4.14885203525275E-15,-0.986393923833868));
#7953=DIRECTION('',(0.,1.,0.));
#7954=DIRECTION('',(0.986393923886208,1.26126538025934E-9,0.164398986980971));
#7955=DIRECTION('',(0.164398986980971,0.,-0.986393923886208));
#7956=DIRECTION('',(0.986393923439885,-2.26991360019196E-10,0.164398989658913));
#7957=DIRECTION('',(0.164398989658913,0.,-0.986393923439885));
#7958=DIRECTION('',(0.986393924112901,-1.42147740378561E-10,0.164398985620812));
#7959=DIRECTION('',(0.164398985620812,0.,-0.986393924112901));
#7960=DIRECTION('',(0.986393923824923,4.69964210884206E-10,0.164398987348685));
#7961=DIRECTION('',(0.164398987348685,0.,-0.986393923824923));
#7962=DIRECTION('',(-2.38160215806651E-15,1.,1.4289612948428E-14));
#7963=DIRECTION('',(0.986393923832198,0.,0.164398987305033));
#7964=DIRECTION('',(0.164398987305033,0.,-0.986393923832198));
#7965=DIRECTION('',(-1.25720262617478E-15,1.,7.54321575706395E-15));
#7966=DIRECTION('',(0.164398987306953,3.19860371634951E-15,-0.986393923831878));
#7967=DIRECTION('',(-1.21214160013862E-15,1.,7.27284960084648E-15));
#7968=DIRECTION('',(0.98639392389232,1.35827140272761E-9,0.164398986944299));
#7969=DIRECTION('',(0.164398986944299,0.,-0.98639392389232));
#7970=DIRECTION('',(0.986393923677629,-1.52966614163165E-10,0.164398988232445));
#7971=DIRECTION('',(0.164398988232445,0.,-0.986393923677629));
#7972=DIRECTION('',(0.986393923993407,-7.97035557768193E-11,0.16439898633778));
#7973=DIRECTION('',(0.16439898633778,0.,-0.986393923993407));
#7974=DIRECTION('',(0.986393923856439,-3.87167577002647E-10,0.164398987159588));
#7975=DIRECTION('',(0.164398987159588,0.,-0.986393923856439));
#7976=DIRECTION('',(0.,1.,0.));
#7977=DIRECTION('',(0.164398987305033,0.,-0.986393923832198));
#7978=DIRECTION('',(0.,1.,0.));
#7979=DIRECTION('',(0.986393923824923,4.69964210884206E-10,0.164398987348685));
#7980=DIRECTION('',(0.164398987348685,0.,-0.986393923824923));
#7981=DIRECTION('',(0.986393924112901,-1.42147740378561E-10,0.164398985620812));
#7982=DIRECTION('',(0.164398985620812,0.,-0.986393924112901));
#7983=DIRECTION('',(0.986393923439885,-2.26991360019196E-10,0.164398989658913));
#7984=DIRECTION('',(0.164398989658913,0.,-0.986393923439885));
#7985=DIRECTION('',(0.986393923886208,1.26126538025934E-9,0.164398986980971));
#7986=DIRECTION('',(0.164398986980971,0.,-0.986393923886208));
#7987=DIRECTION('',(-0.164398987305033,-7.64726502750354E-15,0.986393923832198));
#7988=DIRECTION('',(0.986393923832198,-7.88860905221012E-31,0.164398987305033));
#7989=DIRECTION('',(0.986393923832198,-7.88860905221012E-31,0.164398987305033));
#7990=DIRECTION('',(0.986393923856439,-3.87167577002647E-10,0.164398987159588));
#7991=DIRECTION('',(0.164398987159588,0.,-0.986393923856439));
#7992=DIRECTION('',(0.986393923993407,-7.97035557768193E-11,0.16439898633778));
#7993=DIRECTION('',(0.16439898633778,0.,-0.986393923993407));
#7994=DIRECTION('',(0.986393923677629,-1.52966614163165E-10,0.164398988232445));
#7995=DIRECTION('',(0.164398988232445,0.,-0.986393923677629));
#7996=DIRECTION('',(0.98639392389232,1.35827140272761E-9,0.164398986944299));
#7997=DIRECTION('',(0.164398986944299,0.,-0.98639392389232));
#7998=DIRECTION('',(0.164398987305033,7.37316950675348E-15,-0.986393923832198));
#7999=DIRECTION('',(-0.986393923832198,0.,-0.164398987305033));
#8000=DIRECTION('',(-0.986393923886225,0.,-0.16439898698087));
#8001=DIRECTION('',(-5.258472117591E-16,1.,3.155083270554E-15));
#8002=DIRECTION('',(0.,-3.155083270554E-15,1.));
#8003=DIRECTION('',(0.164398987305033,0.,-0.986393923832198));
#8004=DIRECTION('',(-0.986393923832198,0.,-0.164398987305033));
#8005=DIRECTION('',(-0.986393923832198,0.,-0.164398987305033));
#8006=DIRECTION('',(-6.820670730759E-16,1.,4.092402438455E-15));
#8007=DIRECTION('',(0.,-4.092402438455E-15,1.));
#8008=DIRECTION('',(-0.986393923859196,0.,-0.164398987143044));
#8009=DIRECTION('',(-0.164398987305033,-1.44867203691929E-14,0.986393923832198));
#8010=DIRECTION('',(0.986393923832198,7.88860905221012E-31,0.164398987305033));
#8011=DIRECTION('',(0.986393923824923,4.69964210884206E-10,0.164398987348685));
#8012=DIRECTION('',(0.164398987348685,0.,-0.986393923824923));
#8013=DIRECTION('',(0.986393924112901,-1.42147740378561E-10,0.164398985620812));
#8014=DIRECTION('',(0.164398985620812,0.,-0.986393924112901));
#8015=DIRECTION('',(0.986393923439885,-2.26991360019196E-10,0.164398989658913));
#8016=DIRECTION('',(0.164398989658913,0.,-0.986393923439885));
#8017=DIRECTION('',(0.986393923886208,1.26126538025934E-9,0.164398986980971));
#8018=DIRECTION('',(0.164398986980971,0.,-0.986393923886208));
#8019=DIRECTION('',(0.,0.,1.));
#8020=DIRECTION('',(1.,0.,0.));
#8021=DIRECTION('',(-0.986393923886213,0.,-0.16439898698094));
#8022=DIRECTION('',(-0.986393923724005,0.,-0.164398987954191));
#8023=DIRECTION('',(1.416745380415E-15,-1.,-8.500472282493E-15));
#8024=DIRECTION('',(0.,8.500472282493E-15,-1.));
#8025=DIRECTION('',(-0.164398987331129,-8.61772571509607E-15,0.986393923827848));
#8026=DIRECTION('',(0.986393923886213,0.,0.16439898698094));
#8027=DIRECTION('',(0.164398987305033,1.57772181044203E-30,-0.986393923832198));
#8028=DIRECTION('',(-0.986393923886225,0.,-0.16439898698087));
#8029=DIRECTION('',(-0.986393923886225,0.,-0.16439898698087));
#8030=DIRECTION('',(-0.986393923697011,0.,-0.164398988116153));
#8031=DIRECTION('',(-0.98639392388619,0.,-0.164398986981081));
#8032=DIRECTION('',(-0.986393923886213,0.,-0.16439898698094));
#8033=DIRECTION('',(-0.986393923724017,0.,-0.164398987954121));
#8034=DIRECTION('',(0.,-1.,0.));
#8035=DIRECTION('',(0.,0.,-1.));
#8036=DIRECTION('',(-0.16439898730537,0.,0.986393923832142));
#8037=DIRECTION('',(0.98639392388619,0.,0.164398986981081));
#8038=DIRECTION('',(0.164398987305033,1.57772181044203E-30,-0.986393923832198));
#8039=DIRECTION('',(-0.986393923886178,0.,-0.164398986981151));
#8040=DIRECTION('',(-0.986393923697011,0.,-0.164398988116153));
#8041=DIRECTION('',(-0.986393923886178,0.,-0.164398986981151));
#8042=DIRECTION('',(-0.986393923724005,0.,-0.164398987954191));
#8043=DIRECTION('',(0.986393923832198,2.5275006363935E-14,0.164398987305033));
#8044=DIRECTION('',(0.164398987305033,1.57772181044203E-30,-0.986393923832198));
#8045=DIRECTION('',(0.986393923832198,2.5275006363935E-14,0.164398987305033));
#8046=DIRECTION('',(0.164398987305033,1.57772181044203E-30,-0.986393923832198));
#8047=DIRECTION('',(0.,0.,1.));
#8048=DIRECTION('',(1.,0.,0.));
#8049=DIRECTION('',(0.,-1.,0.));
#8050=DIRECTION('',(0.,0.,-1.));
#8051=DIRECTION('',(-0.164398987263407,0.,0.986393923839136));
#8052=DIRECTION('',(-0.986393923832198,0.,-0.164398987305033));
#8053=DIRECTION('',(-0.164398987305033,2.46519032881566E-32,0.986393923832198));
#8054=DIRECTION('',(-0.986393923886143,0.,-0.164398986981362));
#8055=DIRECTION('',(0.164398987305033,5.14600198226603E-15,-0.986393923832198));
#8056=DIRECTION('',(-0.986393923832198,0.,-0.164398987305033));
#8057=DIRECTION('',(-8.45997514554228E-16,1.,5.07598508733566E-15));
#8058=DIRECTION('',(-0.986393923859161,0.,-0.164398987143255));
#8059=DIRECTION('',(6.42942027459333E-16,1.,1.07157004576338E-16));
#8060=DIRECTION('',(1.042104504766E-15,-1.,-6.252627028599E-15));
#8061=DIRECTION('',(0.,6.252627028599E-15,-1.));
#8062=DIRECTION('',(-0.164398987329059,-6.33887423418956E-15,0.986393923828193));
#8063=DIRECTION('',(0.986393923832198,0.,0.164398987305033));
#8064=DIRECTION('',(-0.164398987305033,2.46519032881566E-32,0.986393923832198));
#8065=DIRECTION('',(-0.164398987305033,0.,0.986393923832198));
#8066=DIRECTION('',(0.986393923832198,0.,0.164398987305033));
#8067=DIRECTION('',(0.,1.,0.));
#8068=DIRECTION('',(-0.98639392388619,0.,-0.164398986981081));
#8069=DIRECTION('',(6.42942027459333E-16,1.,1.07157004576338E-16));
#8070=DIRECTION('',(0.,-1.,0.));
#8071=DIRECTION('',(0.,0.,-1.));
#8072=DIRECTION('',(-0.164398987305381,0.,0.98639392383214));
#8073=DIRECTION('',(-0.986393923832198,0.,-0.164398987305033));
#8074=DIRECTION('',(-0.164398987305033,2.46519032881566E-32,0.986393923832198));
#8075=DIRECTION('',(0.164398987305033,5.88167060017318E-15,-0.986393923832198));
#8076=DIRECTION('',(-0.986393923832198,0.,-0.164398987305033));
#8077=DIRECTION('',(-9.66940690330257E-16,1.,5.8016441419933E-15));
#8078=DIRECTION('',(-0.986393923886178,0.,-0.164398986981151));
#8079=DIRECTION('',(6.42942027459333E-16,1.,1.07157004576338E-16));
#8080=DIRECTION('',(5.476875112825E-16,-1.,-3.286125067695E-15));
#8081=DIRECTION('',(0.,3.286125067695E-15,-1.));
#8082=DIRECTION('',(-0.164398987285429,-3.33145307193914E-15,0.986393923835465));
#8083=DIRECTION('',(0.986393923832198,-2.9582283945788E-31,0.164398987305033));
#8084=DIRECTION('',(-0.164398987305033,2.46519032881566E-32,0.986393923832198));
#8085=DIRECTION('',(-0.164398987305033,-5.4493093838421E-15,0.986393923832198));
#8086=DIRECTION('',(0.986393923832198,-2.9582283945788E-31,0.164398987305033));
#8087=DIRECTION('',(-8.95860944215454E-16,1.,5.37516566530362E-15));
#8088=DIRECTION('',(-0.98639392388619,0.,-0.164398986981081));
#8089=DIRECTION('',(6.42942027459333E-16,1.,1.07157004576338E-16));
#8090=DIRECTION('',(0.,-1.,0.));
#8091=DIRECTION('',(0.,0.,-1.));
#8092=DIRECTION('',(-0.164398987346944,0.,0.986393923825213));
#8093=DIRECTION('',(-0.986393923832198,0.,-0.164398987305033));
#8094=DIRECTION('',(-0.164398987305033,2.46519032881566E-32,0.986393923832198));
#8095=DIRECTION('',(0.164398987305033,0.,-0.986393923832198));
#8096=DIRECTION('',(-0.986393923832198,0.,-0.164398987305033));
#8097=DIRECTION('',(0.,1.,0.));
#8098=DIRECTION('',(-0.986393923886225,0.,-0.16439898698087));
#8099=DIRECTION('',(6.42942027459333E-16,1.,1.07157004576338E-16));
#8100=DIRECTION('',(-5.258472117591E-16,1.,3.155083270554E-15));
#8101=DIRECTION('',(0.,-3.155083270554E-15,1.));
#8102=DIRECTION('',(0.164398987306953,3.19860371634951E-15,-0.986393923831878));
#8103=DIRECTION('',(0.986393923832198,-2.9582283945788E-31,0.164398987305033));
#8104=DIRECTION('',(-0.164398987305033,2.46519032881566E-32,0.986393923832198));
#8105=DIRECTION('',(-0.164398987305033,-3.91086367378378E-15,0.986393923832198));
#8106=DIRECTION('',(0.986393923832198,-2.9582283945788E-31,0.164398987305033));
#8107=DIRECTION('',(-6.42942027458095E-16,1.,3.8576521647564E-15));
#8108=DIRECTION('',(6.42942027459333E-16,1.,1.07157004576338E-16));
#8109=DIRECTION('',(-0.986393923832198,6.51810612297231E-16,-0.164398987305033));
#8110=DIRECTION('',(-0.164398987305033,2.46519032881566E-32,0.986393923832198));
#8111=DIRECTION('',(-0.986393923832198,6.51810612297231E-16,-0.164398987305033));
#8112=DIRECTION('',(-0.164398987305033,2.46519032881566E-32,0.986393923832198));
#8113=DIRECTION('',(0.,0.,1.));
#8114=DIRECTION('',(1.,0.,0.));
#8115=CARTESIAN_POINT('',(0.,0.,0.));
#8116=CARTESIAN_POINT('',(0.002081995712312,0.000387525073814,0.001514108488654));
#8117=CARTESIAN_POINT('',(0.00209816083563529,0.000387525073814,0.00141711774871405));
#8118=CARTESIAN_POINT('',(0.00209816083563529,0.000337343757379,0.00141711774871405));
#8119=CARTESIAN_POINT('',(0.00209766763867342,0.000365312760959814,0.00141703554922046));
#8120=CARTESIAN_POINT('',(0.00208899904919701,0.000367838814666264,0.00147208846771876));
#8121=CARTESIAN_POINT('',(0.00209532582713902,0.000404798052199,0.0014310864184255));
#8122=CARTESIAN_POINT('',(0.00208997379174411,0.000370774935428305,0.00146624001198213));
#8123=CARTESIAN_POINT('',(0.00208909524097694,0.000420134481465,0.00146846993539932));
#8124=CARTESIAN_POINT('',(0.00208924052547556,0.00037449502803053,0.00147063960955134));
#8125=CARTESIAN_POINT('',(0.00208316379132442,0.000404798052199,0.00150405863331449));
#8126=CARTESIAN_POINT('',(0.00209066499029728,0.000368554331993018,0.00146209282068157));
#8127=CARTESIAN_POINT('',(0.00208095018115182,0.000366352511668329,0.00151734029435142));
#8128=CARTESIAN_POINT('',(0.00208144337811351,0.000387525073814,0.00151742249384492));
#8129=CARTESIAN_POINT('',(0.00208144337811351,0.000337343757379,0.00151742249384492));
#8130=CARTESIAN_POINT('',(0.002081995712312,0.000337343757379,0.001514108488654));
#8131=CARTESIAN_POINT('',(0.002083366398534,0.000350470701072,0.001505884371323));
#8132=CARTESIAN_POINT('',(0.002083366398534,0.000350470701072,0.001505884371323));
#8133=CARTESIAN_POINT('',(0.00209625490873,0.000350470701072,0.001428553310148));
#8134=CARTESIAN_POINT('',(0.002083366398534,0.000365833124285,0.001505884371323));
#8135=CARTESIAN_POINT('',(0.00208287320157192,0.000365832592988987,0.0015058021718291));
#8136=CARTESIAN_POINT('',(0.00209054502317615,0.000368171330193178,0.00146281262353565));
#8137=CARTESIAN_POINT('',(0.00208444580493797,0.000395180291473,0.00149636655163249));
#8138=CARTESIAN_POINT('',(0.00208917006557237,0.000370318334527169,0.00147106236907269));
#8139=CARTESIAN_POINT('',(0.00208915506827891,0.000406331695125,0.00146811097158749));
#8140=CARTESIAN_POINT('',(0.00209008631393392,0.00036683125817343,0.00146556487848834));
#8141=CARTESIAN_POINT('',(0.00209401817325339,0.000395466224900007,0.00143893234174097));
#8142=CARTESIAN_POINT('',(0.00208940174939419,0.000367997360655241,0.00146967226618337));
#8143=CARTESIAN_POINT('',(0.00209576171176786,0.00036523475486325,0.00142847111065409));
#8144=CARTESIAN_POINT('',(0.00209625490873,0.000350470701072,0.001428553310148));
#8145=CARTESIAN_POINT('',(0.002081009318388,0.000387525073814,0.001513944089666));
#8146=CARTESIAN_POINT('',(0.00209717444171202,0.000365313245328,0.00141695334972684));
#8147=CARTESIAN_POINT('',(0.00209717444171202,0.000337343757379,0.00141695334972684));
#8148=CARTESIAN_POINT('',(0.00208045698419,0.000337343757379,0.001517258094858));
#8149=CARTESIAN_POINT('',(0.00208045698419003,0.000337343757379,0.00151725809485784));
#8150=CARTESIAN_POINT('',(0.00208045698419006,0.000337343757379,0.00151725809485767));
#8151=CARTESIAN_POINT('',(0.00208967859639081,0.000368554331992608,0.00146192842169732));
#8152=CARTESIAN_POINT('',(0.00208825413157432,0.000374495028030485,0.00147047521056843));
#8153=CARTESIAN_POINT('',(0.00208898739787993,0.000370774935428495,0.00146607561300632));
#8154=CARTESIAN_POINT('',(0.0020880126552009,0.000367838814664459,0.00147192406871929));
#8155=CARTESIAN_POINT('',(0.00208238000460984,0.000387525073814,0.00150571997233498));
#8156=CARTESIAN_POINT('',(0.00208238000460978,0.000350470701072,0.00150571997233529));
#8157=CARTESIAN_POINT('',(0.002081009318388,0.000350470701072,0.001513944089666));
#8158=CARTESIAN_POINT('',(0.00209526851480565,0.000350470701072,0.00142838891115994));
#8159=CARTESIAN_POINT('',(0.00209526851480565,0.000387525073814,0.00142838891115994));
#8160=CARTESIAN_POINT('',(0.00208841535539207,0.000367997360657887,0.00146950786718293));
#8161=CARTESIAN_POINT('',(0.00208909992009934,0.00036683125817315,0.00146540047951292));
#8162=CARTESIAN_POINT('',(0.00208818367167261,0.000370318334527187,0.00147089797008853));
#8163=CARTESIAN_POINT('',(0.00208955862926151,0.000368171330193353,0.00146264822454941));
#8164=CARTESIAN_POINT('',(0.002098160835635,0.000365313245328,0.001417117748714));
#8165=CARTESIAN_POINT('',(0.002098160835635,0.000337343757379,0.001417117748714));
#8166=CARTESIAN_POINT('',(0.00208850585217247,0.000367838814665361,0.00147200626821461));
#8167=CARTESIAN_POINT('',(0.00208948059479079,0.0003707749354284,0.00146615781249069));
#8168=CARTESIAN_POINT('',(0.00208874732853338,0.000374495028030508,0.00147055741006129));
#8169=CARTESIAN_POINT('',(0.00209017179334682,0.000368554331992813,0.00146201062118991));
#8170=CARTESIAN_POINT('',(0.002081443378114,0.000337343757379,0.001517422493845));
#8171=CARTESIAN_POINT('',(0.002081443378114,0.000337343757379,0.001517422493845));
#8172=CARTESIAN_POINT('',(0.002098160835635,0.000337343757379,0.001417117748714));
#8173=CARTESIAN_POINT('',(0.002083366398534,0.000365833124285,0.001505884371323));
#8174=CARTESIAN_POINT('',(0.002083366398534,0.000350470701072,0.001505884371323));
#8175=CARTESIAN_POINT('',(0.002083366398534,0.000350470701072,0.001505884371323));
#8176=CARTESIAN_POINT('',(0.00209625490873,0.000350470701072,0.001428553310148));
#8177=CARTESIAN_POINT('',(0.00209625490873,0.000350470701072,0.001428553310148));
#8178=CARTESIAN_POINT('',(0.00208890855242995,0.000367997360656564,0.00146959006668929));
#8179=CARTESIAN_POINT('',(0.00208959311704401,0.00036683125817329,0.00146548267900519));
#8180=CARTESIAN_POINT('',(0.00208867686861267,0.000370318334527178,0.00147098016957897));
#8181=CARTESIAN_POINT('',(0.00209005182620312,0.000368171330193265,0.00146273042403991));
#8182=CARTESIAN_POINT('',(0.,0.,0.));
#8183=CARTESIAN_POINT('',(0.002086221015514,0.000236513233444,0.001488756669444));
#8184=CARTESIAN_POINT('',(0.00208523462159006,0.000236513233444,0.00148859227045668));
#8185=CARTESIAN_POINT('',(0.00208523462159006,0.00024971815898,0.00148859227045668));
#8186=CARTESIAN_POINT('',(0.00208523462159003,0.000236513233444041,0.00148859227045682));
#8187=CARTESIAN_POINT('',(0.002086221015514,0.000236513233443989,0.001488756669444));
#8188=CARTESIAN_POINT('',(0.00208622101551436,0.000236513233443995,0.00148875666944406));
#8189=CARTESIAN_POINT('',(0.00208622101551436,0.000205681161981,0.00148875666944406));
#8190=CARTESIAN_POINT('',(0.00208622101551435,0.00024971815898,0.00148875666944406));
#8191=CARTESIAN_POINT('',(0.002086221015514,0.00024971815898,0.001488756669444));
#8192=CARTESIAN_POINT('',(0.002095212204324,0.00021667985119,0.001434809536582));
#8193=CARTESIAN_POINT('',(0.00208523462159001,0.000236513233444095,0.00148859227045697));
#8194=CARTESIAN_POINT('',(0.00209422605681154,0.000216679392374529,0.00143464365912726));
#8195=CARTESIAN_POINT('',(0.00209422581040001,0.000216679851190105,0.00143464513759496));
#8196=CARTESIAN_POINT('',(0.00209521219787145,0.000216679865424923,0.00143480957530134));
#8197=CARTESIAN_POINT('',(0.00208622101551436,0.000236513233444,0.00148875666944406));
#8198=CARTESIAN_POINT('',(0.002095212204324,0.00021667985119,0.001434809536582));
#8199=CARTESIAN_POINT('',(0.0020942258104,0.00021667985119,0.001434645137595));
#8200=CARTESIAN_POINT('',(0.002095630995438,0.000215900032753,0.001432296789899));
#8201=CARTESIAN_POINT('',(0.002094644601514,0.000215900032753,0.001432132390912));
#8202=CARTESIAN_POINT('',(0.00209595577222,0.000215380153794,0.001430348129207));
#8203=CARTESIAN_POINT('',(0.002094969378296,0.000215380153794,0.00143018373022));
#8204=CARTESIAN_POINT('',(0.002096177987913,0.000215120214315,0.001429014835048));
#8205=CARTESIAN_POINT('',(0.002095191593989,0.000215120214315,0.001428850436061));
#8206=CARTESIAN_POINT('',(0.00209422630317788,0.000216678933643111,0.00143464218093077));
#8207=CARTESIAN_POINT('',(0.00209454478099125,0.000216085956254967,0.00143273131405055));
#8208=CARTESIAN_POINT('',(0.00209486440511476,0.000215502953618945,0.00143081356930954));
#8209=CARTESIAN_POINT('',(0.00209519158398786,0.000215120226014641,0.00142885049607096));
#8210=CARTESIAN_POINT('',(0.0020951915939893,0.000215120139067142,0.00142885043606072));
#8211=CARTESIAN_POINT('',(0.002096177987913,0.000215120214315,0.001429014835048));
#8212=CARTESIAN_POINT('',(0.00209617798291283,0.000215120220164832,0.00142901486505311));
#8213=CARTESIAN_POINT('',(0.00209832633385978,0.000276186264740627,0.00141612475937078));
#8214=CARTESIAN_POINT('',(0.002096177987913,0.000214782292992,0.001429014835048));
#8215=CARTESIAN_POINT('',(0.00209519159398906,0.000214782292992,0.00142885043606068));
#8216=CARTESIAN_POINT('',(0.00209519159398901,0.000214782292992753,0.00142885043606093));
#8217=CARTESIAN_POINT('',(0.00209617798791296,0.000214782292992767,0.0014290148350482));
#8218=CARTESIAN_POINT('',(0.00209617798791365,0.000214782292992384,0.00142901483504816));
#8219=CARTESIAN_POINT('',(0.00209617798791366,0.000205681161981,0.00142901483504811));
#8220=CARTESIAN_POINT('',(0.002095195110809,0.000213222656118,0.001434912097671));
#8221=CARTESIAN_POINT('',(0.00209519159398897,0.000214782292992687,0.00142885043606118));
#8222=CARTESIAN_POINT('',(0.00209420871688544,0.000213222656118399,0.00143474769868134));
#8223=CARTESIAN_POINT('',(0.00209519511080902,0.000213222656117621,0.00143491209767087));
#8224=CARTESIAN_POINT('',(0.00209519511080983,0.000213222656117907,0.0014349120976711));
#8225=CARTESIAN_POINT('',(0.00209617798791366,0.000214782292992,0.00142901483504811));
#8226=CARTESIAN_POINT('',(0.002086221015514,0.000194247074145,0.001488756669444));
#8227=CARTESIAN_POINT('',(0.00209420871688503,0.000213222656117519,0.00143474769868383));
#8228=CARTESIAN_POINT('',(0.00208523462159006,0.000194247074145,0.00148859227045668));
#8229=CARTESIAN_POINT('',(0.002086221015514,0.000194247074145,0.001488756669444));
#8230=CARTESIAN_POINT('',(0.00208622101551436,0.000194247074145,0.00148875666944406));
#8231=CARTESIAN_POINT('',(0.00209519511080983,0.000213222656118,0.00143491209767114));
#8232=CARTESIAN_POINT('',(0.002086221015514,0.000180002390691,0.001488756669444));
#8233=CARTESIAN_POINT('',(0.00208523462159006,0.000180002390691,0.00148859227045668));
#8234=CARTESIAN_POINT('',(0.00208523462159001,0.000180002390691884,0.00148859227045699));
#8235=CARTESIAN_POINT('',(0.00208622101551394,0.000180002390691873,0.00148875666944434));
#8236=CARTESIAN_POINT('',(0.00208622101551435,0.000180002390691436,0.00148875666944414));
#8237=CARTESIAN_POINT('',(0.00208622101551436,0.000205681161981,0.00148875666944406));
#8238=CARTESIAN_POINT('',(0.002098135195363,0.000208491757599,0.001417271590348));
#8239=CARTESIAN_POINT('',(0.00208523462158995,0.000180002390691761,0.00148859227045729));
#8240=CARTESIAN_POINT('',(0.00209714880143887,0.000208491757598558,0.00141710719136075));
#8241=CARTESIAN_POINT('',(0.00209813519536297,0.000208491757598587,0.00141727159034817));
#8242=CARTESIAN_POINT('',(0.00209813519536364,0.000208491757598868,0.00141727159034822));
#8243=CARTESIAN_POINT('',(0.00208622101551436,0.000180002390691,0.00148875666944406));
#8244=CARTESIAN_POINT('',(0.002100306071749,0.000202903058798,0.001404246332033));
#8245=CARTESIAN_POINT('',(0.00209714880143895,0.00020849175759835,0.00141710719136027));
#8246=CARTESIAN_POINT('',(0.00209981281404961,0.000202903215160648,0.00140416449696455));
#8247=CARTESIAN_POINT('',(0.00209813519536366,0.000208491757599,0.00141727159034811));
#8248=CARTESIAN_POINT('',(0.0020992127637194,0.000189186908095665,0.00140776479894475));
#8249=CARTESIAN_POINT('',(0.00209871956675281,0.000189186908095992,0.00140768259945087));
#8250=CARTESIAN_POINT('',(0.00210150102419711,0.000189854831852173,0.00139403523608102));
#8251=CARTESIAN_POINT('',(0.00209970596069657,0.000189186908095338,0.00140784699844039));
#8252=CARTESIAN_POINT('',(0.00209829385800324,0.000190054514516551,0.00141327823326149));
#8253=CARTESIAN_POINT('',(0.00210076408233252,0.000182627817885531,0.00139541550600289));
#8254=CARTESIAN_POINT('',(0.00210092646663533,0.000185123220107158,0.00139444120018603));
#8255=CARTESIAN_POINT('',(0.002101003389038,0.000187514653654337,0.00139397966577));
#8256=CARTESIAN_POINT('',(0.002101003389038,0.000189854096948,0.00139397966577));
#8257=CARTESIAN_POINT('',(0.0021007641462538,0.00018262777943,0.00139541541816506));
#8258=CARTESIAN_POINT('',(0.002101750473754,0.00018262777943,0.001395579920005));
#8259=CARTESIAN_POINT('',(0.00210142169176257,0.00018262777943,0.00139552512300654));
#8260=CARTESIAN_POINT('',(0.00210109290977114,0.00018262777943,0.00139547032600808));
#8261=CARTESIAN_POINT('',(0.00210076412777971,0.00018262777943,0.00139541552900962));
#8262=CARTESIAN_POINT('',(0.00210175049841117,0.000182627874443815,0.00139557977206301));
#8263=CARTESIAN_POINT('',(0.00210198978296217,0.000189854096948,0.00139414406475703));
#8264=CARTESIAN_POINT('',(0.00210198978296217,0.000187514683346098,0.00139414406475703));
#8265=CARTESIAN_POINT('',(0.0021019128646814,0.000185123283449481,0.00139460557444165));
#8266=CARTESIAN_POINT('',(0.00210175048243953,0.000182627912899016,0.00139557986789282));
#8267=CARTESIAN_POINT('',(0.002103613666872,0.00018262777943,0.001384400761294));
#8268=CARTESIAN_POINT('',(0.00210076407983,0.00018262777943,0.001395415521018));
#8269=CARTESIAN_POINT('',(0.0021031204465537,0.000182627868934669,0.0013843187019394));
#8270=CARTESIAN_POINT('',(0.00210282950187901,0.00018262777943,0.001389105751256));
#8271=CARTESIAN_POINT('',(0.00209848510999776,0.000190274789368661,0.00141213072114851));
#8272=CARTESIAN_POINT('',(0.00209799191303841,0.000190274789368662,0.00141204852165495));
#8273=CARTESIAN_POINT('',(0.0021032913648387,0.000190825561138684,0.00138329319223184));
#8274=CARTESIAN_POINT('',(0.00209897830696172,0.00019027478936866,0.00141221292064283));
#8275=CARTESIAN_POINT('',(0.002103784602021,0.000190841866969,0.001383375150403));
#8276=CARTESIAN_POINT('',(0.002102798208097,0.000190841866969,0.001383210751415));
#8277=CARTESIAN_POINT('',(0.002103784602021,0.000201993270621,0.001383375150403));
#8278=CARTESIAN_POINT('',(0.002102798208097,0.000201993270621,0.001383210751415));
#8279=CARTESIAN_POINT('',(0.002102511135164,0.000210623261327,0.00139101595154));
#8280=CARTESIAN_POINT('',(0.002101524741241,0.000210623261327,0.001390851552553));
#8281=CARTESIAN_POINT('',(0.002099964201452,0.000216757833033,0.001406297553815));
#8282=CARTESIAN_POINT('',(0.002098977807528,0.000216757833033,0.001406133154828));
#8283=CARTESIAN_POINT('',(0.00209897780752833,0.000216757833033,0.00140613315482805));
#8284=CARTESIAN_POINT('',(0.00210152474124084,0.000210623261327,0.00139085155255297));
#8285=CARTESIAN_POINT('',(0.00210279820809716,0.000201993270621,0.00138321075141503));
#8286=CARTESIAN_POINT('',(0.00210279820809716,0.000190841866969,0.00138321075141503));
#8287=CARTESIAN_POINT('',(0.00209897780009345,0.000216757850863399,0.00140613319943529));
#8288=CARTESIAN_POINT('',(0.002099964201452,0.000216757833032971,0.00140629755381501));
#8289=CARTESIAN_POINT('',(0.00209996420145249,0.000216757833032993,0.00140629755381508));
#8290=CARTESIAN_POINT('',(0.00210378460202116,0.000190841866969,0.00138337515040303));
#8291=CARTESIAN_POINT('',(0.00210378460202116,0.000201993270621,0.00138337515040303));
#8292=CARTESIAN_POINT('',(0.00210251113516497,0.000210623261327,0.00139101595154016));
#8293=CARTESIAN_POINT('',(0.00209996420145249,0.000216757833033,0.00140629755381508));
#8294=CARTESIAN_POINT('',(0.002086221015514,0.00024971815898,0.001488756669444));
#8295=CARTESIAN_POINT('',(0.00209897780752801,0.000216757833033083,0.00140613315482797));
#8296=CARTESIAN_POINT('',(0.00209996420145249,0.000216757833033,0.00140629755381508));
#8297=CARTESIAN_POINT('',(0.002102829501879,0.000205681161981,0.001389105751256));
#8298=CARTESIAN_POINT('',(0.002101843107955,0.000205681161981,0.001388941352268));
#8299=CARTESIAN_POINT('',(0.,0.,0.));
#8300=CARTESIAN_POINT('',(0.00209625490873,3.651579824E-5,0.001428553310148));
#8301=CARTESIAN_POINT('',(0.002097174441712,3.651579824E-5,0.001416953349727));
#8302=CARTESIAN_POINT('',(0.00209717444171201,3.651579824E-5,0.00141695334972692));
#8303=CARTESIAN_POINT('',(0.00209526851480589,3.651579824E-5,0.00142838891116065));
#8304=CARTESIAN_POINT('',(0.00209625490873,3.651579824E-5,0.001428553310148));
#8305=CARTESIAN_POINT('',(0.00209625490873051,3.651579824E-5,0.00142855331014808));
#8306=CARTESIAN_POINT('',(0.002271256664194,3.651579824E-5,0.000378542777365));
#8307=CARTESIAN_POINT('',(0.00209816083563616,3.651579824E-5,0.00141711774871419));
#8308=CARTESIAN_POINT('',(0.002098160835635,3.651579824E-5,0.001417117748714));
#8309=CARTESIAN_POINT('',(0.00209625490873,-5.048524464E-6,0.001428553310148));
#8310=CARTESIAN_POINT('',(0.00209526851480589,-5.048524464E-6,0.00142838891116065));
#8311=CARTESIAN_POINT('',(0.00209526851480595,-5.04852446399989E-6,0.00142838891116032));
#8312=CARTESIAN_POINT('',(0.00209625490873,-5.04852446399989E-6,0.001428553310148));
#8313=CARTESIAN_POINT('',(0.00209625490873051,-5.04852446399994E-6,0.00142855331014808));
#8314=CARTESIAN_POINT('',(0.00209625490873051,-1.500198064062E-18,0.00142855331014808));
#8315=CARTESIAN_POINT('',(0.002090631142345,-5.048524464E-6,0.001462295908459));
#8316=CARTESIAN_POINT('',(0.002095268514806,-5.04852446399989E-6,0.00142838891116));
#8317=CARTESIAN_POINT('',(0.0020896447484209,-5.048524464E-6,0.00146213150947165));
#8318=CARTESIAN_POINT('',(0.002090631142345,-5.048524464E-6,0.001462295908459));
#8319=CARTESIAN_POINT('',(0.00209063114234536,-5.048524464E-6,0.00146229590845906));
#8320=CARTESIAN_POINT('',(0.002271256664194,-5.048524464E-6,0.000378542777365));
#8321=CARTESIAN_POINT('',(0.002090631142345,3.1317008658E-5,0.001462295908459));
#8322=CARTESIAN_POINT('',(0.0020896447484209,3.1317008658E-5,0.00146213150947165));
#8323=CARTESIAN_POINT('',(0.00208964474842094,3.13170086580001E-5,0.00146213150947132));
#8324=CARTESIAN_POINT('',(0.002090631142345,3.13170086580001E-5,0.001462295908459));
#8325=CARTESIAN_POINT('',(0.00209063114234536,3.1317008658E-5,0.00146229590845906));
#8326=CARTESIAN_POINT('',(0.00209063114234536,-1.500198064062E-18,0.00146229590845906));
#8327=CARTESIAN_POINT('',(0.002088716668682,3.1317008658E-5,0.001473782750437));
#8328=CARTESIAN_POINT('',(0.002089644748421,3.13170086580001E-5,0.001462131509471));
#8329=CARTESIAN_POINT('',(0.00208773027475789,3.1317008658E-5,0.00147361835144965));
#8330=CARTESIAN_POINT('',(0.002088716668682,3.1317008658E-5,0.001473782750437));
#8331=CARTESIAN_POINT('',(0.00208871666868236,3.1317008658E-5,0.00147378275043706));
#8332=CARTESIAN_POINT('',(0.002271256664194,3.1317008658E-5,0.000378542777365));
#8333=CARTESIAN_POINT('',(0.002088716668682,-5.048524464E-6,0.001473782750437));
#8334=CARTESIAN_POINT('',(0.00208773027475789,-5.048524464E-6,0.00147361835144965));
#8335=CARTESIAN_POINT('',(0.00208773027475795,-5.04852446399989E-6,0.00147361835144932));
#8336=CARTESIAN_POINT('',(0.002088716668682,-5.04852446399989E-6,0.001473782750437));
#8337=CARTESIAN_POINT('',(0.00208871666868236,-5.04852446399992E-6,0.00147378275043706));
#8338=CARTESIAN_POINT('',(0.00208871666868236,-1.500198064062E-18,0.00147378275043706));
#8339=CARTESIAN_POINT('',(0.002083366398534,-5.048524464E-6,0.001505884371323));
#8340=CARTESIAN_POINT('',(0.002087730274758,-5.04852446399989E-6,0.001473618351449));
#8341=CARTESIAN_POINT('',(0.00208238000460989,-5.048524464E-6,0.00150571997233565));
#8342=CARTESIAN_POINT('',(0.002083366398534,-5.048524464E-6,0.001505884371323));
#8343=CARTESIAN_POINT('',(0.00208336639853469,-5.048524464E-6,0.00150588437132311));
#8344=CARTESIAN_POINT('',(0.002271256664194,-5.048524464E-6,0.000378542777365));
#8345=CARTESIAN_POINT('',(0.002083366398534,3.4202336876E-5,0.001505884371323));
#8346=CARTESIAN_POINT('',(0.00208238000460989,3.4202336876E-5,0.00150571997233565));
#8347=CARTESIAN_POINT('',(0.00208238000460994,3.4202336876E-5,0.00150571997233533));
#8348=CARTESIAN_POINT('',(0.002083366398534,3.4202336876E-5,0.001505884371323));
#8349=CARTESIAN_POINT('',(0.00208336639853469,3.4202336876E-5,0.00150588437132311));
#8350=CARTESIAN_POINT('',(0.00208336639853469,-1.500198064062E-18,0.00150588437132311));
#8351=CARTESIAN_POINT('',(0.002081443378114,3.4202336876E-5,0.001517422493845));
#8352=CARTESIAN_POINT('',(0.00208238000461,3.4202336876E-5,0.001505719972335));
#8353=CARTESIAN_POINT('',(0.00208045698419006,3.4202336876E-5,0.00151725809485767));
#8354=CARTESIAN_POINT('',(0.002081443378114,3.4202336876E-5,0.001517422493845));
#8355=CARTESIAN_POINT('',(0.00208144337811437,3.4202336876E-5,0.00151742249384506));
#8356=CARTESIAN_POINT('',(0.002271256664194,3.4202336876E-5,0.000378542777365));
#8357=CARTESIAN_POINT('',(0.002081443378114,-1.8175468158E-5,0.001517422493845));
#8358=CARTESIAN_POINT('',(0.00208045698419006,-1.8175468158E-5,0.00151725809485767));
#8359=CARTESIAN_POINT('',(0.00208045698419003,-1.81754681580003E-5,0.00151725809485784));
#8360=CARTESIAN_POINT('',(0.002081443378114,-1.81754681580003E-5,0.001517422493845));
#8361=CARTESIAN_POINT('',(0.00208144337811437,-1.81754681580001E-5,0.00151742249384506));
#8362=CARTESIAN_POINT('',(0.00208144337811437,-1.500198064062E-18,0.00151742249384506));
#8363=CARTESIAN_POINT('',(0.002098160835635,-1.8175468158E-5,0.001417117748714));
#8364=CARTESIAN_POINT('',(0.00208045698419,-1.81754681580003E-5,0.001517258094858));
#8365=CARTESIAN_POINT('',(0.00209717444171202,-1.8175468158E-5,0.00141695334972684));
#8366=CARTESIAN_POINT('',(0.002098160835635,-1.8175468158E-5,0.001417117748714));
#8367=CARTESIAN_POINT('',(0.00209816083563615,-1.8175468158E-5,0.00141711774871419));
#8368=CARTESIAN_POINT('',(0.002271256664194,-1.8175468158E-5,0.000378542777365));
#8369=CARTESIAN_POINT('',(0.002098160835635,3.651579824E-5,0.001417117748714));
#8370=CARTESIAN_POINT('',(0.00209717444171202,3.651579824E-5,0.00141695334972684));
#8371=CARTESIAN_POINT('',(0.00209816083563616,-1.500198064062E-18,0.00141711774871419));
#8372=CARTESIAN_POINT('',(0.002271256664194,-1.500198064062E-18,0.000378542777365));
#8373=CARTESIAN_POINT('',(0.00227027027027,-1.500198064062E-18,0.000378378378378));
#8374=CARTESIAN_POINT('',(0.,0.,0.));
#8375=CARTESIAN_POINT('',(0.002071921172728,-0.000122061546349,0.001574555726156));
#8376=CARTESIAN_POINT('',(0.00208157849665382,-0.000101456233305,0.00151661178260097));
#8377=CARTESIAN_POINT('',(0.002074446936393,-0.000102179215859,0.001559401144166));
#8378=CARTESIAN_POINT('',(0.00206814738613068,-0.000131821969403,0.00159719844573994));
#8379=CARTESIAN_POINT('',(0.00206600791759885,-0.0001730325817,0.00161003525693097));
#8380=CARTESIAN_POINT('',(0.00208157849665391,-0.000101456233305,0.00151661178260099));
#8381=CARTESIAN_POINT('',(0.00206600791443302,-0.000173032588760897,0.00161003527592597));
#8382=CARTESIAN_POINT('',(0.00206600791126719,-0.000173032595821794,0.00161003529492097));
#8383=CARTESIAN_POINT('',(0.00206241283056126,-0.000181050867363627,0.00163160577915656));
#8384=CARTESIAN_POINT('',(0.00205920577467106,-0.000194903579116905,0.00165084811449781));
#8385=CARTESIAN_POINT('',(0.00205661854074096,-0.000212070816406341,0.00166637151807843));
#8386=CARTESIAN_POINT('',(0.00205661854074941,-0.000212070816449164,0.00166637151802814));
#8387=CARTESIAN_POINT('',(0.00205661802383887,-0.000212074246338,0.00166637461949098));
#8388=CARTESIAN_POINT('',(0.00205269566283323,-0.000239547997063,0.00168990878552487));
#8389=CARTESIAN_POINT('',(0.00205043733400988,-0.000274251683641,0.00170345875846498));
#8390=CARTESIAN_POINT('',(0.00205043733400988,-0.000310401362905,0.00170345875846498));
#8391=CARTESIAN_POINT('',(0.00205043733400988,-0.000310401362905,0.00170345875846498));
#8392=CARTESIAN_POINT('',(0.00205043733400988,-0.000310401362905,0.00170345875846498));
#8393=CARTESIAN_POINT('',(0.00205043733400988,-0.0003422130779,0.00170345875846498));
#8394=CARTESIAN_POINT('',(0.00205210136576704,-0.000371855817654,0.00169347456792201));
#8395=CARTESIAN_POINT('',(0.00205507285124003,-0.00039716059314,0.001675645655084));
#8396=CARTESIAN_POINT('',(0.00205507285124003,-0.00039716059314,0.001675645655084));
#8397=CARTESIAN_POINT('',(0.00205507285124003,-0.00039716059314,0.001675645655084));
#8398=CARTESIAN_POINT('',(0.00205649916453903,-0.000409451489605,0.00166708777529));
#8399=CARTESIAN_POINT('',(0.00205828205573771,-0.000419573397041,0.00165639042809795));
#8400=CARTESIAN_POINT('',(0.00206030266553622,-0.000428972308134,0.00164426676930687));
#8401=CARTESIAN_POINT('',(0.00206030265963294,-0.000428972595397229,0.00164426680472652));
#8402=CARTESIAN_POINT('',(0.00206030266553622,-0.000428972308134,0.00164426676930687));
#8403=CARTESIAN_POINT('',(0.00206018380566954,-0.0004347562513,0.00164497992850692));
#8404=CARTESIAN_POINT('',(0.00206006494693654,-0.000439817211913,0.00164569308090493));
#8405=CARTESIAN_POINT('',(0.00206006494693654,-0.00044560115508,0.00164569308090493));
#8406=CARTESIAN_POINT('',(0.00206006494693654,-0.00044560115508,0.00164569308090493));
#8407=CARTESIAN_POINT('',(0.00206006494693654,-0.00044560115508,0.00164569308090493));
#8408=CARTESIAN_POINT('',(0.00206006494693654,-0.000476689880626,0.00164569308090493));
#8409=CARTESIAN_POINT('',(0.00206208555673486,-0.000506332613486,0.00163356942211497));
#8410=CARTESIAN_POINT('',(0.0020657701989992,-0.000528745417388,0.00161146156852886));
#8411=CARTESIAN_POINT('',(0.0020657701989992,-0.000528745417388,0.00161146156852886));
#8412=CARTESIAN_POINT('',(0.0020657701989992,-0.000528745417388,0.00161146156852886));
#8413=CARTESIAN_POINT('',(0.00206933598026303,-0.000550435243908,0.00159006688094584));
#8414=CARTESIAN_POINT('',(0.00207420921665968,-0.000562726135202,0.00156082746256595));
#8415=CARTESIAN_POINT('',(0.0020793201705225,-0.000562726135202,0.00153016173938892));
#8416=CARTESIAN_POINT('',(0.0020793201705225,-0.000562726135202,0.00153016173938892));
#8417=CARTESIAN_POINT('',(0.0020793201705225,-0.000562726135202,0.00153016173938892));
#8418=CARTESIAN_POINT('',(0.00208407454705249,-0.000562726135202,0.00150163548020891));
#8419=CARTESIAN_POINT('',(0.00208871006598297,-0.000551881231423,0.00147382236662599));
#8420=CARTESIAN_POINT('',(0.00209227584384632,-0.000532360405999,0.00145242769944589));
#8421=CARTESIAN_POINT('',(0.00209227584384632,-0.000532360405999,0.00145242769944589));
#8422=CARTESIAN_POINT('',(0.00209227584384632,-0.000532360405999,0.00145242769944589));
#8423=CARTESIAN_POINT('',(0.00209512847157795,-0.000516454548502,0.00143531193305599));
#8424=CARTESIAN_POINT('',(0.00209703022037614,-0.000496933716183,0.00142390144026686));
#8425=CARTESIAN_POINT('',(0.00209798109477547,-0.000474520919176,0.00141819619387091));
#8426=CARTESIAN_POINT('',(0.00209798114116018,-0.000474520827476803,0.00141819591556257));
#8427=CARTESIAN_POINT('',(0.00209798109477547,-0.000474520919176,0.00141819619387091));
#8428=CARTESIAN_POINT('',(0.00210273547130545,-0.000465122001189,0.00138966993469091));
#8429=CARTESIAN_POINT('',(0.00210606353396945,-0.000437648250464,0.00136970155870691));
#8430=CARTESIAN_POINT('',(0.00210606353396945,-0.000405836521679,0.00136970155870691));
#8431=CARTESIAN_POINT('',(0.00210606353396945,-0.000405836521679,0.00136970155870691));
#8432=CARTESIAN_POINT('',(0.00210606353396945,-0.000405836521679,0.00136970155870691));
#8433=CARTESIAN_POINT('',(0.00210606353396945,-0.000366071874488,0.00136970155870691));
#8434=CARTESIAN_POINT('',(0.0021007148603733,-0.000333537163149,0.00140179360028388));
#8435=CARTESIAN_POINT('',(0.00209417759264463,-0.000333537163149,0.00144101720665594));
#8436=CARTESIAN_POINT('',(0.00209417758465315,-0.0003335371631495,0.00144101725460483));
#8437=CARTESIAN_POINT('',(0.002071921172728,-0.000333537163149,0.001574555726156));
#8438=CARTESIAN_POINT('',(0.00209298899851216,-0.000333537163149446,0.00144814877145076));
#8439=CARTESIAN_POINT('',(0.00209298899851215,-0.000333537163149,0.00144814877145086));
#8440=CARTESIAN_POINT('',(0.002084193402385,-0.00023231806121,0.00150092234821383));
#8441=CARTESIAN_POINT('',(0.002084193402385,-0.00023231806121,0.00150092234821383));
#8442=CARTESIAN_POINT('',(0.00207789385212266,-0.000254730851322,0.00153871964978795));
#8443=CARTESIAN_POINT('',(0.00207789385212266,-0.000254730851322,0.00153871964978795));
#8444=CARTESIAN_POINT('',(0.00208621400759222,-0.000351612007020986,0.00148879871697048));
#8445=CARTESIAN_POINT('',(0.00208621401105016,-0.000351611988992,0.00148879869622286));
#8446=CARTESIAN_POINT('',(0.00208371796291849,-0.000364625868012,0.00150377498501292));
#8447=CARTESIAN_POINT('',(0.00208217279145298,-0.00038414670033,0.001513046013806));
#8448=CARTESIAN_POINT('',(0.00208217279145298,-0.000405836507889,0.001513046013806));
#8449=CARTESIAN_POINT('',(0.00208217279145298,-0.000405836507889,0.001513046013806));
#8450=CARTESIAN_POINT('',(0.00208217279145298,-0.000405836507889,0.001513046013806));
#8451=CARTESIAN_POINT('',(0.00208217279145298,-0.00043692524033,0.001513046013806));
#8452=CARTESIAN_POINT('',(0.00208550085411717,-0.000463675994712,0.00149307763782086));
#8453=CARTESIAN_POINT('',(0.00209001751318081,-0.000473797902148,0.00146597768343897));
#8454=CARTESIAN_POINT('',(0.00209001749604382,-0.000473798130171444,0.0014659777862609));
#8455=CARTESIAN_POINT('',(0.00209001751318081,-0.000473797902148,0.00146597768343897));
#8456=CARTESIAN_POINT('',(0.00208811576211549,-0.000499102677633,0.00147738818983091));
#8457=CARTESIAN_POINT('',(0.00208395568265182,-0.000517177517265,0.00150234866661297));
#8458=CARTESIAN_POINT('',(0.00207908244625517,-0.000517177517265,0.00153158808499287));
#8459=CARTESIAN_POINT('',(0.00207908244625517,-0.000517177517265,0.00153158808499287));
#8460=CARTESIAN_POINT('',(0.00207908244625517,-0.000517177517265,0.00153158808499287));
#8461=CARTESIAN_POINT('',(0.00207254517852635,-0.000517177517265,0.00157081169136589));
#8462=CARTESIAN_POINT('',(0.0020671965049302,-0.000484642805927,0.00160290373294286));
#8463=CARTESIAN_POINT('',(0.0020671965049302,-0.000444878158737,0.00160290373294286));
#8464=CARTESIAN_POINT('',(0.0020671965049302,-0.000444878158737,0.00160290373294286));
#8465=CARTESIAN_POINT('',(0.0020671965049302,-0.000444878158737,0.00160290373294286));
#8466=CARTESIAN_POINT('',(0.0020671965049302,-0.000431141283374,0.00160290373294286));
#8467=CARTESIAN_POINT('',(0.00206790966186304,-0.000417404408011,0.00159862479134584));
#8468=CARTESIAN_POINT('',(0.002068979396129,-0.000406559504232,0.00159220638575));
#8469=CARTESIAN_POINT('',(0.00206897935626594,-0.000406559421962167,0.00159220662492845));
#8470=CARTESIAN_POINT('',(0.002068979396129,-0.000406559504232,0.00159220638575));
#8471=CARTESIAN_POINT('',(0.00206232327533469,-0.00039282264266,0.00163214311051595));
#8472=CARTESIAN_POINT('',(0.00205756889880487,-0.000355226970709,0.00166066936969498));
#8473=CARTESIAN_POINT('',(0.00205756889880487,-0.000309678380352,0.00166066936969498));
#8474=CARTESIAN_POINT('',(0.00205756889880487,-0.000309678380352,0.00166066936969498));
#8475=CARTESIAN_POINT('',(0.00205756889880487,-0.000309678380352,0.00166066936969498));
#8476=CARTESIAN_POINT('',(0.00205756889880486,-0.000257622836695,0.00166066936969498));
#8477=CARTESIAN_POINT('',(0.00206410616653353,-0.000214243221578,0.00162144576332292));
#8478=CARTESIAN_POINT('',(0.002072426325461,-0.000208459278412,0.001571524809758));
#8479=CARTESIAN_POINT('',(0.002072426325461,-0.000208459173902652,0.001571524809758));
#8480=CARTESIAN_POINT('',(0.002072426325461,-0.000122061546349,0.001571524809758));
#8481=CARTESIAN_POINT('',(0.002072426325461,-0.000202675335245,0.001571524809758));
#8482=CARTESIAN_POINT('',(0.002072426325461,-0.000202675335245,0.001571524809758));
#8483=CARTESIAN_POINT('',(0.002072426325461,-0.000171586616594,0.001571524809758));
#8484=CARTESIAN_POINT('',(0.00207658640492467,-0.000146281841109,0.00154656433297595));
#8485=CARTESIAN_POINT('',(0.00208169735878749,-0.000146281841109,0.00151589860979892));
#8486=CARTESIAN_POINT('',(0.00208169735878749,-0.000146281841109,0.00151589860979892));
#8487=CARTESIAN_POINT('',(0.00208169735878749,-0.000146281841109,0.00151589860979892));
#8488=CARTESIAN_POINT('',(0.00208633172093336,-0.000146281841109,0.00148809243692367));
#8489=CARTESIAN_POINT('',(0.00209062986894045,-0.00017021923538867,0.00146230354888105));
#8490=CARTESIAN_POINT('',(0.0020909683494045,-0.000198333835752273,0.00146027266609677));
#8491=CARTESIAN_POINT('',(0.00209096839211415,-0.000198337384765,0.00146027240983886));
#8492=CARTESIAN_POINT('',(0.00209096839211415,-0.000122061546349,0.00146027240983886));
#8493=CARTESIAN_POINT('',(0.00209096839211415,-0.000230871730534979,0.00146027240983886));
#8494=CARTESIAN_POINT('',(0.00209096839211415,-0.000230871364966958,0.00146027240983886));
#8495=CARTESIAN_POINT('',(0.00209096839211415,-0.000232353690818166,0.00146027240983886));
#8496=CARTESIAN_POINT('',(0.00209084967875949,-0.000233731932041497,0.0014609846899668));
#8497=CARTESIAN_POINT('',(0.00209084953464044,-0.000235207467829326,0.00146098555468114));
#8498=CARTESIAN_POINT('',(0.00209084953451448,-0.000235210046583,0.00146098555543691));
#8499=CARTESIAN_POINT('',(0.00209084953451448,-0.000235210046583,0.00146098555543691));
#8500=CARTESIAN_POINT('',(0.00209084953451448,-0.000247500943049,0.00146098555543691));
#8501=CARTESIAN_POINT('',(0.00209251356811363,-0.000257622836695,0.00145100135384194));
#8502=CARTESIAN_POINT('',(0.00209453417451163,-0.000257622836695,0.00143887771545394));
#8503=CARTESIAN_POINT('',(0.00209453417451163,-0.000257622836695,0.00143887771545394));
#8504=CARTESIAN_POINT('',(0.00209453417451163,-0.000257622836695,0.00143887771545394));
#8505=CARTESIAN_POINT('',(0.00209639767998169,-0.000257622836695,0.00142769668263355));
#8506=CARTESIAN_POINT('',(0.00209810200548729,-0.000247977426971448,0.00141747072959992));
#8507=CARTESIAN_POINT('',(0.00209821875811378,-0.000236661488979879,0.00141677021384101));
#8508=CARTESIAN_POINT('',(0.0020982187544637,-0.000236661487586465,0.00141677023574149));
#8509=CARTESIAN_POINT('',(0.00209821881450878,-0.000122061546349,0.00141676987547096));
#8510=CARTESIAN_POINT('',(0.00209821881450878,-0.000193999406706,0.00141676987547096));
#8511=CARTESIAN_POINT('',(0.00209821881450878,-0.000193999406706,0.00141676987547096));
#8512=CARTESIAN_POINT('',(0.00209786223717579,-0.000168694631221,0.00141890933946896));
#8513=CARTESIAN_POINT('',(0.0020959604838433,-0.000145558830975,0.00143031985946388));
#8514=CARTESIAN_POINT('',(0.00209287014091247,-0.000128207001477,0.00144886191704891));
#8515=CARTESIAN_POINT('',(0.00209287014091274,-0.000128207001477,0.00144886191704896));
#8516=CARTESIAN_POINT('',(0.00209287014091247,-0.000128207001477,0.00144886191704891));
#8517=CARTESIAN_POINT('',(0.00208977979798164,-0.000110855144398,0.00146740397463394));
#8518=CARTESIAN_POINT('',(0.00208573857611749,-0.000101456233305,0.00149165130581891));
#8519=CARTESIAN_POINT('',(0.00208157849665382,-0.000101456233305,0.00151661178260097));
#8520=CARTESIAN_POINT('',(0.00208966094038215,-0.000406559518022,0.00146811712023086));
#8521=CARTESIAN_POINT('',(0.00208966094038215,-0.000391376649973,0.00146811712023086));
#8522=CARTESIAN_POINT('',(0.00209168155131415,-0.000378362770954,0.00145599345463886));
#8523=CARTESIAN_POINT('',(0.00209429645931247,-0.000378362770954,0.00144030400664891));
#8524=CARTESIAN_POINT('',(0.00209679250517714,-0.000378362770954,0.00142532773146086));
#8525=CARTESIAN_POINT('',(0.00209893197824279,-0.00039065366742,0.00141249089306696));
#8526=CARTESIAN_POINT('',(0.00209893197824279,-0.000406559518022,0.00141249089306696));
#8527=CARTESIAN_POINT('',(0.00209893197824279,-0.000406559518022,0.00141249089306696));
#8528=CARTESIAN_POINT('',(0.00208966094038215,-0.000406559518022,0.00146811712023086));
#8529=CARTESIAN_POINT('',(0.00209893197824279,-0.000406559518022,0.00141249089306696));
#8530=CARTESIAN_POINT('',(0.00209893197824279,-0.000421742386071,0.00141249089306696));
#8531=CARTESIAN_POINT('',(0.00209691136731079,-0.00043475626509,0.00142461455865896));
#8532=CARTESIAN_POINT('',(0.00209168155131415,-0.00043475626509,0.00145599345463886));
#8533=CARTESIAN_POINT('',(0.00208966094038215,-0.000421742386071,0.00146811712023086));
#8534=CARTESIAN_POINT('',(0.00208966094038215,-0.000406559518022,0.00146811712023086));
#8535=CARTESIAN_POINT('',(0.002070934778805,-0.000122061546349,0.001574391327169));
#8536=CARTESIAN_POINT('',(0.00206502152367582,-0.0001730325817,0.00160987085794414));
#8537=CARTESIAN_POINT('',(0.00206716099220766,-0.000131821969403,0.00159703404675311));
#8538=CARTESIAN_POINT('',(0.00207346054247,-0.000102179215859,0.001559236745179));
#8539=CARTESIAN_POINT('',(0.00208059210273079,-0.000101456233305,0.00151644738361413));
#8540=CARTESIAN_POINT('',(0.00208059210273039,-0.000101456233305,0.00151644738361406));
#8541=CARTESIAN_POINT('',(0.00206502153931025,-0.000173032280551683,0.00160987076413757));
#8542=CARTESIAN_POINT('',(0.00208059210273079,-0.000101456233305,0.00151644738361413));
#8543=CARTESIAN_POINT('',(0.00208475218219462,-0.000101456233305,0.0014914869068311));
#8544=CARTESIAN_POINT('',(0.00208879340405861,-0.000110855144398,0.0014672395756471));
#8545=CARTESIAN_POINT('',(0.00209188374698945,-0.000128207001477,0.00144869751806207));
#8546=CARTESIAN_POINT('',(0.00209188374698923,-0.000128207001477,0.00144869751806204));
#8547=CARTESIAN_POINT('',(0.00209188374698945,-0.000128207001477,0.00144869751806207));
#8548=CARTESIAN_POINT('',(0.00209497406130743,-0.000145558670317953,0.00143015563215417));
#8549=CARTESIAN_POINT('',(0.00209687580803676,-0.000168694202802193,0.00141874515177809));
#8550=CARTESIAN_POINT('',(0.00209723241068093,-0.000193998703831306,0.00141660553591309));
#8551=CARTESIAN_POINT('',(0.00209723242058544,-0.000193999406706,0.00141660547648374));
#8552=CARTESIAN_POINT('',(0.00209723242058506,-0.000196168381946,0.00141660547648368));
#8553=CARTESIAN_POINT('',(0.00209723242058541,-0.00023665601169,0.0014166054764839));
#8554=CARTESIAN_POINT('',(0.00209723242058576,-0.00023665601169,0.00141660547648413));
#8555=CARTESIAN_POINT('',(0.00209711356298628,-0.000248223925603,0.00141731862208105));
#8556=CARTESIAN_POINT('',(0.00209544952938695,-0.000257622836695,0.00142730282367699));
#8557=CARTESIAN_POINT('',(0.00209354778058861,-0.000257622836695,0.0014387133164671));
#8558=CARTESIAN_POINT('',(0.00209354778058861,-0.000257622836695,0.0014387133164671));
#8559=CARTESIAN_POINT('',(0.00209354778058861,-0.000257622836695,0.0014387133164671));
#8560=CARTESIAN_POINT('',(0.00209152717419061,-0.000257622836695,0.0014508369548551));
#8561=CARTESIAN_POINT('',(0.00208986314059161,-0.000247500943049,0.0014608211564491));
#8562=CARTESIAN_POINT('',(0.00208986314059161,-0.000235210046583,0.0014608211564491));
#8563=CARTESIAN_POINT('',(0.00208986314059161,-0.000235210046583,0.0014608211564491));
#8564=CARTESIAN_POINT('',(0.00208986314059161,-0.000235210046583,0.0014608211564491));
#8565=CARTESIAN_POINT('',(0.00208986314059161,-0.000233764081477,0.0014608211564491));
#8566=CARTESIAN_POINT('',(0.00208998199819112,-0.00023231808879,0.00146010801085202));
#8567=CARTESIAN_POINT('',(0.00208998199819112,-0.000230872096103,0.00146010801085202));
#8568=CARTESIAN_POINT('',(0.00208998199819111,-0.000230872047491919,0.00146010801085169));
#8569=CARTESIAN_POINT('',(0.00208998199819105,-0.000198337384765,0.00146010801085168));
#8570=CARTESIAN_POINT('',(0.00208998199819109,-0.000198337384765,0.00146010801085185));
#8571=CARTESIAN_POINT('',(0.00208998199819112,-0.000198337384765,0.00146010801085202));
#8572=CARTESIAN_POINT('',(0.00208962542085813,-0.000168694631221,0.00146224747485002));
#8573=CARTESIAN_POINT('',(0.0020855842012613,-0.000146281841109,0.00148649479243105));
#8574=CARTESIAN_POINT('',(0.00208071096486463,-0.000146281841109,0.00151573421081111));
#8575=CARTESIAN_POINT('',(0.00208071096486463,-0.000146281841109,0.00151573421081111));
#8576=CARTESIAN_POINT('',(0.00208071096486463,-0.000146281841109,0.00151573421081111));
#8577=CARTESIAN_POINT('',(0.00207560001100164,-0.000146281841109,0.0015463999339891));
#8578=CARTESIAN_POINT('',(0.002071439931538,-0.000171586616594,0.001571360410771));
#8579=CARTESIAN_POINT('',(0.002071439931538,-0.000202675335245,0.001571360410771));
#8580=CARTESIAN_POINT('',(0.00207143993153803,-0.000202675383855464,0.00157136041077084));
#8581=CARTESIAN_POINT('',(0.00207143993153803,-0.000208459278412,0.00157136041077084));
#8582=CARTESIAN_POINT('',(0.00207143993153802,-0.000208459278412,0.00157136041077092));
#8583=CARTESIAN_POINT('',(0.002071439931538,-0.000208459278412,0.001571360410771));
#8584=CARTESIAN_POINT('',(0.00206311977261051,-0.000214243221578,0.00162128136433608));
#8585=CARTESIAN_POINT('',(0.00205658250488184,-0.000257622836695,0.00166050497070814));
#8586=CARTESIAN_POINT('',(0.00205658250488184,-0.000309678380352,0.00166050497070814));
#8587=CARTESIAN_POINT('',(0.00205658250488184,-0.000309678380352,0.00166050497070814));
#8588=CARTESIAN_POINT('',(0.00205658250488184,-0.000309678380352,0.00166050497070814));
#8589=CARTESIAN_POINT('',(0.00205658250488184,-0.000355226970709,0.00166050497070814));
#8590=CARTESIAN_POINT('',(0.00206133688141183,-0.00039282264266,0.00163197871152814));
#8591=CARTESIAN_POINT('',(0.00206799300220601,-0.000406559504232,0.001592041986763));
#8592=CARTESIAN_POINT('',(0.00206799298057003,-0.00040655972357804,0.00159204211657886));
#8593=CARTESIAN_POINT('',(0.00206799300220601,-0.000406559504232,0.001592041986763));
#8594=CARTESIAN_POINT('',(0.00206692326794017,-0.000417404408011,0.00159846039235803));
#8595=CARTESIAN_POINT('',(0.00206621011100734,-0.000431141283374,0.00160273933395505));
#8596=CARTESIAN_POINT('',(0.00206621011100734,-0.000444878158737,0.00160273933395505));
#8597=CARTESIAN_POINT('',(0.00206621011100734,-0.000444878158737,0.00160273933395505));
#8598=CARTESIAN_POINT('',(0.00206621011100734,-0.000444878158737,0.00160273933395505));
#8599=CARTESIAN_POINT('',(0.00206621011100734,-0.000484642805927,0.00160273933395505));
#8600=CARTESIAN_POINT('',(0.00207155878460349,-0.000517177517265,0.00157064729237808));
#8601=CARTESIAN_POINT('',(0.00207809605233215,-0.000517177517265,0.00153142368600602));
#8602=CARTESIAN_POINT('',(0.00207809605233215,-0.000517177517265,0.00153142368600602));
#8603=CARTESIAN_POINT('',(0.00207809605233215,-0.000517177517265,0.00153142368600602));
#8604=CARTESIAN_POINT('',(0.00208296928872879,-0.000517177517265,0.00150218426762613));
#8605=CARTESIAN_POINT('',(0.00208712936819245,-0.000499102677633,0.00147722379084408));
#8606=CARTESIAN_POINT('',(0.00208903111925777,-0.000473797902148,0.00146581328445213));
#8607=CARTESIAN_POINT('',(0.00208903108058113,-0.000473797815472054,0.00146581351651201));
#8608=CARTESIAN_POINT('',(0.00208903111925777,-0.000473797902148,0.00146581328445213));
#8609=CARTESIAN_POINT('',(0.00208451446019413,-0.000463675994712,0.00149291323883402));
#8610=CARTESIAN_POINT('',(0.00208118639752998,-0.00043692524033,0.00151288161481899));
#8611=CARTESIAN_POINT('',(0.00208118639752998,-0.000405836507889,0.00151288161481899));
#8612=CARTESIAN_POINT('',(0.00208118639752998,-0.000405836507889,0.00151288161481899));
#8613=CARTESIAN_POINT('',(0.00208118639752998,-0.000405836507889,0.00151288161481899));
#8614=CARTESIAN_POINT('',(0.00208118639752998,-0.00038414670033,0.00151288161481899));
#8615=CARTESIAN_POINT('',(0.00208273156899546,-0.000364625868012,0.00150361058602608));
#8616=CARTESIAN_POINT('',(0.00208522761712713,-0.000351611988992,0.00148863429723602));
#8617=CARTESIAN_POINT('',(0.00208522761150125,-0.000351611923484916,0.00148863433099093));
#8618=CARTESIAN_POINT('',(0.00207690745819904,-0.000254730851321866,0.00153855525080075));
#8619=CARTESIAN_POINT('',(0.00207690745819904,-0.000254730851321869,0.00153855525080075));
#8620=CARTESIAN_POINT('',(0.00208320700846197,-0.000232318061209713,0.00150075794922617));
#8621=CARTESIAN_POINT('',(0.002083207008462,-0.00023231806120964,0.00150075794922605));
#8622=CARTESIAN_POINT('',(0.00209200260458904,-0.000333537163149865,0.00144798437246375));
#8623=CARTESIAN_POINT('',(0.00209200260458905,-0.000333537163149932,0.00144798437246371));
#8624=CARTESIAN_POINT('',(0.00209319111087466,-0.00033353716315,0.00144085333474703));
#8625=CARTESIAN_POINT('',(0.0020931911987213,-0.0003335371631495,0.00144085280766905));
#8626=CARTESIAN_POINT('',(0.00209319119872161,-0.000333537163149,0.0014408528076691));
#8627=CARTESIAN_POINT('',(0.00209972846645043,-0.000333537163149,0.00140162920129607));
#8628=CARTESIAN_POINT('',(0.00210507714004658,-0.000366071874488,0.0013695371597191));
#8629=CARTESIAN_POINT('',(0.00210507714004658,-0.000405836521679,0.0013695371597191));
#8630=CARTESIAN_POINT('',(0.00210507714004658,-0.000405836521679,0.0013695371597191));
#8631=CARTESIAN_POINT('',(0.00210507714004658,-0.000405836521679,0.0013695371597191));
#8632=CARTESIAN_POINT('',(0.00210507714004659,-0.000437648250464,0.0013695371597191));
#8633=CARTESIAN_POINT('',(0.00210174907738243,-0.000465122001189,0.00138950553570407));
#8634=CARTESIAN_POINT('',(0.00209699470085243,-0.000474520919176,0.00141803179488407));
#8635=CARTESIAN_POINT('',(0.0020969946886787,-0.000474521206116969,0.00141803186792648));
#8636=CARTESIAN_POINT('',(0.00209699470085243,-0.000474520919176,0.00141803179488407));
#8637=CARTESIAN_POINT('',(0.00209604382645327,-0.000496933716183,0.00142373704127905));
#8638=CARTESIAN_POINT('',(0.00209414207765495,-0.000516454548502,0.00143514753406899));
#8639=CARTESIAN_POINT('',(0.00209128944992328,-0.000532360405999,0.00145226330045905));
#8640=CARTESIAN_POINT('',(0.00209128944992328,-0.000532360405999,0.00145226330045905));
#8641=CARTESIAN_POINT('',(0.00209128944992328,-0.000532360405999,0.00145226330045905));
#8642=CARTESIAN_POINT('',(0.00208772367205997,-0.000551881231423,0.00147365796763899));
#8643=CARTESIAN_POINT('',(0.00208308815312963,-0.000562726135202,0.00150147108122111));
#8644=CARTESIAN_POINT('',(0.00207833377659947,-0.000562726135202,0.00152999734040208));
#8645=CARTESIAN_POINT('',(0.00207833377659947,-0.000562726135202,0.00152999734040208));
#8646=CARTESIAN_POINT('',(0.00207833377659947,-0.000562726135202,0.00152999734040208));
#8647=CARTESIAN_POINT('',(0.00207322282273681,-0.000562726135202,0.00156066306357814));
#8648=CARTESIAN_POINT('',(0.00206834958634017,-0.000550435243908,0.00158990248195803));
#8649=CARTESIAN_POINT('',(0.00206478380507618,-0.000528745417388,0.00161129716954203));
#8650=CARTESIAN_POINT('',(0.00206478380507618,-0.000528745417388,0.00161129716954203));
#8651=CARTESIAN_POINT('',(0.00206478380507618,-0.000528745417388,0.00161129716954203));
#8652=CARTESIAN_POINT('',(0.00206109916281183,-0.000506332613486,0.00163340502312814));
#8653=CARTESIAN_POINT('',(0.00205907855301351,-0.000476689880626,0.00164552868191808));
#8654=CARTESIAN_POINT('',(0.00205907855301351,-0.00044560115508,0.00164552868191808));
#8655=CARTESIAN_POINT('',(0.00205907855301351,-0.00044560115508,0.00164552868191808));
#8656=CARTESIAN_POINT('',(0.00205907855301351,-0.00044560115508,0.00164552868191808));
#8657=CARTESIAN_POINT('',(0.00205907855301351,-0.000439817211913,0.00164552868191808));
#8658=CARTESIAN_POINT('',(0.00205919741174667,-0.0004347562513,0.00164481552951911));
#8659=CARTESIAN_POINT('',(0.00205931627161318,-0.000428972308134,0.00164410237032003));
#8660=CARTESIAN_POINT('',(0.00205931623380724,-0.000428972132278375,0.00164410259715572));
#8661=CARTESIAN_POINT('',(0.00205931627161318,-0.000428972308134,0.00164410237032003));
#8662=CARTESIAN_POINT('',(0.00205729566181468,-0.000419573397041,0.00165622602911111));
#8663=CARTESIAN_POINT('',(0.00205551277061603,-0.000409451489605,0.00166692337630301));
#8664=CARTESIAN_POINT('',(0.00205408645731704,-0.00039716059314,0.00167548125609701));
#8665=CARTESIAN_POINT('',(0.00205408645731704,-0.00039716059314,0.00167548125609701));
#8666=CARTESIAN_POINT('',(0.00205408645731704,-0.00039716059314,0.00167548125609701));
#8667=CARTESIAN_POINT('',(0.00205111497184404,-0.000371855817654,0.001693310168935));
#8668=CARTESIAN_POINT('',(0.00204945094008686,-0.0003422130779,0.00170329435947814));
#8669=CARTESIAN_POINT('',(0.00204945094008686,-0.000310401362905,0.00170329435947814));
#8670=CARTESIAN_POINT('',(0.00204945094008686,-0.000310401362904458,0.00170329435947815));
#8671=CARTESIAN_POINT('',(0.0020556313198996,-0.000212076417853677,0.00166621208060159));
#8672=CARTESIAN_POINT('',(0.00205176629989318,-0.000239149510389803,0.00168940220064018));
#8673=CARTESIAN_POINT('',(0.0020494509400869,-0.000274544222068935,0.00170329435947788));
#8674=CARTESIAN_POINT('',(0.00204945094008686,-0.000310401362903915,0.00170329435947815));
#8675=CARTESIAN_POINT('',(0.00205563162991603,-0.000212074246338,0.001666210220503));
#8676=CARTESIAN_POINT('',(0.00205563162991603,-0.000212074246338,0.001666210220503));
#8677=CARTESIAN_POINT('',(0.00205824653734735,-0.000194722389259,0.00165052077591506));
#8678=CARTESIAN_POINT('',(0.0020614557412785,-0.000180985500107,0.00163126555232808));
#8679=CARTESIAN_POINT('',(0.00206502152367582,-0.0001730325817,0.00160987085794414));
#8680=CARTESIAN_POINT('',(0.00208867454645913,-0.000406559518022,0.00146795272124402));
#8681=CARTESIAN_POINT('',(0.00208867454645913,-0.000421742386071,0.00146795272124402));
#8682=CARTESIAN_POINT('',(0.00209069515739112,-0.00043475626509,0.00145582905565202));
#8683=CARTESIAN_POINT('',(0.00209592497338776,-0.00043475626509,0.00142445015967213));
#8684=CARTESIAN_POINT('',(0.00209794558431976,-0.000421742386071,0.00141232649408013));
#8685=CARTESIAN_POINT('',(0.00209794558431976,-0.000406559518022,0.00141232649408013));
#8686=CARTESIAN_POINT('',(0.00208867454645913,-0.000406559518022,0.00146795272124402));
#8687=CARTESIAN_POINT('',(0.00209794558431976,-0.000406559518022,0.00141232649408013));
#8688=CARTESIAN_POINT('',(0.00209794558431976,-0.000406559518022,0.00141232649408013));
#8689=CARTESIAN_POINT('',(0.00209794558431976,-0.00039065366742,0.00141232649408013));
#8690=CARTESIAN_POINT('',(0.00209580611125411,-0.000378362770954,0.00142516333247402));
#8691=CARTESIAN_POINT('',(0.00209331006538944,-0.000378362770954,0.00144013960766207));
#8692=CARTESIAN_POINT('',(0.00209069515739112,-0.000378362770954,0.00145582905565202));
#8693=CARTESIAN_POINT('',(0.00208867454645913,-0.000391376649973,0.00146795272124402));
#8694=CARTESIAN_POINT('',(0.00208867454645913,-0.000406559518022,0.00146795272124402));
#8695=CARTESIAN_POINT('',(0.002081578496654,-0.000101456233305,0.001516611782601));
#8696=CARTESIAN_POINT('',(0.00208059210273,-0.000101456233305,0.001516447383614));
#8697=CARTESIAN_POINT('',(0.002074446936393,-0.000102179215859,0.001559401144166));
#8698=CARTESIAN_POINT('',(0.00207346054247,-0.000102179215859,0.001559236745179));
#8699=CARTESIAN_POINT('',(0.002068147386131,-0.000131821969403,0.00159719844574));
#8700=CARTESIAN_POINT('',(0.002067160992207,-0.000131821969403,0.001597034046753));
#8701=CARTESIAN_POINT('',(0.002066007917599,-0.0001730325817,0.001610035256931));
#8702=CARTESIAN_POINT('',(0.002065021523675,-0.0001730325817,0.001609870857944));
#8703=CARTESIAN_POINT('',(0.002065514720637,-0.0001730325817,0.0016099530574375));
#8704=CARTESIAN_POINT('',(0.002081578496654,-0.000101456233305,0.001516611782601));
#8705=CARTESIAN_POINT('',(0.00208124969867933,-0.000101456233305,0.00151655698293867));
#8706=CARTESIAN_POINT('',(0.00208092090070467,-0.000101456233305,0.00151650218327633));
#8707=CARTESIAN_POINT('',(0.00208059210273,-0.000101456233305,0.001516447383614));
#8708=CARTESIAN_POINT('',(0.002066007917599,-0.0001730325817,0.001610035256931));
#8709=CARTESIAN_POINT('',(0.002065021523675,-0.0001730325817,0.001609870857944));
#8710=CARTESIAN_POINT('',(0.002062442135202,-0.000180985500107,0.001631429951315));
#8711=CARTESIAN_POINT('',(0.002061455741278,-0.000180985500107,0.001631265552328));
#8712=CARTESIAN_POINT('',(0.002059232931271,-0.000194722389259,0.001650685174902));
#8713=CARTESIAN_POINT('',(0.002058246537347,-0.000194722389259,0.001650520775915));
#8714=CARTESIAN_POINT('',(0.002056618023839,-0.000212074246338,0.001666374619491));
#8715=CARTESIAN_POINT('',(0.002055631629916,-0.000212074246338,0.001666210220503));
#8716=CARTESIAN_POINT('',(0.0020561248268775,-0.000212074246338,0.001666292419997));
#8717=CARTESIAN_POINT('',(0.002056618023839,-0.000212074246338,0.001666374619491));
#8718=CARTESIAN_POINT('',(0.002055631629916,-0.000212074246338,0.001666210220503));
#8719=CARTESIAN_POINT('',(0.002052695662834,-0.000239547997063,0.001689908785525));
#8720=CARTESIAN_POINT('',(0.00205170926891,-0.000239547997063,0.001689744386538));
#8721=CARTESIAN_POINT('',(0.00205043733401,-0.000274251683641,0.001703458758465));
#8722=CARTESIAN_POINT('',(0.002049450940086,-0.000274251683641,0.001703294359478));
#8723=CARTESIAN_POINT('',(0.00205043733401,-0.000310401362905,0.001703458758465));
#8724=CARTESIAN_POINT('',(0.002049450940086,-0.000310401362905,0.001703294359478));
#8725=CARTESIAN_POINT('',(0.002049944137048,-0.000310401362905,0.0017033765589715));
#8726=CARTESIAN_POINT('',(0.00205043733401,-0.000310401362905,0.001703458758465));
#8727=CARTESIAN_POINT('',(0.002049450940086,-0.000310401362905,0.001703294359478));
#8728=CARTESIAN_POINT('',(0.00205043733401,-0.0003422130779,0.001703458758465));
#8729=CARTESIAN_POINT('',(0.002049450940086,-0.0003422130779,0.001703294359478));
#8730=CARTESIAN_POINT('',(0.002052101365767,-0.000371855817654,0.001693474567922));
#8731=CARTESIAN_POINT('',(0.002051114971844,-0.000371855817654,0.001693310168935));
#8732=CARTESIAN_POINT('',(0.00205507285124,-0.00039716059314,0.001675645655084));
#8733=CARTESIAN_POINT('',(0.002054086457317,-0.00039716059314,0.001675481256097));
#8734=CARTESIAN_POINT('',(0.0020545796542785,-0.00039716059314,0.0016755634555905));
#8735=CARTESIAN_POINT('',(0.00205507285124,-0.00039716059314,0.001675645655084));
#8736=CARTESIAN_POINT('',(0.002054086457317,-0.00039716059314,0.001675481256097));
#8737=CARTESIAN_POINT('',(0.002056499164539,-0.000409451489605,0.00166708777529));
#8738=CARTESIAN_POINT('',(0.002055512770616,-0.000409451489605,0.001666923376303));
#8739=CARTESIAN_POINT('',(0.002058282055738,-0.000419573397041,0.001656390428098));
#8740=CARTESIAN_POINT('',(0.002057295661814,-0.000419573397041,0.001656226029111));
#8741=CARTESIAN_POINT('',(0.002060302665537,-0.000428972308134,0.001644266769307));
#8742=CARTESIAN_POINT('',(0.002059316271613,-0.000428972308134,0.00164410237032));
#8743=CARTESIAN_POINT('',(0.002059809468575,-0.000428972308134,0.0016441845698135));
#8744=CARTESIAN_POINT('',(0.002060302665537,-0.000428972308134,0.001644266769307));
#8745=CARTESIAN_POINT('',(0.002059316271613,-0.000428972308134,0.00164410237032));
#8746=CARTESIAN_POINT('',(0.00206018380567,-0.0004347562513,0.001644979928507));
#8747=CARTESIAN_POINT('',(0.002059197411746,-0.0004347562513,0.001644815529519));
#8748=CARTESIAN_POINT('',(0.002060064946937,-0.000439817211913,0.001645693080905));
#8749=CARTESIAN_POINT('',(0.002059078553013,-0.000439817211913,0.001645528681918));
#8750=CARTESIAN_POINT('',(0.002060064946937,-0.00044560115508,0.001645693080905));
#8751=CARTESIAN_POINT('',(0.002059078553013,-0.00044560115508,0.001645528681918));
#8752=CARTESIAN_POINT('',(0.002059571749975,-0.00044560115508,0.0016456108814115));
#8753=CARTESIAN_POINT('',(0.002060064946937,-0.00044560115508,0.001645693080905));
#8754=CARTESIAN_POINT('',(0.002059078553013,-0.00044560115508,0.001645528681918));
#8755=CARTESIAN_POINT('',(0.002060064946937,-0.000476689880626,0.001645693080905));
#8756=CARTESIAN_POINT('',(0.002059078553013,-0.000476689880626,0.001645528681918));
#8757=CARTESIAN_POINT('',(0.002062085556735,-0.000506332613486,0.001633569422115));
#8758=CARTESIAN_POINT('',(0.002061099162811,-0.000506332613486,0.001633405023128));
#8759=CARTESIAN_POINT('',(0.002065770199,-0.000528745417388,0.001611461568529));
#8760=CARTESIAN_POINT('',(0.002064783805076,-0.000528745417388,0.001611297169542));
#8761=CARTESIAN_POINT('',(0.002065277002038,-0.000528745417388,0.0016113793690355));
#8762=CARTESIAN_POINT('',(0.002065770199,-0.000528745417388,0.001611461568529));
#8763=CARTESIAN_POINT('',(0.002064783805076,-0.000528745417388,0.001611297169542));
#8764=CARTESIAN_POINT('',(0.002069335980264,-0.000550435243908,0.001590066880946));
#8765=CARTESIAN_POINT('',(0.00206834958634,-0.000550435243908,0.001589902481958));
#8766=CARTESIAN_POINT('',(0.00207420921666,-0.000562726135202,0.001560827462566));
#8767=CARTESIAN_POINT('',(0.002073222822736,-0.000562726135202,0.001560663063578));
#8768=CARTESIAN_POINT('',(0.002079320170523,-0.000562726135202,0.001530161739389));
#8769=CARTESIAN_POINT('',(0.002078333776599,-0.000562726135202,0.001529997340402));
#8770=CARTESIAN_POINT('',(0.002078826973561,-0.000562726135202,0.0015300795398955));
#8771=CARTESIAN_POINT('',(0.002079320170523,-0.000562726135202,0.001530161739389));
#8772=CARTESIAN_POINT('',(0.002078333776599,-0.000562726135202,0.001529997340402));
#8773=CARTESIAN_POINT('',(0.002084074547053,-0.000562726135202,0.001501635480209));
#8774=CARTESIAN_POINT('',(0.002083088153129,-0.000562726135202,0.001501471081221));
#8775=CARTESIAN_POINT('',(0.002088710065983,-0.000551881231423,0.001473822366626));
#8776=CARTESIAN_POINT('',(0.00208772367206,-0.000551881231423,0.001473657967639));
#8777=CARTESIAN_POINT('',(0.002092275843847,-0.000532360405999,0.001452427699446));
#8778=CARTESIAN_POINT('',(0.002091289449923,-0.000532360405999,0.001452263300459));
#8779=CARTESIAN_POINT('',(0.002091782646885,-0.000532360405999,0.0014523454999525));
#8780=CARTESIAN_POINT('',(0.002092275843847,-0.000532360405999,0.001452427699446));
#8781=CARTESIAN_POINT('',(0.002091289449923,-0.000532360405999,0.001452263300459));
#8782=CARTESIAN_POINT('',(0.002095128471578,-0.000516454548502,0.001435311933056));
#8783=CARTESIAN_POINT('',(0.002094142077655,-0.000516454548502,0.001435147534069));
#8784=CARTESIAN_POINT('',(0.002097030220377,-0.000496933716183,0.001423901440267));
#8785=CARTESIAN_POINT('',(0.002096043826453,-0.000496933716183,0.001423737041279));
#8786=CARTESIAN_POINT('',(0.002097981094776,-0.000474520919176,0.001418196193871));
#8787=CARTESIAN_POINT('',(0.002096994700852,-0.000474520919176,0.001418031794884));
#8788=CARTESIAN_POINT('',(0.002097487897814,-0.000474520919176,0.0014181139943775));
#8789=CARTESIAN_POINT('',(0.002097981094776,-0.000474520919176,0.001418196193871));
#8790=CARTESIAN_POINT('',(0.002096994700852,-0.000474520919176,0.001418031794884));
#8791=CARTESIAN_POINT('',(0.002102735471306,-0.000465122001189,0.001389669934691));
#8792=CARTESIAN_POINT('',(0.002101749077382,-0.000465122001189,0.001389505535704));
#8793=CARTESIAN_POINT('',(0.00210606353397,-0.000437648250464,0.001369701558707));
#8794=CARTESIAN_POINT('',(0.002105077140046,-0.000437648250464,0.001369537159719));
#8795=CARTESIAN_POINT('',(0.00210606353397,-0.000405836521679,0.001369701558707));
#8796=CARTESIAN_POINT('',(0.002105077140046,-0.000405836521679,0.001369537159719));
#8797=CARTESIAN_POINT('',(0.002105570337008,-0.000405836521679,0.001369619359213));
#8798=CARTESIAN_POINT('',(0.00210606353397,-0.000405836521679,0.001369701558707));
#8799=CARTESIAN_POINT('',(0.002105077140046,-0.000405836521679,0.001369537159719));
#8800=CARTESIAN_POINT('',(0.00210606353397,-0.000366071874488,0.001369701558707));
#8801=CARTESIAN_POINT('',(0.002105077140046,-0.000366071874488,0.001369537159719));
#8802=CARTESIAN_POINT('',(0.002100714860374,-0.00033353716315,0.001401793600284));
#8803=CARTESIAN_POINT('',(0.00209972846645,-0.00033353716315,0.001401629201296));
#8804=CARTESIAN_POINT('',(0.002094177592645,-0.00033353716315,0.001441017206656));
#8805=CARTESIAN_POINT('',(0.002093191198721,-0.00033353716315,0.001440852807669));
#8806=CARTESIAN_POINT('',(0.002094177592645,-0.00033353716315,0.001441017206656));
#8807=CARTESIAN_POINT('',(0.002094177592645,-0.00033353716315,0.001441017206656));
#8808=CARTESIAN_POINT('',(0.002092988998513,-0.00033353716315,0.001448148771451));
#8809=CARTESIAN_POINT('',(0.002092988998513,-0.00033353716315,0.001448148771451));
#8810=CARTESIAN_POINT('',(0.002084193402386,-0.00023231806121,0.001500922348214));
#8811=CARTESIAN_POINT('',(0.002084193402386,-0.00023231806121,0.001500922348214));
#8812=CARTESIAN_POINT('',(0.002077893852123,-0.000254730851322,0.001538719649788));
#8813=CARTESIAN_POINT('',(0.002077893852123,-0.000254730851322,0.001538719649788));
#8814=CARTESIAN_POINT('',(0.00208522761712695,-0.000351611988992165,0.00148863429723631));
#8815=CARTESIAN_POINT('',(0.002086214011051,-0.000351611988992,0.001488798696223));
#8816=CARTESIAN_POINT('',(0.002085227617127,-0.000351611988992,0.001488634297236));
#8817=CARTESIAN_POINT('',(0.002083717962919,-0.000364625868012,0.001503774985013));
#8818=CARTESIAN_POINT('',(0.002082731568995,-0.000364625868012,0.001503610586026));
#8819=CARTESIAN_POINT('',(0.002082172791453,-0.00038414670033,0.001513046013806));
#8820=CARTESIAN_POINT('',(0.00208118639753,-0.00038414670033,0.001512881614819));
#8821=CARTESIAN_POINT('',(0.002082172791453,-0.000405836507889,0.001513046013806));
#8822=CARTESIAN_POINT('',(0.00208118639753,-0.000405836507889,0.001512881614819));
#8823=CARTESIAN_POINT('',(0.0020816795944915,-0.000405836507889,0.0015129638143125));
#8824=CARTESIAN_POINT('',(0.002082172791453,-0.000405836507889,0.001513046013806));
#8825=CARTESIAN_POINT('',(0.00208118639753,-0.000405836507889,0.001512881614819));
#8826=CARTESIAN_POINT('',(0.002082172791453,-0.00043692524033,0.001513046013806));
#8827=CARTESIAN_POINT('',(0.00208118639753,-0.00043692524033,0.001512881614819));
#8828=CARTESIAN_POINT('',(0.002085500854118,-0.000463675994712,0.001493077637821));
#8829=CARTESIAN_POINT('',(0.002084514460194,-0.000463675994712,0.001492913238834));
#8830=CARTESIAN_POINT('',(0.002090017513181,-0.000473797902148,0.001465977683439));
#8831=CARTESIAN_POINT('',(0.002089031119257,-0.000473797902148,0.001465813284452));
#8832=CARTESIAN_POINT('',(0.002089524316219,-0.000473797902148,0.0014658954839455));
#8833=CARTESIAN_POINT('',(0.002090017513181,-0.000473797902148,0.001465977683439));
#8834=CARTESIAN_POINT('',(0.002089031119257,-0.000473797902148,0.001465813284452));
#8835=CARTESIAN_POINT('',(0.002088115762116,-0.000499102677633,0.001477388189831));
#8836=CARTESIAN_POINT('',(0.002087129368192,-0.000499102677633,0.001477223790844));
#8837=CARTESIAN_POINT('',(0.002083955682652,-0.000517177517265,0.001502348666613));
#8838=CARTESIAN_POINT('',(0.002082969288728,-0.000517177517265,0.001502184267626));
#8839=CARTESIAN_POINT('',(0.002079082446256,-0.000517177517265,0.001531588084993));
#8840=CARTESIAN_POINT('',(0.002078096052332,-0.000517177517265,0.001531423686006));
#8841=CARTESIAN_POINT('',(0.002078589249294,-0.000517177517265,0.0015315058854995));
#8842=CARTESIAN_POINT('',(0.002079082446256,-0.000517177517265,0.001531588084993));
#8843=CARTESIAN_POINT('',(0.002078096052332,-0.000517177517265,0.001531423686006));
#8844=CARTESIAN_POINT('',(0.002072545178527,-0.000517177517265,0.001570811691366));
#8845=CARTESIAN_POINT('',(0.002071558784603,-0.000517177517265,0.001570647292378));
#8846=CARTESIAN_POINT('',(0.002067196504931,-0.000484642805927,0.001602903732943));
#8847=CARTESIAN_POINT('',(0.002066210111007,-0.000484642805927,0.001602739333955));
#8848=CARTESIAN_POINT('',(0.002067196504931,-0.000444878158737,0.001602903732943));
#8849=CARTESIAN_POINT('',(0.002066210111007,-0.000444878158737,0.001602739333955));
#8850=CARTESIAN_POINT('',(0.002066703307969,-0.000444878158737,0.001602821533449));
#8851=CARTESIAN_POINT('',(0.002067196504931,-0.000444878158737,0.001602903732943));
#8852=CARTESIAN_POINT('',(0.002066210111007,-0.000444878158737,0.001602739333955));
#8853=CARTESIAN_POINT('',(0.002067196504931,-0.000431141283374,0.001602903732943));
#8854=CARTESIAN_POINT('',(0.002066210111007,-0.000431141283374,0.001602739333955));
#8855=CARTESIAN_POINT('',(0.002067909661864,-0.000417404408011,0.001598624791346));
#8856=CARTESIAN_POINT('',(0.00206692326794,-0.000417404408011,0.001598460392358));
#8857=CARTESIAN_POINT('',(0.002068979396129,-0.000406559504232,0.00159220638575));
#8858=CARTESIAN_POINT('',(0.002067993002206,-0.000406559504232,0.001592041986763));
#8859=CARTESIAN_POINT('',(0.0020684861991675,-0.000406559504232,0.0015921241862565));
#8860=CARTESIAN_POINT('',(0.002068979396129,-0.000406559504232,0.00159220638575));
#8861=CARTESIAN_POINT('',(0.002067993002206,-0.000406559504232,0.001592041986763));
#8862=CARTESIAN_POINT('',(0.002062323275335,-0.00039282264266,0.001632143110516));
#8863=CARTESIAN_POINT('',(0.002061336881411,-0.00039282264266,0.001631978711528));
#8864=CARTESIAN_POINT('',(0.002057568898805,-0.000355226970709,0.001660669369695));
#8865=CARTESIAN_POINT('',(0.002056582504881,-0.000355226970709,0.001660504970708));
#8866=CARTESIAN_POINT('',(0.002057568898805,-0.000309678380352,0.001660669369695));
#8867=CARTESIAN_POINT('',(0.002056582504881,-0.000309678380352,0.001660504970708));
#8868=CARTESIAN_POINT('',(0.002057075701843,-0.000309678380352,0.0016605871702015));
#8869=CARTESIAN_POINT('',(0.002057568898805,-0.000309678380352,0.001660669369695));
#8870=CARTESIAN_POINT('',(0.002056582504881,-0.000309678380352,0.001660504970708));
#8871=CARTESIAN_POINT('',(0.002057568898805,-0.000257622836695,0.001660669369695));
#8872=CARTESIAN_POINT('',(0.002056582504881,-0.000257622836695,0.001660504970708));
#8873=CARTESIAN_POINT('',(0.002064106166534,-0.000214243221578,0.001621445763323));
#8874=CARTESIAN_POINT('',(0.00206311977261,-0.000214243221578,0.001621281364336));
#8875=CARTESIAN_POINT('',(0.002072426325461,-0.000208459278412,0.001571524809758));
#8876=CARTESIAN_POINT('',(0.002071439931538,-0.000208459278412,0.001571360410771));
#8877=CARTESIAN_POINT('',(0.002072426325461,-0.000208459278412,0.001571524809758));
#8878=CARTESIAN_POINT('',(0.002072426325461,-0.000208459278412,0.001571524809758));
#8879=CARTESIAN_POINT('',(0.002072426325461,-0.000202675335245,0.001571524809758));
#8880=CARTESIAN_POINT('',(0.002072426325461,-0.000202675335245,0.001571524809758));
#8881=CARTESIAN_POINT('',(0.002071439931538,-0.000202675335245,0.001571360410771));
#8882=CARTESIAN_POINT('',(0.002072426325461,-0.000171586616594,0.001571524809758));
#8883=CARTESIAN_POINT('',(0.002071439931538,-0.000171586616594,0.001571360410771));
#8884=CARTESIAN_POINT('',(0.002076586404925,-0.000146281841109,0.001546564332976));
#8885=CARTESIAN_POINT('',(0.002075600011001,-0.000146281841109,0.001546399933989));
#8886=CARTESIAN_POINT('',(0.002081697358788,-0.000146281841109,0.001515898609799));
#8887=CARTESIAN_POINT('',(0.002080710964864,-0.000146281841109,0.001515734210811));
#8888=CARTESIAN_POINT('',(0.002081204161826,-0.000146281841109,0.001515816410305));
#8889=CARTESIAN_POINT('',(0.002081697358788,-0.000146281841109,0.001515898609799));
#8890=CARTESIAN_POINT('',(0.002080710964864,-0.000146281841109,0.001515734210811));
#8891=CARTESIAN_POINT('',(0.002086570595185,-0.000146281841109,0.001486659191419));
#8892=CARTESIAN_POINT('',(0.002085584201261,-0.000146281841109,0.001486494792431));
#8893=CARTESIAN_POINT('',(0.002090611814782,-0.000168694631221,0.001462411873837));
#8894=CARTESIAN_POINT('',(0.002089625420858,-0.000168694631221,0.00146224747485));
#8895=CARTESIAN_POINT('',(0.002090968392115,-0.000198337384765,0.001460272409839));
#8896=CARTESIAN_POINT('',(0.002089981998191,-0.000198337384765,0.001460108010852));
#8897=CARTESIAN_POINT('',(0.002090968392115,-0.000198337384765,0.001460272409839));
#8898=CARTESIAN_POINT('',(0.002090968392115,-0.000198337384765,0.001460272409839));
#8899=CARTESIAN_POINT('',(0.002090968392115,-0.000230872096103,0.001460272409839));
#8900=CARTESIAN_POINT('',(0.002090968392115,-0.000230872096103,0.001460272409839));
#8901=CARTESIAN_POINT('',(0.002089981998191,-0.000230872096103,0.001460108010852));
#8902=CARTESIAN_POINT('',(0.002090968392115,-0.00023231808879,0.001460272409839));
#8903=CARTESIAN_POINT('',(0.002089981998191,-0.00023231808879,0.001460108010852));
#8904=CARTESIAN_POINT('',(0.002090849534515,-0.000233764081477,0.001460985555437));
#8905=CARTESIAN_POINT('',(0.002089863140591,-0.000233764081477,0.001460821156449));
#8906=CARTESIAN_POINT('',(0.002090849534515,-0.000235210046583,0.001460985555437));
#8907=CARTESIAN_POINT('',(0.002089863140591,-0.000235210046583,0.001460821156449));
#8908=CARTESIAN_POINT('',(0.002090356337553,-0.000235210046583,0.001460903355943));
#8909=CARTESIAN_POINT('',(0.002090849534515,-0.000235210046583,0.001460985555437));
#8910=CARTESIAN_POINT('',(0.002089863140591,-0.000235210046583,0.001460821156449));
#8911=CARTESIAN_POINT('',(0.002090849534515,-0.000247500943049,0.001460985555437));
#8912=CARTESIAN_POINT('',(0.002089863140591,-0.000247500943049,0.001460821156449));
#8913=CARTESIAN_POINT('',(0.002092513568114,-0.000257622836695,0.001451001353842));
#8914=CARTESIAN_POINT('',(0.00209152717419,-0.000257622836695,0.001450836954855));
#8915=CARTESIAN_POINT('',(0.002094534174512,-0.000257622836695,0.001438877715454));
#8916=CARTESIAN_POINT('',(0.002093547780588,-0.000257622836695,0.001438713316467));
#8917=CARTESIAN_POINT('',(0.00209404097755,-0.000257622836695,0.0014387955159605));
#8918=CARTESIAN_POINT('',(0.002094534174512,-0.000257622836695,0.001438877715454));
#8919=CARTESIAN_POINT('',(0.002093547780588,-0.000257622836695,0.001438713316467));
#8920=CARTESIAN_POINT('',(0.00209643592331,-0.000257622836695,0.001427467222664));
#8921=CARTESIAN_POINT('',(0.002095449529387,-0.000257622836695,0.001427302823677));
#8922=CARTESIAN_POINT('',(0.00209809995691,-0.000248223925603,0.001417483021069));
#8923=CARTESIAN_POINT('',(0.002097113562986,-0.000248223925603,0.001417318622081));
#8924=CARTESIAN_POINT('',(0.002098218814509,-0.00023665601169,0.001416769875471));
#8925=CARTESIAN_POINT('',(0.002097232420585,-0.00023665601169,0.001416605476484));
#8926=CARTESIAN_POINT('',(0.002098218814509,-0.00023665601169,0.001416769875471));
#8927=CARTESIAN_POINT('',(0.002098218814509,-0.000196168381946,0.001416769875471));
#8928=CARTESIAN_POINT('',(0.002098218814509,-0.000193999406706,0.001416769875471));
#8929=CARTESIAN_POINT('',(0.002098218814509,-0.000193999406706,0.001416769875471));
#8930=CARTESIAN_POINT('',(0.002097232420585,-0.000193999406706,0.001416605476484));
#8931=CARTESIAN_POINT('',(0.002097862237176,-0.000168694631221,0.001418909339469));
#8932=CARTESIAN_POINT('',(0.002096875843252,-0.000168694631221,0.001418744940482));
#8933=CARTESIAN_POINT('',(0.002095960483844,-0.000145558830975,0.001430319859464));
#8934=CARTESIAN_POINT('',(0.00209497408992,-0.000145558830975,0.001430155460477));
#8935=CARTESIAN_POINT('',(0.002092870140913,-0.000128207001477,0.001448861917049));
#8936=CARTESIAN_POINT('',(0.002091883746989,-0.000128207001477,0.001448697518062));
#8937=CARTESIAN_POINT('',(0.002091883746989,-0.000128207001477,0.001448697518062));
#8938=CARTESIAN_POINT('',(0.00209221254496367,-0.000128207001477,0.00144875231772433));
#8939=CARTESIAN_POINT('',(0.00209254134293833,-0.000128207001477,0.00144880711738667));
#8940=CARTESIAN_POINT('',(0.002092870140913,-0.000128207001477,0.001448861917049));
#8941=CARTESIAN_POINT('',(0.00208111122249323,-0.000202672097257484,0.0015163740462994));
#8942=CARTESIAN_POINT('',(0.002098931978243,-0.000406559518022,0.001412490893067));
#8943=CARTESIAN_POINT('',(0.002097945584319,-0.000406559518022,0.00141232649408));
#8944=CARTESIAN_POINT('',(0.002098931978243,-0.00039065366742,0.001412490893067));
#8945=CARTESIAN_POINT('',(0.002097945584319,-0.00039065366742,0.00141232649408));
#8946=CARTESIAN_POINT('',(0.002096792505178,-0.000378362770954,0.001425327731461));
#8947=CARTESIAN_POINT('',(0.002095806111254,-0.000378362770954,0.001425163332474));
#8948=CARTESIAN_POINT('',(0.002094296459313,-0.000378362770954,0.001440304006649));
#8949=CARTESIAN_POINT('',(0.002093310065389,-0.000378362770954,0.001440139607662));
#8950=CARTESIAN_POINT('',(0.00209429122844174,-0.000378362770954,0.00144033539187652));
#8951=CARTESIAN_POINT('',(0.00209330483451775,-0.000378362770954,0.00144017099288952));
#8952=CARTESIAN_POINT('',(0.00209428550199055,-0.000378362828108404,0.0014403697505837));
#8953=CARTESIAN_POINT('',(0.00209329910806655,-0.000378362828108404,0.0014402053515967));
#8954=CARTESIAN_POINT('',(0.0020942800272575,-0.0003783629423174,0.00144040259898197));
#8955=CARTESIAN_POINT('',(0.00209329363333351,-0.0003783629423174,0.00144023819999497));
#8956=CARTESIAN_POINT('',(0.00209167309114953,-0.000378417325892284,0.00145604421563186));
#8957=CARTESIAN_POINT('',(0.00209068669722552,-0.000378417325892284,0.00145587981664486));
#8958=CARTESIAN_POINT('',(0.002089660940383,-0.000391408468149564,0.001468117120231));
#8959=CARTESIAN_POINT('',(0.002088674546459,-0.000391408468149564,0.001467952721244));
#8960=CARTESIAN_POINT('',(0.002089660940383,-0.000406559518022,0.001468117120231));
#8961=CARTESIAN_POINT('',(0.002088674546459,-0.000406559518022,0.001467952721244));
#8962=CARTESIAN_POINT('',(0.002098438781281,-0.000406559518022,0.0014124086935735));
#8963=CARTESIAN_POINT('',(0.002089167743421,-0.000406559518022,0.0014680349207375));
#8964=CARTESIAN_POINT('',(0.002089660940383,-0.000406559518022,0.001468117120231));
#8965=CARTESIAN_POINT('',(0.002088674546459,-0.000406559518022,0.001467952721244));
#8966=CARTESIAN_POINT('',(0.002089660940383,-0.000421742386071,0.001468117120231));
#8967=CARTESIAN_POINT('',(0.002088674546459,-0.000421742386071,0.001467952721244));
#8968=CARTESIAN_POINT('',(0.002091681551315,-0.00043475626509,0.001455993454639));
#8969=CARTESIAN_POINT('',(0.002090695157391,-0.00043475626509,0.001455829055652));
#8970=CARTESIAN_POINT('',(0.002096911367311,-0.00043475626509,0.001424614558659));
#8971=CARTESIAN_POINT('',(0.002095924973387,-0.00043475626509,0.001424450159672));
#8972=CARTESIAN_POINT('',(0.002098931978243,-0.000421742386071,0.001412490893067));
#8973=CARTESIAN_POINT('',(0.002097945584319,-0.000421742386071,0.00141232649408));
#8974=CARTESIAN_POINT('',(0.002098931978243,-0.000406559518022,0.001412490893067));
#8975=CARTESIAN_POINT('',(0.002097945584319,-0.000406559518022,0.00141232649408));
#8976=CARTESIAN_POINT('',(0.,0.,0.));
#8977=CARTESIAN_POINT('',(0.00209047292307671,0.000145451342815169,0.00146020384278482));
#8978=CARTESIAN_POINT('',(0.00208997972612696,0.000145451342814859,0.00146012164329333));
#8979=CARTESIAN_POINT('',(0.00209624028922265,0.000145283219803993,0.00142559964592759));
#8980=CARTESIAN_POINT('',(0.00209508656514494,0.000124323494786906,0.00143252199039266));
#8981=CARTESIAN_POINT('',(0.00209096612003626,0.000145451342815479,0.00146028604227794));
#8982=CARTESIAN_POINT('',(0.002097742044522,0.000124323354273,0.001419630495397));
#8983=CARTESIAN_POINT('',(0.00209459332097,0.000124323354273,0.001432440074179));
#8984=CARTESIAN_POINT('',(0.00209724882623922,0.000124323439992663,0.00141954842382788));
#8985=CARTESIAN_POINT('',(0.002096445074083,0.000124323354273,0.001427412318031));
#8986=CARTESIAN_POINT('',(0.00209077875210022,0.000143004661767143,0.00145836886865402));
#8987=CARTESIAN_POINT('',(0.00209028555512523,0.000143004661766447,0.00145828666915834));
#8988=CARTESIAN_POINT('',(0.00209794824628919,0.000144026628396199,0.00141535190352786));
#8989=CARTESIAN_POINT('',(0.00209127194907754,0.00014300466176784,0.0014584510681501));
#8990=CARTESIAN_POINT('',(0.00209200973931755,0.000145818346778685,0.00145098294534945));
#8991=CARTESIAN_POINT('',(0.00209151654236075,0.000145818346778501,0.00145090074585672));
#8992=CARTESIAN_POINT('',(0.00209700200578726,0.000165176622992014,0.00142102934653989));
#8993=CARTESIAN_POINT('',(0.00209250293629171,0.00014581834677887,0.00145106514484508));
#8994=CARTESIAN_POINT('',(0.00209451424751817,0.000155320945742293,0.00143595589614079));
#8995=CARTESIAN_POINT('',(0.00209402105055722,0.000155320945742291,0.00143587369664726));
#8996=CARTESIAN_POINT('',(0.00209391672614461,0.000173346947341601,0.00143649979097494));
#8997=CARTESIAN_POINT('',(0.00209490232185885,0.000173346838691079,0.00143666733564934));
#8998=CARTESIAN_POINT('',(0.00209457363670069,0.000173346838691077,0.00143661255478965));
#8999=CARTESIAN_POINT('',(0.00209424495154252,0.000173346838691073,0.00143655777392996));
#9000=CARTESIAN_POINT('',(0.00209391626638436,0.000173346838691071,0.00143650299307027));
#9001=CARTESIAN_POINT('',(0.00209490256440887,0.000173346838691078,0.00143666737607435));
#9002=CARTESIAN_POINT('',(0.00209500744448246,0.000155320945742295,0.00143603809563488));
#9003=CARTESIAN_POINT('',(0.00209432125870868,0.00015582653300229,0.00143711382898831));
#9004=CARTESIAN_POINT('',(0.00209382806175058,0.000155826533002287,0.00143703162949531));
#9005=CARTESIAN_POINT('',(0.00209195052048386,0.00016910800767016,0.00144829746847329));
#9006=CARTESIAN_POINT('',(0.00209195054026882,0.000169123906134548,0.00144829675838109));
#9007=CARTESIAN_POINT('',(0.00209227925783642,0.000169123906134597,0.00144835154464229));
#9008=CARTESIAN_POINT('',(0.00209260797540401,0.000169123906134646,0.00144840633090349));
#9009=CARTESIAN_POINT('',(0.00209293669297161,0.000169123906134695,0.00144846111716469));
#9010=CARTESIAN_POINT('',(0.0020929413574424,0.000169137138504227,0.00144843313033986));
#9011=CARTESIAN_POINT('',(0.00209481445567405,0.000155826533002292,0.00143719602848252));
#9012=CARTESIAN_POINT('',(0.00209787167641446,0.000139932109524941,0.00141581132278227));
#9013=CARTESIAN_POINT('',(0.00209737847943079,0.00013993210952586,0.00141572912328449));
#9014=CARTESIAN_POINT('',(0.00209040525551937,0.000152680346329646,0.00145756846688181));
#9015=CARTESIAN_POINT('',(0.00209042179407036,0.000152652791957704,0.0014574692355761));
#9016=CARTESIAN_POINT('',(0.00209075050984553,0.000152652791957681,0.00145752402153878));
#9017=CARTESIAN_POINT('',(0.0020910792256207,0.000152652791957659,0.00145757880750146));
#9018=CARTESIAN_POINT('',(0.00209140794139588,0.000152652791957637,0.00145763359346415));
#9019=CARTESIAN_POINT('',(0.00209139974927637,0.000152667771694023,0.00145768274618104));
#9020=CARTESIAN_POINT('',(0.00209836487339348,0.000139932109524021,0.00141589352227927));
#9021=CARTESIAN_POINT('',(0.00208281064980836,0.000169091757718802,0.00150617748268027));
#9022=CARTESIAN_POINT('',(0.00208231745279553,0.00016909175771865,0.00150609528317809));
#9023=CARTESIAN_POINT('',(0.0020898794446409,0.000140300886672478,0.00146376430242382));
#9024=CARTESIAN_POINT('',(0.00208330384671609,0.000169091757718955,0.00150625968216491));
#9025=CARTESIAN_POINT('',(0.00208884715158996,0.000146026555367619,0.00146995847173813));
#9026=CARTESIAN_POINT('',(0.00208835395462342,0.000146026555367663,0.00146987627224347));
#9027=CARTESIAN_POINT('',(0.0020887622345251,0.000137536192312261,0.0014704679741126));
#9028=CARTESIAN_POINT('',(0.00208934034855055,0.000146026555367576,0.00147004067123179));
#9029=CARTESIAN_POINT('',(0.00208875084160191,0.000145738015946724,0.00147053633165266));
#9030=CARTESIAN_POINT('',(0.00208825764464143,0.000145738015946822,0.00147045413215929));
#9031=CARTESIAN_POINT('',(0.00208710393757578,0.000141436836604627,0.00147737696592279));
#9032=CARTESIAN_POINT('',(0.00208710958984223,0.000141413538651944,0.00147734246094363));
#9033=CARTESIAN_POINT('',(0.00208743838781688,0.000141413538651888,0.00147739726060606));
#9034=CARTESIAN_POINT('',(0.00208776718579153,0.000141413538651833,0.00147745206026848));
#9035=CARTESIAN_POINT('',(0.00208809598376619,0.000141413538651777,0.0014775068599309));
#9036=CARTESIAN_POINT('',(0.00208810167066793,0.000141323859802163,0.0014774727385009));
#9037=CARTESIAN_POINT('',(0.00208924403856412,0.000145738015946626,0.00147061853114632));
#9038=CARTESIAN_POINT('',(0.00208997656428776,0.00015053690020831,0.00146318199554468));
#9039=CARTESIAN_POINT('',(0.00208948336731918,0.000150536900208256,0.00146309979605008));
#9040=CARTESIAN_POINT('',(0.00208715788892711,0.000151418812111686,0.0014800936063074));
#9041=CARTESIAN_POINT('',(0.00209046976124344,0.000150536900208365,0.00146326419503714));
#9042=CARTESIAN_POINT('',(0.00209264849588976,0.000151952476958255,0.0014471504059501));
#9043=CARTESIAN_POINT('',(0.00209215529890777,0.000151952476957588,0.00144706820645334));
#9044=CARTESIAN_POINT('',(0.00208801830494624,0.000169890606229243,0.00147493155158638));
#9045=CARTESIAN_POINT('',(0.00209314169285844,0.000151952476958923,0.00144723260544465));
#9046=CARTESIAN_POINT('',(0.002086477418237,0.000169890744955,0.001487218253107));
#9047=CARTESIAN_POINT('',(0.00208752515258,0.000169890744955,0.001474849084518));
#9048=CARTESIAN_POINT('',(0.00208598424344904,0.000169890657753755,0.0014871359205693));
#9049=CARTESIAN_POINT('',(0.002096445074083,0.000169890744955,0.001427412318031));
#9050=CARTESIAN_POINT('',(0.00209280069320179,0.000153298971580914,0.00144623722205689));
#9051=CARTESIAN_POINT('',(0.00209230749623742,0.000153298971581967,0.00144615502256242));
#9052=CARTESIAN_POINT('',(0.00208545502708185,0.000152683733888054,0.00149031121877165));
#9053=CARTESIAN_POINT('',(0.00209329389019949,0.000153298971579862,0.00144631942155691));
#9054=CARTESIAN_POINT('',(0.00209106841684488,0.000151413047344863,0.00145663088019187));
#9055=CARTESIAN_POINT('',(0.00209057521989998,0.000151413047345212,0.00145654868070079));
#9056=CARTESIAN_POINT('',(0.00208640138383999,0.000132556901976762,0.0014846330782232));
#9057=CARTESIAN_POINT('',(0.00209156161383472,0.000151413047344514,0.00145671307969043));
#9058=CARTESIAN_POINT('',(0.00208889804898817,0.000142501655127713,0.00146965308734302));
#9059=CARTESIAN_POINT('',(0.00208840485203171,0.000142501655127656,0.00146957088785));
#9060=CARTESIAN_POINT('',(0.0020889350864257,0.000124402004228334,0.00146943086270918));
#9061=CARTESIAN_POINT('',(0.00208939124594656,0.000142501655127769,0.00146973528683635));
#9062=CARTESIAN_POINT('',(0.00208904647019579,0.000142843544742023,0.00146876256009716));
#9063=CARTESIAN_POINT('',(0.00208855327323274,0.000142843544742036,0.00146868036060343));
#9064=CARTESIAN_POINT('',(0.00209083605146513,0.000128002219511627,0.00145802507247278));
#9065=CARTESIAN_POINT('',(0.002089539667159,0.000142843544742011,0.00146884475959093));
#9066=CARTESIAN_POINT('',(0.00208606503938754,0.000155885948357371,0.0014866511449086));
#9067=CARTESIAN_POINT('',(0.00208557184242932,0.000155885948357672,0.00148656894541525));
#9068=CARTESIAN_POINT('',(0.00209192686325891,0.00014369098038729,0.00144843882044255));
#9069=CARTESIAN_POINT('',(0.00209190752807947,0.000143725705291725,0.0014485548315179));
#9070=CARTESIAN_POINT('',(0.00209223632605414,0.000143725705291702,0.0014486096311805));
#9071=CARTESIAN_POINT('',(0.00209256512402882,0.00014372570529168,0.0014486644308431));
#9072=CARTESIAN_POINT('',(0.0020928939220035,0.000143725705291657,0.0014487192305057));
#9073=CARTESIAN_POINT('',(0.00209290300268604,0.000143693544300418,0.00144866474641165));
#9074=CARTESIAN_POINT('',(0.002086558236338,0.00015588594835707,0.00148673334440066));
#9075=CARTESIAN_POINT('',(0.00210111774467573,0.000126771434504374,0.00139633491319681));
#9076=CARTESIAN_POINT('',(0.00210062454775749,0.000126771434506077,0.00139625271370948));
#9077=CARTESIAN_POINT('',(0.00209348362811487,0.000157021905434275,0.00144213890163662));
#9078=CARTESIAN_POINT('',(0.00210161094162437,0.00012677143450267,0.0013964171126892));
#9079=CARTESIAN_POINT('',(0.00209459731331015,0.000151735496104198,0.00143545750138944));
#9080=CARTESIAN_POINT('',(0.00209410411634875,0.000151735496104154,0.00143537530189603));
#9081=CARTESIAN_POINT('',(0.00209462513657121,0.00016029774237964,0.00143529056183573));
#9082=CARTESIAN_POINT('',(0.00209509051027508,0.000151735496104242,0.00143553970088345));
#9083=CARTESIAN_POINT('',(0.002095118189992,0.000160298978177,0.001435373622572));
#9084=CARTESIAN_POINT('',(0.002094131796069,0.000160298978177,0.001435209223585));
#9085=CARTESIAN_POINT('',(0.002096195081428,0.000160298978177,0.001428912273959));
#9086=CARTESIAN_POINT('',(0.002095208687504,0.000160298978177,0.001428747874972));
#9087=CARTESIAN_POINT('',(0.002096733527146,0.000155282146231,0.001425681599653));
#9088=CARTESIAN_POINT('',(0.002095747133222,0.000155282146231,0.001425517200666));
#9089=CARTESIAN_POINT('',(0.002096733527146,0.000145274476286,0.001425681599653));
#9090=CARTESIAN_POINT('',(0.002095747133222,0.000145274476286,0.001425517200666));
#9091=CARTESIAN_POINT('',(0.00209413193962315,0.000160298978147282,0.00143520836225911));
#9092=CARTESIAN_POINT('',(0.00209525638654553,0.000160298512584189,0.00142846168072482));
#9093=CARTESIAN_POINT('',(0.00209574692046241,0.00015206504749296,0.00142551847722351));
#9094=CARTESIAN_POINT('',(0.00209574713308496,0.00014528321985135,0.00142551720148826));
#9095=CARTESIAN_POINT('',(0.00209511833354709,0.000160298978147282,0.00143537276124643));
#9096=CARTESIAN_POINT('',(0.00209624278046949,0.000160298512584276,0.00142862607971205));
#9097=CARTESIAN_POINT('',(0.00209673331438641,0.000152065047493061,0.00142568287621051));
#9098=CARTESIAN_POINT('',(0.00209673352700896,0.00014528321985135,0.00142568160047526));
#9099=CARTESIAN_POINT('',(0.002096445074083,0.000134428501522,0.001427412318031));
#9100=CARTESIAN_POINT('',(0.002095458680159,0.000134428501522,0.001427247919044));
#9101=CARTESIAN_POINT('',(0.,0.,0.));
#9102=CARTESIAN_POINT('',(0.002069734320442,3.5450046376E-5,0.001587676839872));
#9103=CARTESIAN_POINT('',(0.002070653853424,3.5450046376E-5,0.001576076879452));
#9104=CARTESIAN_POINT('',(0.00207065385342403,3.5450046376E-5,0.00157607687945184));
#9105=CARTESIAN_POINT('',(0.00206874792651902,3.5450046376E-5,0.00158751244088484));
#9106=CARTESIAN_POINT('',(0.002069734320442,3.5450046376E-5,0.001587676839872));
#9107=CARTESIAN_POINT('',(0.00206973432044321,3.5450046376E-5,0.0015876768398722));
#9108=CARTESIAN_POINT('',(0.002271256664194,3.5450046376E-5,0.000378542777365));
#9109=CARTESIAN_POINT('',(0.00207164024734872,3.5450046376E-5,0.00157624127843912));
#9110=CARTESIAN_POINT('',(0.002071640247348,3.5450046376E-5,0.001576241278439));
#9111=CARTESIAN_POINT('',(0.002069734320442,-5.048524464E-6,0.001587676839872));
#9112=CARTESIAN_POINT('',(0.00206874792651902,-5.048524464E-6,0.00158751244088484));
#9113=CARTESIAN_POINT('',(0.00206874792651901,-5.04852446399968E-6,0.00158751244088492));
#9114=CARTESIAN_POINT('',(0.002069734320442,-5.04852446399968E-6,0.001587676839872));
#9115=CARTESIAN_POINT('',(0.00206973432044321,-5.04852446399984E-6,0.0015876768398722));
#9116=CARTESIAN_POINT('',(0.00206973432044321,-1.530012955296E-18,0.0015876768398722));
#9117=CARTESIAN_POINT('',(0.002054922789826,-5.048524464E-6,0.00167654602357));
#9118=CARTESIAN_POINT('',(0.002068747926519,-5.04852446399968E-6,0.001587512440885));
#9119=CARTESIAN_POINT('',(0.00205393639590205,-5.048524464E-6,0.00167638162458267));
#9120=CARTESIAN_POINT('',(0.002054922789826,-5.048524464E-6,0.00167654602357));
#9121=CARTESIAN_POINT('',(0.00205492278982692,-5.048524464E-6,0.00167654602357016));
#9122=CARTESIAN_POINT('',(0.002271256664194,-5.048524464E-6,0.000378542777365));
#9123=CARTESIAN_POINT('',(0.002054922789826,-1.8175468158E-5,0.00167654602357));
#9124=CARTESIAN_POINT('',(0.00205393639590205,-1.8175468158E-5,0.00167638162458267));
#9125=CARTESIAN_POINT('',(0.00205393639590202,-1.81754681580003E-5,0.00167638162458284));
#9126=CARTESIAN_POINT('',(0.002054922789826,-1.81754681580003E-5,0.00167654602357));
#9127=CARTESIAN_POINT('',(0.00205492278982692,-1.81754681580002E-5,0.00167654602357016));
#9128=CARTESIAN_POINT('',(0.00205492278982692,-1.530012955296E-18,0.00167654602357016));
#9129=CARTESIAN_POINT('',(0.002071640247348,-1.8175468158E-5,0.001576241278439));
#9130=CARTESIAN_POINT('',(0.002053936395902,-1.81754681580003E-5,0.001676381624583));
#9131=CARTESIAN_POINT('',(0.00207065385342405,-1.8175468158E-5,0.00157607687945167));
#9132=CARTESIAN_POINT('',(0.002071640247348,-1.8175468158E-5,0.001576241278439));
#9133=CARTESIAN_POINT('',(0.00207164024734872,-1.8175468158E-5,0.00157624127843912));
#9134=CARTESIAN_POINT('',(0.002271256664194,-1.8175468158E-5,0.000378542777365));
#9135=CARTESIAN_POINT('',(0.002071640247348,3.5450046376E-5,0.001576241278439));
#9136=CARTESIAN_POINT('',(0.00207065385342405,3.5450046376E-5,0.00157607687945167));
#9137=CARTESIAN_POINT('',(0.00207164024734872,-1.530012955296E-18,0.00157624127843912));
#9138=CARTESIAN_POINT('',(0.002271256664194,-1.530012955296E-18,0.000378542777365));
#9139=CARTESIAN_POINT('',(0.00227027027027,-1.530012955296E-18,0.000378378378378));
#9140=CARTESIAN_POINT('',(0.,0.,0.));
#9141=CARTESIAN_POINT('',(0.002271256664194,0.,0.000378542777365));
#9142=CARTESIAN_POINT('',(0.00207164024734872,0.000389929513996,0.00157624127843912));
#9143=CARTESIAN_POINT('',(0.00207164024734872,0.000389929513996016,0.00157624127843912));
#9144=CARTESIAN_POINT('',(0.00205492278982692,0.000351198531613,0.00167654602357016));
#9145=CARTESIAN_POINT('',(0.00205492278982692,0.,0.00167654602357016));
#9146=CARTESIAN_POINT('',(0.00205492278982691,0.000337161799742691,0.00167654602357021));
#9147=CARTESIAN_POINT('',(0.00205492278982692,0.000337161799743,0.00167654602357016));
#9148=CARTESIAN_POINT('',(0.00207164024734872,0.00029843081736,0.00157624127843912));
#9149=CARTESIAN_POINT('',(0.00207164024734872,0.,0.00157624127843912));
#9150=CARTESIAN_POINT('',(0.00207164024734873,0.000312935440292313,0.00157624127843906));
#9151=CARTESIAN_POINT('',(0.00207164024734872,0.000312935440292,0.00157624127843912));
#9152=CARTESIAN_POINT('',(0.00206706773212673,0.000322709164706,0.00160367636977112));
#9153=CARTESIAN_POINT('',(0.00206706773212673,0.,0.00160367636977112));
#9154=CARTESIAN_POINT('',(0.00206706773212673,0.000365053305847921,0.00160367636977111));
#9155=CARTESIAN_POINT('',(0.00206706773212673,0.000365053305848,0.00160367636977112));
#9156=CARTESIAN_POINT('',(0.00207164024734872,0.000375424891063,0.00157624127843912));
#9157=CARTESIAN_POINT('',(0.00207164024734872,0.,0.00157624127843912));
#9158=CARTESIAN_POINT('',(0.002065178898735,0.000326868196371,0.001615009370116));
#9159=CARTESIAN_POINT('',(0.002065178898735,0.000326868196370975,0.00161500937011601));
#9160=CARTESIAN_POINT('',(0.002065178898735,0.000360998249974,0.001615009370116));
#9161=CARTESIAN_POINT('',(0.00205823125187649,0.000342072758671478,0.0016566952512661));
#9162=CARTESIAN_POINT('',(0.00205823038494954,0.000342074655897,0.00165670045283109));
#9163=CARTESIAN_POINT('',(0.00205823038495007,0.000342074655897,0.00165670045283118));
#9164=CARTESIAN_POINT('',(0.00205795688871258,0.000342698510647,0.0016583414302561));
#9165=CARTESIAN_POINT('',(0.00205756373787091,0.000343244383553,0.00166070033530615));
#9166=CARTESIAN_POINT('',(0.00205705947918291,0.000343738268564,0.00166372588743415));
#9167=CARTESIAN_POINT('',(0.00205705947918245,0.000343738344959954,0.00166372588743408));
#9168=CARTESIAN_POINT('',(0.002057059479182,0.000344050195938,0.001663725887434));
#9169=CARTESIAN_POINT('',(0.00205705947918245,0.000344050195938,0.00166372588743408));
#9170=CARTESIAN_POINT('',(0.00205705947918291,0.000344050195938,0.00166372588743415));
#9171=CARTESIAN_POINT('',(0.00205761501841559,0.000344622062792,0.0016603926520381));
#9172=CARTESIAN_POINT('',(0.00205799962249975,0.00034514194175,0.00165808502753312));
#9173=CARTESIAN_POINT('',(0.00205823038495007,0.000345635826761,0.00165670045283118));
#9174=CARTESIAN_POINT('',(0.00205823039246037,0.00034563584336631,0.00165670040776608));
#9175=CARTESIAN_POINT('',(0.002065178898735,0.000360998249974,0.001615009370116));
#9176=CARTESIAN_POINT('',(0.00227027027027,0.,0.000378378378378));
#9177=CARTESIAN_POINT('',(0.00207065385342401,0.000389929513995924,0.00157607687945197));
#9178=CARTESIAN_POINT('',(0.00207065385342403,0.000389929513995981,0.00157607687945182));
#9179=CARTESIAN_POINT('',(0.00205393639590205,0.000351198531613,0.00167638162458267));
#9180=CARTESIAN_POINT('',(0.00207065385342405,0.000389929513996,0.00157607687945167));
#9181=CARTESIAN_POINT('',(0.00207065385342405,0.000375424891063,0.00157607687945167));
#9182=CARTESIAN_POINT('',(0.00206608133820201,0.000365053305847736,0.00160351197078391));
#9183=CARTESIAN_POINT('',(0.00206608133820203,0.000365053305847779,0.00160351197078379));
#9184=CARTESIAN_POINT('',(0.00206608133820205,0.000365053305848,0.00160351197078367));
#9185=CARTESIAN_POINT('',(0.00206608133820205,0.000322709164706,0.00160351197078367));
#9186=CARTESIAN_POINT('',(0.00207065385342404,0.000312935440292729,0.00157607687945174));
#9187=CARTESIAN_POINT('',(0.00207065385342405,0.000312935440292716,0.00157607687945171));
#9188=CARTESIAN_POINT('',(0.00207065385342405,0.000312935440292,0.00157607687945167));
#9189=CARTESIAN_POINT('',(0.00207065385342405,0.00029843081736,0.00157607687945167));
#9190=CARTESIAN_POINT('',(0.00205393639590197,0.000337161799742492,0.00167638162458319));
#9191=CARTESIAN_POINT('',(0.00205393639590201,0.000337161799742392,0.00167638162458293));
#9192=CARTESIAN_POINT('',(0.00205393639590205,0.000337161799743,0.00167638162458267));
#9193=CARTESIAN_POINT('',(0.00205724399102626,0.000342074655897,0.00165653605384304));
#9194=CARTESIAN_POINT('',(0.00205724399854598,0.000342074639440333,0.00165653600872472));
#9195=CARTESIAN_POINT('',(0.00206419250481205,0.000326868196370883,0.0016148449711282));
#9196=CARTESIAN_POINT('',(0.00206419250481205,0.,0.00161484497112818));
#9197=CARTESIAN_POINT('',(0.002064192504812,0.000360998249973947,0.00161484497112848));
#9198=CARTESIAN_POINT('',(0.00206419250481205,0.000360998249974,0.00161484497112818));
#9199=CARTESIAN_POINT('',(0.00205724399102626,0.000345635826760991,0.00165653605384304));
#9200=CARTESIAN_POINT('',(0.00205724399102626,0.000345635826761,0.00165653605384304));
#9201=CARTESIAN_POINT('',(0.00205701322857575,0.00034514194175,0.00165792062854613));
#9202=CARTESIAN_POINT('',(0.00205662862449159,0.000344622062792,0.0016602282530511));
#9203=CARTESIAN_POINT('',(0.00205607308525907,0.000344050195938,0.00166356148844618));
#9204=CARTESIAN_POINT('',(0.00205607308525901,0.000344050119849471,0.00166356148844651));
#9205=CARTESIAN_POINT('',(0.00205607308525907,0.,0.00166356148844618));
#9206=CARTESIAN_POINT('',(0.00205607309072609,0.00034373826320941,0.00166356145564406));
#9207=CARTESIAN_POINT('',(0.00205607308525907,0.000343738268564,0.00166356148844618));
#9208=CARTESIAN_POINT('',(0.00205657734394707,0.000343244383553,0.00166053593631818));
#9209=CARTESIAN_POINT('',(0.00205697049478859,0.000342698510647,0.0016581770312691));
#9210=CARTESIAN_POINT('',(0.00205724399102626,0.000342074655897,0.00165653605384304));
#9211=CARTESIAN_POINT('',(0.002054922789826,0.000351198531613,0.00167654602357));
#9212=CARTESIAN_POINT('',(0.002054922789826,0.000351198531613,0.00167654602357));
#9213=CARTESIAN_POINT('',(0.002071640247348,0.000389929513996033,0.00157624127843901));
#9214=CARTESIAN_POINT('',(0.002054922789826,0.000337161799743,0.00167654602357));
#9215=CARTESIAN_POINT('',(0.00205492278982596,0.000337161799742382,0.00167654602357023));
#9216=CARTESIAN_POINT('',(0.002071640247348,0.00029843081736,0.001576241278439));
#9217=CARTESIAN_POINT('',(0.002071640247348,0.00029843081736,0.001576241278439));
#9218=CARTESIAN_POINT('',(0.002071640247348,0.000312935440292,0.001576241278439));
#9219=CARTESIAN_POINT('',(0.00207164024734803,0.000312935440292627,0.00157624127843878));
#9220=CARTESIAN_POINT('',(0.002067067732126,0.000322709164706,0.001603676369771));
#9221=CARTESIAN_POINT('',(0.002067067732126,0.000322709164706,0.001603676369771));
#9222=CARTESIAN_POINT('',(0.002067067732126,0.000365053305848,0.001603676369771));
#9223=CARTESIAN_POINT('',(0.00206706773212601,0.000365053305847843,0.00160367636977094));
#9224=CARTESIAN_POINT('',(0.002071640247348,0.000375424891063,0.001576241278439));
#9225=CARTESIAN_POINT('',(0.002071640247348,0.000375424891063,0.001576241278439));
#9226=CARTESIAN_POINT('',(0.002071640247348,0.000389929513996,0.001576241278439));
#9227=CARTESIAN_POINT('',(0.002065178898735,0.000326868196371,0.001615009370116));
#9228=CARTESIAN_POINT('',(0.002065178898735,0.000326868196370977,0.00161500937011601));
#9229=CARTESIAN_POINT('',(0.002065178898735,0.000360998249974,0.001615009370116));
#9230=CARTESIAN_POINT('',(0.002065178898735,0.000360998249974,0.001615009370116));
#9231=CARTESIAN_POINT('',(0.00205823038494902,0.000345635826760697,0.00165670045283089));
#9232=CARTESIAN_POINT('',(0.00205823038494873,0.000345635826760411,0.00165670045283265));
#9233=CARTESIAN_POINT('',(0.00205724399102573,0.000345635826760411,0.00165653605384465));
#9234=CARTESIAN_POINT('',(0.00205799962249869,0.000345141941749586,0.00165808502753483));
#9235=CARTESIAN_POINT('',(0.00205701322857469,0.000345141941749586,0.00165792062854784));
#9236=CARTESIAN_POINT('',(0.00205761501841478,0.000344622062791773,0.00166039265203932));
#9237=CARTESIAN_POINT('',(0.00205662862449078,0.000344622062791773,0.00166022825305232));
#9238=CARTESIAN_POINT('',(0.002057059479182,0.000344050195938,0.001663725887434));
#9239=CARTESIAN_POINT('',(0.002056073085258,0.000344050195938,0.001663561488446));
#9240=CARTESIAN_POINT('',(0.002057059479182,0.000344050195938,0.001663725887434));
#9241=CARTESIAN_POINT('',(0.002057059479182,0.000344050195938,0.001663725887434));
#9242=CARTESIAN_POINT('',(0.002057059479182,0.000343738268564,0.001663725887434));
#9243=CARTESIAN_POINT('',(0.002057059479182,0.000343738268564,0.001663725887434));
#9244=CARTESIAN_POINT('',(0.002056073085258,0.000343738268564,0.001663561488446));
#9245=CARTESIAN_POINT('',(0.00205756373787,0.000343244383553,0.001660700335306));
#9246=CARTESIAN_POINT('',(0.002056577343946,0.000343244383553,0.001660535936318));
#9247=CARTESIAN_POINT('',(0.002057956888712,0.000342698510647,0.001658341430256));
#9248=CARTESIAN_POINT('',(0.002056970494788,0.000342698510647,0.001658177031269));
#9249=CARTESIAN_POINT('',(0.002058230384949,0.000342074655897,0.001656700452831));
#9250=CARTESIAN_POINT('',(0.002057243991026,0.000342074655897,0.001656536053843));
#9251=CARTESIAN_POINT('',(0.00205724399102599,0.000342074655896737,0.00165653605384309));
#9252=CARTESIAN_POINT('',(0.002058230384949,0.000342074655897,0.001656700452831));
#9253=CARTESIAN_POINT('',(0.,0.,0.));
#9254=CARTESIAN_POINT('',(0.002271256664194,-5.656660800927E-18,0.000378542777365));
#9255=CARTESIAN_POINT('',(0.00209816083563616,0.000517273864797,0.00141711774871419));
#9256=CARTESIAN_POINT('',(0.00209816083563617,0.000517273864796664,0.00141711774871413));
#9257=CARTESIAN_POINT('',(0.00208144337811437,0.000478542882414,0.00151742249384506));
#9258=CARTESIAN_POINT('',(0.00208144337811437,-5.656660800927E-18,0.00151742249384506));
#9259=CARTESIAN_POINT('',(0.00208144337811437,0.000464506150542989,0.00151742249384506));
#9260=CARTESIAN_POINT('',(0.00208144337811437,0.000464506150543,0.00151742249384506));
#9261=CARTESIAN_POINT('',(0.00209816083563616,0.00042577516816,0.00141711774871419));
#9262=CARTESIAN_POINT('',(0.00209816083563616,-5.656660800927E-18,0.00141711774871419));
#9263=CARTESIAN_POINT('',(0.00209816083563615,0.000440279791092941,0.0014171177487142));
#9264=CARTESIAN_POINT('',(0.00209816083563616,0.000440279791093,0.00141711774871419));
#9265=CARTESIAN_POINT('',(0.00209358832041435,0.000450053515506,0.00144455284004506));
#9266=CARTESIAN_POINT('',(0.00209358832041435,-5.656660800927E-18,0.00144455284004506));
#9267=CARTESIAN_POINT('',(0.00209358832041435,0.000492397656649125,0.00144455284004508));
#9268=CARTESIAN_POINT('',(0.00209358832041435,0.000492397656649,0.00144455284004506));
#9269=CARTESIAN_POINT('',(0.00209816083563616,0.000502769241865,0.00141711774871419));
#9270=CARTESIAN_POINT('',(0.00209816083563616,-5.656660800927E-18,0.00141711774871419));
#9271=CARTESIAN_POINT('',(0.002091699487023,0.000454212547173,0.00145588584039));
#9272=CARTESIAN_POINT('',(0.00209169948702299,0.000454212547172563,0.00145588584039007));
#9273=CARTESIAN_POINT('',(0.002091699487023,0.000488342600776,0.00145588584039));
#9274=CARTESIAN_POINT('',(0.00208475184016448,0.000469417109472481,0.0014975717215411));
#9275=CARTESIAN_POINT('',(0.00208475097323726,0.000469419006698,0.00149757692310604));
#9276=CARTESIAN_POINT('',(0.00208475097323753,0.000469419006698,0.00149757692310609));
#9277=CARTESIAN_POINT('',(0.00208447747700002,0.000470042861448,0.00149921790053117));
#9278=CARTESIAN_POINT('',(0.00208408432615854,0.000470588734354,0.00150157680558009));
#9279=CARTESIAN_POINT('',(0.00208358006747054,0.000471082619364,0.00150460235770809));
#9280=CARTESIAN_POINT('',(0.00208358006747026,0.000471082695759954,0.00150460235770804));
#9281=CARTESIAN_POINT('',(0.00208358006747,0.00047139454674,0.001504602357708));
#9282=CARTESIAN_POINT('',(0.00208358006747026,0.00047139454674,0.00150460235770804));
#9283=CARTESIAN_POINT('',(0.00208358006747054,0.00047139454674,0.00150460235770809));
#9284=CARTESIAN_POINT('',(0.00208413560670302,0.000471966413593,0.00150126912231317));
#9285=CARTESIAN_POINT('',(0.00208452021078702,0.000472486292552,0.00149896149780917));
#9286=CARTESIAN_POINT('',(0.00208475097323753,0.000472980177561,0.00149757692310609));
#9287=CARTESIAN_POINT('',(0.00208475098074803,0.00047298019416739,0.00149757687804143));
#9288=CARTESIAN_POINT('',(0.002091699487023,0.000488342600776,0.00145588584039));
#9289=CARTESIAN_POINT('',(0.00227027027027,-5.656660800927E-18,0.000378378378378));
#9290=CARTESIAN_POINT('',(0.00209717444171204,0.000517273864796273,0.00141695334972673));
#9291=CARTESIAN_POINT('',(0.00209717444171203,0.000517273864796252,0.00141695334972678));
#9292=CARTESIAN_POINT('',(0.00208045698419006,0.000478542882414,0.00151725809485767));
#9293=CARTESIAN_POINT('',(0.00209717444171202,0.000517273864797,0.00141695334972684));
#9294=CARTESIAN_POINT('',(0.00209717444171203,0.000502769241865,0.00141695334972684));
#9295=CARTESIAN_POINT('',(0.00209260192648999,0.000492397656649143,0.00144438844105805));
#9296=CARTESIAN_POINT('',(0.00209260192649003,0.000492397656649214,0.00144438844105786));
#9297=CARTESIAN_POINT('',(0.00209260192649006,0.000492397656649,0.00144438844105768));
#9298=CARTESIAN_POINT('',(0.00209260192649006,0.000450053515506,0.00144438844105768));
#9299=CARTESIAN_POINT('',(0.00209717444171199,0.000440279791092934,0.00141695334972702));
#9300=CARTESIAN_POINT('',(0.00209717444171201,0.000440279791092901,0.00141695334972693));
#9301=CARTESIAN_POINT('',(0.00209717444171202,0.000440279791093,0.00141695334972684));
#9302=CARTESIAN_POINT('',(0.00209717444171202,0.00042577516816,0.00141695334972684));
#9303=CARTESIAN_POINT('',(0.00208045698419001,0.000464506150543087,0.00151725809485796));
#9304=CARTESIAN_POINT('',(0.00208045698419003,0.000464506150543031,0.00151725809485782));
#9305=CARTESIAN_POINT('',(0.00208045698419006,0.000464506150543,0.00151725809485767));
#9306=CARTESIAN_POINT('',(0.00208376457931353,0.000469419006698,0.00149741252411909));
#9307=CARTESIAN_POINT('',(0.00208376458683326,0.000469418990241491,0.0014974124790007));
#9308=CARTESIAN_POINT('',(0.00209071309309952,0.000454212547172847,0.00145572144140311));
#9309=CARTESIAN_POINT('',(0.00209071309309952,-5.656660800927E-18,0.00145572144140309));
#9310=CARTESIAN_POINT('',(0.00209071309309955,0.000488342600776026,0.00145572144140293));
#9311=CARTESIAN_POINT('',(0.00209071309309952,0.000488342600776,0.00145572144140309));
#9312=CARTESIAN_POINT('',(0.00208376457931352,0.000472980177561168,0.00149741252411915));
#9313=CARTESIAN_POINT('',(0.00208376457931353,0.000472980177561,0.00149741252411909));
#9314=CARTESIAN_POINT('',(0.0020835338168632,0.000472486292552,0.00149879709882104));
#9315=CARTESIAN_POINT('',(0.00208314921277902,0.000471966413593,0.00150110472332617));
#9316=CARTESIAN_POINT('',(0.00208259367354654,0.00047139454674,0.00150443795872109));
#9317=CARTESIAN_POINT('',(0.00208259367354656,0.000471394470651476,0.00150443795872093));
#9318=CARTESIAN_POINT('',(0.00208259367354653,-5.656660800927E-18,0.00150443795872109));
#9319=CARTESIAN_POINT('',(0.00208259367901361,0.00047108261400938,0.00150443792591862));
#9320=CARTESIAN_POINT('',(0.00208259367354654,0.000471082619364,0.00150443795872109));
#9321=CARTESIAN_POINT('',(0.00208309793223454,0.000470588734354,0.00150141240659309));
#9322=CARTESIAN_POINT('',(0.00208349108307602,0.000470042861448,0.00149905350154417));
#9323=CARTESIAN_POINT('',(0.00208376457931353,0.000469419006698,0.00149741252411909));
#9324=CARTESIAN_POINT('',(0.002081443378114,0.000478542882414,0.001517422493845));
#9325=CARTESIAN_POINT('',(0.002081443378114,0.000478542882414,0.001517422493845));
#9326=CARTESIAN_POINT('',(0.00209816083563504,0.000517273864796328,0.00141711774871375));
#9327=CARTESIAN_POINT('',(0.002081443378114,0.000464506150543,0.001517422493845));
#9328=CARTESIAN_POINT('',(0.002081443378114,0.000464506150542978,0.00151742249384501));
#9329=CARTESIAN_POINT('',(0.002098160835635,0.00042577516816,0.001417117748714));
#9330=CARTESIAN_POINT('',(0.002098160835635,0.00042577516816,0.001417117748714));
#9331=CARTESIAN_POINT('',(0.002098160835635,0.000440279791093,0.001417117748714));
#9332=CARTESIAN_POINT('',(0.002098160835635,0.000440279791092883,0.00141711774871404));
#9333=CARTESIAN_POINT('',(0.002093588320414,0.000450053515506,0.001444552840045));
#9334=CARTESIAN_POINT('',(0.002093588320414,0.000450053515506,0.001444552840045));
#9335=CARTESIAN_POINT('',(0.002093588320414,0.000492397656649,0.001444552840045));
#9336=CARTESIAN_POINT('',(0.00209358832041398,0.00049239765664925,0.00144455284004509));
#9337=CARTESIAN_POINT('',(0.002098160835635,0.000502769241865,0.001417117748714));
#9338=CARTESIAN_POINT('',(0.002098160835635,0.000502769241865,0.001417117748714));
#9339=CARTESIAN_POINT('',(0.002098160835635,0.000517273864797,0.001417117748714));
#9340=CARTESIAN_POINT('',(0.002091699487023,0.000454212547173,0.00145588584039));
#9341=CARTESIAN_POINT('',(0.00209169948702298,0.000454212547172589,0.00145588584039015));
#9342=CARTESIAN_POINT('',(0.002091699487023,0.000488342600776,0.00145588584039));
#9343=CARTESIAN_POINT('',(0.002091699487023,0.000488342600776,0.00145588584039));
#9344=CARTESIAN_POINT('',(0.00208475097323695,0.000472980177561777,0.00149757692310628));
#9345=CARTESIAN_POINT('',(0.00208475097323672,0.00047298017756041,0.00149757692310765));
#9346=CARTESIAN_POINT('',(0.00208376457931273,0.00047298017756041,0.00149741252412065));
#9347=CARTESIAN_POINT('',(0.00208452021078569,0.000472486292551586,0.00149896149781084));
#9348=CARTESIAN_POINT('',(0.00208353381686269,0.000472486292551586,0.00149879709882284));
#9349=CARTESIAN_POINT('',(0.00208413560670178,0.000471966413592772,0.00150126912231432));
#9350=CARTESIAN_POINT('',(0.00208314921277778,0.000471966413592772,0.00150110472332732));
#9351=CARTESIAN_POINT('',(0.00208358006747,0.00047139454674,0.001504602357708));
#9352=CARTESIAN_POINT('',(0.002082593673546,0.00047139454674,0.001504437958721));
#9353=CARTESIAN_POINT('',(0.00208358006747,0.00047139454674,0.001504602357708));
#9354=CARTESIAN_POINT('',(0.00208358006747,0.00047139454674,0.001504602357708));
#9355=CARTESIAN_POINT('',(0.00208358006747,0.000471082619364,0.001504602357708));
#9356=CARTESIAN_POINT('',(0.00208358006747,0.000471082619364,0.001504602357708));
#9357=CARTESIAN_POINT('',(0.002082593673546,0.000471082619364,0.001504437958721));
#9358=CARTESIAN_POINT('',(0.002084084326158,0.000470588734354,0.00150157680558));
#9359=CARTESIAN_POINT('',(0.002083097932234,0.000470588734354,0.001501412406593));
#9360=CARTESIAN_POINT('',(0.002084477476999,0.000470042861448,0.001499217900531));
#9361=CARTESIAN_POINT('',(0.002083491083075,0.000470042861448,0.001499053501544));
#9362=CARTESIAN_POINT('',(0.002084750973237,0.000469419006698,0.001497576923106));
#9363=CARTESIAN_POINT('',(0.002083764579313,0.000469419006698,0.001497412524119));
#9364=CARTESIAN_POINT('',(0.002083764579313,0.000469419006698104,0.00149741252411896));
#9365=CARTESIAN_POINT('',(0.002084750973237,0.000469419006698,0.001497576923106));
#9366=CARTESIAN_POINT('',(0.,0.,0.));
#9367=CARTESIAN_POINT('',(0.00209625490873,0.000318134229874,0.001428553310148));
#9368=CARTESIAN_POINT('',(0.002097174441712,0.000318134229874,0.001416953349727));
#9369=CARTESIAN_POINT('',(0.00209717444171201,0.000318134229874,0.00141695334972692));
#9370=CARTESIAN_POINT('',(0.00209526851480589,0.000318134229874,0.00142838891116065));
#9371=CARTESIAN_POINT('',(0.00209625490873,0.000318134229874,0.001428553310148));
#9372=CARTESIAN_POINT('',(0.00209625490873051,0.000318134229874,0.00142855331014808));
#9373=CARTESIAN_POINT('',(0.002271256664194,0.000318134229874,0.000378542777365));
#9374=CARTESIAN_POINT('',(0.00209816083563616,0.000318134229874,0.00141711774871419));
#9375=CARTESIAN_POINT('',(0.002098160835635,0.000318134229874,0.001417117748714));
#9376=CARTESIAN_POINT('',(0.00209625490873,0.00027656990717,0.001428553310148));
#9377=CARTESIAN_POINT('',(0.00209526851480589,0.00027656990717,0.00142838891116065));
#9378=CARTESIAN_POINT('',(0.00209526851480595,0.00027656990717,0.00142838891116032));
#9379=CARTESIAN_POINT('',(0.00209625490873,0.00027656990717,0.001428553310148));
#9380=CARTESIAN_POINT('',(0.00209625490873051,0.00027656990717,0.00142855331014808));
#9381=CARTESIAN_POINT('',(0.00209625490873051,0.,0.00142855331014808));
#9382=CARTESIAN_POINT('',(0.002090631142345,0.00027656990717,0.001462295908459));
#9383=CARTESIAN_POINT('',(0.002095268514806,0.00027656990717,0.00142838891116));
#9384=CARTESIAN_POINT('',(0.0020896447484209,0.00027656990717,0.00146213150947165));
#9385=CARTESIAN_POINT('',(0.002090631142345,0.00027656990717,0.001462295908459));
#9386=CARTESIAN_POINT('',(0.00209063114234536,0.00027656990717,0.00146229590845906));
#9387=CARTESIAN_POINT('',(0.002271256664194,0.00027656990717,0.000378542777365));
#9388=CARTESIAN_POINT('',(0.002090631142345,0.000312935440293,0.001462295908459));
#9389=CARTESIAN_POINT('',(0.0020896447484209,0.000312935440293,0.00146213150947165));
#9390=CARTESIAN_POINT('',(0.00208964474842094,0.000312935440293,0.00146213150947132));
#9391=CARTESIAN_POINT('',(0.002090631142345,0.000312935440293,0.001462295908459));
#9392=CARTESIAN_POINT('',(0.00209063114234536,0.000312935440293,0.00146229590845906));
#9393=CARTESIAN_POINT('',(0.00209063114234536,0.,0.00146229590845906));
#9394=CARTESIAN_POINT('',(0.002088716668682,0.000312935440293,0.001473782750437));
#9395=CARTESIAN_POINT('',(0.002089644748421,0.000312935440293,0.001462131509471));
#9396=CARTESIAN_POINT('',(0.00208773027475789,0.000312935440293,0.00147361835144965));
#9397=CARTESIAN_POINT('',(0.002088716668682,0.000312935440293,0.001473782750437));
#9398=CARTESIAN_POINT('',(0.00208871666868236,0.000312935440293,0.00147378275043706));
#9399=CARTESIAN_POINT('',(0.002271256664194,0.000312935440293,0.000378542777365));
#9400=CARTESIAN_POINT('',(0.002088716668682,0.00027656990717,0.001473782750437));
#9401=CARTESIAN_POINT('',(0.00208773027475789,0.00027656990717,0.00147361835144965));
#9402=CARTESIAN_POINT('',(0.00208773027475795,0.00027656990717,0.00147361835144932));
#9403=CARTESIAN_POINT('',(0.002088716668682,0.00027656990717,0.001473782750437));
#9404=CARTESIAN_POINT('',(0.00208871666868236,0.00027656990717,0.00147378275043706));
#9405=CARTESIAN_POINT('',(0.00208871666868236,0.,0.00147378275043706));
#9406=CARTESIAN_POINT('',(0.002083366398534,0.00027656990717,0.001505884371323));
#9407=CARTESIAN_POINT('',(0.002087730274758,0.00027656990717,0.001473618351449));
#9408=CARTESIAN_POINT('',(0.00208238000460989,0.00027656990717,0.00150571997233565));
#9409=CARTESIAN_POINT('',(0.002083366398534,0.00027656990717,0.001505884371323));
#9410=CARTESIAN_POINT('',(0.00208336639853469,0.00027656990717,0.00150588437132311));
#9411=CARTESIAN_POINT('',(0.002271256664194,0.00027656990717,0.000378542777365));
#9412=CARTESIAN_POINT('',(0.002083366398534,0.00031582076851,0.001505884371323));
#9413=CARTESIAN_POINT('',(0.00208238000460989,0.00031582076851,0.00150571997233565));
#9414=CARTESIAN_POINT('',(0.00208238000460994,0.00031582076851,0.00150571997233533));
#9415=CARTESIAN_POINT('',(0.002083366398534,0.00031582076851,0.001505884371323));
#9416=CARTESIAN_POINT('',(0.00208336639853469,0.00031582076851,0.00150588437132311));
#9417=CARTESIAN_POINT('',(0.00208336639853469,0.,0.00150588437132311));
#9418=CARTESIAN_POINT('',(0.002081443378114,0.00031582076851,0.001517422493845));
#9419=CARTESIAN_POINT('',(0.00208238000461,0.00031582076851,0.001505719972335));
#9420=CARTESIAN_POINT('',(0.00208045698419006,0.00031582076851,0.00151725809485767));
#9421=CARTESIAN_POINT('',(0.002081443378114,0.00031582076851,0.001517422493845));
#9422=CARTESIAN_POINT('',(0.00208144337811437,0.00031582076851,0.00151742249384506));
#9423=CARTESIAN_POINT('',(0.002271256664194,0.00031582076851,0.000378542777365));
#9424=CARTESIAN_POINT('',(0.002081443378114,0.000263442963476,0.001517422493845));
#9425=CARTESIAN_POINT('',(0.00208045698419006,0.000263442963476,0.00151725809485767));
#9426=CARTESIAN_POINT('',(0.00208045698419003,0.000263442963476,0.00151725809485784));
#9427=CARTESIAN_POINT('',(0.002081443378114,0.000263442963476,0.001517422493845));
#9428=CARTESIAN_POINT('',(0.00208144337811437,0.000263442963476,0.00151742249384506));
#9429=CARTESIAN_POINT('',(0.00208144337811437,0.,0.00151742249384506));
#9430=CARTESIAN_POINT('',(0.002098160835635,0.000263442963476,0.001417117748714));
#9431=CARTESIAN_POINT('',(0.00208045698419,0.000263442963476,0.001517258094858));
#9432=CARTESIAN_POINT('',(0.00209717444171202,0.000263442963476,0.00141695334972684));
#9433=CARTESIAN_POINT('',(0.002098160835635,0.000263442963476,0.001417117748714));
#9434=CARTESIAN_POINT('',(0.00209816083563615,0.000263442963476,0.00141711774871419));
#9435=CARTESIAN_POINT('',(0.002271256664194,0.000263442963476,0.000378542777365));
#9436=CARTESIAN_POINT('',(0.002098160835635,0.000318134229874,0.001417117748714));
#9437=CARTESIAN_POINT('',(0.00209717444171202,0.000318134229874,0.00141695334972684));
#9438=CARTESIAN_POINT('',(0.00209816083563616,0.,0.00141711774871419));
#9439=CARTESIAN_POINT('',(0.002271256664194,0.,0.000378542777365));
#9440=CARTESIAN_POINT('',(0.00227027027027,0.,0.000378378378378));
#9441=CARTESIAN_POINT('',(0.,0.,0.));
#9442=CARTESIAN_POINT('',(0.002086224220548,6.7458343981E-5,0.00148873743924));
#9443=CARTESIAN_POINT('',(0.00209351941267646,7.97002784999008E-5,0.00144496628660427));
#9444=CARTESIAN_POINT('',(0.00208545436312117,8.08023042999484E-5,0.00149031520253549));
#9445=CARTESIAN_POINT('',(0.00208656542098656,5.58033916198205E-5,0.0014836488553428));
#9446=CARTESIAN_POINT('',(0.002086224220548,5.5803307587E-5,0.00148873743924));
#9447=CARTESIAN_POINT('',(0.0020885994787288,5.58034497949229E-5,0.00147144450888909));
#9448=CARTESIAN_POINT('',(0.00209370900409747,7.97826859700128E-5,0.00144382873785218));
#9449=CARTESIAN_POINT('',(0.00208715516784591,7.95998200711234E-5,0.00148011037418699));
#9450=CARTESIAN_POINT('',(0.00208764832400384,7.9613763871E-5,0.00148019281850497));
#9451=CARTESIAN_POINT('',(0.00208764832400384,8.9413482232E-5,0.00148019281850497));
#9452=CARTESIAN_POINT('',(0.00208862265435016,9.4326338387E-5,0.00147434683642703));
#9453=CARTESIAN_POINT('',(0.00209057131504283,9.4326338387E-5,0.00146265487227097));
#9454=CARTESIAN_POINT('',(0.00209057131680366,9.43262619349945E-5,0.00146265486170598));
#9455=CARTESIAN_POINT('',(0.00209057131504283,9.4326338387E-5,0.00146265487227097));
#9456=CARTESIAN_POINT('',(0.00209106702697348,7.28033495190226E-5,0.00145968060068708));
#9457=CARTESIAN_POINT('',(0.00209106702697348,7.2803349519E-5,0.00145968060068708));
#9458=CARTESIAN_POINT('',(0.00209143453754283,5.6739089712E-5,0.00145747553727097));
#9459=CARTESIAN_POINT('',(0.00209273364467131,4.8706959808E-5,0.00144968089450005));
#9460=CARTESIAN_POINT('',(0.00209496434835898,4.8706959808E-5,0.001436296672374));
#9461=CARTESIAN_POINT('',(0.0020949643483587,4.8706959808E-5,0.00143629667237574));
#9462=CARTESIAN_POINT('',(0.00209514075318232,6.86004106429635E-5,0.00143523824339491));
#9463=CARTESIAN_POINT('',(0.00209700971923466,5.49236621452941E-5,0.00142098261328472));
#9464=CARTESIAN_POINT('',(0.00209448455507045,7.03714048671502E-5,0.00143917543214777));
#9465=CARTESIAN_POINT('',(0.00209794659342905,7.17355446033004E-5,0.00141536182068786));
#9466=CARTESIAN_POINT('',(0.00209844287863062,7.1737597655E-5,0.0014154254907441));
#9467=CARTESIAN_POINT('',(0.00209844287863062,8.1537316016E-5,0.0014154254907441));
#9468=CARTESIAN_POINT('',(0.00209773349776446,8.8971585118E-5,0.00141968177594108));
#9469=CARTESIAN_POINT('',(0.00209631473603198,9.3988417064E-5,0.001428194346336));
#9470=CARTESIAN_POINT('',(0.00209631473603198,9.3988482451112E-5,0.001428194346336));
#9471=CARTESIAN_POINT('',(0.00209631473603198,6.7458343981E-5,0.001428194346336));
#9472=CARTESIAN_POINT('',(0.00209631473603198,9.4326338387E-5,0.001428194346336));
#9473=CARTESIAN_POINT('',(0.002086224220548,9.4326338387E-5,0.00148873743924));
#9474=CARTESIAN_POINT('',(0.00209816083563562,9.4326338387E-5,0.0014171177487141));
#9475=CARTESIAN_POINT('',(0.00209816083563562,6.7458343981E-5,0.0014171177487141));
#9476=CARTESIAN_POINT('',(0.00209816083563562,0.000107063372862,0.0014171177487141));
#9477=CARTESIAN_POINT('',(0.002086224220548,0.000107063372862,0.00148873743924));
#9478=CARTESIAN_POINT('',(0.00209047730071132,0.000107063372862,0.00146321895826005));
#9479=CARTESIAN_POINT('',(0.00209047730071132,0.000107063372862,0.00146321895826005));
#9480=CARTESIAN_POINT('',(0.002087451748583,0.000107063372862,0.00148137227103));
#9481=CARTESIAN_POINT('',(0.00208594751927632,9.8303412417E-5,0.00149039764687005));
#9482=CARTESIAN_POINT('',(0.00208594751927632,8.0809485475E-5,0.00149039764687005));
#9483=CARTESIAN_POINT('',(0.00209466207555618,7.39828311414123E-5,0.00143811030918945));
#9484=CARTESIAN_POINT('',(0.00209278078758631,6.49527552041368E-5,0.00144634979068623));
#9485=CARTESIAN_POINT('',(0.00209429980053273,6.16378614606801E-5,0.00143724257806588));
#9486=CARTESIAN_POINT('',(0.00209643652999519,7.8514720769618E-5,0.00142746358251202));
#9487=CARTESIAN_POINT('',(0.00209205241691453,7.73263928085902E-5,0.00145072687977533));
#9488=CARTESIAN_POINT('',(0.002092169558681,9.4326338387E-5,0.001453065410441));
#9489=CARTESIAN_POINT('',(0.002092169558681,9.4326338387E-5,0.001453065410441));
#9490=CARTESIAN_POINT('',(0.002093314824176,9.4326338387E-5,0.001446193817471));
#9491=CARTESIAN_POINT('',(0.00209282157720682,9.4326338387E-5,0.00144611212922803));
#9492=CARTESIAN_POINT('',(0.00209344947874314,7.34567737932533E-5,0.00144538589007396));
#9493=CARTESIAN_POINT('',(0.00209526691475956,8.88697203143913E-5,0.00143150073142608));
#9494=CARTESIAN_POINT('',(0.00209378162930369,7.55882831433645E-5,0.00144339298663333));
#9495=CARTESIAN_POINT('',(0.00209671954189244,7.48625358799684E-5,0.00142576521549395));
#9496=CARTESIAN_POINT('',(0.00209440277658892,7.42757736168993E-5,0.00143966610297153));
#9497=CARTESIAN_POINT('',(0.0020961895492372,6.53369257898623E-5,0.00142894546710548));
#9498=CARTESIAN_POINT('',(0.00209485836275096,7.23579077996521E-5,0.00143693258602352));
#9499=CARTESIAN_POINT('',(0.002085237826624,6.7458343981E-5,0.001488573040253));
#9500=CARTESIAN_POINT('',(0.0020925330187516,7.97002785000668E-5,0.00144480188761633));
#9501=CARTESIAN_POINT('',(0.00208496112535249,8.0809485475E-5,0.00149023324788208));
#9502=CARTESIAN_POINT('',(0.00208496112535249,9.8303412417E-5,0.00149023324788208));
#9503=CARTESIAN_POINT('',(0.00208646535465916,0.000107063372862,0.00148120787204203));
#9504=CARTESIAN_POINT('',(0.00208949090678732,0.000107063372862,0.00146305455927305));
#9505=CARTESIAN_POINT('',(0.00208949091477871,0.000107063372862,0.0014630545113237));
#9506=CARTESIAN_POINT('',(0.002097174441712,0.000107063372862,0.001416953349727));
#9507=CARTESIAN_POINT('',(0.00209717444171201,0.000107063372862,0.00141695334972692));
#9508=CARTESIAN_POINT('',(0.00209717444171202,0.000107063372862,0.00141695334972684));
#9509=CARTESIAN_POINT('',(0.00209717444171202,9.4326338387E-5,0.00141695334972684));
#9510=CARTESIAN_POINT('',(0.002095328342108,9.4326338387E-5,0.001428029947348));
#9511=CARTESIAN_POINT('',(0.00209532834210794,9.4326338387E-5,0.00142802994734832));
#9512=CARTESIAN_POINT('',(0.00209532834210789,9.4326338387E-5,0.00142802994734865));
#9513=CARTESIAN_POINT('',(0.00209532834210802,9.3988417064E-5,0.00142802994734834));
#9514=CARTESIAN_POINT('',(0.00209532834210814,9.3988417064E-5,0.00142802994734802));
#9515=CARTESIAN_POINT('',(0.00209674710384046,8.8971585118E-5,0.00141951737695408));
#9516=CARTESIAN_POINT('',(0.00209745648470665,8.1537316016E-5,0.00141526109175694));
#9517=CARTESIAN_POINT('',(0.00209745648470665,7.1737597655E-5,0.00141526109175694));
#9518=CARTESIAN_POINT('',(0.00209349816113217,7.03714048663707E-5,0.00143901103315831));
#9519=CARTESIAN_POINT('',(0.00209415435926668,6.86004106430319E-5,0.00143507384440845));
#9520=CARTESIAN_POINT('',(0.0020939779544347,4.8706959808E-5,0.00143613227338874));
#9521=CARTESIAN_POINT('',(0.00209397795443498,4.8706959808E-5,0.001436132273387));
#9522=CARTESIAN_POINT('',(0.00209174725074731,4.8706959808E-5,0.00144951649551305));
#9523=CARTESIAN_POINT('',(0.00209044814361882,5.6739089712E-5,0.00145731113828397));
#9524=CARTESIAN_POINT('',(0.00209008063304948,7.2803349519E-5,0.00145951620170008));
#9525=CARTESIAN_POINT('',(0.00209008063194053,7.28033976596844E-5,0.0014595162083523));
#9526=CARTESIAN_POINT('',(0.00209008063304954,7.2803349519E-5,0.00145951620169976));
#9527=CARTESIAN_POINT('',(0.00208958492111896,9.43263383870142E-5,0.00146249047328322));
#9528=CARTESIAN_POINT('',(0.00208958492111899,9.4326338387E-5,0.001462490473283));
#9529=CARTESIAN_POINT('',(0.00208763626042632,9.4326338387E-5,0.00147418243743905));
#9530=CARTESIAN_POINT('',(0.00208666193007983,8.9413482232E-5,0.00148002841951797));
#9531=CARTESIAN_POINT('',(0.00208666193007983,7.9613763871E-5,0.00148002841951797));
#9532=CARTESIAN_POINT('',(0.00209272261018382,7.97826859703041E-5,0.00144366433886698));
#9533=CARTESIAN_POINT('',(0.002086072203818,5.58033075869999E-5,0.001483566777091));
#9534=CARTESIAN_POINT('',(0.00209545013607313,7.85147207696638E-5,0.00142729918352533));
#9535=CARTESIAN_POINT('',(0.00209367568163313,7.39828311414634E-5,0.00143794591020235));
#9536=CARTESIAN_POINT('',(0.00209387196882369,7.23579077996587E-5,0.00143676818703523));
#9537=CARTESIAN_POINT('',(0.00209519715205705,6.52957955534719E-5,0.00142881708765501));
#9538=CARTESIAN_POINT('',(0.00209341638266188,7.42757736170691E-5,0.0014395017039832));
#9539=CARTESIAN_POINT('',(0.00209573331536191,7.48625358777353E-5,0.00142560084440494));
#9540=CARTESIAN_POINT('',(0.00209279523539748,7.55882831423322E-5,0.00144322858764831));
#9541=CARTESIAN_POINT('',(0.00209246308481801,7.34567737932685E-5,0.00144522149108652));
#9542=CARTESIAN_POINT('',(0.002085237826624,9.4326338387E-5,0.001488573040253));
#9543=CARTESIAN_POINT('',(0.00209118316475731,9.4326338387E-5,0.00145290101145305));
#9544=CARTESIAN_POINT('',(0.00209118316475731,9.4326338387E-5,0.00145290101145305));
#9545=CARTESIAN_POINT('',(0.00209302621569325,7.97002784999838E-5,0.00144488408710684));
#9546=CARTESIAN_POINT('',(0.002089092726008,5.5803307587E-5,0.001471526406476));
#9547=CARTESIAN_POINT('',(0.00209321580714929,7.97826859701585E-5,0.00144374653836102));
#9548=CARTESIAN_POINT('',(0.002087648324004,7.9613763871E-5,0.001480192818505));
#9549=CARTESIAN_POINT('',(0.00208666193008,7.9613763871E-5,0.001480028419518));
#9550=CARTESIAN_POINT('',(0.002087648324004,8.9413482232E-5,0.001480192818505));
#9551=CARTESIAN_POINT('',(0.00208666193008,8.9413482232E-5,0.001480028419518));
#9552=CARTESIAN_POINT('',(0.00208862265435,9.4326338387E-5,0.001474346836427));
#9553=CARTESIAN_POINT('',(0.002087636260426,9.4326338387E-5,0.001474182437439));
#9554=CARTESIAN_POINT('',(0.002090571315043,9.4326338387E-5,0.001462654872271));
#9555=CARTESIAN_POINT('',(0.002089584921119,9.4326338387E-5,0.001462490473283));
#9556=CARTESIAN_POINT('',(0.00209057131504238,9.43263383870283E-5,0.00146265487227069));
#9557=CARTESIAN_POINT('',(0.002091067026973,7.2803349519E-5,0.001459680600687));
#9558=CARTESIAN_POINT('',(0.002091067026973,7.28033495190452E-5,0.00145968060068701));
#9559=CARTESIAN_POINT('',(0.002091067026973,7.2803349519E-5,0.001459680600687));
#9560=CARTESIAN_POINT('',(0.002090080633049,7.2803349519E-5,0.0014595162017));
#9561=CARTESIAN_POINT('',(0.002091434537543,5.6739089712E-5,0.001457475537271));
#9562=CARTESIAN_POINT('',(0.002090448143619,5.6739089712E-5,0.001457311138284));
#9563=CARTESIAN_POINT('',(0.002092733644671,4.8706959808E-5,0.0014496808945));
#9564=CARTESIAN_POINT('',(0.002091747250747,4.8706959808E-5,0.001449516495513));
#9565=CARTESIAN_POINT('',(0.002094964348359,4.8706959808E-5,0.001436296672374));
#9566=CARTESIAN_POINT('',(0.002093977954435,4.8706959808E-5,0.001436132273387));
#9567=CARTESIAN_POINT('',(0.00209496490235755,4.87694350976096E-5,0.00143629334838273));
#9568=CARTESIAN_POINT('',(0.00209463610438289,4.87694350976474E-5,0.00143623854872039));
#9569=CARTESIAN_POINT('',(0.00209430730640822,4.87694350976852E-5,0.00143618374905806));
#9570=CARTESIAN_POINT('',(0.00209397850843355,4.8769435097723E-5,0.00143612894939572));
#9571=CARTESIAN_POINT('',(0.00209464755622733,6.86004106429977E-5,0.00143515604390215));
#9572=CARTESIAN_POINT('',(0.00209399135810114,7.03714048667605E-5,0.00143909323265301));
#9573=CARTESIAN_POINT('',(0.00209844287863,7.1737597655E-5,0.001415425490744));
#9574=CARTESIAN_POINT('',(0.002097456484707,7.1737597655E-5,0.001415261091757));
#9575=CARTESIAN_POINT('',(0.00209844287863,8.1537316016E-5,0.001415425490744));
#9576=CARTESIAN_POINT('',(0.002097456484707,8.1537316016E-5,0.001415261091757));
#9577=CARTESIAN_POINT('',(0.002097733497764,8.8971585118E-5,0.001419681775941));
#9578=CARTESIAN_POINT('',(0.00209674710384,8.8971585118E-5,0.001419517376954));
#9579=CARTESIAN_POINT('',(0.002096314736032,9.3988417064E-5,0.001428194346336));
#9580=CARTESIAN_POINT('',(0.002095328342108,9.3988417064E-5,0.001428029947348));
#9581=CARTESIAN_POINT('',(0.002096314736032,9.3988417064E-5,0.001428194346336));
#9582=CARTESIAN_POINT('',(0.002096314736032,9.4326338387E-5,0.001428194346336));
#9583=CARTESIAN_POINT('',(0.002096314736032,9.4326338387E-5,0.001428194346336));
#9584=CARTESIAN_POINT('',(0.002098160835635,9.4326338387E-5,0.001417117748714));
#9585=CARTESIAN_POINT('',(0.002098160835635,9.4326338387E-5,0.001417117748714));
#9586=CARTESIAN_POINT('',(0.002098160835635,0.000107063372862,0.001417117748714));
#9587=CARTESIAN_POINT('',(0.002098160835635,0.000107063372862,0.001417117748714));
#9588=CARTESIAN_POINT('',(0.002090477300711,0.000107063372862,0.00146321895826));
#9589=CARTESIAN_POINT('',(0.002089490906787,0.000107063372862,0.001463054559273));
#9590=CARTESIAN_POINT('',(0.002090477300711,0.000107063372862,0.00146321895826));
#9591=CARTESIAN_POINT('',(0.002089490906787,0.000107063372862,0.001463054559273));
#9592=CARTESIAN_POINT('',(0.002087451748583,0.000107063372862,0.00148137227103));
#9593=CARTESIAN_POINT('',(0.002086465354659,0.000107063372862,0.001481207872042));
#9594=CARTESIAN_POINT('',(0.002085947519276,9.8303412417E-5,0.00149039764687));
#9595=CARTESIAN_POINT('',(0.002084961125352,9.8303412417E-5,0.001490233247882));
#9596=CARTESIAN_POINT('',(0.002085947519276,8.0809485475E-5,0.00149039764687));
#9597=CARTESIAN_POINT('',(0.002084961125352,8.0809485475E-5,0.001490233247882));
#9598=CARTESIAN_POINT('',(0.0020959433330346,7.85147207696409E-5,0.00142738138301875));
#9599=CARTESIAN_POINT('',(0.00209416887859378,7.39828311414379E-5,0.00143802810969575));
#9600=CARTESIAN_POINT('',(0.00209436516578856,7.23579077996554E-5,0.00143685038652958));
#9601=CARTESIAN_POINT('',(0.00209618688735411,6.5315222902122E-5,0.00142896143840534));
#9602=CARTESIAN_POINT('',(0.00209585808937944,6.53152229021649E-5,0.00142890663874273));
#9603=CARTESIAN_POINT('',(0.00209552929140476,6.53152229022079E-5,0.00142885183908011));
#9604=CARTESIAN_POINT('',(0.00209520049343009,6.53152229022509E-5,0.00142879703941749));
#9605=CARTESIAN_POINT('',(0.00209390957963489,7.42757736169842E-5,0.00143958390347895));
#9606=CARTESIAN_POINT('',(0.00209671949394126,7.48625358799882E-5,0.00142576520750209));
#9607=CARTESIAN_POINT('',(0.00209639082354699,7.48625358792438E-5,0.00142571042910284));
#9608=CARTESIAN_POINT('',(0.00209606210520153,7.48625358784795E-5,0.00142565564271174));
#9609=CARTESIAN_POINT('',(0.00209573343480725,7.48625358777351E-5,0.0014256008643125));
#9610=CARTESIAN_POINT('',(0.00209328843235452,7.55882831428483E-5,0.00144331078714148));
#9611=CARTESIAN_POINT('',(0.00209295628178089,7.34567737932609E-5,0.00144530369058029));
#9612=CARTESIAN_POINT('',(0.002093314824176,9.4326338387E-5,0.001446193817471));
#9613=CARTESIAN_POINT('',(0.002092169558681,9.4326338387E-5,0.001453065410441));
#9614=CARTESIAN_POINT('',(0.002092169558681,9.4326338387E-5,0.001453065410441));
#9615=CARTESIAN_POINT('',(0.,0.,0.));
#9616=CARTESIAN_POINT('',(0.,0.,0.002));
#9617=CARTESIAN_POINT('',(0.,-0.00110764364558,0.002));
#9618=CARTESIAN_POINT('',(-0.00195764364558,-0.00110764364558,0.002));
#9619=CARTESIAN_POINT('',(-0.001577095837306,-0.00110764364558,0.002));
#9620=CARTESIAN_POINT('',(-0.001577095837306,0.00110764364558,0.002));
#9621=CARTESIAN_POINT('',(-0.001577095837306,0.00110764364558,0.002));
#9622=CARTESIAN_POINT('',(0.,0.00110764364558,0.002));
#9623=CARTESIAN_POINT('',(-0.00195764364558,0.00110764364558,0.00199999999999975));
#9624=CARTESIAN_POINT('',(-0.00195764364558,0.,0.002));
#9625=CARTESIAN_POINT('',(0.,0.,0.002));
#9626=CARTESIAN_POINT('',(0.,0.00110764364558,0.002));
#9627=CARTESIAN_POINT('',(-0.001477095837306,0.00110764364558,0.002));
#9628=CARTESIAN_POINT('',(-0.001509159401238,0.00110764364558,0.002));
#9629=CARTESIAN_POINT('',(-0.001509159401238,0.00110764364558,0.002));
#9630=CARTESIAN_POINT('',(-0.001509159401238,-0.00110764364558,0.002));
#9631=CARTESIAN_POINT('',(0.,-0.00110764364558,0.002));
#9632=CARTESIAN_POINT('',(-0.001477095837306,-0.00110764364558,0.002));
#9633=CARTESIAN_POINT('',(-0.001477095837306,0.00110764364558,0.002));
#9634=CARTESIAN_POINT('',(0.,0.,0.002));
#9635=CARTESIAN_POINT('',(0.,0.00110764364558,0.002));
#9636=CARTESIAN_POINT('',(-0.001377095837306,0.00110764364558,0.002));
#9637=CARTESIAN_POINT('',(-0.001409159401238,0.00110764364558,0.002));
#9638=CARTESIAN_POINT('',(-0.001409159401238,0.00110764364558,0.002));
#9639=CARTESIAN_POINT('',(-0.001409159401238,-0.00110764364558,0.002));
#9640=CARTESIAN_POINT('',(0.,-0.00110764364558,0.002));
#9641=CARTESIAN_POINT('',(-0.001377095837306,-0.00110764364558,0.002));
#9642=CARTESIAN_POINT('',(-0.001377095837306,0.00110764364558,0.002));
#9643=CARTESIAN_POINT('',(-0.002149999999999,-0.0013,0.));
#9644=CARTESIAN_POINT('',(-0.002149999999999,0.00065,0.0009));
#9645=CARTESIAN_POINT('',(-0.002149999999999,0.00065,0.0010999999999985));
#9646=CARTESIAN_POINT('',(-0.0021499999999995,0.00065,0.0008999999999995));
#9647=CARTESIAN_POINT('',(-0.002149999999999,-0.0013,0.001099999999999));
#9648=CARTESIAN_POINT('',(-0.0021499999999995,0.001249999999999,0.00110000000000118));
#9649=CARTESIAN_POINT('',(-0.002149999999999,0.001249999999999,0.));
#9650=CARTESIAN_POINT('',(-0.0021499999999995,0.001249999999999,0.000900000000003));
#9651=CARTESIAN_POINT('',(-0.002149999999999,-0.0013,0.0009));
#9652=CARTESIAN_POINT('',(0.002149999999999,-0.0013,0.));
#9653=CARTESIAN_POINT('',(0.002149999999999,0.00065,0.0009));
#9654=CARTESIAN_POINT('',(0.0021499999999995,0.00065,0.0009));
#9655=CARTESIAN_POINT('',(0.002149999999999,0.00065,0.0010999999999985));
#9656=CARTESIAN_POINT('',(0.002149999999999,-0.0013,0.0009));
#9657=CARTESIAN_POINT('',(0.0021499999999995,0.00125,0.000900000000003));
#9658=CARTESIAN_POINT('',(0.002149999999999,0.00125,0.));
#9659=CARTESIAN_POINT('',(0.0021499999999995,0.00125,0.00110000000000118));
#9660=CARTESIAN_POINT('',(0.002149999999999,-0.0013,0.001099999999999));
#9661=CARTESIAN_POINT('',(0.,0.,0.));
#9662=CARTESIAN_POINT('',(0.,-0.00110764364558,0.));
#9663=CARTESIAN_POINT('',(0.00125,-0.00110764364558,0.));
#9664=CARTESIAN_POINT('',(-0.00125,-0.00110764364558,0.));
#9665=CARTESIAN_POINT('',(-0.00125,0.,0.));
#9666=CARTESIAN_POINT('',(-0.0012499999999995,0.00110764364558,2.50001774382107E-16));
#9667=CARTESIAN_POINT('',(0.,0.00110764364558,0.));
#9668=CARTESIAN_POINT('',(0.00125,0.00110764364558,2.50001774382107E-16));
#9669=CARTESIAN_POINT('',(0.00125,0.,0.));
#9670=CARTESIAN_POINT('',(-0.002149999999999,-0.0013,0.0009));
#9671=CARTESIAN_POINT('',(0.001974310312247,-0.00117363000843925,0.000141780050633958));
#9672=CARTESIAN_POINT('',(0.00197431031224732,-0.00117363000843844,0.000141780050634215));
#9673=CARTESIAN_POINT('',(0.00210067573738898,-0.00129999543358114,0.000899972601487377));
#9674=CARTESIAN_POINT('',(0.0021,-0.00125,0.000599999999999392));
#9675=CARTESIAN_POINT('',(0.0021,-0.0013,0.0009));
#9676=CARTESIAN_POINT('',(-0.002149999999999,-0.0013,0.0009));
#9677=CARTESIAN_POINT('',(-0.0021,-0.0013,0.0009));
#9678=CARTESIAN_POINT('',(-0.0021,-0.00125,0.000599999999999392));
#9679=CARTESIAN_POINT('',(-0.00210067573738906,-0.00129999543358114,0.000899972601487364));
#9680=CARTESIAN_POINT('',(-0.002100675737389,-0.00129999543358116,0.000899972601486973));
#9681=CARTESIAN_POINT('',(-0.00197431031224655,-0.00117363000843838,0.000141780050634103));
#9682=CARTESIAN_POINT('',(-0.002149999999999,-0.00117363000843925,0.000141780050633958));
#9683=CARTESIAN_POINT('',(-0.0013500004088581,-0.001173630008437,0.000141780050624557));
#9684=CARTESIAN_POINT('',(-0.00135,-0.00117363000843925,0.000141780050633958));
#9685=CARTESIAN_POINT('',(-0.00130285954792067,-0.00117363000843925,0.000141780050633958));
#9686=CARTESIAN_POINT('',(-0.00125,-0.00116482008378582,8.89205027132534E-5));
#9687=CARTESIAN_POINT('',(-0.00125,-0.00115696334177261,4.1780050633899E-5));
#9688=CARTESIAN_POINT('',(-0.00124999987500573,-0.00115696335204687,4.17801122838447E-5));
#9689=CARTESIAN_POINT('',(-0.002149999999999,-0.00115696334177261,4.17800506338988E-5));
#9690=CARTESIAN_POINT('',(0.00124999987500514,-0.00115696335204694,4.17801122842427E-5));
#9691=CARTESIAN_POINT('',(0.00125,-0.00115696334177261,4.1780050633899E-5));
#9692=CARTESIAN_POINT('',(0.00125,-0.00116482008378582,8.89205027132535E-5));
#9693=CARTESIAN_POINT('',(0.00130285954792047,-0.00117363000843925,0.000141780050633958));
#9694=CARTESIAN_POINT('',(0.001349999999999,-0.00117363000843925,0.000141780050633958));
#9695=CARTESIAN_POINT('',(0.00135000008332383,-0.00117363000843698,0.000141780050624408));
#9696=CARTESIAN_POINT('',(-0.002149999999999,-0.00117363000843925,0.000141780050633958));
#9697=CARTESIAN_POINT('',(-0.002149999999999,0.001299999999999,0.0009));
#9698=CARTESIAN_POINT('',(-0.002149999999999,0.001299999999999,0.0009));
#9699=CARTESIAN_POINT('',(0.0021,0.0012999999999995,0.000900000000003));
#9700=CARTESIAN_POINT('',(-0.0021,0.001299999999999,0.0009));
#9701=CARTESIAN_POINT('',(0.0021,0.00125,0.000600000000005393));
#9702=CARTESIAN_POINT('',(0.00210067573738955,0.00129999543358033,0.000899972601490458));
#9703=CARTESIAN_POINT('',(0.002100675737389,0.00129999543358019,0.000899972601487135));
#9704=CARTESIAN_POINT('',(0.00197431031224805,0.00117363000843789,0.000141780050634184));
#9705=CARTESIAN_POINT('',(-0.002149999999999,0.00117363000843828,0.00014178005063412));
#9706=CARTESIAN_POINT('',(0.0013500004088571,0.00117363000843668,0.000141780050624611));
#9707=CARTESIAN_POINT('',(0.001349999999999,0.00117363000843828,0.00014178005063412));
#9708=CARTESIAN_POINT('',(0.00130285954792047,0.00117363000843828,0.00014178005063412));
#9709=CARTESIAN_POINT('',(0.001249999999999,0.00116482008378484,8.89205027134162E-5));
#9710=CARTESIAN_POINT('',(0.001249999999999,0.00115696334177163,4.17800506340607E-5));
#9711=CARTESIAN_POINT('',(0.00124999987500487,0.00115696335204657,4.17801122835386E-5));
#9712=CARTESIAN_POINT('',(-0.002149999999999,0.00115696334177163,4.17800506340609E-5));
#9713=CARTESIAN_POINT('',(-0.00124999987500414,0.00115696335204663,4.17801122838852E-5));
#9714=CARTESIAN_POINT('',(-0.001249999999999,0.00115696334177163,4.17800506340607E-5));
#9715=CARTESIAN_POINT('',(-0.001249999999999,0.00116482008378484,8.89205027134162E-5));
#9716=CARTESIAN_POINT('',(-0.00130285954792047,0.00117363000843828,0.00014178005063412));
#9717=CARTESIAN_POINT('',(-0.001349999999999,0.00117363000843828,0.00014178005063412));
#9718=CARTESIAN_POINT('',(-0.00135000008332366,0.00117363000843665,0.000141780050624462));
#9719=CARTESIAN_POINT('',(-0.002149999999999,0.00117363000843828,0.000141780050634121));
#9720=CARTESIAN_POINT('',(-0.00197431031224732,0.0011736300084384,0.000141780050633972));
#9721=CARTESIAN_POINT('',(-0.001974310312247,0.00117363000843828,0.00014178005063412));
#9722=CARTESIAN_POINT('',(-0.00210067573738896,0.00129999543358064,0.000899972601487378));
#9723=CARTESIAN_POINT('',(-0.0021,0.001249999999999,0.000599999999999392));
#9724=CARTESIAN_POINT('',(0.002149999999999,-0.0013,0.));
#9725=CARTESIAN_POINT('',(0.002149999999999,-0.000649999999999,0.0009));
#9726=CARTESIAN_POINT('',(0.002149999999999,-0.000649999999999,0.0010999999999985));
#9727=CARTESIAN_POINT('',(0.0021499999999995,-0.000649999999999,0.0008999999999995));
#9728=CARTESIAN_POINT('',(0.002149999999999,-0.0013,0.001099999999999));
#9729=CARTESIAN_POINT('',(0.0021499999999995,-0.00125,0.00110000000000118));
#9730=CARTESIAN_POINT('',(0.002149999999999,-0.00125,0.));
#9731=CARTESIAN_POINT('',(0.0021499999999995,-0.00125,0.000900000000003));
#9732=CARTESIAN_POINT('',(0.002149999999999,-0.0013,0.0009));
#9733=CARTESIAN_POINT('',(-0.002149999999999,-0.0013,0.));
#9734=CARTESIAN_POINT('',(0.0021,-0.0013,0.));
#9735=CARTESIAN_POINT('',(0.0021,-0.0013,0.00109999999999859));
#9736=CARTESIAN_POINT('',(-0.002149999999999,-0.0013,0.001099999999999));
#9737=CARTESIAN_POINT('',(-0.0021,-0.0013,0.00109999999999859));
#9738=CARTESIAN_POINT('',(-0.0021,-0.0013,0.));
#9739=CARTESIAN_POINT('',(-0.002149999999999,-0.0013,0.));
#9740=CARTESIAN_POINT('',(-0.002149999999999,-0.000649999999999,0.0009));
#9741=CARTESIAN_POINT('',(-0.0021499999999995,-0.000649999999999,0.0009));
#9742=CARTESIAN_POINT('',(-0.002149999999999,-0.000649999999999,0.0010999999999985));
#9743=CARTESIAN_POINT('',(-0.002149999999999,-0.0013,0.0009));
#9744=CARTESIAN_POINT('',(-0.0021499999999995,-0.00125,0.000900000000003));
#9745=CARTESIAN_POINT('',(-0.002149999999999,-0.00125,0.));
#9746=CARTESIAN_POINT('',(-0.0021499999999995,-0.00125,0.00110000000000118));
#9747=CARTESIAN_POINT('',(-0.002149999999999,-0.0013,0.001099999999999));
#9748=CARTESIAN_POINT('',(-0.002149999999999,0.001299999999999,0.));
#9749=CARTESIAN_POINT('',(-0.002149999999999,0.001299999999999,0.001099999999999));
#9750=CARTESIAN_POINT('',(-0.0021,0.001299999999999,0.00109999999999859));
#9751=CARTESIAN_POINT('',(0.0021,0.0012999999999995,0.00109999999999559));
#9752=CARTESIAN_POINT('',(0.0021,0.001299999999999,0.));
#9753=CARTESIAN_POINT('',(-0.0021,0.001299999999999,0.));
#9754=CARTESIAN_POINT('',(0.,0.,0.002));
#9755=CARTESIAN_POINT('',(0.,0.00110764364558,0.002));
#9756=CARTESIAN_POINT('',(0.00195764364558,0.00110764364558035,0.002));
#9757=CARTESIAN_POINT('',(-0.001309159401238,0.00110764364558,0.002));
#9758=CARTESIAN_POINT('',(-0.001309159401238,0.00110764364558,0.002));
#9759=CARTESIAN_POINT('',(-0.001309159401238,-0.00110764364558,0.002));
#9760=CARTESIAN_POINT('',(0.,-0.00110764364558,0.002));
#9761=CARTESIAN_POINT('',(0.00195764364558035,-0.00110764364558,0.002));
#9762=CARTESIAN_POINT('',(0.00195764364558,0.,0.002));
#9763=CARTESIAN_POINT('',(0.,0.001149999999999,0.002));
#9764=CARTESIAN_POINT('',(0.00195764364558,0.0011569633417715,0.00195821994936491));
#9765=CARTESIAN_POINT('',(0.00195764364557999,0.00115696334177158,0.001958219949365));
#9766=CARTESIAN_POINT('',(0.00210067573738961,0.00129999543358128,0.00110002739850827));
#9767=CARTESIAN_POINT('',(0.0021,0.00125,0.00139999999999278));
#9768=CARTESIAN_POINT('',(-0.0021,0.001249999999999,0.00139999999999878));
#9769=CARTESIAN_POINT('',(-0.00210067573738911,0.00129999543358029,0.00110002739851123));
#9770=CARTESIAN_POINT('',(-0.002100675737389,0.00129999543358006,0.00110002739851184));
#9771=CARTESIAN_POINT('',(-0.00195764364558054,0.00115696334177157,0.00195821994936552));
#9772=CARTESIAN_POINT('',(0.,0.0011569633417715,0.00195821994936491));
#9773=CARTESIAN_POINT('',(-0.002,0.,0.002));
#9774=CARTESIAN_POINT('',(-0.00200696334177247,0.00110764364558,0.00195821994936508));
#9775=CARTESIAN_POINT('',(-0.00200696334177181,0.00110764364558,0.00195821994936504));
#9776=CARTESIAN_POINT('',(-0.00214999543358095,0.00125067573738904,0.00110002739851121));
#9777=CARTESIAN_POINT('',(-0.0021,0.001249999999999,0.00139999999999878));
#9778=CARTESIAN_POINT('',(-0.002149999999999,0.,0.001099999999998));
#9779=CARTESIAN_POINT('',(-0.0021,-0.00125,0.00139999999999878));
#9780=CARTESIAN_POINT('',(-0.00214999543358129,-0.00125067573738913,0.00110002739851123));
#9781=CARTESIAN_POINT('',(-0.00214999543358103,-0.001250675737389,0.001100027398512));
#9782=CARTESIAN_POINT('',(-0.00200696334177138,-0.00110764364557959,0.00195821994936491));
#9783=CARTESIAN_POINT('',(-0.00200696334177247,0.,0.00195821994936508));
#9784=CARTESIAN_POINT('',(0.002,0.,0.002));
#9785=CARTESIAN_POINT('',(0.00200696334177247,-0.00110764364558,0.00195821994936508));
#9786=CARTESIAN_POINT('',(0.00200696334177137,-0.00110764364557992,0.00195821994936495));
#9787=CARTESIAN_POINT('',(0.00214999543358061,-0.001250675737389,0.00110002739851111));
#9788=CARTESIAN_POINT('',(0.0021,-0.00125,0.00139999999999878));
#9789=CARTESIAN_POINT('',(0.002149999999999,0.,0.001099999999998));
#9790=CARTESIAN_POINT('',(0.0021,0.00125,0.00139999999999878));
#9791=CARTESIAN_POINT('',(0.00214999543358129,0.00125067573738913,0.00110002739851123));
#9792=CARTESIAN_POINT('',(0.00214999543358103,0.001250675737389,0.001100027398512));
#9793=CARTESIAN_POINT('',(0.00200696334177199,0.00110764364558035,0.00195821994936543));
#9794=CARTESIAN_POINT('',(0.00200696334177247,0.,0.00195821994936508));
#9795=CARTESIAN_POINT('',(0.,-0.00115,0.002));
#9796=CARTESIAN_POINT('',(0.0021,-0.00125,0.00139999999999878));
#9797=CARTESIAN_POINT('',(0.00210067573738913,-0.00129999543358129,0.00110002739851123));
#9798=CARTESIAN_POINT('',(0.002100675737389,-0.00129999543358103,0.001100027398512));
#9799=CARTESIAN_POINT('',(0.00195764364557959,-0.00115696334177137,0.00195821994936491));
#9800=CARTESIAN_POINT('',(0.,-0.00115696334177247,0.00195821994936508));
#9801=CARTESIAN_POINT('',(-0.00195764364557999,-0.00115696334177136,0.00195821994936496));
#9802=CARTESIAN_POINT('',(-0.00195764364558,-0.00115696334177247,0.00195821994936508));
#9803=CARTESIAN_POINT('',(-0.00210067573738904,-0.0012999954335806,0.00110002739851111));
#9804=CARTESIAN_POINT('',(-0.0021,-0.00125,0.00139999999999878));
#9805=CARTESIAN_POINT('',(0.002149999999999,-0.0013,0.0009));
#9806=CARTESIAN_POINT('',(0.0021,-0.00125,0.000600000000005391));
#9807=CARTESIAN_POINT('',(0.00214999543358114,-0.00125067573738954,0.000899972601490324));
#9808=CARTESIAN_POINT('',(0.00214999543358019,-0.001250675737389,0.000899972601487135));
#9809=CARTESIAN_POINT('',(0.00202363000843859,-0.00112431031224655,0.000141780050633994));
#9810=CARTESIAN_POINT('',(0.00202363000843828,-0.0013,0.00014178005063412));
#9811=CARTESIAN_POINT('',(0.00202363000843817,0.00112431031224716,0.000141780050634462));
#9812=CARTESIAN_POINT('',(0.00202363000843828,0.001124310312247,0.000141780050634121));
#9813=CARTESIAN_POINT('',(0.00214999543358033,0.00125067573738946,0.000899972601490471));
#9814=CARTESIAN_POINT('',(0.0021,0.00125,0.000600000000005391));
#9815=CARTESIAN_POINT('',(0.00215,-0.000649999999999,0.0009));
#9816=CARTESIAN_POINT('',(-0.002149999999999,-0.0013,0.0009));
#9817=CARTESIAN_POINT('',(-0.0021,0.001249999999999,0.000600000000005391));
#9818=CARTESIAN_POINT('',(-0.00214999543358113,0.00125067573738954,0.000899972601490284));
#9819=CARTESIAN_POINT('',(-0.00214999543358019,0.001250675737389,0.000899972601487135));
#9820=CARTESIAN_POINT('',(-0.0020236300084379,0.00112431031224655,0.000141780050634184));
#9821=CARTESIAN_POINT('',(-0.00202363000843828,-0.0013,0.00014178005063412));
#9822=CARTESIAN_POINT('',(-0.00202363000843878,-0.00112431031224768,0.000141780050633846));
#9823=CARTESIAN_POINT('',(-0.00202363000843828,-0.001124310312247,0.00014178005063412));
#9824=CARTESIAN_POINT('',(-0.00214999543358114,-0.00125067573738946,0.000899972601490338));
#9825=CARTESIAN_POINT('',(-0.0021,-0.00125,0.000600000000005391));
#9826=CARTESIAN_POINT('',(-0.00215,-0.000649999999999,0.0009));
#9827=CARTESIAN_POINT('',(0.,0.,0.0001));
#9828=CARTESIAN_POINT('',(0.001974310312247,0.,0.0001));
#9829=CARTESIAN_POINT('',(0.001974310312247,0.00112431031224703,0.00010000000000025));
#9830=CARTESIAN_POINT('',(0.001974310312247,0.00065,9.99999999995E-5));
#9831=CARTESIAN_POINT('',(0.,0.00065,0.0001));
#9832=CARTESIAN_POINT('',(0.001410426946864,0.00065,0.0001));
#9833=CARTESIAN_POINT('',(0.001410426946864,0.,0.0001));
#9834=CARTESIAN_POINT('',(0.001410426946864,-0.000649999999999,9.99999999995E-5));
#9835=CARTESIAN_POINT('',(0.002149999999999,-0.000649999999999,9.9999999999E-5));
#9836=CARTESIAN_POINT('',(0.001974310312247,-0.000649999999999,9.99999999995E-5));
#9837=CARTESIAN_POINT('',(0.001974310312247,0.,0.0001));
#9838=CARTESIAN_POINT('',(0.001974310312247,-0.001124310312247,0.00010000000000025));
#9839=CARTESIAN_POINT('',(0.,-0.001124310312247,0.0001));
#9840=CARTESIAN_POINT('',(0.00135000012499263,-0.00112431018725417,0.0001));
#9841=CARTESIAN_POINT('',(0.001349999999999,0.,0.0001));
#9842=CARTESIAN_POINT('',(0.00135000012499262,0.00112431018725419,0.0001));
#9843=CARTESIAN_POINT('',(0.,0.001124310312247,0.0001));
#9844=CARTESIAN_POINT('',(0.,0.,0.0001));
#9845=CARTESIAN_POINT('',(-0.001410426946864,0.,0.0001));
#9846=CARTESIAN_POINT('',(-0.001410426946864,0.00065,9.99999999995E-5));
#9847=CARTESIAN_POINT('',(-0.001410426946864,-0.0006499999999995,0.0001));
#9848=CARTESIAN_POINT('',(-0.002149999999999,0.00065,9.9999999999E-5));
#9849=CARTESIAN_POINT('',(-0.001974310312247,0.00065,9.99999999995E-5));
#9850=CARTESIAN_POINT('',(-0.001974310312247,0.,0.0001));
#9851=CARTESIAN_POINT('',(-0.001974310312247,0.001124310312247,0.0001000000000005));
#9852=CARTESIAN_POINT('',(0.,0.001124310312247,0.0001));
#9853=CARTESIAN_POINT('',(-0.00135000012499262,0.00112431018725417,0.0001));
#9854=CARTESIAN_POINT('',(-0.001349999999999,0.,0.0001));
#9855=CARTESIAN_POINT('',(-0.0013500001249935,-0.00112431018725407,0.0001));
#9856=CARTESIAN_POINT('',(0.,-0.001124310312247,0.0001));
#9857=CARTESIAN_POINT('',(-0.001974310312247,-0.00112431031224699,0.00010000000000025));
#9858=CARTESIAN_POINT('',(-0.001974310312247,0.,0.0001));
#9859=CARTESIAN_POINT('',(-0.001974310312247,-0.0006499999999995,9.99999999995E-5));
#9860=CARTESIAN_POINT('',(0.,-0.00065,0.0001));
#9861=CARTESIAN_POINT('',(0.,0.00110764364558,0.00195));
#9862=CARTESIAN_POINT('',(-0.00195764364558,0.00110764364558,0.00195));
#9863=CARTESIAN_POINT('',(-0.001577095837306,0.00110764364558,0.002));
#9864=CARTESIAN_POINT('',(-0.001477095837306,0.00110764364558,0.002));
#9865=CARTESIAN_POINT('',(-0.001377095837306,0.00110764364558,0.002));
#9866=CARTESIAN_POINT('',(0.00195764364558,0.00110764364558,0.00195));
#9867=CARTESIAN_POINT('',(0.00195764364558,0.,0.00195));
#9868=CARTESIAN_POINT('',(0.00195764364558,0.0011076436455807,0.00195));
#9869=CARTESIAN_POINT('',(0.00195764364558,-0.00110764364558,0.00195));
#9870=CARTESIAN_POINT('',(0.00195764364558,0.00110764364558,0.00195));
#9871=CARTESIAN_POINT('',(0.00195764364558004,0.00110764364558004,0.00194999999999986));
#9872=CARTESIAN_POINT('',(-0.00195764364558,0.00110764364558,0.00195));
#9873=CARTESIAN_POINT('',(-0.00195764364558004,0.00110764364558004,0.00194999999999986));
#9874=CARTESIAN_POINT('',(-0.00195764364558,0.00110764364558,0.00195));
#9875=CARTESIAN_POINT('',(-0.00195764364558,0.,0.00195));
#9876=CARTESIAN_POINT('',(-0.00195764364558,-0.00110764364558,0.00195));
#9877=CARTESIAN_POINT('',(0.,-0.00110764364558,0.00195));
#9878=CARTESIAN_POINT('',(0.00195764364558,-0.00110764364558,0.00195));
#9879=CARTESIAN_POINT('',(-0.001377095837306,-0.00110764364558,0.002));
#9880=CARTESIAN_POINT('',(-0.001477095837306,-0.00110764364558,0.002));
#9881=CARTESIAN_POINT('',(-0.001577095837306,-0.00110764364558,0.002));
#9882=CARTESIAN_POINT('',(-0.00195764364558,-0.00110764364558,0.00195));
#9883=CARTESIAN_POINT('',(0.00195764364558,-0.00110764364558,0.00195));
#9884=CARTESIAN_POINT('',(0.00195764364557964,-0.00110764364557964,0.00194999999999973));
#9885=CARTESIAN_POINT('',(0.001921715032655,0.001071715032655,0.002165571677551));
#9886=CARTESIAN_POINT('',(0.002100675737389,0.00129999543358129,0.001100027398512));
#9887=CARTESIAN_POINT('',(0.00212392314179624,0.00129968122207776,0.0011019126675348));
#9888=CARTESIAN_POINT('',(0.00214968122207776,0.00127392314179624,0.0011019126675348));
#9889=CARTESIAN_POINT('',(0.00214999543358129,0.001250675737389,0.001100027398512));
#9890=CARTESIAN_POINT('',(-0.001921715032655,0.001071715032655,0.002165571677551));
#9891=CARTESIAN_POINT('',(-0.00214999543358128,0.001250675737389,0.001100027398512));
#9892=CARTESIAN_POINT('',(-0.00214968122207728,0.00127392314179623,0.0011019126675348));
#9893=CARTESIAN_POINT('',(-0.00212392314179623,0.00129968122207676,0.0011019126675348));
#9894=CARTESIAN_POINT('',(-0.00210067573738899,0.00129999543358029,0.001100027398512));
#9895=CARTESIAN_POINT('',(-0.00195764364558,-0.00110764364558,0.00195));
#9896=CARTESIAN_POINT('',(-0.00195764364557964,-0.00110764364557964,0.00194999999999973));
#9897=CARTESIAN_POINT('',(0.001899346611602,-0.001049346611602,0.002299782203867));
#9898=CARTESIAN_POINT('',(0.00214999543358129,-0.001250675737389,0.001100027398512));
#9899=CARTESIAN_POINT('',(0.00214968122207776,-0.00127392314179624,0.00110191266753482));
#9900=CARTESIAN_POINT('',(0.00212392314179624,-0.00129968122207776,0.0011019126675348));
#9901=CARTESIAN_POINT('',(0.002100675737389,-0.00129999543358129,0.001100027398512));
#9902=CARTESIAN_POINT('',(0.0021,0.00125,0.));
#9903=CARTESIAN_POINT('',(0.002100675737389,0.00129999543357939,0.000899972601487268));
#9904=CARTESIAN_POINT('',(0.00212392314179549,0.00129968122207551,0.000898087332464619));
#9905=CARTESIAN_POINT('',(0.00214968122207555,0.00127392314179666,0.000898087332464416));
#9906=CARTESIAN_POINT('',(0.00214999543357939,0.00125067573738883,0.000899972601487295));
#9907=CARTESIAN_POINT('',(-0.0021,0.001249999999999,0.));
#9908=CARTESIAN_POINT('',(-0.00214999543358099,0.001250675737389,0.000899972601487002));
#9909=CARTESIAN_POINT('',(-0.00214968122207736,0.00127392314179624,0.000898087332464176));
#9910=CARTESIAN_POINT('',(-0.0021239231417974,0.00129968122207741,0.000898087332463976));
#9911=CARTESIAN_POINT('',(-0.00210067573738883,0.001299995433581,0.000899972601487028));
#9912=CARTESIAN_POINT('',(-0.001899346611602,-0.001049346611602,0.002299782203867));
#9913=CARTESIAN_POINT('',(-0.002100675737389,-0.00129999543358129,0.001100027398512));
#9914=CARTESIAN_POINT('',(-0.00212392314179624,-0.00129968122207776,0.0011019126675348));
#9915=CARTESIAN_POINT('',(-0.00214968122207776,-0.00127392314179624,0.00110191266753482));
#9916=CARTESIAN_POINT('',(-0.00214999543358129,-0.001250675737389,0.001100027398512));
#9917=CARTESIAN_POINT('',(0.0021,-0.00125,0.));
#9918=CARTESIAN_POINT('',(0.00214999543358099,-0.001250675737389,0.000899972601487002));
#9919=CARTESIAN_POINT('',(0.00214968122207736,-0.00127392314179624,0.000898087332464176));
#9920=CARTESIAN_POINT('',(0.0021239231417974,-0.00129968122207741,0.000898087332463976));
#9921=CARTESIAN_POINT('',(0.00210067573738883,-0.001299995433581,0.000899972601487028));
#9922=CARTESIAN_POINT('',(0.001988820295813,0.001138820295813,0.000237059901395));
#9923=CARTESIAN_POINT('',(0.00197431031224716,0.00112431031224716,0.000149999999999597));
#9924=CARTESIAN_POINT('',(-0.00210197819055,0.00125197819055,0.000916007269816));
#9925=CARTESIAN_POINT('',(-0.00197431031224768,0.00112431031224768,0.000149999999998923));
#9926=CARTESIAN_POINT('',(-0.0021,-0.00125,0.));
#9927=CARTESIAN_POINT('',(-0.002100675737389,-0.00129999543358099,0.000899972601487001));
#9928=CARTESIAN_POINT('',(-0.00212392314179623,-0.00129968122207736,0.000898087332464177));
#9929=CARTESIAN_POINT('',(-0.00214968122207741,-0.00127392314179741,0.000898087332463975));
#9930=CARTESIAN_POINT('',(-0.002149995433581,-0.00125067573738883,0.000899972601487028));
#9931=CARTESIAN_POINT('',(0.00210197819055,-0.00125197819055,0.000916007269816));
#9932=CARTESIAN_POINT('',(0.00197431031224768,-0.00112431031224768,0.000149999999998923));
#9933=CARTESIAN_POINT('',(0.001974310312247,0.,0.00015));
#9934=CARTESIAN_POINT('',(0.001974310312247,0.00112431031224705,0.00015));
#9935=CARTESIAN_POINT('',(0.001974310312247,-0.001124310312247,0.00015));
#9936=CARTESIAN_POINT('',(0.001974310312247,-0.000649999999999,9.9999999999E-5));
#9937=CARTESIAN_POINT('',(0.001974310312247,0.001124310312247,0.00015));
#9938=CARTESIAN_POINT('',(0.001974310312247,0.001124310312247,0.00015));
#9939=CARTESIAN_POINT('',(-0.001974310312247,0.001124310312247,0.00015));
#9940=CARTESIAN_POINT('',(-0.001974310312247,0.001124310312247,0.00015));
#9941=CARTESIAN_POINT('',(-0.001974310312247,0.001124310312247,0.00015));
#9942=CARTESIAN_POINT('',(-0.001974310312247,0.,0.00015));
#9943=CARTESIAN_POINT('',(-0.001974310312247,-0.000649999999999,9.9999999999E-5));
#9944=CARTESIAN_POINT('',(-0.001974310312247,-0.00112431031224698,0.00015));
#9945=CARTESIAN_POINT('',(-0.00210197819055,-0.00125197819055,0.000916007269816));
#9946=CARTESIAN_POINT('',(-0.00197431031224768,-0.00112431031224768,0.000149999999998923));
#9947=CARTESIAN_POINT('',(0.001974310312247,-0.001124310312247,0.00015));
#9948=CARTESIAN_POINT('',(0.001974310312247,-0.001124310312247,0.00015));
#9949=CARTESIAN_POINT('',(0.,0.001124310312247,0.00015));
#9950=CARTESIAN_POINT('',(0.001349999999999,0.001124310312247,0.000100000000001));
#9951=CARTESIAN_POINT('',(0.001349999999999,0.00114773777306932,0.000100000000001));
#9952=CARTESIAN_POINT('',(0.001349999999999,0.00116977855760288,0.00011867134562835));
#9953=CARTESIAN_POINT('',(0.001349999999999,0.00117363000843751,0.000141780050634248));
#9954=CARTESIAN_POINT('',(0.,0.001124310312247,0.00015));
#9955=CARTESIAN_POINT('',(-0.001349999999999,0.00117363000843751,0.000141780050634248));
#9956=CARTESIAN_POINT('',(-0.001349999999999,0.00116977855760288,0.00011867134562835));
#9957=CARTESIAN_POINT('',(-0.001349999999999,0.00114773777306932,0.000100000000001));
#9958=CARTESIAN_POINT('',(-0.001349999999999,0.001124310312247,0.000100000000001));
#9959=CARTESIAN_POINT('',(-0.001974310312247,-0.001124310312247,0.00015));
#9960=CARTESIAN_POINT('',(-0.001974310312247,-0.001124310312247,0.00015));
#9961=CARTESIAN_POINT('',(0.,-0.001124310312247,0.00015));
#9962=CARTESIAN_POINT('',(0.001349999999999,-0.00117363000843751,0.000141780050634248));
#9963=CARTESIAN_POINT('',(0.001349999999999,-0.00116977855760288,0.00011867134562835));
#9964=CARTESIAN_POINT('',(0.001349999999999,-0.00114773777306932,0.000100000000001));
#9965=CARTESIAN_POINT('',(0.001349999999999,-0.001124310312247,0.000100000000001));
#9966=CARTESIAN_POINT('',(0.00135157037103878,0.0011076777410117,5.00650994037793E-5));
#9967=CARTESIAN_POINT('',(0.00124999999999908,0.00115696334177136,4.17800506332361E-5));
#9968=CARTESIAN_POINT('',(0.00127617993877814,0.00115696334177423,4.17800506507542E-5));
#9969=CARTESIAN_POINT('',(0.00129999999999904,0.00113346737811813,4.56960445768652E-5));
#9970=CARTESIAN_POINT('',(0.001299999999999,0.00110764364557992,5.E-5));
#9971=CARTESIAN_POINT('',(0.00129999999999925,0.00110764352059005,4.9999999998642E-5));
#9972=CARTESIAN_POINT('',(0.0013,0.00110764364558,4.99999999999999E-5));
#9973=CARTESIAN_POINT('',(0.0013,0.00111550038759335,7.35702260387927E-5));
#9974=CARTESIAN_POINT('',(0.00132642977396021,0.001124310312247,9.99999999989999E-5));
#9975=CARTESIAN_POINT('',(0.001349999999999,0.001124310312247,9.9999999999E-5));
#9976=CARTESIAN_POINT('',(0.,0.00110764364558,5.E-5));
#9977=CARTESIAN_POINT('',(-0.001249999999999,0.00110764364558,5.E-5));
#9978=CARTESIAN_POINT('',(0.001249999999999,0.00110764364558,5.E-5));
#9979=CARTESIAN_POINT('',(-0.00135157037103988,0.00110767774101132,5.00650994052217E-5));
#9980=CARTESIAN_POINT('',(-0.001299999999999,0.00110764364557992,4.99999999995136E-5));
#9981=CARTESIAN_POINT('',(-0.001299999999999,0.00113346737811813,4.56960445724854E-5));
#9982=CARTESIAN_POINT('',(-0.00127617993877848,0.00115696334177065,4.17800506289991E-5));
#9983=CARTESIAN_POINT('',(-0.001249999999999,0.00115696334177147,4.17800506339294E-5));
#9984=CARTESIAN_POINT('',(-0.001299999999999,0.00110764352058959,4.99999999982138E-5));
#9985=CARTESIAN_POINT('',(-0.001349999999999,0.001124310312247,9.9999999999E-5));
#9986=CARTESIAN_POINT('',(-0.00132642977396021,0.001124310312247,9.99999999990001E-5));
#9987=CARTESIAN_POINT('',(-0.00129999999999976,0.00111550038759336,7.35702260427648E-5));
#9988=CARTESIAN_POINT('',(-0.0013,0.00110764364558,4.99999999994999E-5));
#9989=CARTESIAN_POINT('',(0.,-0.001124310312247,0.00015));
#9990=CARTESIAN_POINT('',(-0.00135,-0.00112431031224651,0.000100000000001));
#9991=CARTESIAN_POINT('',(-0.00135,-0.00114773777306899,0.000100000000000769));
#9992=CARTESIAN_POINT('',(-0.00135,-0.00116977855760286,0.000118671345628188));
#9993=CARTESIAN_POINT('',(-0.00135,-0.00117363000843751,0.000141780050634248));
#9994=CARTESIAN_POINT('',(0.00135157037103975,-0.00110767774101139,5.00650994061366E-5));
#9995=CARTESIAN_POINT('',(0.001349999999999,-0.001124310312247,9.9999999999E-5));
#9996=CARTESIAN_POINT('',(0.00132642977396021,-0.001124310312247,9.99999999989998E-5));
#9997=CARTESIAN_POINT('',(0.0013,-0.00111550038759336,7.35702260392646E-5));
#9998=CARTESIAN_POINT('',(0.0013,-0.00110764364558,4.99999999999999E-5));
#9999=CARTESIAN_POINT('',(0.00129999999999975,-0.00110764352058961,4.99999999986391E-5));
#10000=CARTESIAN_POINT('',(0.0013,-0.00110764364558,4.99999999992147E-5));
#10001=CARTESIAN_POINT('',(0.00129999999999993,-0.00113346737811881,4.56960445823717E-5));
#10002=CARTESIAN_POINT('',(0.00127617993877942,-0.00115696334177081,4.17800506299721E-5));
#10003=CARTESIAN_POINT('',(0.00125,-0.00115696334177164,4.17800506349024E-5));
#10004=CARTESIAN_POINT('',(0.001349999999999,0.001702529119343,5.E-5));
#10005=CARTESIAN_POINT('',(0.001299999999999,1.73916657899576E-19,5.00000000002855E-5));
#10006=CARTESIAN_POINT('',(0.001249999999999,0.00110764364558,5.E-5));
#10007=CARTESIAN_POINT('',(0.00125,0.00110764364558,5.E-5));
#10008=CARTESIAN_POINT('',(-0.001249999999999,0.00110764364558,5.E-5));
#10009=CARTESIAN_POINT('',(-0.001249999999999,0.00110764364558,5.E-5));
#10010=CARTESIAN_POINT('',(-0.001349999999999,1.806057601266E-19,5.E-5));
#10011=CARTESIAN_POINT('',(-0.0013,-0.00110764364558,4.99999999989999E-5));
#10012=CARTESIAN_POINT('',(-0.00129999999999953,-0.00111550038759336,7.35702260390687E-5));
#10013=CARTESIAN_POINT('',(-0.0013264297739639,-0.001124310312247,9.99999999992358E-5));
#10014=CARTESIAN_POINT('',(-0.0013499999999995,-0.001124310312247,9.9999999999E-5));
#10015=CARTESIAN_POINT('',(-0.0012999999999995,-0.00110764352058961,4.99999999980854E-5));
#10016=CARTESIAN_POINT('',(-0.001299999999998,0.001702529119343,4.9999999999E-5));
#10017=CARTESIAN_POINT('',(-0.00135157037103975,-0.00110767774101139,5.00650994061366E-5));
#10018=CARTESIAN_POINT('',(-0.00125,-0.00115696334177147,4.17800506339294E-5));
#10019=CARTESIAN_POINT('',(-0.00127617993877942,-0.00115696334177065,4.17800506289991E-5));
#10020=CARTESIAN_POINT('',(-0.00129999999999991,-0.00113346737811881,4.56960445758741E-5));
#10021=CARTESIAN_POINT('',(-0.0013,-0.00110764364558,4.99999999990001E-5));
#10022=CARTESIAN_POINT('',(0.00125,1.672275556728E-19,5.E-5));
#10023=CARTESIAN_POINT('',(0.00125,-0.00110764364558,5.E-5));
#10024=CARTESIAN_POINT('',(-0.001249999999999,0.001702529119343,5.E-5));
#10025=CARTESIAN_POINT('',(-0.00125,-0.00110764364558,5.E-5));
#10026=CARTESIAN_POINT('',(0.00125,-0.00110764364558,5.E-5));
#10027=CARTESIAN_POINT('',(0.00125,-0.00110764364558,5.E-5));
#10028=CARTESIAN_POINT('',(-0.00125,-0.00110764364558,5.E-5));
#10029=CARTESIAN_POINT('',(-0.00125,-0.00110764364558,5.E-5));
#10030=CARTESIAN_POINT('',(0.,-0.00110764364558,5.E-5));
#10031=CARTESIAN_POINT('',(0.002149999999999,-0.000649999999999,9.9999999999E-5));
#10032=CARTESIAN_POINT('',(0.002149999999999,-0.000649999999999,0.0001));
#10033=CARTESIAN_POINT('',(0.00214999999999925,-0.000649999999999,9.99999999995001E-5));
#10034=CARTESIAN_POINT('',(0.00215,-0.000649999999999,9.9999999999E-5));
#10035=CARTESIAN_POINT('',(0.00215,0.00065,9.99999999995E-5));
#10036=CARTESIAN_POINT('',(0.002149999999999,0.00065,9.9999999999E-5));
#10037=CARTESIAN_POINT('',(0.002149999999999,-0.000649999999999,9.9999999999E-5));
#10038=CARTESIAN_POINT('',(0.001410426946864,-0.000649999999999,0.000999999999999));
#10039=CARTESIAN_POINT('',(0.001410426946864,-0.000649999999999,-9.99999999990001E-5));
#10040=CARTESIAN_POINT('',(0.002149999999999,-0.000649999999999,-9.9999999999E-5));
#10041=CARTESIAN_POINT('',(0.002149999999999,-0.000649999999999,-9.9999999999E-5));
#10042=CARTESIAN_POINT('',(0.002149999999999,-0.000649999999999,9.9999999999E-5));
#10043=CARTESIAN_POINT('',(0.002149999999999,-0.000649999999999,-9.9999999999E-5));
#10044=CARTESIAN_POINT('',(0.001410426946864,0.,-9.99999999990002E-5));
#10045=CARTESIAN_POINT('',(0.001410426946864,0.00065,-9.99999999990001E-5));
#10046=CARTESIAN_POINT('',(0.002149999999999,0.00065,-9.9999999999E-5));
#10047=CARTESIAN_POINT('',(0.0021499999999995,0.00065,-9.9999999999E-5));
#10048=CARTESIAN_POINT('',(0.002149999999999,-0.000649999999999,-9.9999999999E-5));
#10049=CARTESIAN_POINT('',(0.002149999999999,0.00065,9.9999999999E-5));
#10050=CARTESIAN_POINT('',(0.001410426946864,0.00065,0.000999999999999));
#10051=CARTESIAN_POINT('',(0.00215,0.00065,9.9999999999E-5));
#10052=CARTESIAN_POINT('',(0.00215,-0.000649999999999,0.0001));
#10053=CARTESIAN_POINT('',(0.002149999999999,-0.000649999999999,0.0001));
#10054=CARTESIAN_POINT('',(0.0023499999999985,-0.000649999999999,0.0001));
#10055=CARTESIAN_POINT('',(0.00215,-0.000649999999999,0.0001));
#10056=CARTESIAN_POINT('',(0.002149999999999,0.,0.0001));
#10057=CARTESIAN_POINT('',(0.002149999999999,0.00065,0.0001));
#10058=CARTESIAN_POINT('',(0.0023499999999985,0.00065,0.0001));
#10059=CARTESIAN_POINT('',(0.002349999999998,0.,0.0001));
#10060=CARTESIAN_POINT('',(0.00215,0.00065,0.0001));
#10061=CARTESIAN_POINT('',(0.00215,0.00065,0.0001));
#10062=CARTESIAN_POINT('',(0.00215,-0.000649999999999,0.000899999999999));
#10063=CARTESIAN_POINT('',(0.002349999999999,-0.000649999999999,0.000899999999999));
#10064=CARTESIAN_POINT('',(0.0023499999999985,-0.000649999999999,0.000899999999999));
#10065=CARTESIAN_POINT('',(0.00215,-0.000649999999999,0.000899999999999));
#10066=CARTESIAN_POINT('',(0.002149999999999,-0.000649999999999,0.000899999999999));
#10067=CARTESIAN_POINT('',(0.002349999999999,-0.000649999999999,0.000899999999999));
#10068=CARTESIAN_POINT('',(0.002349999999999,0.00065,0.000899999999999));
#10069=CARTESIAN_POINT('',(0.0023499999999985,0.00065,0.0008999999999995));
#10070=CARTESIAN_POINT('',(0.002349999999999,-0.000649999999999,0.000899999999999));
#10071=CARTESIAN_POINT('',(0.00215,0.00065,0.000899999999999));
#10072=CARTESIAN_POINT('',(0.00215,0.00065,0.000899999999999));
#10073=CARTESIAN_POINT('',(0.00215,0.00065,0.0009));
#10074=CARTESIAN_POINT('',(0.00215,-0.000649999999999,0.000899999999999));
#10075=CARTESIAN_POINT('',(0.002149999999999,-0.000649999999999,0.0009));
#10076=CARTESIAN_POINT('',(0.002149999999999,-0.000649999999999,0.000899999999999));
#10077=CARTESIAN_POINT('',(0.002149999999999,0.,0.000899999999999));
#10078=CARTESIAN_POINT('',(0.002149999999999,0.00065,0.000899999999999));
#10079=CARTESIAN_POINT('',(0.002149999999999,0.00065,0.0009));
#10080=CARTESIAN_POINT('',(0.001410426946864,0.,0.000999999999999));
#10081=CARTESIAN_POINT('',(-0.002149999999999,-0.000649999999999,9.9999999999E-5));
#10082=CARTESIAN_POINT('',(-0.002149999999999,0.00065,0.0001));
#10083=CARTESIAN_POINT('',(-0.00214999999999925,0.00065,9.99999999995001E-5));
#10084=CARTESIAN_POINT('',(-0.00215,-0.000649999999999,9.9999999999E-5));
#10085=CARTESIAN_POINT('',(-0.00215,-0.000649999999999,9.99999999995E-5));
#10086=CARTESIAN_POINT('',(-0.002149999999999,-0.000649999999999,9.9999999999E-5));
#10087=CARTESIAN_POINT('',(-0.002149999999999,-0.000649999999999,9.9999999999E-5));
#10088=CARTESIAN_POINT('',(-0.001410426946864,-0.000649999999999,0.000999999999999));
#10089=CARTESIAN_POINT('',(-0.001410426946864,-0.000649999999999,-9.99999999990001E-5));
#10090=CARTESIAN_POINT('',(-0.00215,-0.000649999999999,9.9999999999E-5));
#10091=CARTESIAN_POINT('',(-0.0021499999999995,-0.000649999999999,-9.9999999999E-5));
#10092=CARTESIAN_POINT('',(-0.002149999999999,-0.000649999999999,-9.9999999999E-5));
#10093=CARTESIAN_POINT('',(-0.002149999999999,0.00065,9.9999999999E-5));
#10094=CARTESIAN_POINT('',(-0.001410426946864,0.00065,0.000999999999999));
#10095=CARTESIAN_POINT('',(-0.001410426946864,0.00065,-9.99999999990001E-5));
#10096=CARTESIAN_POINT('',(-0.002149999999999,0.00065,-9.9999999999E-5));
#10097=CARTESIAN_POINT('',(-0.002149999999999,0.00065,-9.9999999999E-5));
#10098=CARTESIAN_POINT('',(-0.002149999999999,0.00065,9.9999999999E-5));
#10099=CARTESIAN_POINT('',(-0.002149999999999,-0.000649999999999,-9.9999999999E-5));
#10100=CARTESIAN_POINT('',(-0.001410426946864,0.,-9.99999999990002E-5));
#10101=CARTESIAN_POINT('',(-0.002149999999999,-0.000649999999999,-9.9999999999E-5));
#10102=CARTESIAN_POINT('',(-0.00215,-0.000649999999999,0.0001));
#10103=CARTESIAN_POINT('',(-0.00215,-0.000649999999999,0.0001));
#10104=CARTESIAN_POINT('',(-0.0023499999999985,-0.000649999999999,0.0001));
#10105=CARTESIAN_POINT('',(-0.002149999999999,-0.000649999999999,0.0001));
#10106=CARTESIAN_POINT('',(-0.00215,0.00065,0.0001));
#10107=CARTESIAN_POINT('',(-0.00215,0.00065,0.0001));
#10108=CARTESIAN_POINT('',(-0.0023499999999985,0.00065,0.0001));
#10109=CARTESIAN_POINT('',(-0.002149999999999,0.00065,0.0001));
#10110=CARTESIAN_POINT('',(-0.002149999999999,0.,0.0001));
#10111=CARTESIAN_POINT('',(-0.002349999999998,0.,0.0001));
#10112=CARTESIAN_POINT('',(-0.00215,-0.000649999999999,0.000899999999999));
#10113=CARTESIAN_POINT('',(-0.00215,-0.000649999999999,0.000899999999999));
#10114=CARTESIAN_POINT('',(-0.00215,-0.000649999999999,0.0009));
#10115=CARTESIAN_POINT('',(-0.0023499999999985,-0.000649999999999,0.0008999999999995));
#10116=CARTESIAN_POINT('',(-0.002349999999999,-0.000649999999999,0.000899999999999));
#10117=CARTESIAN_POINT('',(-0.00215,-0.000649999999999,0.000899999999999));
#10118=CARTESIAN_POINT('',(-0.002149999999999,0.00065,0.000899999999999));
#10119=CARTESIAN_POINT('',(-0.00215,0.00065,0.000899999999999));
#10120=CARTESIAN_POINT('',(-0.002349999999999,0.00065,0.000899999999999));
#10121=CARTESIAN_POINT('',(-0.0023499999999985,0.00065,0.000899999999999));
#10122=CARTESIAN_POINT('',(-0.00215,0.00065,0.000899999999999));
#10123=CARTESIAN_POINT('',(-0.002349999999999,-0.000649999999999,0.000899999999999));
#10124=CARTESIAN_POINT('',(-0.002349999999999,-0.000649999999999,0.000899999999999));
#10125=CARTESIAN_POINT('',(-0.002149999999999,-0.000649999999999,0.0009));
#10126=CARTESIAN_POINT('',(-0.002149999999999,-0.000649999999999,0.000899999999999));
#10127=CARTESIAN_POINT('',(-0.002149999999999,0.00065,0.0009));
#10128=CARTESIAN_POINT('',(-0.002149999999999,0.00065,0.000899999999999));
#10129=CARTESIAN_POINT('',(-0.002149999999999,0.,0.000899999999999));
#10130=CARTESIAN_POINT('',(-0.001410426946864,0.,0.000999999999999));
#10131=CARTESIAN_POINT('',(-0.001377095837306,0.00110764364558,0.001998999999999));
#10132=CARTESIAN_POINT('',(-0.001377095837306,-0.00110764364558,0.001998999999999));
#10133=CARTESIAN_POINT('',(-0.001377095837306,-0.00110764364558,0.001998999999999));
#10134=CARTESIAN_POINT('',(-0.001377095837306,0.,0.001998999999999));
#10135=CARTESIAN_POINT('',(-0.001377095837306,0.00110764364558,0.001998999999999));
#10136=CARTESIAN_POINT('',(-0.001377095837306,0.00110764364558,0.001998999999999));
#10137=CARTESIAN_POINT('',(-0.001377095837306,0.00110764364558,0.001998999999999));
#10138=CARTESIAN_POINT('',(0.,0.00110764364558,0.001998999999999));
#10139=CARTESIAN_POINT('',(-0.001309159401238,0.00110764364558,0.001998999999999));
#10140=CARTESIAN_POINT('',(-0.001309159401238,0.00110764364558,0.001998999999999));
#10141=CARTESIAN_POINT('',(-0.001309159401238,0.00110764364558,0.001998999999999));
#10142=CARTESIAN_POINT('',(-0.001309159401238,0.,0.001998999999999));
#10143=CARTESIAN_POINT('',(-0.001309159401238,-0.00110764364558,0.001998999999999));
#10144=CARTESIAN_POINT('',(-0.001309159401238,-0.00110764364558,0.001998999999999));
#10145=CARTESIAN_POINT('',(-0.001377095837306,-0.00110764364558,0.001998999999999));
#10146=CARTESIAN_POINT('',(0.,-0.00110764364558,0.001998999999999));
#10147=CARTESIAN_POINT('',(0.,0.,0.001998999999999));
#10148=CARTESIAN_POINT('',(-0.001477095837306,0.00110764364558,0.001998999999999));
#10149=CARTESIAN_POINT('',(-0.001477095837306,-0.00110764364558,0.001998999999999));
#10150=CARTESIAN_POINT('',(-0.001477095837306,-0.00110764364558,0.001998999999999));
#10151=CARTESIAN_POINT('',(-0.001477095837306,0.,0.001998999999999));
#10152=CARTESIAN_POINT('',(-0.001477095837306,0.00110764364558,0.001998999999999));
#10153=CARTESIAN_POINT('',(-0.001477095837306,0.00110764364558,0.001998999999999));
#10154=CARTESIAN_POINT('',(-0.001477095837306,0.00110764364558,0.001998999999999));
#10155=CARTESIAN_POINT('',(0.,0.00110764364558,0.001998999999999));
#10156=CARTESIAN_POINT('',(-0.001409159401238,0.00110764364558,0.001998999999999));
#10157=CARTESIAN_POINT('',(-0.001409159401238,0.00110764364558,0.001998999999999));
#10158=CARTESIAN_POINT('',(-0.001409159401238,0.00110764364558,0.001998999999999));
#10159=CARTESIAN_POINT('',(-0.001409159401238,0.,0.001998999999999));
#10160=CARTESIAN_POINT('',(-0.001409159401238,-0.00110764364558,0.001998999999999));
#10161=CARTESIAN_POINT('',(-0.001409159401238,-0.00110764364558,0.001998999999999));
#10162=CARTESIAN_POINT('',(-0.001477095837306,-0.00110764364558,0.001998999999999));
#10163=CARTESIAN_POINT('',(0.,-0.00110764364558,0.001998999999999));
#10164=CARTESIAN_POINT('',(0.,0.,0.001998999999999));
#10165=CARTESIAN_POINT('',(-0.001577095837306,0.00110764364558,0.001998999999999));
#10166=CARTESIAN_POINT('',(-0.001577095837306,-0.00110764364558,0.001998999999999));
#10167=CARTESIAN_POINT('',(-0.001577095837306,-0.00110764364558,0.001998999999999));
#10168=CARTESIAN_POINT('',(-0.001577095837306,0.,0.001998999999999));
#10169=CARTESIAN_POINT('',(-0.001577095837306,0.00110764364558,0.001998999999999));
#10170=CARTESIAN_POINT('',(-0.001577095837306,0.00110764364558,0.001998999999999));
#10171=CARTESIAN_POINT('',(-0.001577095837306,0.00110764364558,0.001998999999999));
#10172=CARTESIAN_POINT('',(0.,0.00110764364558,0.001998999999999));
#10173=CARTESIAN_POINT('',(-0.001509159401238,0.00110764364558,0.001998999999999));
#10174=CARTESIAN_POINT('',(-0.001509159401238,0.00110764364558,0.001998999999999));
#10175=CARTESIAN_POINT('',(-0.001509159401238,0.00110764364558,0.001998999999999));
#10176=CARTESIAN_POINT('',(-0.001509159401238,0.,0.001998999999999));
#10177=CARTESIAN_POINT('',(-0.001509159401238,-0.00110764364558,0.001998999999999));
#10178=CARTESIAN_POINT('',(-0.001509159401238,-0.00110764364558,0.001998999999999));
#10179=CARTESIAN_POINT('',(-0.001577095837306,-0.00110764364558,0.001998999999999));
#10180=CARTESIAN_POINT('',(0.,-0.00110764364558,0.001998999999999));
#10181=CARTESIAN_POINT('',(0.,0.,0.001998999999999));
#10182=CARTESIAN_POINT('',(0.,0.,0.));
#10183=CARTESIAN_POINT('',(0.002055475124025,0.000260180723014,0.001673232018379));
#10184=CARTESIAN_POINT('',(0.0020716402473483,0.000260180723014,0.00157624127843905));
#10185=CARTESIAN_POINT('',(0.0020716402473483,0.000209999406577,0.00157624127843905));
#10186=CARTESIAN_POINT('',(0.00207114705038608,0.000237968410157815,0.00157615907894546));
#10187=CARTESIAN_POINT('',(0.00206247846084016,0.000240494463860837,0.00163121199743811));
#10188=CARTESIAN_POINT('',(0.00206880523885202,0.000277453701398,0.00159020994815051));
#10189=CARTESIAN_POINT('',(0.00206345320346322,0.000243430584622001,0.00162536354171167));
#10190=CARTESIAN_POINT('',(0.00206257465268961,0.000292790130664,0.00162759346512434));
#10191=CARTESIAN_POINT('',(0.00206271993723473,0.000247150677232002,0.00162976313928656));
#10192=CARTESIAN_POINT('',(0.0020566432030371,0.000277453701398,0.00166318216303902));
#10193=CARTESIAN_POINT('',(0.00206414440199618,0.000241209981193766,0.00162121635040888));
#10194=CARTESIAN_POINT('',(0.00205442959286415,0.00023900816086833,0.00167646382407647));
#10195=CARTESIAN_POINT('',(0.00205492278982649,0.000260180723014,0.00167654602357008));
#10196=CARTESIAN_POINT('',(0.00205492278982649,0.000209999406577,0.00167654602357008));
#10197=CARTESIAN_POINT('',(0.002055475124025,0.000209999406577,0.001673232018379));
#10198=CARTESIAN_POINT('',(0.002056845810247,0.000223126350271,0.001665007901047));
#10199=CARTESIAN_POINT('',(0.002056845810247,0.000223126350271,0.001665007901047));
#10200=CARTESIAN_POINT('',(0.002069734320442,0.000223126350271,0.001587676839872));
#10201=CARTESIAN_POINT('',(0.002056845810247,0.000238488773484,0.001665007901047));
#10202=CARTESIAN_POINT('',(0.00205635261328498,0.000238488242187988,0.00166492570155344));
#10203=CARTESIAN_POINT('',(0.00206402443490086,0.000240826979394204,0.00162193615326278));
#10204=CARTESIAN_POINT('',(0.002057925216651,0.000267835940672,0.001655490081357));
#10205=CARTESIAN_POINT('',(0.00206264947727355,0.000242973983728461,0.0016301858987957));
#10206=CARTESIAN_POINT('',(0.00206263447999157,0.000278987344325,0.00162723450131251));
#10207=CARTESIAN_POINT('',(0.00206356572575874,0.000239486907368315,0.00162468840823126));
#10208=CARTESIAN_POINT('',(0.00206749758496607,0.000268121874100006,0.0015980558714655));
#10209=CARTESIAN_POINT('',(0.00206288116109804,0.000240653009853052,0.00162879579592156));
#10210=CARTESIAN_POINT('',(0.00206924112348058,0.00023789040406325,0.00158759464037848));
#10211=CARTESIAN_POINT('',(0.002069734320442,0.000223126350271,0.001587676839872));
#10212=CARTESIAN_POINT('',(0.002054488730101,0.000260180723014,0.001673067619391));
#10213=CARTESIAN_POINT('',(0.00207065385342405,0.000237968894526,0.00157607687945167));
#10214=CARTESIAN_POINT('',(0.00207065385342405,0.000209999406577,0.00157607687945167));
#10215=CARTESIAN_POINT('',(0.002053936395902,0.000209999406576999,0.001676381624583));
#10216=CARTESIAN_POINT('',(0.00205393639590202,0.000209999406576999,0.00167638162458284));
#10217=CARTESIAN_POINT('',(0.00205393639590205,0.000209999406577,0.00167638162458267));
#10218=CARTESIAN_POINT('',(0.00206315800812837,0.000241209981192409,0.00162105195143128));
#10219=CARTESIAN_POINT('',(0.002061733543275,0.000247150677232155,0.00162959874029231));
#10220=CARTESIAN_POINT('',(0.00206246680957682,0.000243430584622081,0.00162519914273161));
#10221=CARTESIAN_POINT('',(0.00206149206693318,0.000240494463861225,0.00163104759845377));
#10222=CARTESIAN_POINT('',(0.00205585941632283,0.000260180723014,0.00166484350205998));
#10223=CARTESIAN_POINT('',(0.00205585941632286,0.000223126350271,0.00166484350205981));
#10224=CARTESIAN_POINT('',(0.002054488730101,0.000223126350271,0.001673067619391));
#10225=CARTESIAN_POINT('',(0.00206874792651865,0.000223126350271,0.00158751244088494));
#10226=CARTESIAN_POINT('',(0.00206874792651864,0.000260180723014,0.00158751244088494));
#10227=CARTESIAN_POINT('',(0.00206189476718841,0.000240653009852582,0.00162863139693658));
#10228=CARTESIAN_POINT('',(0.00206257933178301,0.000239486907368457,0.00162452400923703));
#10229=CARTESIAN_POINT('',(0.00206166308341976,0.000242973983728688,0.00163002149981764));
#10230=CARTESIAN_POINT('',(0.00206303804093709,0.000240826979392942,0.00162177175426915));
#10231=CARTESIAN_POINT('',(0.002071640247348,0.000237968894526,0.001576241278439));
#10232=CARTESIAN_POINT('',(0.002071640247348,0.000209999406577,0.001576241278439));
#10233=CARTESIAN_POINT('',(0.00206198526388654,0.000240494463861031,0.00163112979794592));
#10234=CARTESIAN_POINT('',(0.00206296000650823,0.000243430584622041,0.00162528134221968));
#10235=CARTESIAN_POINT('',(0.00206222674024518,0.000247150677232078,0.00162968093978782));
#10236=CARTESIAN_POINT('',(0.00206365120505423,0.000241209981193087,0.00162113415091873));
#10237=CARTESIAN_POINT('',(0.002054922789826,0.000209999406577,0.00167654602357));
#10238=CARTESIAN_POINT('',(0.002054922789826,0.000209999406576999,0.00167654602357));
#10239=CARTESIAN_POINT('',(0.002071640247348,0.000209999406577,0.001576241278439));
#10240=CARTESIAN_POINT('',(0.002056845810247,0.000238488773484,0.001665007901047));
#10241=CARTESIAN_POINT('',(0.002056845810247,0.000223126350271,0.001665007901047));
#10242=CARTESIAN_POINT('',(0.002056845810247,0.000223126350271,0.001665007901047));
#10243=CARTESIAN_POINT('',(0.002069734320442,0.000223126350271,0.001587676839872));
#10244=CARTESIAN_POINT('',(0.002069734320442,0.000223126350271,0.001587676839872));
#10245=CARTESIAN_POINT('',(0.00206238796413725,0.000240653009852817,0.00162871359642807));
#10246=CARTESIAN_POINT('',(0.00206307252875312,0.000239486907368386,0.00162460620873119));
#10247=CARTESIAN_POINT('',(0.00206215628032643,0.000242973983728575,0.0016301036993033));
#10248=CARTESIAN_POINT('',(0.0020635312379177,0.000240826979393573,0.00162185395376575));
#10249=CARTESIAN_POINT('',(0.,0.,0.));
#10250=CARTESIAN_POINT('',(0.002071922290343,8.7593905879E-5,0.001574549020469));
#10251=CARTESIAN_POINT('',(0.002070935896419,8.7593905879E-5,0.001574384621481));
#10252=CARTESIAN_POINT('',(0.002071922290343,9.8875279271E-5,0.001574549020469));
#10253=CARTESIAN_POINT('',(0.002070935896419,9.8875279271E-5,0.001574384621481));
#10254=CARTESIAN_POINT('',(0.002071597513561,0.000108259094466,0.001576497681161));
#10255=CARTESIAN_POINT('',(0.002070611119637,0.000108259094466,0.001576333282174));
#10256=CARTESIAN_POINT('',(0.002070947959997,0.000115745351463,0.001580395002547));
#10257=CARTESIAN_POINT('',(0.002069961566073,0.000115745351463,0.00158023060356));
#10258=CARTESIAN_POINT('',(0.00206996156607316,0.000115745351463,0.00158023060356002));
#10259=CARTESIAN_POINT('',(0.00207061111963748,0.000108259094466,0.00157633328217408));
#10260=CARTESIAN_POINT('',(0.00207093589641965,9.8875279271E-5,0.00157438462148111));
#10261=CARTESIAN_POINT('',(0.00207093589641965,8.7593905879E-5,0.00157438462148111));
#10262=CARTESIAN_POINT('',(0.00207093589641965,8.7593905879E-5,0.00157438462148111));
#10263=CARTESIAN_POINT('',(0.00206996155516554,0.000115745351463,0.00158023066900528));
#10264=CARTESIAN_POINT('',(0.002070947959997,0.000115745351463,0.001580395002547));
#10265=CARTESIAN_POINT('',(0.00207094796069369,0.000115745343424233,0.00158039499836191));
#10266=CARTESIAN_POINT('',(0.00207192229034252,8.7593905879E-5,0.00157454902046892));
#10267=CARTESIAN_POINT('',(0.00207192229034252,9.8875279271E-5,0.00157454902046892));
#10268=CARTESIAN_POINT('',(0.00207159751356051,0.000108259094466,0.00157649768116092));
#10269=CARTESIAN_POINT('',(0.00207094795999619,0.000115745351463,0.00158039500254687));
#10270=CARTESIAN_POINT('',(0.00207192229034252,8.7593905879E-5,0.00157454902046892));
#10271=CARTESIAN_POINT('',(0.002071429093381,8.7593905879E-5,0.001574466820975));
#10272=CARTESIAN_POINT('',(0.0020688796447,0.000115745351463,0.001592804894327));
#10273=CARTESIAN_POINT('',(0.002069961566073,0.000115745351463,0.00158023060356));
#10274=CARTESIAN_POINT('',(0.00206789326168819,0.00011574524236354,0.00159264042986838));
#10275=CARTESIAN_POINT('',(0.002067893250776,0.000115745351463,0.00159264049534));
#10276=CARTESIAN_POINT('',(0.00206887966646292,0.000115745351463,0.0015928047637465));
#10277=CARTESIAN_POINT('',(0.002071678707756,0.000115745351463,0.001576010515988));
#10278=CARTESIAN_POINT('',(0.0020688796447,0.000115745351463,0.001592804894327));
#10279=CARTESIAN_POINT('',(0.002067893250776,0.000115745351463,0.00159264049534));
#10280=CARTESIAN_POINT('',(0.002069623212596,0.000108311082361,0.001588343486951));
#10281=CARTESIAN_POINT('',(0.002068636818672,0.000108311082361,0.001588179087964));
#10282=CARTESIAN_POINT('',(0.002069999269923,9.9551121916E-5,0.001586087142991));
#10283=CARTESIAN_POINT('',(0.002069012875999,9.9551121916E-5,0.001585922744004));
#10284=CARTESIAN_POINT('',(0.002069999269923,8.9491464076E-5,0.001586087142991));
#10285=CARTESIAN_POINT('',(0.002069012875999,8.9491464076E-5,0.001585922744004));
#10286=CARTESIAN_POINT('',(0.00206901287599916,8.9491464076E-5,0.00158592274400403));
#10287=CARTESIAN_POINT('',(0.00206901287599916,9.95510481015722E-5,0.00158592274400403));
#10288=CARTESIAN_POINT('',(0.00206863682419124,0.00010831095380557,0.0015881790548516));
#10289=CARTESIAN_POINT('',(0.00206789326714459,0.000115745187812194,0.00159264039713146));
#10290=CARTESIAN_POINT('',(0.00206901287599916,8.9491464076E-5,0.00158592274400403));
#10291=CARTESIAN_POINT('',(0.002069506072961,8.9491464076E-5,0.0015860049434975));
#10292=CARTESIAN_POINT('',(0.0020699992699222,8.9491464076E-5,0.00158608714299086));
#10293=CARTESIAN_POINT('',(0.00206887966106762,0.000115745187812194,0.0015928047961183));
#10294=CARTESIAN_POINT('',(0.00206962321811426,0.00010831095380557,0.00158834345383844));
#10295=CARTESIAN_POINT('',(0.0020699992699222,9.95510481015723E-5,0.00158608714299086));
#10296=CARTESIAN_POINT('',(0.0020699992699222,8.9491464076E-5,0.00158608714299086));
#10297=CARTESIAN_POINT('',(0.002069999269923,8.9491464076E-5,0.001586087142991));
#10298=CARTESIAN_POINT('',(0.002069012875999,8.9491464076E-5,0.001585922744004));
#10299=CARTESIAN_POINT('',(0.002069999269923,7.8729969642E-5,0.001586087142991));
#10300=CARTESIAN_POINT('',(0.002069012875999,7.8729969642E-5,0.001585922744004));
#10301=CARTESIAN_POINT('',(0.00206940954366,7.0021997093E-5,0.001589625500565));
#10302=CARTESIAN_POINT('',(0.002068423149736,7.0021997093E-5,0.001589461101578));
#10303=CARTESIAN_POINT('',(0.002068238637893,6.3367546428E-5,0.001596650935168));
#10304=CARTESIAN_POINT('',(0.002067252243969,6.3367546428E-5,0.001596486536181));
#10305=CARTESIAN_POINT('',(0.00206725224396965,6.3367546428E-5,0.00159648653618111));
#10306=CARTESIAN_POINT('',(0.00206842314973682,7.0021997093E-5,0.00158946110157813));
#10307=CARTESIAN_POINT('',(0.00206901287599916,7.8729969642E-5,0.00158592274400403));
#10308=CARTESIAN_POINT('',(0.00206901287599916,8.9491464076E-5,0.00158592274400403));
#10309=CARTESIAN_POINT('',(0.00206725224396965,6.3367546428E-5,0.00159648653618111));
#10310=CARTESIAN_POINT('',(0.002067745440931,6.3367546428E-5,0.0015965687356745));
#10311=CARTESIAN_POINT('',(0.00206823863789268,6.3367546428E-5,0.00159665093516795));
#10312=CARTESIAN_POINT('',(0.0020699992699222,8.9491464076E-5,0.00158608714299086));
#10313=CARTESIAN_POINT('',(0.0020699992699222,7.8729969642E-5,0.00158608714299086));
#10314=CARTESIAN_POINT('',(0.00206940954365984,7.0021997093E-5,0.00158962550056497));
#10315=CARTESIAN_POINT('',(0.00206823863789268,6.3367546428E-5,0.00159665093516795));
#10316=CARTESIAN_POINT('',(0.002068238637893,6.3367546428E-5,0.001596650935168));
#10317=CARTESIAN_POINT('',(0.002067252243969,6.3367546428E-5,0.001596486536181));
#10318=CARTESIAN_POINT('',(0.002067059185369,5.6713095764E-5,0.001603727650315));
#10319=CARTESIAN_POINT('',(0.002066072791445,5.6713095764E-5,0.001603563251328));
#10320=CARTESIAN_POINT('',(0.002065469488488,5.3385870432E-5,0.001613265831601));
#10321=CARTESIAN_POINT('',(0.002064483094564,5.3385870432E-5,0.001613101432614));
#10322=CARTESIAN_POINT('',(0.00206346954725,5.3385870432E-5,0.001625265479025));
#10323=CARTESIAN_POINT('',(0.002062483153327,5.3385870432E-5,0.001625101080037));
#10324=CARTESIAN_POINT('',(0.00206248315332702,5.3385870432E-5,0.001625101080037));
#10325=CARTESIAN_POINT('',(0.00206448309456417,5.3385870432E-5,0.00161310143261403));
#10326=CARTESIAN_POINT('',(0.00206607279144517,5.6713095764E-5,0.00160356325132803));
#10327=CARTESIAN_POINT('',(0.00206725224396965,6.3367546428E-5,0.00159648653618111));
#10328=CARTESIAN_POINT('',(0.00206248315332702,5.3385870432E-5,0.001625101080037));
#10329=CARTESIAN_POINT('',(0.0020629763502885,5.3385870432E-5,0.001625183279531));
#10330=CARTESIAN_POINT('',(0.00206346954724985,5.3385870432E-5,0.00162526547902497));
#10331=CARTESIAN_POINT('',(0.00206823863789268,6.3367546428E-5,0.00159665093516795));
#10332=CARTESIAN_POINT('',(0.0020670591853682,5.6713095764E-5,0.00160372765031486));
#10333=CARTESIAN_POINT('',(0.00206546948848721,5.3385870432E-5,0.00161326583160087));
#10334=CARTESIAN_POINT('',(0.00206346954724985,5.3385870432E-5,0.00162526547902497));
#10335=CARTESIAN_POINT('',(0.00206346954725,5.3385870432E-5,0.001625265479025));
#10336=CARTESIAN_POINT('',(0.002062483153327,5.3385870432E-5,0.001625101080037));
#10337=CARTESIAN_POINT('',(0.002061367044924,5.3385870432E-5,0.001637880492983));
#10338=CARTESIAN_POINT('',(0.002060380651,5.3385870432E-5,0.001637716093995));
#10339=CARTESIAN_POINT('',(0.002059691880469,5.6947041295E-5,0.001647931479713));
#10340=CARTESIAN_POINT('',(0.002058705486545,5.6947041295E-5,0.001647767080726));
#10341=CARTESIAN_POINT('',(0.002058444053885,6.4069383022E-5,0.001655418439217));
#10342=CARTESIAN_POINT('',(0.002057457659961,6.4069383022E-5,0.00165525404023));
#10343=CARTESIAN_POINT('',(0.00205745765996152,6.4069383022E-5,0.00165525404023008));
#10344=CARTESIAN_POINT('',(0.00205870548654551,5.6947041295E-5,0.00164776708072608));
#10345=CARTESIAN_POINT('',(0.00206038065100067,5.3385870432E-5,0.00163771609399511));
#10346=CARTESIAN_POINT('',(0.00206248315332702,5.3385870432E-5,0.001625101080037));
#10347=CARTESIAN_POINT('',(0.00205745765996152,6.4069383022E-5,0.00165525404023008));
#10348=CARTESIAN_POINT('',(0.002057950856923,6.4069383022E-5,0.0016553362397235));
#10349=CARTESIAN_POINT('',(0.00205844405388454,6.4069383022E-5,0.00165541843921693));
#10350=CARTESIAN_POINT('',(0.00206346954724985,5.3385870432E-5,0.00162526547902497));
#10351=CARTESIAN_POINT('',(0.00206136704492354,5.3385870432E-5,0.00163788049298292));
#10352=CARTESIAN_POINT('',(0.00205969188046854,5.6947041295E-5,0.00164793147971293));
#10353=CARTESIAN_POINT('',(0.00205844405388454,6.4069383022E-5,0.00165541843921693));
#10354=CARTESIAN_POINT('',(0.002058444053885,6.4069383022E-5,0.001655418439217));
#10355=CARTESIAN_POINT('',(0.002057457659961,6.4069383022E-5,0.00165525404023));
#10356=CARTESIAN_POINT('',(0.002057204774058,7.1217718697E-5,0.001662854118176));
#10357=CARTESIAN_POINT('',(0.002056218380135,7.1217718697E-5,0.001662689719189));
#10358=CARTESIAN_POINT('',(0.002056589407524,8.0445570204E-5,0.001666546317383));
#10359=CARTESIAN_POINT('',(0.0020556030136,8.0445570204E-5,0.001666381918396));
#10360=CARTESIAN_POINT('',(0.002056589407524,9.1778931492E-5,0.001666546317383));
#10361=CARTESIAN_POINT('',(0.0020556030136,9.1778931492E-5,0.001666381918396));
#10362=CARTESIAN_POINT('',(0.00205560301360051,9.1778931492E-5,0.00166638191839609));
#10363=CARTESIAN_POINT('',(0.00205560301360051,8.0445570204E-5,0.00166638191839609));
#10364=CARTESIAN_POINT('',(0.00205621838013503,7.1217718697E-5,0.001662689719189));
#10365=CARTESIAN_POINT('',(0.00205745765996152,6.4069383022E-5,0.00165525404023008));
#10366=CARTESIAN_POINT('',(0.00205560301360051,9.1778931492E-5,0.00166638191839609));
#10367=CARTESIAN_POINT('',(0.002056096210562,9.1778931492E-5,0.0016664641178895));
#10368=CARTESIAN_POINT('',(0.00205658940752355,9.1778931492E-5,0.00166654631738292));
#10369=CARTESIAN_POINT('',(0.00205844405388454,6.4069383022E-5,0.00165541843921693));
#10370=CARTESIAN_POINT('',(0.00205720477405803,7.1217718697E-5,0.00166285411817601));
#10371=CARTESIAN_POINT('',(0.00205658940752355,8.0445570204E-5,0.00166654631738292));
#10372=CARTESIAN_POINT('',(0.00205658940752355,9.1778931492E-5,0.00166654631738292));
#10373=CARTESIAN_POINT('',(0.002056589407524,9.1778931492E-5,0.001666546317383));
#10374=CARTESIAN_POINT('',(0.0020556030136,9.1778931492E-5,0.001666381918396));
#10375=CARTESIAN_POINT('',(0.002056589407524,0.000100486904041,0.001666546317383));
#10376=CARTESIAN_POINT('',(0.0020556030136,0.000100486904041,0.001666381918396));
#10377=CARTESIAN_POINT('',(0.002056914184306,0.000108467046049,0.001664597656691));
#10378=CARTESIAN_POINT('',(0.002055927790382,0.000108467046049,0.001664433257703));
#10379=CARTESIAN_POINT('',(0.002057580831385,0.000115745351463,0.001660597774217));
#10380=CARTESIAN_POINT('',(0.002056594437461,0.000115745351463,0.001660433375229));
#10381=CARTESIAN_POINT('',(0.0020565944228687,0.000115745192139351,0.001660433462787));
#10382=CARTESIAN_POINT('',(0.00205592778564307,0.000108466929591042,0.00166443328614072));
#10383=CARTESIAN_POINT('',(0.00205560301360051,0.000100486840501256,0.00166638191839609));
#10384=CARTESIAN_POINT('',(0.00205560301360051,9.1778931492E-5,0.00166638191839609));
#10385=CARTESIAN_POINT('',(0.00205659441652121,0.000115745351463,0.00166043350086774));
#10386=CARTESIAN_POINT('',(0.002057580831385,0.000115745351463,0.001660597774217));
#10387=CARTESIAN_POINT('',(0.00205758082165599,0.000115745245248215,0.00166059783258822));
#10388=CARTESIAN_POINT('',(0.00205658940752355,9.1778931492E-5,0.00166654631738292));
#10389=CARTESIAN_POINT('',(0.00205658940752355,0.000100486840501256,0.00166654631738292));
#10390=CARTESIAN_POINT('',(0.00205691417956594,0.000108466929591042,0.00166459768512853));
#10391=CARTESIAN_POINT('',(0.00205758081679156,0.000115745192139351,0.00166059786177481));
#10392=CARTESIAN_POINT('',(0.002055324487425,0.000115745351463,0.001674135837976));
#10393=CARTESIAN_POINT('',(0.002056594437461,0.000115745351463,0.001660433375229));
#10394=CARTESIAN_POINT('',(0.00205433809258585,0.000115745338644544,0.00167397144448195));
#10395=CARTESIAN_POINT('',(0.002054338093501,0.000115745351463,0.001673971438989));
#10396=CARTESIAN_POINT('',(0.00205532449783047,0.000115745339985719,0.00167413577554138));
#10397=CARTESIAN_POINT('',(0.002071678707756,0.000115745351463,0.001576010515988));
#10398=CARTESIAN_POINT('',(0.002055324487425,0.000115745351463,0.001674135837976));
#10399=CARTESIAN_POINT('',(0.002054338093501,0.000115745351463,0.001673971438989));
#10400=CARTESIAN_POINT('',(0.002054871509282,0.000109402828174,0.001676853706837));
#10401=CARTESIAN_POINT('',(0.002053885115358,0.000109402828174,0.00167668930785));
#10402=CARTESIAN_POINT('',(0.002054640746831,0.00010137069827,0.00167823828154));
#10403=CARTESIAN_POINT('',(0.002053654352907,0.00010137069827,0.001678073882553));
#10404=CARTESIAN_POINT('',(0.002054640746831,9.1648961752E-5,0.00167823828154));
#10405=CARTESIAN_POINT('',(0.002053654352907,9.1648961752E-5,0.001678073882553));
#10406=CARTESIAN_POINT('',(0.00205365435290769,9.1648961752E-5,0.00167807388255311));
#10407=CARTESIAN_POINT('',(0.00205365435290768,0.00010137069827,0.00167807388255311));
#10408=CARTESIAN_POINT('',(0.00205388511535819,0.000109402828174,0.00167668930785004));
#10409=CARTESIAN_POINT('',(0.00205433809350168,0.000115745351463,0.00167397143898912));
#10410=CARTESIAN_POINT('',(0.00205365435290769,9.1648961752E-5,0.00167807388255311));
#10411=CARTESIAN_POINT('',(0.002054147549869,9.1648961752E-5,0.0016781560820465));
#10412=CARTESIAN_POINT('',(0.00205464074683071,9.1648961752E-5,0.00167823828153995));
#10413=CARTESIAN_POINT('',(0.00205532448742471,0.000115745351463,0.00167413583797595));
#10414=CARTESIAN_POINT('',(0.00205487150928123,0.000109402828174,0.00167685370683687));
#10415=CARTESIAN_POINT('',(0.00205464074683071,0.00010137069827,0.00167823828153995));
#10416=CARTESIAN_POINT('',(0.00205464074683071,9.1648961752E-5,0.00167823828153995));
#10417=CARTESIAN_POINT('',(0.002054640746831,9.1648961752E-5,0.00167823828154));
#10418=CARTESIAN_POINT('',(0.002053654352907,9.1648961752E-5,0.001678073882553));
#10419=CARTESIAN_POINT('',(0.002054640746831,7.6546478018E-5,0.00167823828154));
#10420=CARTESIAN_POINT('',(0.002053654352907,7.6546478018E-5,0.001678073882553));
#10421=CARTESIAN_POINT('',(0.002055461235544,6.409537697E-5,0.001673315349264));
#10422=CARTESIAN_POINT('',(0.00205447484162,6.409537697E-5,0.001673150950276));
#10423=CARTESIAN_POINT('',(0.002057102212969,5.4295658608E-5,0.001663469484711));
#10424=CARTESIAN_POINT('',(0.002056115819046,5.4295658608E-5,0.001663305085723));
#10425=CARTESIAN_POINT('',(0.00205611581904603,5.4295658608E-5,0.001663305085723));
#10426=CARTESIAN_POINT('',(0.00205447484162052,6.409537697E-5,0.00167315095027609));
#10427=CARTESIAN_POINT('',(0.00205365435290769,7.6546478018E-5,0.00167807388255311));
#10428=CARTESIAN_POINT('',(0.00205365435290769,9.1648961752E-5,0.00167807388255311));
#10429=CARTESIAN_POINT('',(0.00205611581904603,5.4295658608E-5,0.001663305085723));
#10430=CARTESIAN_POINT('',(0.0020566090160075,5.4295658608E-5,0.001663387285217));
#10431=CARTESIAN_POINT('',(0.00205710221296887,5.4295658608E-5,0.00166346948471098));
#10432=CARTESIAN_POINT('',(0.00205464074683071,9.1648961752E-5,0.00167823828153995));
#10433=CARTESIAN_POINT('',(0.00205464074683071,7.6546478018E-5,0.00167823828153995));
#10434=CARTESIAN_POINT('',(0.00205546123554339,6.409537697E-5,0.0016733153492639));
#10435=CARTESIAN_POINT('',(0.00205710221296887,5.4295658608E-5,0.00166346948471098));
#10436=CARTESIAN_POINT('',(0.002057102212969,5.4295658608E-5,0.001663469484711));
#10437=CARTESIAN_POINT('',(0.002056115819046,5.4295658608E-5,0.001663305085723));
#10438=CARTESIAN_POINT('',(0.002058743190395,4.4495940247E-5,0.001653623620158));
#10439=CARTESIAN_POINT('',(0.002057756796471,4.4495940247E-5,0.001653459221171));
#10440=CARTESIAN_POINT('',(0.002060905520023,3.9609078041E-5,0.001640649642388));
#10441=CARTESIAN_POINT('',(0.002059919126099,3.9609078041E-5,0.001640485243401));
#10442=CARTESIAN_POINT('',(0.002063597748612,3.9609078041E-5,0.001624496270856));
#10443=CARTESIAN_POINT('',(0.002062611354688,3.9609078041E-5,0.001624331871869));
#10444=CARTESIAN_POINT('',(0.00206261135468834,3.9609078041E-5,0.00162433187186905));
#10445=CARTESIAN_POINT('',(0.00205991912609967,3.9609078041E-5,0.00164048524340111));
#10446=CARTESIAN_POINT('',(0.00205775679647135,4.4495940247E-5,0.00165345922117106));
#10447=CARTESIAN_POINT('',(0.00205611581904603,5.4295658608E-5,0.001663305085723));
#10448=CARTESIAN_POINT('',(0.00206261135468834,3.9609078041E-5,0.00162433187186905));
#10449=CARTESIAN_POINT('',(0.00206310455165,3.9609078041E-5,0.0016244140713625));
#10450=CARTESIAN_POINT('',(0.00206359774861137,3.9609078041E-5,0.0016244962708559));
#10451=CARTESIAN_POINT('',(0.00205710221296887,5.4295658608E-5,0.00166346948471098));
#10452=CARTESIAN_POINT('',(0.00205874319039438,4.4495940247E-5,0.00165362362015789));
#10453=CARTESIAN_POINT('',(0.0020609055200227,3.9609078041E-5,0.00164064964238795));
#10454=CARTESIAN_POINT('',(0.00206359774861137,3.9609078041E-5,0.0016244962708559));
#10455=CARTESIAN_POINT('',(0.002063597748612,3.9609078041E-5,0.001624496270856));
#10456=CARTESIAN_POINT('',(0.002062611354688,3.9609078041E-5,0.001624331871869));
#10457=CARTESIAN_POINT('',(0.002066101948537,3.9609078041E-5,0.001609471071304));
#10458=CARTESIAN_POINT('',(0.002065115554613,3.9609078041E-5,0.001609306672317));
#10459=CARTESIAN_POINT('',(0.002068118983289,4.3950067341E-5,0.001597368862791));
#10460=CARTESIAN_POINT('',(0.002067132589365,4.3950067341E-5,0.001597204463804));
#10461=CARTESIAN_POINT('',(0.002069640306111,5.265803989E-5,0.001588240925863));
#10462=CARTESIAN_POINT('',(0.002068653912187,5.265803989E-5,0.001588076526875));
#10463=CARTESIAN_POINT('',(0.00206865391218733,5.265803989E-5,0.00158807652687505));
#10464=CARTESIAN_POINT('',(0.00206713258936582,4.3950067341E-5,0.00159720446380413));
#10465=CARTESIAN_POINT('',(0.00206511555461366,3.9609078041E-5,0.00160930667231711));
#10466=CARTESIAN_POINT('',(0.00206261135468834,3.9609078041E-5,0.00162433187186905));
#10467=CARTESIAN_POINT('',(0.00206865391218733,5.265803989E-5,0.00158807652687505));
#10468=CARTESIAN_POINT('',(0.002069147109149,5.265803989E-5,0.001588158726369));
#10469=CARTESIAN_POINT('',(0.00206964030611019,5.265803989E-5,0.00158824092586286));
#10470=CARTESIAN_POINT('',(0.00206359774861137,3.9609078041E-5,0.0016244962708559));
#10471=CARTESIAN_POINT('',(0.00206610194853669,3.9609078041E-5,0.00160947107130395));
#10472=CARTESIAN_POINT('',(0.00206811898328884,4.3950067341E-5,0.00159736886279098));
#10473=CARTESIAN_POINT('',(0.00206964030611019,5.265803989E-5,0.00158824092586286));
#10474=CARTESIAN_POINT('',(0.002069640306111,5.265803989E-5,0.001588240925863));
#10475=CARTESIAN_POINT('',(0.002068653912187,5.265803989E-5,0.001588076526875));
#10476=CARTESIAN_POINT('',(0.002071161628932,6.136601244E-5,0.001579112988934));
#10477=CARTESIAN_POINT('',(0.002070175235008,6.136601244E-5,0.001578948589946));
#10478=CARTESIAN_POINT('',(0.002071922290343,7.3011301102E-5,0.001574549020469));
#10479=CARTESIAN_POINT('',(0.002070935896419,7.3011301102E-5,0.001574384621481));
#10480=CARTESIAN_POINT('',(0.002071922290343,8.7593905879E-5,0.001574549020469));
#10481=CARTESIAN_POINT('',(0.002070935896419,8.7593905879E-5,0.001574384621481));
#10482=CARTESIAN_POINT('',(0.00207093589641965,8.7593905879E-5,0.00157438462148111));
#10483=CARTESIAN_POINT('',(0.00207093589641965,7.3011301102E-5,0.00157438462148111));
#10484=CARTESIAN_POINT('',(0.00207017523500881,6.136601244E-5,0.00157894858994614));
#10485=CARTESIAN_POINT('',(0.00206865391218733,5.265803989E-5,0.00158807652687505));
#10486=CARTESIAN_POINT('',(0.00206964030611019,5.265803989E-5,0.00158824092586286));
#10487=CARTESIAN_POINT('',(0.00207116162893168,6.136601244E-5,0.00157911298893395));
#10488=CARTESIAN_POINT('',(0.00207192229034252,7.3011301102E-5,0.00157454902046892));
#10489=CARTESIAN_POINT('',(0.00207192229034252,8.7593905879E-5,0.00157454902046892));
#10490=CARTESIAN_POINT('',(0.002071678707756,0.000103092797319,0.001576010515988));
#10491=CARTESIAN_POINT('',(0.002070692313833,0.000103092797319,0.001575846117001));
#10492=CARTESIAN_POINT('',(0.,0.,0.));
#10493=CARTESIAN_POINT('',(0.002069734320442,0.000190789879073,0.001587676839872));
#10494=CARTESIAN_POINT('',(0.002070653853424,0.000190789879073,0.001576076879452));
#10495=CARTESIAN_POINT('',(0.00207065385342403,0.000190789879073,0.00157607687945184));
#10496=CARTESIAN_POINT('',(0.00206874792651902,0.000190789879073,0.00158751244088484));
#10497=CARTESIAN_POINT('',(0.002069734320442,0.000190789879073,0.001587676839872));
#10498=CARTESIAN_POINT('',(0.00206973432044321,0.000190789879073,0.0015876768398722));
#10499=CARTESIAN_POINT('',(0.002271256664194,0.000190789879073,0.000378542777365));
#10500=CARTESIAN_POINT('',(0.00207164024734872,0.000190789879073,0.00157624127843912));
#10501=CARTESIAN_POINT('',(0.002071640247348,0.000190789879073,0.001576241278439));
#10502=CARTESIAN_POINT('',(0.002069734320442,0.000149225556369,0.001587676839872));
#10503=CARTESIAN_POINT('',(0.00206874792651902,0.000149225556369,0.00158751244088484));
#10504=CARTESIAN_POINT('',(0.00206874792651901,0.000149225556369,0.00158751244088492));
#10505=CARTESIAN_POINT('',(0.002069734320442,0.000149225556369,0.001587676839872));
#10506=CARTESIAN_POINT('',(0.00206973432044321,0.000149225556369,0.0015876768398722));
#10507=CARTESIAN_POINT('',(0.00206973432044321,-1.500198064071E-18,0.0015876768398722));
#10508=CARTESIAN_POINT('',(0.002064110554057,0.000149225556369,0.001621419438183));
#10509=CARTESIAN_POINT('',(0.002068747926519,0.000149225556369,0.001587512440885));
#10510=CARTESIAN_POINT('',(0.00206312416013306,0.000149225556369,0.00162125503919567));
#10511=CARTESIAN_POINT('',(0.002064110554057,0.000149225556369,0.001621419438183));
#10512=CARTESIAN_POINT('',(0.00206411055405806,0.000149225556369,0.00162141943818318));
#10513=CARTESIAN_POINT('',(0.002271256664194,0.000149225556369,0.000378542777365));
#10514=CARTESIAN_POINT('',(0.002064110554057,0.000185591089491,0.001621419438183));
#10515=CARTESIAN_POINT('',(0.00206312416013306,0.000185591089491,0.00162125503919567));
#10516=CARTESIAN_POINT('',(0.00206312416013303,0.000185591089491,0.00162125503919584));
#10517=CARTESIAN_POINT('',(0.002064110554057,0.000185591089491,0.001621419438183));
#10518=CARTESIAN_POINT('',(0.00206411055405806,0.000185591089491,0.00162141943818318));
#10519=CARTESIAN_POINT('',(0.00206411055405806,-1.500198064071E-18,0.00162141943818318));
#10520=CARTESIAN_POINT('',(0.002062196080394,0.000185591089491,0.001632906280161));
#10521=CARTESIAN_POINT('',(0.002063124160133,0.000185591089491,0.001621255039196));
#10522=CARTESIAN_POINT('',(0.00206120968647005,0.000185591089491,0.00163274188117368));
#10523=CARTESIAN_POINT('',(0.002062196080394,0.000185591089491,0.001632906280161));
#10524=CARTESIAN_POINT('',(0.00206219608039506,0.000185591089491,0.00163290628016117));
#10525=CARTESIAN_POINT('',(0.002271256664194,0.000185591089491,0.000378542777365));
#10526=CARTESIAN_POINT('',(0.002062196080394,0.000149225556369,0.001632906280161));
#10527=CARTESIAN_POINT('',(0.00206120968647005,0.000149225556369,0.00163274188117368));
#10528=CARTESIAN_POINT('',(0.00206120968647002,0.000149225556369,0.00163274188117384));
#10529=CARTESIAN_POINT('',(0.002062196080394,0.000149225556369,0.001632906280161));
#10530=CARTESIAN_POINT('',(0.00206219608039506,0.000149225556369,0.00163290628016117));
#10531=CARTESIAN_POINT('',(0.00206219608039506,-1.500198064071E-18,0.00163290628016118));
#10532=CARTESIAN_POINT('',(0.002056845810247,0.000149225556369,0.001665007901047));
#10533=CARTESIAN_POINT('',(0.00206120968647,0.000149225556369,0.001632741881174));
#10534=CARTESIAN_POINT('',(0.00205585941632305,0.000149225556369,0.00166484350205967));
#10535=CARTESIAN_POINT('',(0.002056845810247,0.000149225556369,0.001665007901047));
#10536=CARTESIAN_POINT('',(0.00205684581024742,0.000149225556369,0.00166500790104707));
#10537=CARTESIAN_POINT('',(0.002271256664194,0.000149225556369,0.000378542777365));
#10538=CARTESIAN_POINT('',(0.002056845810247,0.000188476417709,0.001665007901047));
#10539=CARTESIAN_POINT('',(0.00205585941632305,0.000188476417709,0.00166484350205967));
#10540=CARTESIAN_POINT('',(0.00205585941632302,0.000188476417709,0.00166484350205984));
#10541=CARTESIAN_POINT('',(0.002056845810247,0.000188476417709,0.001665007901047));
#10542=CARTESIAN_POINT('',(0.00205684581024742,0.000188476417709,0.00166500790104707));
#10543=CARTESIAN_POINT('',(0.00205684581024742,-1.500198064071E-18,0.00166500790104707));
#10544=CARTESIAN_POINT('',(0.002054922789826,0.000188476417709,0.00167654602357));
#10545=CARTESIAN_POINT('',(0.002055859416323,0.000188476417709,0.00166484350206));
#10546=CARTESIAN_POINT('',(0.00205393639590205,0.000188476417709,0.00167638162458267));
#10547=CARTESIAN_POINT('',(0.002054922789826,0.000188476417709,0.00167654602357));
#10548=CARTESIAN_POINT('',(0.00205492278982692,0.000188476417709,0.00167654602357016));
#10549=CARTESIAN_POINT('',(0.002271256664194,0.000188476417709,0.000378542777365));
#10550=CARTESIAN_POINT('',(0.002054922789826,0.000136098612675,0.00167654602357));
#10551=CARTESIAN_POINT('',(0.00205393639590205,0.000136098612675,0.00167638162458267));
#10552=CARTESIAN_POINT('',(0.00205393639590202,0.000136098612675,0.00167638162458284));
#10553=CARTESIAN_POINT('',(0.002054922789826,0.000136098612675,0.00167654602357));
#10554=CARTESIAN_POINT('',(0.00205492278982692,0.000136098612675,0.00167654602357016));
#10555=CARTESIAN_POINT('',(0.00205492278982692,-1.500198064071E-18,0.00167654602357016));
#10556=CARTESIAN_POINT('',(0.002071640247348,0.000136098612675,0.001576241278439));
#10557=CARTESIAN_POINT('',(0.002053936395902,0.000136098612675,0.001676381624583));
#10558=CARTESIAN_POINT('',(0.00207065385342405,0.000136098612675,0.00157607687945167));
#10559=CARTESIAN_POINT('',(0.002071640247348,0.000136098612675,0.001576241278439));
#10560=CARTESIAN_POINT('',(0.00207164024734872,0.000136098612675,0.00157624127843912));
#10561=CARTESIAN_POINT('',(0.002271256664194,0.000136098612675,0.000378542777365));
#10562=CARTESIAN_POINT('',(0.002071640247348,0.000190789879073,0.001576241278439));
#10563=CARTESIAN_POINT('',(0.00207065385342405,0.000190789879073,0.00157607687945167));
#10564=CARTESIAN_POINT('',(0.00207164024734872,-1.500198064071E-18,0.00157624127843912));
#10565=CARTESIAN_POINT('',(0.002271256664194,-1.500198064071E-18,0.000378542777365));
#10566=CARTESIAN_POINT('',(0.00227027027027,-1.500198064071E-18,0.000378378378378));
#10567=CARTESIAN_POINT('',(0.,0.,0.));
#10568=MECHANICAL_DESIGN_GEOMETRIC_PRESENTATION_REPRESENTATION('',(#5812,
#5813,#5814,#5815,#5816,#5817,#5818,#5819,#5820,#5821,#5822,#10,#11,#12,
#13,#14,#15,#16,#17,#18,#19,#20,#21,#22,#23,#24,#25,#26,#27,#28,#29,#30,
#31,#32,#33,#34,#35,#36,#37,#38,#39,#40,#41,#42,#43,#44,#45,#46,#47,#48,
#49,#50,#51,#52,#53,#54,#5823,#5824,#5825),#10569);
#10569=(
GEOMETRIC_REPRESENTATION_CONTEXT(3)
GLOBAL_UNCERTAINTY_ASSIGNED_CONTEXT((#10584))
GLOBAL_UNIT_ASSIGNED_CONTEXT((#10601,#10600,#10599))
REPRESENTATION_CONTEXT(
'SMA_L4.3-W2.6-LS5.2-RD~SMA_L4.3-W2.6-LS5.2-RD~2QC5',
'TOP_LEVEL_ASSEMBLY_PART')
);
#10570=(
GEOMETRIC_REPRESENTATION_CONTEXT(3)
GLOBAL_UNCERTAINTY_ASSIGNED_CONTEXT((#10585))
GLOBAL_UNIT_ASSIGNED_CONTEXT((#10601,#10600,#10599))
REPRESENTATION_CONTEXT(
'SMA_L4.3-W2.6-LS5.2-RD~SMA_L4.3-W2.6-LS5.2-RD~2QC5__\X\CD\X\B9\X\CC\X\A8
-\X\EF\X\BF\X\BD\X\EF\X\BF\X\BD\X\EF\X\BF\X\BD\X\EF\X\BF\X\BD2[11]',
'COMPONENT_PART')
);
#10571=(
GEOMETRIC_REPRESENTATION_CONTEXT(3)
GLOBAL_UNCERTAINTY_ASSIGNED_CONTEXT((#10586))
GLOBAL_UNIT_ASSIGNED_CONTEXT((#10601,#10600,#10599))
REPRESENTATION_CONTEXT(
'SMA_L4.3-W2.6-LS5.2-RD~SMA_L4.3-W2.6-LS5.2-RD~2QC5__\X\CD\X\B9\X\CC\X\A8
-\X\EF\X\BF\X\BD\X\EF\X\BF\X\BD\X\EF\X\BF\X\BD\X\EF\X\BF\X\BD2[9]',
'COMPONENT_PART')
);
#10572=(
GEOMETRIC_REPRESENTATION_CONTEXT(3)
GLOBAL_UNCERTAINTY_ASSIGNED_CONTEXT((#10587))
GLOBAL_UNIT_ASSIGNED_CONTEXT((#10601,#10600,#10599))
REPRESENTATION_CONTEXT(
'SMA_L4.3-W2.6-LS5.2-RD~SMA_L4.3-W2.6-LS5.2-RD~2QC5__\X\CD\X\B9\X\CC\X\A8
-\X\EF\X\BF\X\BD\X\EF\X\BF\X\BD\X\EF\X\BF\X\BD\X\EF\X\BF\X\BD2[6]',
'COMPONENT_PART')
);
#10573=(
GEOMETRIC_REPRESENTATION_CONTEXT(3)
GLOBAL_UNCERTAINTY_ASSIGNED_CONTEXT((#10588))
GLOBAL_UNIT_ASSIGNED_CONTEXT((#10601,#10600,#10599))
REPRESENTATION_CONTEXT(
'SMA_L4.3-W2.6-LS5.2-RD~SMA_L4.3-W2.6-LS5.2-RD~2QC5__\X\CD\X\B9\X\CC\X\A8
-\X\EF\X\BF\X\BD\X\EF\X\BF\X\BD\X\EF\X\BF\X\BD\X\EF\X\BF\X\BD2[13]',
'COMPONENT_PART')
);
#10574=(
GEOMETRIC_REPRESENTATION_CONTEXT(3)
GLOBAL_UNCERTAINTY_ASSIGNED_CONTEXT((#10589))
GLOBAL_UNIT_ASSIGNED_CONTEXT((#10601,#10600,#10599))
REPRESENTATION_CONTEXT(
'SMA_L4.3-W2.6-LS5.2-RD~SMA_L4.3-W2.6-LS5.2-RD~2QC5__\X\CD\X\B9\X\CC\X\A8
-\X\EF\X\BF\X\BD\X\EF\X\BF\X\BD\X\EF\X\BF\X\BD\X\EF\X\BF\X\BD2[8]',
'COMPONENT_PART')
);
#10575=(
GEOMETRIC_REPRESENTATION_CONTEXT(3)
GLOBAL_UNCERTAINTY_ASSIGNED_CONTEXT((#10590))
GLOBAL_UNIT_ASSIGNED_CONTEXT((#10601,#10600,#10599))
REPRESENTATION_CONTEXT(
'SMA_L4.3-W2.6-LS5.2-RD~SMA_L4.3-W2.6-LS5.2-RD~2QC5__\X\CD\X\B9\X\CC\X\A8
-\X\EF\X\BF\X\BD\X\EF\X\BF\X\BD\X\EF\X\BF\X\BD\X\EF\X\BF\X\BD2[1]',
'COMPONENT_PART')
);
#10576=(
GEOMETRIC_REPRESENTATION_CONTEXT(3)
GLOBAL_UNCERTAINTY_ASSIGNED_CONTEXT((#10591))
GLOBAL_UNIT_ASSIGNED_CONTEXT((#10601,#10600,#10599))
REPRESENTATION_CONTEXT(
'SMA_L4.3-W2.6-LS5.2-RD~SMA_L4.3-W2.6-LS5.2-RD~2QC5__\X\CD\X\B9\X\CC\X\A8
-\X\EF\X\BF\X\BD\X\EF\X\BF\X\BD\X\EF\X\BF\X\BD\X\EF\X\BF\X\BD2[5]',
'COMPONENT_PART')
);
#10577=(
GEOMETRIC_REPRESENTATION_CONTEXT(3)
GLOBAL_UNCERTAINTY_ASSIGNED_CONTEXT((#10592))
GLOBAL_UNIT_ASSIGNED_CONTEXT((#10601,#10600,#10599))
REPRESENTATION_CONTEXT(
'SMA_L4.3-W2.6-LS5.2-RD~SMA_L4.3-W2.6-LS5.2-RD~2QC5__\X\CD\X\B9\X\CC\X\A8
-\X\EF\X\BF\X\BD\X\EF\X\BF\X\BD\X\EF\X\BF\X\BD\X\EF\X\BF\X\BD2[12]',
'COMPONENT_PART')
);
#10578=(
GEOMETRIC_REPRESENTATION_CONTEXT(3)
GLOBAL_UNCERTAINTY_ASSIGNED_CONTEXT((#10593))
GLOBAL_UNIT_ASSIGNED_CONTEXT((#10601,#10600,#10599))
REPRESENTATION_CONTEXT(
'SMA_L4.3-W2.6-LS5.2-RD~SMA_L4.3-W2.6-LS5.2-RD~2QC5__\X\CD\X\B9\X\CC\X\A8
-\X\EF\X\BF\X\BD\X\EF\X\BF\X\BD\X\EF\X\BF\X\BD\X\EF\X\BF\X\BD2[10]',
'COMPONENT_PART')
);
#10579=(
GEOMETRIC_REPRESENTATION_CONTEXT(3)
GLOBAL_UNCERTAINTY_ASSIGNED_CONTEXT((#10594))
GLOBAL_UNIT_ASSIGNED_CONTEXT((#10601,#10600,#10599))
REPRESENTATION_CONTEXT(
'SMA_L4.3-W2.6-LS5.2-RD~SMA_L4.3-W2.6-LS5.2-RD~2QC5__\X\CD\X\B9\X\CC\X\A8
-\X\EF\X\BF\X\BD\X\EF\X\BF\X\BD\X\EF\X\BF\X\BD\X\EF\X\BF\X\BD2[7]',
'COMPONENT_PART')
);
#10580=(
GEOMETRIC_REPRESENTATION_CONTEXT(3)
GLOBAL_UNCERTAINTY_ASSIGNED_CONTEXT((#10595))
GLOBAL_UNIT_ASSIGNED_CONTEXT((#10601,#10600,#10599))
REPRESENTATION_CONTEXT(
'SMA_L4.3-W2.6-LS5.2-RD~SMA_L4.3-W2.6-LS5.2-RD~2QC5__\X\EF\X\BF\X\BD\X\D0
\X\B3\X\EF\X\BF\X\BD-\X\EF\X\BF\X\BD\X\EF\X\BF\X\BD\X\EF\X\BF\X\BD\X\EF
\X\BF\X\BD4','COMPONENT_PART')
);
#10581=(
GEOMETRIC_REPRESENTATION_CONTEXT(3)
GLOBAL_UNCERTAINTY_ASSIGNED_CONTEXT((#10596))
GLOBAL_UNIT_ASSIGNED_CONTEXT((#10601,#10600,#10599))
REPRESENTATION_CONTEXT(
'SMA_L4.3-W2.6-LS5.2-RD~SMA_L4.3-W2.6-LS5.2-RD~2QC5__\X\CD\X\B9\X\CC\X\A8
-\X\EF\X\BF\X\BD\X\EF\X\BF\X\BD\X\EF\X\BF\X\BD\X\EF\X\BF\X\BD2[4]',
'COMPONENT_PART')
);
#10582=(
GEOMETRIC_REPRESENTATION_CONTEXT(3)
GLOBAL_UNCERTAINTY_ASSIGNED_CONTEXT((#10597))
GLOBAL_UNIT_ASSIGNED_CONTEXT((#10601,#10600,#10599))
REPRESENTATION_CONTEXT(
'SMA_L4.3-W2.6-LS5.2-RD~SMA_L4.3-W2.6-LS5.2-RD~2QC5__\X\CD\X\B9\X\CC\X\A8
-\X\EF\X\BF\X\BD\X\EF\X\BF\X\BD\X\EF\X\BF\X\BD\X\EF\X\BF\X\BD2[2]',
'COMPONENT_PART')
);
#10583=(
GEOMETRIC_REPRESENTATION_CONTEXT(3)
GLOBAL_UNCERTAINTY_ASSIGNED_CONTEXT((#10598))
GLOBAL_UNIT_ASSIGNED_CONTEXT((#10601,#10600,#10599))
REPRESENTATION_CONTEXT(
'SMA_L4.3-W2.6-LS5.2-RD~SMA_L4.3-W2.6-LS5.2-RD~2QC5__\X\CD\X\B9\X\CC\X\A8
-\X\EF\X\BF\X\BD\X\EF\X\BF\X\BD\X\EF\X\BF\X\BD\X\EF\X\BF\X\BD2[3]',
'COMPONENT_PART')
);
#10584=UNCERTAINTY_MEASURE_WITH_UNIT(LENGTH_MEASURE(1.E-8),#10601,
'DISTANCE_ACCURACY_VALUE','Maximum Tolerance applied to model');
#10585=UNCERTAINTY_MEASURE_WITH_UNIT(LENGTH_MEASURE(2.0000000001707E-6),
#10601,'DISTANCE_ACCURACY_VALUE','Maximum Tolerance applied to model');
#10586=UNCERTAINTY_MEASURE_WITH_UNIT(LENGTH_MEASURE(2.E-5),#10601,
'DISTANCE_ACCURACY_VALUE','Maximum Tolerance applied to model');
#10587=UNCERTAINTY_MEASURE_WITH_UNIT(LENGTH_MEASURE(1.E-8),#10601,
'DISTANCE_ACCURACY_VALUE','Maximum Tolerance applied to model');
#10588=UNCERTAINTY_MEASURE_WITH_UNIT(LENGTH_MEASURE(2.E-5),#10601,
'DISTANCE_ACCURACY_VALUE','Maximum Tolerance applied to model');
#10589=UNCERTAINTY_MEASURE_WITH_UNIT(LENGTH_MEASURE(2.E-5),#10601,
'DISTANCE_ACCURACY_VALUE','Maximum Tolerance applied to model');
#10590=UNCERTAINTY_MEASURE_WITH_UNIT(LENGTH_MEASURE(1.E-8),#10601,
'DISTANCE_ACCURACY_VALUE','Maximum Tolerance applied to model');
#10591=UNCERTAINTY_MEASURE_WITH_UNIT(LENGTH_MEASURE(1.E-8),#10601,
'DISTANCE_ACCURACY_VALUE','Maximum Tolerance applied to model');
#10592=UNCERTAINTY_MEASURE_WITH_UNIT(LENGTH_MEASURE(1.E-8),#10601,
'DISTANCE_ACCURACY_VALUE','Maximum Tolerance applied to model');
#10593=UNCERTAINTY_MEASURE_WITH_UNIT(LENGTH_MEASURE(1.E-8),#10601,
'DISTANCE_ACCURACY_VALUE','Maximum Tolerance applied to model');
#10594=UNCERTAINTY_MEASURE_WITH_UNIT(LENGTH_MEASURE(2.E-5),#10601,
'DISTANCE_ACCURACY_VALUE','Maximum Tolerance applied to model');
#10595=UNCERTAINTY_MEASURE_WITH_UNIT(LENGTH_MEASURE(2.E-5),#10601,
'DISTANCE_ACCURACY_VALUE','Maximum Tolerance applied to model');
#10596=UNCERTAINTY_MEASURE_WITH_UNIT(LENGTH_MEASURE(2.00000000027975E-6),
#10601,'DISTANCE_ACCURACY_VALUE','Maximum Tolerance applied to model');
#10597=UNCERTAINTY_MEASURE_WITH_UNIT(LENGTH_MEASURE(1.E-8),#10601,
'DISTANCE_ACCURACY_VALUE','Maximum Tolerance applied to model');
#10598=UNCERTAINTY_MEASURE_WITH_UNIT(LENGTH_MEASURE(1.E-8),#10601,
'DISTANCE_ACCURACY_VALUE','Maximum Tolerance applied to model');
#10599=(
NAMED_UNIT(*)
SI_UNIT($,.STERADIAN.)
SOLID_ANGLE_UNIT()
);
#10600=(
NAMED_UNIT(*)
PLANE_ANGLE_UNIT()
SI_UNIT($,.RADIAN.)
);
#10601=(
LENGTH_UNIT()
NAMED_UNIT(*)
SI_UNIT($,.METRE.)
);
#10602=PRODUCT_DEFINITION_SHAPE('','',#10631);
#10603=PRODUCT_DEFINITION_SHAPE('','',#10632);
#10604=PRODUCT_DEFINITION_SHAPE(' ','NAUO PRDDFN',#292);
#10605=PRODUCT_DEFINITION_SHAPE('','',#10633);
#10606=PRODUCT_DEFINITION_SHAPE(' ','NAUO PRDDFN',#293);
#10607=PRODUCT_DEFINITION_SHAPE('','',#10634);
#10608=PRODUCT_DEFINITION_SHAPE(' ','NAUO PRDDFN',#294);
#10609=PRODUCT_DEFINITION_SHAPE('','',#10635);
#10610=PRODUCT_DEFINITION_SHAPE(' ','NAUO PRDDFN',#295);
#10611=PRODUCT_DEFINITION_SHAPE('','',#10636);
#10612=PRODUCT_DEFINITION_SHAPE(' ','NAUO PRDDFN',#296);
#10613=PRODUCT_DEFINITION_SHAPE('','',#10637);
#10614=PRODUCT_DEFINITION_SHAPE(' ','NAUO PRDDFN',#297);
#10615=PRODUCT_DEFINITION_SHAPE('','',#10638);
#10616=PRODUCT_DEFINITION_SHAPE(' ','NAUO PRDDFN',#298);
#10617=PRODUCT_DEFINITION_SHAPE('','',#10639);
#10618=PRODUCT_DEFINITION_SHAPE(' ','NAUO PRDDFN',#299);
#10619=PRODUCT_DEFINITION_SHAPE('','',#10640);
#10620=PRODUCT_DEFINITION_SHAPE(' ','NAUO PRDDFN',#300);
#10621=PRODUCT_DEFINITION_SHAPE('','',#10641);
#10622=PRODUCT_DEFINITION_SHAPE(' ','NAUO PRDDFN',#301);
#10623=PRODUCT_DEFINITION_SHAPE('','',#10642);
#10624=PRODUCT_DEFINITION_SHAPE(' ','NAUO PRDDFN',#302);
#10625=PRODUCT_DEFINITION_SHAPE('','',#10643);
#10626=PRODUCT_DEFINITION_SHAPE(' ','NAUO PRDDFN',#303);
#10627=PRODUCT_DEFINITION_SHAPE('','',#10644);
#10628=PRODUCT_DEFINITION_SHAPE(' ','NAUO PRDDFN',#304);
#10629=PRODUCT_DEFINITION_SHAPE('','',#10645);
#10630=PRODUCT_DEFINITION_SHAPE(' ','NAUO PRDDFN',#305);
#10631=PRODUCT_DEFINITION('','',#10661,#10646);
#10632=PRODUCT_DEFINITION('','',#10662,#10647);
#10633=PRODUCT_DEFINITION('','',#10663,#10648);
#10634=PRODUCT_DEFINITION('','',#10664,#10649);
#10635=PRODUCT_DEFINITION('','',#10665,#10650);
#10636=PRODUCT_DEFINITION('','',#10666,#10651);
#10637=PRODUCT_DEFINITION('','',#10667,#10652);
#10638=PRODUCT_DEFINITION('','',#10668,#10653);
#10639=PRODUCT_DEFINITION('','',#10669,#10654);
#10640=PRODUCT_DEFINITION('','',#10670,#10655);
#10641=PRODUCT_DEFINITION('','',#10671,#10656);
#10642=PRODUCT_DEFINITION('','',#10672,#10657);
#10643=PRODUCT_DEFINITION('','',#10673,#10658);
#10644=PRODUCT_DEFINITION('','',#10674,#10659);
#10645=PRODUCT_DEFINITION('','',#10675,#10660);
#10646=PRODUCT_DEFINITION_CONTEXT('',#10737,'design');
#10647=PRODUCT_DEFINITION_CONTEXT('',#10737,'design');
#10648=PRODUCT_DEFINITION_CONTEXT('',#10737,'design');
#10649=PRODUCT_DEFINITION_CONTEXT('',#10737,'design');
#10650=PRODUCT_DEFINITION_CONTEXT('',#10737,'design');
#10651=PRODUCT_DEFINITION_CONTEXT('',#10737,'design');
#10652=PRODUCT_DEFINITION_CONTEXT('',#10737,'design');
#10653=PRODUCT_DEFINITION_CONTEXT('',#10737,'design');
#10654=PRODUCT_DEFINITION_CONTEXT('',#10737,'design');
#10655=PRODUCT_DEFINITION_CONTEXT('',#10737,'design');
#10656=PRODUCT_DEFINITION_CONTEXT('',#10737,'design');
#10657=PRODUCT_DEFINITION_CONTEXT('',#10737,'design');
#10658=PRODUCT_DEFINITION_CONTEXT('',#10737,'design');
#10659=PRODUCT_DEFINITION_CONTEXT('',#10737,'design');
#10660=PRODUCT_DEFINITION_CONTEXT('',#10737,'design');
#10661=PRODUCT_DEFINITION_FORMATION_WITH_SPECIFIED_SOURCE('','',#10691,
 .NOT_KNOWN.);
#10662=PRODUCT_DEFINITION_FORMATION_WITH_SPECIFIED_SOURCE('','',#10692,
 .NOT_KNOWN.);
#10663=PRODUCT_DEFINITION_FORMATION_WITH_SPECIFIED_SOURCE('','',#10693,
 .NOT_KNOWN.);
#10664=PRODUCT_DEFINITION_FORMATION_WITH_SPECIFIED_SOURCE('','',#10694,
 .NOT_KNOWN.);
#10665=PRODUCT_DEFINITION_FORMATION_WITH_SPECIFIED_SOURCE('','',#10695,
 .NOT_KNOWN.);
#10666=PRODUCT_DEFINITION_FORMATION_WITH_SPECIFIED_SOURCE('','',#10696,
 .NOT_KNOWN.);
#10667=PRODUCT_DEFINITION_FORMATION_WITH_SPECIFIED_SOURCE('','',#10697,
 .NOT_KNOWN.);
#10668=PRODUCT_DEFINITION_FORMATION_WITH_SPECIFIED_SOURCE('','',#10698,
 .NOT_KNOWN.);
#10669=PRODUCT_DEFINITION_FORMATION_WITH_SPECIFIED_SOURCE('','',#10699,
 .NOT_KNOWN.);
#10670=PRODUCT_DEFINITION_FORMATION_WITH_SPECIFIED_SOURCE('','',#10700,
 .NOT_KNOWN.);
#10671=PRODUCT_DEFINITION_FORMATION_WITH_SPECIFIED_SOURCE('','',#10701,
 .NOT_KNOWN.);
#10672=PRODUCT_DEFINITION_FORMATION_WITH_SPECIFIED_SOURCE('','',#10702,
 .NOT_KNOWN.);
#10673=PRODUCT_DEFINITION_FORMATION_WITH_SPECIFIED_SOURCE('','',#10703,
 .NOT_KNOWN.);
#10674=PRODUCT_DEFINITION_FORMATION_WITH_SPECIFIED_SOURCE('','',#10704,
 .NOT_KNOWN.);
#10675=PRODUCT_DEFINITION_FORMATION_WITH_SPECIFIED_SOURCE('','',#10705,
 .NOT_KNOWN.);
#10676=PRODUCT_RELATED_PRODUCT_CATEGORY('','',(#10691));
#10677=PRODUCT_RELATED_PRODUCT_CATEGORY('','',(#10692));
#10678=PRODUCT_RELATED_PRODUCT_CATEGORY('','',(#10693));
#10679=PRODUCT_RELATED_PRODUCT_CATEGORY('','',(#10694));
#10680=PRODUCT_RELATED_PRODUCT_CATEGORY('','',(#10695));
#10681=PRODUCT_RELATED_PRODUCT_CATEGORY('','',(#10696));
#10682=PRODUCT_RELATED_PRODUCT_CATEGORY('','',(#10697));
#10683=PRODUCT_RELATED_PRODUCT_CATEGORY('','',(#10698));
#10684=PRODUCT_RELATED_PRODUCT_CATEGORY('','',(#10699));
#10685=PRODUCT_RELATED_PRODUCT_CATEGORY('','',(#10700));
#10686=PRODUCT_RELATED_PRODUCT_CATEGORY('','',(#10701));
#10687=PRODUCT_RELATED_PRODUCT_CATEGORY('','',(#10702));
#10688=PRODUCT_RELATED_PRODUCT_CATEGORY('','',(#10703));
#10689=PRODUCT_RELATED_PRODUCT_CATEGORY('','',(#10704));
#10690=PRODUCT_RELATED_PRODUCT_CATEGORY('','',(#10705));
#10691=PRODUCT('SMA_L4.3-W2.6-LS5.2-RD~SMA_L4.3-W2.6-LS5.2-RD~2QC5',
'SMA_L4.3-W2.6-LS5.2-RD~SMA_L4.3-W2.6-LS5.2-RD~2QC5',
'SMA_L4.3-W2.6-LS5.2-RD~SMA_L4.3-W2.6-LS5.2-RD~2QC5',(#10721));
#10692=PRODUCT(
'SMA_L4.3-W2.6-LS5.2-RD~SMA_L4.3-W2.6-LS5.2-RD~2QC5__\X\CD\X\B9\X\CC\X\A8
-\X\EF\X\BF\X\BD\X\EF\X\BF\X\BD\X\EF\X\BF\X\BD\X\EF\X\BF\X\BD2[11]',
'SMA_L4.3-W2.6-LS5.2-RD~SMA_L4.3-W2.6-LS5.2-RD~2QC5__\X\CD\X\B9\X\CC\X\A8
-\X\EF\X\BF\X\BD\X\EF\X\BF\X\BD\X\EF\X\BF\X\BD\X\EF\X\BF\X\BD2[11]',
'SMA_L4.3-W2.6-LS5.2-RD~SMA_L4.3-W2.6-LS5.2-RD~2QC5__\X\CD\X\B9\X\CC\X\A8
-\X\EF\X\BF\X\BD\X\EF\X\BF\X\BD\X\EF\X\BF\X\BD\X\EF\X\BF\X\BD2[11]',(#10722));
#10693=PRODUCT(
'SMA_L4.3-W2.6-LS5.2-RD~SMA_L4.3-W2.6-LS5.2-RD~2QC5__\X\CD\X\B9\X\CC\X\A8
-\X\EF\X\BF\X\BD\X\EF\X\BF\X\BD\X\EF\X\BF\X\BD\X\EF\X\BF\X\BD2[9]',
'SMA_L4.3-W2.6-LS5.2-RD~SMA_L4.3-W2.6-LS5.2-RD~2QC5__\X\CD\X\B9\X\CC\X\A8
-\X\EF\X\BF\X\BD\X\EF\X\BF\X\BD\X\EF\X\BF\X\BD\X\EF\X\BF\X\BD2[9]',
'SMA_L4.3-W2.6-LS5.2-RD~SMA_L4.3-W2.6-LS5.2-RD~2QC5__\X\CD\X\B9\X\CC\X\A8
-\X\EF\X\BF\X\BD\X\EF\X\BF\X\BD\X\EF\X\BF\X\BD\X\EF\X\BF\X\BD2[9]',(#10723));
#10694=PRODUCT(
'SMA_L4.3-W2.6-LS5.2-RD~SMA_L4.3-W2.6-LS5.2-RD~2QC5__\X\CD\X\B9\X\CC\X\A8
-\X\EF\X\BF\X\BD\X\EF\X\BF\X\BD\X\EF\X\BF\X\BD\X\EF\X\BF\X\BD2[6]',
'SMA_L4.3-W2.6-LS5.2-RD~SMA_L4.3-W2.6-LS5.2-RD~2QC5__\X\CD\X\B9\X\CC\X\A8
-\X\EF\X\BF\X\BD\X\EF\X\BF\X\BD\X\EF\X\BF\X\BD\X\EF\X\BF\X\BD2[6]',
'SMA_L4.3-W2.6-LS5.2-RD~SMA_L4.3-W2.6-LS5.2-RD~2QC5__\X\CD\X\B9\X\CC\X\A8
-\X\EF\X\BF\X\BD\X\EF\X\BF\X\BD\X\EF\X\BF\X\BD\X\EF\X\BF\X\BD2[6]',(#10724));
#10695=PRODUCT(
'SMA_L4.3-W2.6-LS5.2-RD~SMA_L4.3-W2.6-LS5.2-RD~2QC5__\X\CD\X\B9\X\CC\X\A8
-\X\EF\X\BF\X\BD\X\EF\X\BF\X\BD\X\EF\X\BF\X\BD\X\EF\X\BF\X\BD2[13]',
'SMA_L4.3-W2.6-LS5.2-RD~SMA_L4.3-W2.6-LS5.2-RD~2QC5__\X\CD\X\B9\X\CC\X\A8
-\X\EF\X\BF\X\BD\X\EF\X\BF\X\BD\X\EF\X\BF\X\BD\X\EF\X\BF\X\BD2[13]',
'SMA_L4.3-W2.6-LS5.2-RD~SMA_L4.3-W2.6-LS5.2-RD~2QC5__\X\CD\X\B9\X\CC\X\A8
-\X\EF\X\BF\X\BD\X\EF\X\BF\X\BD\X\EF\X\BF\X\BD\X\EF\X\BF\X\BD2[13]',(#10725));
#10696=PRODUCT(
'SMA_L4.3-W2.6-LS5.2-RD~SMA_L4.3-W2.6-LS5.2-RD~2QC5__\X\CD\X\B9\X\CC\X\A8
-\X\EF\X\BF\X\BD\X\EF\X\BF\X\BD\X\EF\X\BF\X\BD\X\EF\X\BF\X\BD2[8]',
'SMA_L4.3-W2.6-LS5.2-RD~SMA_L4.3-W2.6-LS5.2-RD~2QC5__\X\CD\X\B9\X\CC\X\A8
-\X\EF\X\BF\X\BD\X\EF\X\BF\X\BD\X\EF\X\BF\X\BD\X\EF\X\BF\X\BD2[8]',
'SMA_L4.3-W2.6-LS5.2-RD~SMA_L4.3-W2.6-LS5.2-RD~2QC5__\X\CD\X\B9\X\CC\X\A8
-\X\EF\X\BF\X\BD\X\EF\X\BF\X\BD\X\EF\X\BF\X\BD\X\EF\X\BF\X\BD2[8]',(#10726));
#10697=PRODUCT(
'SMA_L4.3-W2.6-LS5.2-RD~SMA_L4.3-W2.6-LS5.2-RD~2QC5__\X\CD\X\B9\X\CC\X\A8
-\X\EF\X\BF\X\BD\X\EF\X\BF\X\BD\X\EF\X\BF\X\BD\X\EF\X\BF\X\BD2[1]',
'SMA_L4.3-W2.6-LS5.2-RD~SMA_L4.3-W2.6-LS5.2-RD~2QC5__\X\CD\X\B9\X\CC\X\A8
-\X\EF\X\BF\X\BD\X\EF\X\BF\X\BD\X\EF\X\BF\X\BD\X\EF\X\BF\X\BD2[1]',
'SMA_L4.3-W2.6-LS5.2-RD~SMA_L4.3-W2.6-LS5.2-RD~2QC5__\X\CD\X\B9\X\CC\X\A8
-\X\EF\X\BF\X\BD\X\EF\X\BF\X\BD\X\EF\X\BF\X\BD\X\EF\X\BF\X\BD2[1]',(#10727));
#10698=PRODUCT(
'SMA_L4.3-W2.6-LS5.2-RD~SMA_L4.3-W2.6-LS5.2-RD~2QC5__\X\CD\X\B9\X\CC\X\A8
-\X\EF\X\BF\X\BD\X\EF\X\BF\X\BD\X\EF\X\BF\X\BD\X\EF\X\BF\X\BD2[5]',
'SMA_L4.3-W2.6-LS5.2-RD~SMA_L4.3-W2.6-LS5.2-RD~2QC5__\X\CD\X\B9\X\CC\X\A8
-\X\EF\X\BF\X\BD\X\EF\X\BF\X\BD\X\EF\X\BF\X\BD\X\EF\X\BF\X\BD2[5]',
'SMA_L4.3-W2.6-LS5.2-RD~SMA_L4.3-W2.6-LS5.2-RD~2QC5__\X\CD\X\B9\X\CC\X\A8
-\X\EF\X\BF\X\BD\X\EF\X\BF\X\BD\X\EF\X\BF\X\BD\X\EF\X\BF\X\BD2[5]',(#10728));
#10699=PRODUCT(
'SMA_L4.3-W2.6-LS5.2-RD~SMA_L4.3-W2.6-LS5.2-RD~2QC5__\X\CD\X\B9\X\CC\X\A8
-\X\EF\X\BF\X\BD\X\EF\X\BF\X\BD\X\EF\X\BF\X\BD\X\EF\X\BF\X\BD2[12]',
'SMA_L4.3-W2.6-LS5.2-RD~SMA_L4.3-W2.6-LS5.2-RD~2QC5__\X\CD\X\B9\X\CC\X\A8
-\X\EF\X\BF\X\BD\X\EF\X\BF\X\BD\X\EF\X\BF\X\BD\X\EF\X\BF\X\BD2[12]',
'SMA_L4.3-W2.6-LS5.2-RD~SMA_L4.3-W2.6-LS5.2-RD~2QC5__\X\CD\X\B9\X\CC\X\A8
-\X\EF\X\BF\X\BD\X\EF\X\BF\X\BD\X\EF\X\BF\X\BD\X\EF\X\BF\X\BD2[12]',(#10729));
#10700=PRODUCT(
'SMA_L4.3-W2.6-LS5.2-RD~SMA_L4.3-W2.6-LS5.2-RD~2QC5__\X\CD\X\B9\X\CC\X\A8
-\X\EF\X\BF\X\BD\X\EF\X\BF\X\BD\X\EF\X\BF\X\BD\X\EF\X\BF\X\BD2[10]',
'SMA_L4.3-W2.6-LS5.2-RD~SMA_L4.3-W2.6-LS5.2-RD~2QC5__\X\CD\X\B9\X\CC\X\A8
-\X\EF\X\BF\X\BD\X\EF\X\BF\X\BD\X\EF\X\BF\X\BD\X\EF\X\BF\X\BD2[10]',
'SMA_L4.3-W2.6-LS5.2-RD~SMA_L4.3-W2.6-LS5.2-RD~2QC5__\X\CD\X\B9\X\CC\X\A8
-\X\EF\X\BF\X\BD\X\EF\X\BF\X\BD\X\EF\X\BF\X\BD\X\EF\X\BF\X\BD2[10]',(#10730));
#10701=PRODUCT(
'SMA_L4.3-W2.6-LS5.2-RD~SMA_L4.3-W2.6-LS5.2-RD~2QC5__\X\CD\X\B9\X\CC\X\A8
-\X\EF\X\BF\X\BD\X\EF\X\BF\X\BD\X\EF\X\BF\X\BD\X\EF\X\BF\X\BD2[7]',
'SMA_L4.3-W2.6-LS5.2-RD~SMA_L4.3-W2.6-LS5.2-RD~2QC5__\X\CD\X\B9\X\CC\X\A8
-\X\EF\X\BF\X\BD\X\EF\X\BF\X\BD\X\EF\X\BF\X\BD\X\EF\X\BF\X\BD2[7]',
'SMA_L4.3-W2.6-LS5.2-RD~SMA_L4.3-W2.6-LS5.2-RD~2QC5__\X\CD\X\B9\X\CC\X\A8
-\X\EF\X\BF\X\BD\X\EF\X\BF\X\BD\X\EF\X\BF\X\BD\X\EF\X\BF\X\BD2[7]',(#10731));
#10702=PRODUCT(
'SMA_L4.3-W2.6-LS5.2-RD~SMA_L4.3-W2.6-LS5.2-RD~2QC5__\X\EF\X\BF\X\BD\X\D0
\X\B3\X\EF\X\BF\X\BD-\X\EF\X\BF\X\BD\X\EF\X\BF\X\BD\X\EF\X\BF\X\BD\X\EF
\X\BF\X\BD4',
'SMA_L4.3-W2.6-LS5.2-RD~SMA_L4.3-W2.6-LS5.2-RD~2QC5__\X\EF\X\BF\X\BD\X\D0
\X\B3\X\EF\X\BF\X\BD-\X\EF\X\BF\X\BD\X\EF\X\BF\X\BD\X\EF\X\BF\X\BD\X\EF
\X\BF\X\BD4',
'SMA_L4.3-W2.6-LS5.2-RD~SMA_L4.3-W2.6-LS5.2-RD~2QC5__\X\EF\X\BF\X\BD\X\D0
\X\B3\X\EF\X\BF\X\BD-\X\EF\X\BF\X\BD\X\EF\X\BF\X\BD\X\EF\X\BF\X\BD\X\EF
\X\BF\X\BD4',(#10732));
#10703=PRODUCT(
'SMA_L4.3-W2.6-LS5.2-RD~SMA_L4.3-W2.6-LS5.2-RD~2QC5__\X\CD\X\B9\X\CC\X\A8
-\X\EF\X\BF\X\BD\X\EF\X\BF\X\BD\X\EF\X\BF\X\BD\X\EF\X\BF\X\BD2[4]',
'SMA_L4.3-W2.6-LS5.2-RD~SMA_L4.3-W2.6-LS5.2-RD~2QC5__\X\CD\X\B9\X\CC\X\A8
-\X\EF\X\BF\X\BD\X\EF\X\BF\X\BD\X\EF\X\BF\X\BD\X\EF\X\BF\X\BD2[4]',
'SMA_L4.3-W2.6-LS5.2-RD~SMA_L4.3-W2.6-LS5.2-RD~2QC5__\X\CD\X\B9\X\CC\X\A8
-\X\EF\X\BF\X\BD\X\EF\X\BF\X\BD\X\EF\X\BF\X\BD\X\EF\X\BF\X\BD2[4]',(#10733));
#10704=PRODUCT(
'SMA_L4.3-W2.6-LS5.2-RD~SMA_L4.3-W2.6-LS5.2-RD~2QC5__\X\CD\X\B9\X\CC\X\A8
-\X\EF\X\BF\X\BD\X\EF\X\BF\X\BD\X\EF\X\BF\X\BD\X\EF\X\BF\X\BD2[2]',
'SMA_L4.3-W2.6-LS5.2-RD~SMA_L4.3-W2.6-LS5.2-RD~2QC5__\X\CD\X\B9\X\CC\X\A8
-\X\EF\X\BF\X\BD\X\EF\X\BF\X\BD\X\EF\X\BF\X\BD\X\EF\X\BF\X\BD2[2]',
'SMA_L4.3-W2.6-LS5.2-RD~SMA_L4.3-W2.6-LS5.2-RD~2QC5__\X\CD\X\B9\X\CC\X\A8
-\X\EF\X\BF\X\BD\X\EF\X\BF\X\BD\X\EF\X\BF\X\BD\X\EF\X\BF\X\BD2[2]',(#10734));
#10705=PRODUCT(
'SMA_L4.3-W2.6-LS5.2-RD~SMA_L4.3-W2.6-LS5.2-RD~2QC5__\X\CD\X\B9\X\CC\X\A8
-\X\EF\X\BF\X\BD\X\EF\X\BF\X\BD\X\EF\X\BF\X\BD\X\EF\X\BF\X\BD2[3]',
'SMA_L4.3-W2.6-LS5.2-RD~SMA_L4.3-W2.6-LS5.2-RD~2QC5__\X\CD\X\B9\X\CC\X\A8
-\X\EF\X\BF\X\BD\X\EF\X\BF\X\BD\X\EF\X\BF\X\BD\X\EF\X\BF\X\BD2[3]',
'SMA_L4.3-W2.6-LS5.2-RD~SMA_L4.3-W2.6-LS5.2-RD~2QC5__\X\CD\X\B9\X\CC\X\A8
-\X\EF\X\BF\X\BD\X\EF\X\BF\X\BD\X\EF\X\BF\X\BD\X\EF\X\BF\X\BD2[3]',(#10735));
#10706=PRODUCT_CATEGORY('','');
#10707=PRODUCT_CATEGORY('','');
#10708=PRODUCT_CATEGORY('','');
#10709=PRODUCT_CATEGORY('','');
#10710=PRODUCT_CATEGORY('','');
#10711=PRODUCT_CATEGORY('','');
#10712=PRODUCT_CATEGORY('','');
#10713=PRODUCT_CATEGORY('','');
#10714=PRODUCT_CATEGORY('','');
#10715=PRODUCT_CATEGORY('','');
#10716=PRODUCT_CATEGORY('','');
#10717=PRODUCT_CATEGORY('','');
#10718=PRODUCT_CATEGORY('','');
#10719=PRODUCT_CATEGORY('','');
#10720=PRODUCT_CATEGORY('','');
#10721=PRODUCT_CONTEXT('',#10737,'mechanical');
#10722=PRODUCT_CONTEXT('',#10737,'mechanical');
#10723=PRODUCT_CONTEXT('',#10737,'mechanical');
#10724=PRODUCT_CONTEXT('',#10737,'mechanical');
#10725=PRODUCT_CONTEXT('',#10737,'mechanical');
#10726=PRODUCT_CONTEXT('',#10737,'mechanical');
#10727=PRODUCT_CONTEXT('',#10737,'mechanical');
#10728=PRODUCT_CONTEXT('',#10737,'mechanical');
#10729=PRODUCT_CONTEXT('',#10737,'mechanical');
#10730=PRODUCT_CONTEXT('',#10737,'mechanical');
#10731=PRODUCT_CONTEXT('',#10737,'mechanical');
#10732=PRODUCT_CONTEXT('',#10737,'mechanical');
#10733=PRODUCT_CONTEXT('',#10737,'mechanical');
#10734=PRODUCT_CONTEXT('',#10737,'mechanical');
#10735=PRODUCT_CONTEXT('',#10737,'mechanical');
#10736=APPLICATION_PROTOCOL_DEFINITION('international standard',
'ap242_managed_model_based_3d_engineering',2020,#10737);
#10737=APPLICATION_CONTEXT('managed model based 3d engineering');
ENDSEC;
END-ISO-10303-21;
